commit	metric	n_trades	mc_p	status	description
baseline	0.9016	17	0.2804	keep	baseline ADR 0054 LOCKED (lookback=20, exit=10, atr=2.0)
P1_1	1.4354	0.7867	26	0.3318	ok	phase1 lookback sweep (L5E2A2.0P14)
P1_2	1.6404	0.9522	23	0.3163	ok	phase1 lookback sweep (L10E5A2.0P14)
P1_3	1.6492	1.1131	17	0.1709	ok	phase1 lookback sweep (L15E7A2.0P14)
P1_4	1.3358	0.9016	17	0.2804	ok	phase1 lookback sweep (L20E10A2.0P14)
P1_5	1.0529	0.6899	18	0.4673	ok	phase1 lookback sweep (L30E15A2.0P14)
P1_6	1.1427	0.7962	16	0.3703	ok	phase1 lookback sweep (L40E20A2.0P14)
P1_7	-999.0000	0.2220	17	0.6482	ok	phase1 lookback sweep (L55E27A2.0P14)
P2_1	1.9229	1.1162	23	0.1339	ok	phase2 atr_mult sweep (L15E7A1.0P14)
P2_2	1.6862	1.0227	21	0.1889	ok	phase2 atr_mult sweep (L15E7A1.5P14)
P2_3	1.6492	1.1131	17	0.1709	ok	phase2 atr_mult sweep (L15E7A2.0P14)
P2_4	1.4849	1.0711	15	0.1874	ok	phase2 atr_mult sweep (L15E7A2.5P14)
P2_5	1.3360	1.0430	13	0.1899	ok	phase2 atr_mult sweep (L15E7A3.0P14)
P2_6	1.2424	1.0152	12	0.1899	ok	phase2 atr_mult sweep (L15E7A3.5P14)
P2_7	1.1678	0.9543	12	0.2304	ok	phase2 atr_mult sweep (L15E7A4.0P14)
P2_8	1.0546	0.9067	11	0.2599	ok	phase2 atr_mult sweep (L15E7A5.0P14)
P3_1	1.9229	1.1162	23	0.1339	ok	phase3 exit ratio 0.25 (L15E3A1.0P14)
P3_2	1.9229	1.1162	23	0.1339	ok	phase3 exit ratio 0.4 (L15E6A1.0P14)
P3_3	1.9229	1.1162	23	0.1339	ok	phase3 exit ratio 0.5 (L15E7A1.0P14)
P3_4	1.9229	1.1162	23	0.1339	ok	phase3 exit ratio 0.7 (L15E10A1.0P14)
P3_5	1.9229	1.1162	23	0.1339	ok	phase3 exit ratio 0.9 (L15E13A1.0P14)
P4_1	1.9491	1.1822	21	0.1349	ok	phase4 atr_period 7 (L15E3A1.0P7)
P4_2	2.0727	1.2572	21	0.1334	ok	phase4 atr_period 10 (L15E3A1.0P10)
P4_3	1.9229	1.1162	23	0.1339	ok	phase4 atr_period 14 (L15E3A1.0P14)
P4_4	1.9061	1.0843	24	0.1309	ok	phase4 atr_period 21 (L15E3A1.0P21)
P4_5	1.9184	1.0914	24	0.1299	ok	phase4 atr_period 30 (L15E3A1.0P30)
P5_1	-999.0000	0.3916	33	0.4793	ok	phase5 random perturbation #1 (L17E5A0.82P8)
P5_2	0.9213	0.4431	35	0.4628	ok	phase5 random perturbation #2 (L18E10A0.69P14)
P5_3	1.8775	1.1133	22	0.1439	ok	phase5 random perturbation #3 (L14E4A1.11P7)
P5_4	2.1955	1.1283	30	0.1769	ok	phase5 random perturbation #4 (L9E3A1.14P11)
P5_5	2.5766	1.2704	33	0.1319	ok	phase5 random perturbation #5 (L11E5A0.61P13)
P1v2_1	-999.0000	-1.0692	122	-17.14	ok	p1v2 lookback sweep (L5E2A2.0P14EMA0)
P1v2_2	1.7806	0.6822	63	27.67	ok	p1v2 lookback sweep (L10E5A2.0P14EMA0)
P1v2_3	3.2047	1.3918	45	43.93	ok	p1v2 lookback sweep (L15E7A2.0P14EMA0)
P1v2_4	1.7573	0.8451	35	33.03	ok	p1v2 lookback sweep (L20E10A2.0P14EMA0)
P1v2_5	-1.3699	-0.7147	29	24.29	ok	p1v2 lookback sweep (L30E15A2.0P14EMA0)
P1v2_6	1.0847	0.6297	23	36.27	ok	p1v2 lookback sweep (L40E20A2.0P14EMA0)
P1v2_7	-3.0047	-1.7441	23	14.34	ok	p1v2 lookback sweep (L55E27A2.0P14EMA0)
P2v2_1	3.1785	1.2968	53	33.59	ok	p2v2 atr sweep (L15E7A1.0P14EMA0)
P2v2_2	1.6182	0.6748	50	26.46	ok	p2v2 atr sweep (L15E7A1.5P14EMA0)
P2v2_3	3.2047	1.3918	45	43.93	ok	p2v2 atr sweep (L15E7A2.0P14EMA0)
P2v2_4	5.2090	2.3247	42	57.60	ok	p2v2 atr sweep (L15E7A2.5P14EMA0)
P2v2_5	4.9217	2.1965	42	58.59	ok	p2v2 atr sweep (L15E7A3.0P14EMA0)
P2v2_6	4.4685	1.9942	42	55.53	ok	p2v2 atr sweep (L15E7A3.5P14EMA0)
P2v2_7	4.7256	2.1090	42	54.88	ok	p2v2 atr sweep (L15E7A4.0P14EMA0)
P2v2_8	4.6205	2.0621	42	53.02	ok	p2v2 atr sweep (L15E7A5.0P14EMA0)
P3v2_1	2.6128	1.0312	58	28.32	ok	p3v2 exit ratio 0.25 (L15E3A2.5P14EMA0)
P3v2_2	5.2746	2.3110	44	58.16	ok	p3v2 exit ratio 0.4 (L15E6A2.5P14EMA0)
P3v2_3	5.2090	2.3247	42	57.60	ok	p3v2 exit ratio 0.5 (L15E7A2.5P14EMA0)
P3v2_4	2.5350	1.1537	40	50.77	ok	p3v2 exit ratio 0.7 (L15E10A2.5P14EMA0)
P3v2_5	3.6323	1.7067	37	56.31	ok	p3v2 exit ratio 0.9 (L15E13A2.5P14EMA0)
P4v2_1	5.7026	2.4985	44	63.36	ok	p4v2 atr_period 7 (L15E6A2.5P7EMA0)
P4v2_2	5.2768	2.3120	44	57.53	ok	p4v2 atr_period 10 (L15E6A2.5P10EMA0)
P4v2_3	5.2746	2.3110	44	58.16	ok	p4v2 atr_period 14 (L15E6A2.5P14EMA0)
P4v2_4	5.6381	2.4928	43	56.17	ok	p4v2 atr_period 21 (L15E6A2.5P21EMA0)
P4v2_5	3.9899	1.7640	43	46.92	ok	p4v2 atr_period 30 (L15E6A2.5P30EMA0)
P6v2_1	5.7026	2.4985	44	63.36	ok	p6v2 ema 0 (L15E6A2.5P7EMA0)
P6v2_2	3.8732	1.7125	43	37.17	ok	p6v2 ema 50 (L15E6A2.5P7EMA50)
P6v2_3	2.5555	1.2441	34	20.47	ok	p6v2 ema 100 (L15E6A2.5P7EMA100)
P6v2_4	0.2682	0.1378	30	9.89	ok	p6v2 ema 150 (L15E6A2.5P7EMA150)
P6v2_5	-999.0000	-0.6834	26	9.53	ok	p6v2 ema 200 (L15E6A2.5P7EMA200)
P6v2_6	-0.3079	-0.1913	20	14.54	ok	p6v2 ema 250 (L15E6A2.5P7EMA250)
P6v2_7	-3.3852	-2.2848	17	13.57	ok	p6v2 ema 300 (L15E6A2.5P7EMA300)
P5v2_1	-999.0000	-3.2151	24	-1.89	ok	p5v2 random #1 (L17E5A2.06P5EMA262)
P5v2_2	0.2562	0.1178	39	17.22	ok	p5v2 random #2 (L21E7A1.57P6EMA0)
P5v2_3	-999.0000	-0.9049	35	-6.85	ok	p5v2 random #3 (L15E4A3.12P5EMA152)
P5v2_4	-999.0000	-2.7819	24	-3.36	ok	p5v2 random #4 (L16E9A3.51P5EMA181)
P5v2_5	2.9412	1.2000	53	44.72	ok	p5v2 random #5 (L11E7A1.73P6EMA0)
ITER2_BEST	5.7026	2.4985	44	63.36	ok	iter2 BEST train (L15E6A2.5P7EMA0) — search v2 P4v2_1 — EARLY STOP early-trial threshold
ITER2_HELDOUT	-2.0493	-2.0493	29	-16.08	heldout_FAIL	iter2 held-out verdict — overfit confirmed (train 2.50 → held-out -2.05) — 8th honest close
ITER3_PRECHECK	0.0000	0.0000	29	0.00	paradigm_dead	iter3 pre-check (vol regime gate) — held-out projected n=12 < halt 20 → ABORT no search; (f) paradigm-dead confirmed
ITER_FINAL_CLOSE	0.0000	0.0000	0	0.00	honest_close	S35 Donchian autoresearch CLOSED — 9th honest close (8 + final). δ TESTNET = forward path
P3v3_donchian_raw_1	-999.0000	0.2776	67	16.74	ok	v3 donchian_raw trial #1 (atr_period=14_atr_stop_mult=1.5_exit_lookback_n=5_lookback_n=10)
P3v3_donchian_raw_2	2.5849	1.0018	61	34.23	ok	v3 donchian_raw trial #2 (atr_period=14_atr_stop_mult=2.5_exit_lookback_n=5_lookback_n=10)
P3v3_donchian_raw_3	2.2538	0.8735	61	33.18	ok	v3 donchian_raw trial #3 (atr_period=14_atr_stop_mult=3.5_exit_lookback_n=5_lookback_n=10)
P3v3_donchian_raw_4	0.6802	0.3161	38	25.58	ok	v3 donchian_raw trial #4 (atr_period=14_atr_stop_mult=1.5_exit_lookback_n=10_lookback_n=20)
P3v3_donchian_raw_5	3.4139	1.6833	33	38.77	ok	v3 donchian_raw trial #5 (atr_period=14_atr_stop_mult=2.5_exit_lookback_n=10_lookback_n=20)
P3v3_donchian_raw_6	2.6678	1.3154	33	38.58	ok	v3 donchian_raw trial #6 (atr_period=14_atr_stop_mult=3.5_exit_lookback_n=10_lookback_n=20)
P3v3_donchian_raw_7	0.3869	0.2201	24	39.04	ok	v3 donchian_raw trial #7 (atr_period=14_atr_stop_mult=1.5_exit_lookback_n=20_lookback_n=40)
P3v3_donchian_raw_8	0.3674	0.2133	23	28.98	ok	v3 donchian_raw trial #8 (atr_period=14_atr_stop_mult=2.5_exit_lookback_n=20_lookback_n=40)
P3v3_donchian_raw_9	-0.1571	-0.0912	23	17.37	ok	v3 donchian_raw trial #9 (atr_period=14_atr_stop_mult=3.5_exit_lookback_n=20_lookback_n=40)
P3v3_donchian_raw_HELDOUT	-3.3620	-3.3620	24	-24.16	heldout_single	v3 donchian_raw HELDOUT — held-out FAIL: sign-flip (train +1.68 → held-out -3.36) (atr_period=14_atr_stop_mult=2.5_exit_lookback_n=10_lookback_n=20)
P3v3_rsi_mean_reversion_1	-2.6750	-1.0493	59	-11.29	ok	v3 rsi_mean_reversion trial #1 (atr_period=14_atr_stop_mult=2.0_rsi_high=50_rsi_low=25_rsi_period=7)
P3v3_rsi_mean_reversion_2	-999.0000	-1.0149	58	-17.08	ok	v3 rsi_mean_reversion trial #2 (atr_period=14_atr_stop_mult=2.0_rsi_high=60_rsi_low=25_rsi_period=7)
P3v3_rsi_mean_reversion_3	-999.0000	-2.7633	89	-38.87	ok	v3 rsi_mean_reversion trial #3 (atr_period=14_atr_stop_mult=2.0_rsi_high=50_rsi_low=30_rsi_period=7)
P3v3_rsi_mean_reversion_4	-999.0000	-2.4055	80	-47.70	ok	v3 rsi_mean_reversion trial #4 (atr_period=14_atr_stop_mult=2.0_rsi_high=60_rsi_low=30_rsi_period=7)
P3v3_rsi_mean_reversion_5	-4.7632	-3.5679	14	4.43	ok	v3 rsi_mean_reversion trial #5 (atr_period=14_atr_stop_mult=2.0_rsi_high=50_rsi_low=25_rsi_period=14)
P3v3_rsi_mean_reversion_6	-7.9924	-5.9868	14	3.31	ok	v3 rsi_mean_reversion trial #6 (atr_period=14_atr_stop_mult=2.0_rsi_high=60_rsi_low=25_rsi_period=14)
P3v3_rsi_mean_reversion_7	2.8172	1.4271	31	9.39	ok	v3 rsi_mean_reversion trial #7 (atr_period=14_atr_stop_mult=2.0_rsi_high=50_rsi_low=30_rsi_period=14)
P3v3_rsi_mean_reversion_8	3.9065	1.9789	31	27.77	ok	v3 rsi_mean_reversion trial #8 (atr_period=14_atr_stop_mult=2.0_rsi_high=60_rsi_low=30_rsi_period=14)
P3v3_rsi_mean_reversion_HELDOUT	-1.0433	-1.0433	28	-12.11	heldout_single	v3 rsi_mean_reversion HELDOUT — held-out FAIL: sign-flip (train +1.98 → held-out -1.04) (atr_period=14_atr_stop_mult=2.0_rsi_high=60_rsi_low=30_rsi_period=14)
P3v3_bollinger_breakout_1	3.2958	1.3642	51	56.28	ok	v3 bollinger_breakout trial #1 (atr_period=14_atr_stop_mult=2.0_bb_k=1.5_bb_period=15)
P3v3_bollinger_breakout_2	3.0965	1.4238	39	56.39	ok	v3 bollinger_breakout trial #2 (atr_period=14_atr_stop_mult=2.0_bb_k=2.0_bb_period=15)
P3v3_bollinger_breakout_3	1.5984	0.8921	25	31.25	ok	v3 bollinger_breakout trial #3 (atr_period=14_atr_stop_mult=2.0_bb_k=2.5_bb_period=15)
P3v3_bollinger_breakout_4	2.8802	1.2619	44	60.78	ok	v3 bollinger_breakout trial #4 (atr_period=14_atr_stop_mult=2.0_bb_k=1.5_bb_period=20)
P3v3_bollinger_breakout_5	3.8701	1.9082	33	57.73	ok	v3 bollinger_breakout trial #5 (atr_period=14_atr_stop_mult=2.0_bb_k=2.0_bb_period=20)
P3v3_bollinger_breakout_6	0.9316	0.5651	21	41.20	ok	v3 bollinger_breakout trial #6 (atr_period=14_atr_stop_mult=2.0_bb_k=2.5_bb_period=20)
P3v3_bollinger_breakout_7	-0.0391	-0.0195	32	30.92	ok	v3 bollinger_breakout trial #7 (atr_period=14_atr_stop_mult=2.0_bb_k=1.5_bb_period=30)
P3v3_bollinger_breakout_8	-999.0000	-1.1990	28	16.47	ok	v3 bollinger_breakout trial #8 (atr_period=14_atr_stop_mult=2.0_bb_k=2.0_bb_period=30)
P3v3_bollinger_breakout_9	-2.1059	-1.2774	21	19.73	ok	v3 bollinger_breakout trial #9 (atr_period=14_atr_stop_mult=2.0_bb_k=2.5_bb_period=30)
P3v3_bollinger_breakout_HELDOUT	-2.4529	-2.4529	20	-20.11	heldout_single	v3 bollinger_breakout HELDOUT — held-out FAIL: sign-flip (train +1.91 → held-out -2.45) (atr_period=14_atr_stop_mult=2.0_bb_k=2.0_bb_period=20)
P3v3_bollinger_mr_1	-999.0000	-1.0499	107	-20.83	ok	v3 bollinger_mr trial #1 (atr_period=14_atr_stop_mult=2.0_bb_k=1.5_bb_period=15)
P3v3_bollinger_mr_2	-999.0000	-0.6961	70	-7.82	ok	v3 bollinger_mr trial #2 (atr_period=14_atr_stop_mult=2.0_bb_k=2.0_bb_period=15)
P3v3_bollinger_mr_3	-999.0000	-6.8039	35	-27.91	ok	v3 bollinger_mr trial #3 (atr_period=14_atr_stop_mult=2.0_bb_k=2.5_bb_period=15)
P3v3_bollinger_mr_4	-999.0000	-0.8887	93	-23.03	ok	v3 bollinger_mr trial #4 (atr_period=14_atr_stop_mult=2.0_bb_k=1.5_bb_period=20)
P3v3_bollinger_mr_5	-999.0000	-2.2667	68	-27.22	ok	v3 bollinger_mr trial #5 (atr_period=14_atr_stop_mult=2.0_bb_k=2.0_bb_period=20)
P3v3_bollinger_mr_6	-999.0000	-5.1686	39	-29.25	ok	v3 bollinger_mr trial #6 (atr_period=14_atr_stop_mult=2.0_bb_k=2.5_bb_period=20)
P3v3_bollinger_mr_7	-999.0000	-2.0908	71	-30.36	ok	v3 bollinger_mr trial #7 (atr_period=14_atr_stop_mult=2.0_bb_k=1.5_bb_period=30)
P3v3_bollinger_mr_8	-999.0000	-0.1790	53	-4.35	ok	v3 bollinger_mr trial #8 (atr_period=14_atr_stop_mult=2.0_bb_k=2.0_bb_period=30)
P3v3_bollinger_mr_9	0.3294	0.1604	34	5.74	ok	v3 bollinger_mr trial #9 (atr_period=14_atr_stop_mult=2.0_bb_k=2.5_bb_period=30)
P3v3_bollinger_mr_HELDOUT	-2.4682	-2.4682	23	-14.84	heldout_single	v3 bollinger_mr HELDOUT — held-out FAIL: sign-flip (train +0.16 → held-out -2.47) (atr_period=14_atr_stop_mult=2.0_bb_k=2.5_bb_period=30)
P3v3_macd_momentum_1	-999.0000	0.0000	0	0.00	ok	v3 macd_momentum trial #1 (atr_period=14_atr_stop_mult=2.0_macd_fast=8_macd_signal=9_macd_slow=21)
P3v3_macd_momentum_2	-999.0000	0.0000	0	0.00	ok	v3 macd_momentum trial #2 (atr_period=14_atr_stop_mult=2.0_macd_fast=12_macd_signal=9_macd_slow=26)
P3v3_macd_momentum_3	-999.0000	0.0000	0	0.00	ok	v3 macd_momentum trial #3 (atr_period=14_atr_stop_mult=2.0_macd_fast=5_macd_signal=9_macd_slow=35)
P3v3_macd_momentum_4	-999.0000	0.0000	0	0.00	ok	v3 macd_momentum trial #4 (atr_period=14_atr_stop_mult=2.0_macd_fast=12_macd_signal=9_macd_slow=30)
P3v3_macd_momentum_5	-999.0000	0.0000	0	0.00	ok	v3 macd_momentum trial #5 (atr_period=14_atr_stop_mult=1.5_macd_fast=12_macd_signal=9_macd_slow=26)
P3v3_macd_momentum_6	-999.0000	0.0000	0	0.00	ok	v3 macd_momentum trial #6 (atr_period=14_atr_stop_mult=2.5_macd_fast=12_macd_signal=9_macd_slow=26)
P3v3_macd_momentum_7	-999.0000	0.0000	0	0.00	ok	v3 macd_momentum trial #7 (atr_period=14_atr_stop_mult=3.5_macd_fast=12_macd_signal=9_macd_slow=26)
P3v3_macd_momentum_8	-999.0000	0.0000	0	0.00	ok	v3 macd_momentum trial #8 (atr_period=14_atr_stop_mult=1.5_macd_fast=12_macd_signal=14_macd_slow=26)
P3v3_macd_momentum_9	-999.0000	0.0000	0	0.00	ok	v3 macd_momentum trial #9 (atr_period=14_atr_stop_mult=2.5_macd_fast=12_macd_signal=14_macd_slow=26)
P3v3_macd_momentum_10	-999.0000	0.0000	0	0.00	ok	v3 macd_momentum trial #10 (atr_period=14_atr_stop_mult=3.5_macd_fast=12_macd_signal=14_macd_slow=26)
P3v3_macd_momentum_HELDOUT_SKIP	0.0000	0.0000	0	0.00	skipped_train_fail	v3 macd_momentum held-out skipped — train FAIL
P3v3_atr_squeeze_breakout_1	-999.0000	-28.4400	12	-11.33	ok	v3 atr_squeeze_breakout trial #1 (atr_period=14_atr_stop_mult=2.0_lookback_n=10_squeeze_pct=20_squeeze_window=100)
P3v3_atr_squeeze_breakout_2	-999.0000	-34.1992	18	-4.01	ok	v3 atr_squeeze_breakout trial #2 (atr_period=14_atr_stop_mult=2.0_lookback_n=10_squeeze_pct=30_squeeze_window=100)
P3v3_atr_squeeze_breakout_3	-999.0000	-30.5159	15	26.55	ok	v3 atr_squeeze_breakout trial #3 (atr_period=14_atr_stop_mult=2.0_lookback_n=10_squeeze_pct=40_squeeze_window=100)
P3v3_atr_squeeze_breakout_4	-999.0000	-284.9677	6	-16.02	ok	v3 atr_squeeze_breakout trial #4 (atr_period=14_atr_stop_mult=2.0_lookback_n=20_squeeze_pct=20_squeeze_window=100)
P3v3_atr_squeeze_breakout_5	-999.0000	-101.0024	12	-6.84	ok	v3 atr_squeeze_breakout trial #5 (atr_period=14_atr_stop_mult=2.0_lookback_n=20_squeeze_pct=30_squeeze_window=100)
P3v3_atr_squeeze_breakout_6	-999.0000	-36.6921	15	-9.50	ok	v3 atr_squeeze_breakout trial #6 (atr_period=14_atr_stop_mult=2.0_lookback_n=20_squeeze_pct=40_squeeze_window=100)
P3v3_atr_squeeze_breakout_7	-999.0000	-281.1753	4	-10.04	ok	v3 atr_squeeze_breakout trial #7 (atr_period=14_atr_stop_mult=2.0_lookback_n=30_squeeze_pct=20_squeeze_window=100)
P3v3_atr_squeeze_breakout_8	-999.0000	-998.0790	9	-24.65	ok	v3 atr_squeeze_breakout trial #8 (atr_period=14_atr_stop_mult=2.0_lookback_n=30_squeeze_pct=30_squeeze_window=100)
P3v3_atr_squeeze_breakout_9	-999.0000	-925.8658	14	-8.67	ok	v3 atr_squeeze_breakout trial #9 (atr_period=14_atr_stop_mult=2.0_lookback_n=30_squeeze_pct=40_squeeze_window=100)
P3v3_atr_squeeze_breakout_HELDOUT_SKIP	0.0000	0.0000	0	0.00	skipped_train_fail	v3 atr_squeeze_breakout held-out skipped — train FAIL
P3v3_momentum_n_consec_1	-999.0000	-0.8533	214	-25.70	ok	v3 momentum_n_consec trial #1 (atr_period=14_atr_stop_mult=1.5_exit_n_reverse=2_n_consec=2)
P3v3_momentum_n_consec_2	-1.7366	-0.4658	203	-15.09	ok	v3 momentum_n_consec trial #2 (atr_period=14_atr_stop_mult=2.0_exit_n_reverse=2_n_consec=2)
P3v3_momentum_n_consec_3	-2.1362	-0.5745	201	-17.70	ok	v3 momentum_n_consec trial #3 (atr_period=14_atr_stop_mult=3.0_exit_n_reverse=2_n_consec=2)
P3v3_momentum_n_consec_4	-999.0000	-0.6565	132	-15.35	ok	v3 momentum_n_consec trial #4 (atr_period=14_atr_stop_mult=1.5_exit_n_reverse=2_n_consec=3)
P3v3_momentum_n_consec_5	-999.0000	-1.1340	131	-27.06	ok	v3 momentum_n_consec trial #5 (atr_period=14_atr_stop_mult=2.0_exit_n_reverse=2_n_consec=3)
P3v3_momentum_n_consec_6	-999.0000	-0.6095	128	-17.27	ok	v3 momentum_n_consec trial #6 (atr_period=14_atr_stop_mult=3.0_exit_n_reverse=2_n_consec=3)
P3v3_momentum_n_consec_7	3.0581	1.1784	62	13.72	ok	v3 momentum_n_consec trial #7 (atr_period=14_atr_stop_mult=1.5_exit_n_reverse=2_n_consec=4)
P3v3_momentum_n_consec_8	2.1667	0.8349	62	11.52	ok	v3 momentum_n_consec trial #8 (atr_period=14_atr_stop_mult=2.0_exit_n_reverse=2_n_consec=4)
P3v3_momentum_n_consec_9	3.9645	1.5276	62	16.30	ok	v3 momentum_n_consec trial #9 (atr_period=14_atr_stop_mult=3.0_exit_n_reverse=2_n_consec=4)
P3v3_momentum_n_consec_10	1.1784	0.5888	32	6.05	ok	v3 momentum_n_consec trial #10 (atr_period=14_atr_stop_mult=1.5_exit_n_reverse=2_n_consec=5)
P3v3_momentum_n_consec_HELDOUT	-2.0181	-2.0181	36	-7.55	heldout_single	v3 momentum_n_consec HELDOUT — held-out FAIL: sign-flip (train +1.53 → held-out -2.02) (atr_period=14_atr_stop_mult=3.0_exit_n_reverse=2_n_consec=4)
P3v3_volume_breakout_1	1.6842	0.7913	37	37.78	ok	v3 volume_breakout trial #1 (atr_period=14_atr_stop_mult=2.0_exit_lookback_n=7_lookback_n=15_vol_mult=1.2_vol_window=20)
P3v3_volume_breakout_2	-1.0350	-0.5399	29	39.35	ok	v3 volume_breakout trial #2 (atr_period=14_atr_stop_mult=2.0_exit_lookback_n=7_lookback_n=15_vol_mult=1.5_vol_window=20)
P3v3_volume_breakout_3	-7.2533	-4.7530	18	17.58	ok	v3 volume_breakout trial #3 (atr_period=14_atr_stop_mult=2.0_exit_lookback_n=7_lookback_n=15_vol_mult=2.0_vol_window=20)
P3v3_volume_breakout_4	0.2610	0.1341	30	29.20	ok	v3 volume_breakout trial #4 (atr_period=14_atr_stop_mult=2.0_exit_lookback_n=10_lookback_n=20_vol_mult=1.2_vol_window=20)
P3v3_volume_breakout_5	-2.9394	-1.6110	26	26.81	ok	v3 volume_breakout trial #5 (atr_period=14_atr_stop_mult=2.0_exit_lookback_n=10_lookback_n=20_vol_mult=1.5_vol_window=20)
P3v3_volume_breakout_6	-999.0000	-7.2274	18	21.24	ok	v3 volume_breakout trial #6 (atr_period=14_atr_stop_mult=2.0_exit_lookback_n=10_lookback_n=20_vol_mult=2.0_vol_window=20)
P3v3_volume_breakout_7	-0.3758	-0.2097	25	29.62	ok	v3 volume_breakout trial #7 (atr_period=14_atr_stop_mult=2.0_exit_lookback_n=15_lookback_n=30_vol_mult=1.2_vol_window=20)
P3v3_volume_breakout_8	-1.2608	-0.7477	22	23.87	ok	v3 volume_breakout trial #8 (atr_period=14_atr_stop_mult=2.0_exit_lookback_n=15_lookback_n=30_vol_mult=1.5_vol_window=20)
P3v3_volume_breakout_9	-999.0000	-5.5248	16	8.17	ok	v3 volume_breakout trial #9 (atr_period=14_atr_stop_mult=2.0_exit_lookback_n=15_lookback_n=30_vol_mult=2.0_vol_window=20)
P3v3_volume_breakout_HELDOUT	-2.4283	-2.4283	23	-13.77	heldout_single	v3 volume_breakout HELDOUT — held-out FAIL: sign-flip (train +0.79 → held-out -2.43) (atr_period=14_atr_stop_mult=2.0_exit_lookback_n=7_lookback_n=15_vol_mult=1.2_vol_window=20)
P3v3_ema_crossover_1	2.9430	1.1844	55	53.30	ok	v3 ema_crossover trial #1 (atr_period=14_atr_stop_mult=2.0_ema_fast=5_ema_slow=20)
P3v3_ema_crossover_2	-5.2107	-2.4484	37	20.39	ok	v3 ema_crossover trial #2 (atr_period=14_atr_stop_mult=2.0_ema_fast=10_ema_slow=30)
P3v3_ema_crossover_3	-4.6492	-2.2634	34	24.80	ok	v3 ema_crossover trial #3 (atr_period=14_atr_stop_mult=2.0_ema_fast=12_ema_slow=26)
P3v3_ema_crossover_4	0.1372	0.0780	24	23.03	ok	v3 ema_crossover trial #4 (atr_period=14_atr_stop_mult=2.0_ema_fast=15_ema_slow=50)
P3v3_ema_crossover_5	-2.3586	-1.6435	16	9.08	ok	v3 ema_crossover trial #5 (atr_period=14_atr_stop_mult=2.0_ema_fast=20_ema_slow=100)
P3v3_ema_crossover_6	-999.0000	-11.3085	34	-23.78	ok	v3 ema_crossover trial #6 (atr_period=14_atr_stop_mult=1.0_ema_fast=12_ema_slow=26)
P3v3_ema_crossover_7	-6.3931	-3.1123	34	26.56	ok	v3 ema_crossover trial #7 (atr_period=14_atr_stop_mult=1.5_ema_fast=12_ema_slow=26)
P3v3_ema_crossover_8	1.4806	0.7208	34	35.55	ok	v3 ema_crossover trial #8 (atr_period=14_atr_stop_mult=2.5_ema_fast=12_ema_slow=26)
P3v3_ema_crossover_9	2.1220	1.0330	34	40.87	ok	v3 ema_crossover trial #9 (atr_period=14_atr_stop_mult=3.5_ema_fast=12_ema_slow=26)
P3v3_ema_crossover_HELDOUT	-3.5942	-3.5942	45	-32.05	heldout_single	v3 ema_crossover HELDOUT — held-out FAIL: sign-flip (train +1.18 → held-out -3.59) (atr_period=14_atr_stop_mult=2.0_ema_fast=5_ema_slow=20)
P3v3_price_channel_with_atr_1	2.8189	1.2242	45	39.05	ok	v3 price_channel_with_atr trial #1 (atr_pct_max=0.05_atr_pct_min=0.003_atr_period=14_atr_stop_mult=2.0_exit_lookback_n=7_lookback_n=15)
P3v3_price_channel_with_atr_2	2.8189	1.2242	45	39.05	ok	v3 price_channel_with_atr trial #2 (atr_pct_max=0.05_atr_pct_min=0.005_atr_period=14_atr_stop_mult=2.0_exit_lookback_n=7_lookback_n=15)
P3v3_price_channel_with_atr_3	2.5469	1.1159	44	36.59	ok	v3 price_channel_with_atr trial #3 (atr_pct_max=0.05_atr_pct_min=0.01_atr_period=14_atr_stop_mult=2.0_exit_lookback_n=7_lookback_n=15)
P3v3_price_channel_with_atr_4	1.7573	0.8451	35	33.03	ok	v3 price_channel_with_atr trial #4 (atr_pct_max=0.05_atr_pct_min=0.003_atr_period=14_atr_stop_mult=2.0_exit_lookback_n=10_lookback_n=20)
P3v3_price_channel_with_atr_5	1.7573	0.8451	35	33.03	ok	v3 price_channel_with_atr trial #5 (atr_pct_max=0.05_atr_pct_min=0.005_atr_period=14_atr_stop_mult=2.0_exit_lookback_n=10_lookback_n=20)
P3v3_price_channel_with_atr_6	1.7792	0.8556	35	32.93	ok	v3 price_channel_with_atr trial #6 (atr_pct_max=0.05_atr_pct_min=0.01_atr_period=14_atr_stop_mult=2.0_exit_lookback_n=10_lookback_n=20)
P3v3_price_channel_with_atr_7	-1.3699	-0.7147	29	24.29	ok	v3 price_channel_with_atr trial #7 (atr_pct_max=0.05_atr_pct_min=0.003_atr_period=14_atr_stop_mult=2.0_exit_lookback_n=15_lookback_n=30)
P3v3_price_channel_with_atr_8	-1.3699	-0.7147	29	24.29	ok	v3 price_channel_with_atr trial #8 (atr_pct_max=0.05_atr_pct_min=0.005_atr_period=14_atr_stop_mult=2.0_exit_lookback_n=15_lookback_n=30)
P3v3_price_channel_with_atr_9	-1.3699	-0.7147	29	24.29	ok	v3 price_channel_with_atr trial #9 (atr_pct_max=0.05_atr_pct_min=0.01_atr_period=14_atr_stop_mult=2.0_exit_lookback_n=15_lookback_n=30)
P3v3_price_channel_with_atr_HELDOUT	-3.0878	-3.0878	29	-21.12	heldout_single	v3 price_channel_with_atr HELDOUT — held-out FAIL: sign-flip (train +1.22 → held-out -3.09) (atr_pct_max=0.05_atr_pct_min=0.003_atr_period=14_atr_stop_mult=2.0_exit_lookback_n=7_lookback_n=15)
P3v3_FINAL_SUMMARY	0.0000	0.0000	91	0.00	summary	v3 multi-paradigm sweep complete — 0 PASS candidates
ITER3_MULTI_PARADIGM	0.0000	0.0000	91	0.00	universal_fail	v3 sweep complete — 10 paradigms × 0 PASS candidates — universal sign-flip = data-regime issue not strategy-specific
P3v3_donchian_raw_1	-999.0000	-127.4061	108	-18.38	ok	v3 donchian_raw trial #1 (atr_period=14_atr_stop_mult=1.5_exit_lookback_n=5_lookback_n=10)
P3v3_donchian_raw_2	-999.0000	-86.4958	98	-16.47	ok	v3 donchian_raw trial #2 (atr_period=14_atr_stop_mult=2.5_exit_lookback_n=5_lookback_n=10)
P3v3_donchian_raw_3	-999.0000	-69.7760	90	-14.44	ok	v3 donchian_raw trial #3 (atr_period=14_atr_stop_mult=3.5_exit_lookback_n=5_lookback_n=10)
P3v3_donchian_raw_4	-999.0000	-127.5277	72	-9.22	ok	v3 donchian_raw trial #4 (atr_period=14_atr_stop_mult=1.5_exit_lookback_n=10_lookback_n=20)
P3v3_donchian_raw_5	-999.0000	-56.1430	58	-1.93	ok	v3 donchian_raw trial #5 (atr_period=14_atr_stop_mult=2.5_exit_lookback_n=10_lookback_n=20)
P3v3_donchian_raw_6	-999.0000	-47.9486	55	-2.02	ok	v3 donchian_raw trial #6 (atr_period=14_atr_stop_mult=3.5_exit_lookback_n=10_lookback_n=20)
P3v3_donchian_raw_7	-999.0000	-137.0145	49	0.58	ok	v3 donchian_raw trial #7 (atr_period=14_atr_stop_mult=1.5_exit_lookback_n=20_lookback_n=40)
P3v3_donchian_raw_8	-999.0000	-66.5326	42	1.94	ok	v3 donchian_raw trial #8 (atr_period=14_atr_stop_mult=2.5_exit_lookback_n=20_lookback_n=40)
P3v3_donchian_raw_9	-999.0000	-34.0436	37	3.53	ok	v3 donchian_raw trial #9 (atr_period=14_atr_stop_mult=3.5_exit_lookback_n=20_lookback_n=40)
P3v3_donchian_raw_HELDOUT_SKIP	0.0000	0.0000	0	0.00	skipped_train_fail	v3 donchian_raw held-out skipped — train FAIL
P3v3_rsi_mean_reversion_1	-999.0000	-438.5071	56	-10.12	ok	v3 rsi_mean_reversion trial #1 (atr_period=14_atr_stop_mult=2.0_rsi_high=50_rsi_low=25_rsi_period=7)
P3v3_rsi_mean_reversion_2	-999.0000	-311.1508	56	-7.47	ok	v3 rsi_mean_reversion trial #2 (atr_period=14_atr_stop_mult=2.0_rsi_high=60_rsi_low=25_rsi_period=7)
P3v3_rsi_mean_reversion_3	-999.0000	-407.9011	90	-20.46	ok	v3 rsi_mean_reversion trial #3 (atr_period=14_atr_stop_mult=2.0_rsi_high=50_rsi_low=30_rsi_period=7)
P3v3_rsi_mean_reversion_4	-999.0000	-240.0721	87	-16.44	ok	v3 rsi_mean_reversion trial #4 (atr_period=14_atr_stop_mult=2.0_rsi_high=60_rsi_low=30_rsi_period=7)
P3v3_rsi_mean_reversion_5	-999.0000	-35792.8152	2	-0.53	ok	v3 rsi_mean_reversion trial #5 (atr_period=14_atr_stop_mult=2.0_rsi_high=50_rsi_low=25_rsi_period=14)
P3v3_rsi_mean_reversion_6	-999.0000	-35792.8152	2	-0.53	ok	v3 rsi_mean_reversion trial #6 (atr_period=14_atr_stop_mult=2.0_rsi_high=60_rsi_low=25_rsi_period=14)
P3v3_rsi_mean_reversion_7	-999.0000	-966.0973	27	-2.67	ok	v3 rsi_mean_reversion trial #7 (atr_period=14_atr_stop_mult=2.0_rsi_high=50_rsi_low=30_rsi_period=14)
P3v3_rsi_mean_reversion_8	-999.0000	-376.1565	27	-0.11	ok	v3 rsi_mean_reversion trial #8 (atr_period=14_atr_stop_mult=2.0_rsi_high=60_rsi_low=30_rsi_period=14)
P3v3_rsi_mean_reversion_HELDOUT_SKIP	0.0000	0.0000	0	0.00	skipped_train_fail	v3 rsi_mean_reversion held-out skipped — train FAIL
P3v3_bollinger_breakout_1	-999.0000	-47.6900	74	-3.51	ok	v3 bollinger_breakout trial #1 (atr_period=14_atr_stop_mult=2.0_bb_k=1.5_bb_period=15)
P3v3_bollinger_breakout_2	-999.0000	-43.8005	54	1.12	ok	v3 bollinger_breakout trial #2 (atr_period=14_atr_stop_mult=2.0_bb_k=2.0_bb_period=15)
P3v3_bollinger_breakout_3	-999.0000	-101.7962	28	5.19	ok	v3 bollinger_breakout trial #3 (atr_period=14_atr_stop_mult=2.0_bb_k=2.5_bb_period=15)
P3v3_bollinger_breakout_4	-999.0000	-51.1205	69	-1.70	ok	v3 bollinger_breakout trial #4 (atr_period=14_atr_stop_mult=2.0_bb_k=1.5_bb_period=20)
P3v3_bollinger_breakout_5	-999.0000	-45.1284	53	1.34	ok	v3 bollinger_breakout trial #5 (atr_period=14_atr_stop_mult=2.0_bb_k=2.0_bb_period=20)
P3v3_bollinger_breakout_6	-999.0000	-14.1495	26	10.49	ok	v3 bollinger_breakout trial #6 (atr_period=14_atr_stop_mult=2.0_bb_k=2.5_bb_period=20)
P3v3_bollinger_breakout_7	-999.0000	-45.3055	64	-0.68	ok	v3 bollinger_breakout trial #7 (atr_period=14_atr_stop_mult=2.0_bb_k=1.5_bb_period=30)
P3v3_bollinger_breakout_8	-999.0000	-55.3878	48	2.04	ok	v3 bollinger_breakout trial #8 (atr_period=14_atr_stop_mult=2.0_bb_k=2.0_bb_period=30)
P3v3_bollinger_breakout_9	-999.0000	-60.2850	30	5.80	ok	v3 bollinger_breakout trial #9 (atr_period=14_atr_stop_mult=2.0_bb_k=2.5_bb_period=30)
P3v3_bollinger_breakout_HELDOUT_SKIP	0.0000	0.0000	0	0.00	skipped_train_fail	v3 bollinger_breakout held-out skipped — train FAIL
P3v3_bollinger_mr_1	-999.0000	-384.7999	102	-27.36	ok	v3 bollinger_mr trial #1 (atr_period=14_atr_stop_mult=2.0_bb_k=1.5_bb_period=15)
P3v3_bollinger_mr_2	-999.0000	-340.0467	59	-14.79	ok	v3 bollinger_mr trial #2 (atr_period=14_atr_stop_mult=2.0_bb_k=2.0_bb_period=15)
P3v3_bollinger_mr_3	-999.0000	-331.8654	24	-4.76	ok	v3 bollinger_mr trial #3 (atr_period=14_atr_stop_mult=2.0_bb_k=2.5_bb_period=15)
P3v3_bollinger_mr_4	-999.0000	-323.4880	87	-22.41	ok	v3 bollinger_mr trial #4 (atr_period=14_atr_stop_mult=2.0_bb_k=1.5_bb_period=20)
P3v3_bollinger_mr_5	-999.0000	-275.0398	50	-11.49	ok	v3 bollinger_mr trial #5 (atr_period=14_atr_stop_mult=2.0_bb_k=2.0_bb_period=20)
P3v3_bollinger_mr_6	-999.0000	-226.9277	24	-4.74	ok	v3 bollinger_mr trial #6 (atr_period=14_atr_stop_mult=2.0_bb_k=2.5_bb_period=20)
P3v3_bollinger_mr_7	-999.0000	-268.7243	67	-12.96	ok	v3 bollinger_mr trial #7 (atr_period=14_atr_stop_mult=2.0_bb_k=1.5_bb_period=30)
P3v3_bollinger_mr_8	-999.0000	-248.7568	44	-9.83	ok	v3 bollinger_mr trial #8 (atr_period=14_atr_stop_mult=2.0_bb_k=2.0_bb_period=30)
P3v3_bollinger_mr_9	-999.0000	-106.2370	19	-2.56	ok	v3 bollinger_mr trial #9 (atr_period=14_atr_stop_mult=2.0_bb_k=2.5_bb_period=30)
P3v3_bollinger_mr_HELDOUT_SKIP	0.0000	0.0000	0	0.00	skipped_train_fail	v3 bollinger_mr held-out skipped — train FAIL
P3v3_macd_momentum_1	-999.0000	0.0000	0	0.00	ok	v3 macd_momentum trial #1 (atr_period=14_atr_stop_mult=2.0_macd_fast=8_macd_signal=9_macd_slow=21)
P3v3_macd_momentum_2	-999.0000	0.0000	0	0.00	ok	v3 macd_momentum trial #2 (atr_period=14_atr_stop_mult=2.0_macd_fast=12_macd_signal=9_macd_slow=26)
P3v3_macd_momentum_3	-999.0000	0.0000	0	0.00	ok	v3 macd_momentum trial #3 (atr_period=14_atr_stop_mult=2.0_macd_fast=5_macd_signal=9_macd_slow=35)
P3v3_macd_momentum_4	-999.0000	0.0000	0	0.00	ok	v3 macd_momentum trial #4 (atr_period=14_atr_stop_mult=2.0_macd_fast=12_macd_signal=9_macd_slow=30)
P3v3_macd_momentum_5	-999.0000	0.0000	0	0.00	ok	v3 macd_momentum trial #5 (atr_period=14_atr_stop_mult=1.5_macd_fast=12_macd_signal=9_macd_slow=26)
P3v3_macd_momentum_6	-999.0000	0.0000	0	0.00	ok	v3 macd_momentum trial #6 (atr_period=14_atr_stop_mult=2.5_macd_fast=12_macd_signal=9_macd_slow=26)
P3v3_macd_momentum_7	-999.0000	0.0000	0	0.00	ok	v3 macd_momentum trial #7 (atr_period=14_atr_stop_mult=3.5_macd_fast=12_macd_signal=9_macd_slow=26)
P3v3_macd_momentum_8	-999.0000	0.0000	0	0.00	ok	v3 macd_momentum trial #8 (atr_period=14_atr_stop_mult=1.5_macd_fast=12_macd_signal=14_macd_slow=26)
P3v3_macd_momentum_9	-999.0000	0.0000	0	0.00	ok	v3 macd_momentum trial #9 (atr_period=14_atr_stop_mult=2.5_macd_fast=12_macd_signal=14_macd_slow=26)
P3v3_macd_momentum_10	-999.0000	0.0000	0	0.00	ok	v3 macd_momentum trial #10 (atr_period=14_atr_stop_mult=3.5_macd_fast=12_macd_signal=14_macd_slow=26)
P3v3_macd_momentum_HELDOUT_SKIP	0.0000	0.0000	0	0.00	skipped_train_fail	v3 macd_momentum held-out skipped — train FAIL
P3v3_atr_squeeze_breakout_1	-999.0000	-1448.9063	21	-7.22	ok	v3 atr_squeeze_breakout trial #1 (atr_period=14_atr_stop_mult=2.0_lookback_n=10_squeeze_pct=20_squeeze_window=100)
P3v3_atr_squeeze_breakout_2	-999.0000	-637.9045	23	-8.39	ok	v3 atr_squeeze_breakout trial #2 (atr_period=14_atr_stop_mult=2.0_lookback_n=10_squeeze_pct=30_squeeze_window=100)
P3v3_atr_squeeze_breakout_3	-999.0000	-353.3873	31	-3.12	ok	v3 atr_squeeze_breakout trial #3 (atr_period=14_atr_stop_mult=2.0_lookback_n=10_squeeze_pct=40_squeeze_window=100)
P3v3_atr_squeeze_breakout_4	-999.0000	-1855.0954	20	-7.67	ok	v3 atr_squeeze_breakout trial #4 (atr_period=14_atr_stop_mult=2.0_lookback_n=20_squeeze_pct=20_squeeze_window=100)
P3v3_atr_squeeze_breakout_5	-999.0000	-1098.2929	22	-8.86	ok	v3 atr_squeeze_breakout trial #5 (atr_period=14_atr_stop_mult=2.0_lookback_n=20_squeeze_pct=30_squeeze_window=100)
P3v3_atr_squeeze_breakout_6	-999.0000	-448.6038	28	-11.10	ok	v3 atr_squeeze_breakout trial #6 (atr_period=14_atr_stop_mult=2.0_lookback_n=20_squeeze_pct=40_squeeze_window=100)
P3v3_atr_squeeze_breakout_7	-999.0000	-1909.8287	12	-4.06	ok	v3 atr_squeeze_breakout trial #7 (atr_period=14_atr_stop_mult=2.0_lookback_n=30_squeeze_pct=20_squeeze_window=100)
P3v3_atr_squeeze_breakout_8	-999.0000	-1469.3043	15	-5.41	ok	v3 atr_squeeze_breakout trial #8 (atr_period=14_atr_stop_mult=2.0_lookback_n=30_squeeze_pct=30_squeeze_window=100)
P3v3_atr_squeeze_breakout_9	-999.0000	-1109.0710	19	-7.41	ok	v3 atr_squeeze_breakout trial #9 (atr_period=14_atr_stop_mult=2.0_lookback_n=30_squeeze_pct=40_squeeze_window=100)
P3v3_atr_squeeze_breakout_HELDOUT_SKIP	0.0000	0.0000	0	0.00	skipped_train_fail	v3 atr_squeeze_breakout held-out skipped — train FAIL
P3v3_momentum_n_consec_1	-999.0000	-266.8250	249	-56.17	ok	v3 momentum_n_consec trial #1 (atr_period=14_atr_stop_mult=1.5_exit_n_reverse=2_n_consec=2)
P3v3_momentum_n_consec_2	-999.0000	-236.2861	241	-54.95	ok	v3 momentum_n_consec trial #2 (atr_period=14_atr_stop_mult=2.0_exit_n_reverse=2_n_consec=2)
P3v3_momentum_n_consec_3	-999.0000	-207.7536	233	-53.17	ok	v3 momentum_n_consec trial #3 (atr_period=14_atr_stop_mult=3.0_exit_n_reverse=2_n_consec=2)
P3v3_momentum_n_consec_4	-999.0000	-268.5904	161	-36.97	ok	v3 momentum_n_consec trial #4 (atr_period=14_atr_stop_mult=1.5_exit_n_reverse=2_n_consec=3)
P3v3_momentum_n_consec_5	-999.0000	-219.5028	152	-35.22	ok	v3 momentum_n_consec trial #5 (atr_period=14_atr_stop_mult=2.0_exit_n_reverse=2_n_consec=3)
P3v3_momentum_n_consec_6	-999.0000	-204.0629	151	-35.33	ok	v3 momentum_n_consec trial #6 (atr_period=14_atr_stop_mult=3.0_exit_n_reverse=2_n_consec=3)
P3v3_momentum_n_consec_7	-999.0000	-330.3295	95	-23.84	ok	v3 momentum_n_consec trial #7 (atr_period=14_atr_stop_mult=1.5_exit_n_reverse=2_n_consec=4)
P3v3_momentum_n_consec_8	-999.0000	-280.5993	92	-20.85	ok	v3 momentum_n_consec trial #8 (atr_period=14_atr_stop_mult=2.0_exit_n_reverse=2_n_consec=4)
P3v3_momentum_n_consec_9	-999.0000	-261.2104	92	-21.32	ok	v3 momentum_n_consec trial #9 (atr_period=14_atr_stop_mult=3.0_exit_n_reverse=2_n_consec=4)
P3v3_momentum_n_consec_10	-999.0000	-282.6291	43	-4.86	ok	v3 momentum_n_consec trial #10 (atr_period=14_atr_stop_mult=1.5_exit_n_reverse=2_n_consec=5)
P3v3_momentum_n_consec_HELDOUT_SKIP	0.0000	0.0000	0	0.00	skipped_train_fail	v3 momentum_n_consec held-out skipped — train FAIL
P3v3_volume_breakout_1	-999.0000	-65.3439	58	-6.97	ok	v3 volume_breakout trial #1 (atr_period=14_atr_stop_mult=2.0_exit_lookback_n=7_lookback_n=15_vol_mult=1.2_vol_window=20)
P3v3_volume_breakout_2	-999.0000	-49.6520	48	-3.67	ok	v3 volume_breakout trial #2 (atr_period=14_atr_stop_mult=2.0_exit_lookback_n=7_lookback_n=15_vol_mult=1.5_vol_window=20)
P3v3_volume_breakout_3	-999.0000	-29.7713	36	1.04	ok	v3 volume_breakout trial #3 (atr_period=14_atr_stop_mult=2.0_exit_lookback_n=7_lookback_n=15_vol_mult=2.0_vol_window=20)
P3v3_volume_breakout_4	-999.0000	-51.1482	48	-1.35	ok	v3 volume_breakout trial #4 (atr_period=14_atr_stop_mult=2.0_exit_lookback_n=10_lookback_n=20_vol_mult=1.2_vol_window=20)
P3v3_volume_breakout_5	-999.0000	-36.7572	40	1.58	ok	v3 volume_breakout trial #5 (atr_period=14_atr_stop_mult=2.0_exit_lookback_n=10_lookback_n=20_vol_mult=1.5_vol_window=20)
P3v3_volume_breakout_6	-999.0000	-21.5239	31	4.73	ok	v3 volume_breakout trial #6 (atr_period=14_atr_stop_mult=2.0_exit_lookback_n=10_lookback_n=20_vol_mult=2.0_vol_window=20)
P3v3_volume_breakout_7	-999.0000	-48.9345	40	4.96	ok	v3 volume_breakout trial #7 (atr_period=14_atr_stop_mult=2.0_exit_lookback_n=15_lookback_n=30_vol_mult=1.2_vol_window=20)
P3v3_volume_breakout_8	-999.0000	-38.9605	35	6.36	ok	v3 volume_breakout trial #8 (atr_period=14_atr_stop_mult=2.0_exit_lookback_n=15_lookback_n=30_vol_mult=1.5_vol_window=20)
P3v3_volume_breakout_9	-999.0000	-19.6186	26	9.71	ok	v3 volume_breakout trial #9 (atr_period=14_atr_stop_mult=2.0_exit_lookback_n=15_lookback_n=30_vol_mult=2.0_vol_window=20)
P3v3_volume_breakout_HELDOUT_SKIP	0.0000	0.0000	0	0.00	skipped_train_fail	v3 volume_breakout held-out skipped — train FAIL
P3v3_ema_crossover_1	-999.0000	-100.2201	73	-6.96	ok	v3 ema_crossover trial #1 (atr_period=14_atr_stop_mult=2.0_ema_fast=5_ema_slow=20)
P3v3_ema_crossover_2	-999.0000	-191.7906	43	3.00	ok	v3 ema_crossover trial #2 (atr_period=14_atr_stop_mult=2.0_ema_fast=10_ema_slow=30)
P3v3_ema_crossover_3	-999.0000	-200.1972	42	2.38	ok	v3 ema_crossover trial #3 (atr_period=14_atr_stop_mult=2.0_ema_fast=12_ema_slow=26)
P3v3_ema_crossover_4	-999.0000	-485.4706	28	3.89	ok	v3 ema_crossover trial #4 (atr_period=14_atr_stop_mult=2.0_ema_fast=15_ema_slow=50)
P3v3_ema_crossover_5	-999.0000	-570.5005	10	-3.33	ok	v3 ema_crossover trial #5 (atr_period=14_atr_stop_mult=2.0_ema_fast=20_ema_slow=100)
P3v3_ema_crossover_6	-999.0000	-776.8332	42	-9.72	ok	v3 ema_crossover trial #6 (atr_period=14_atr_stop_mult=1.0_ema_fast=12_ema_slow=26)
P3v3_ema_crossover_7	-999.0000	-431.3946	42	-1.53	ok	v3 ema_crossover trial #7 (atr_period=14_atr_stop_mult=1.5_ema_fast=12_ema_slow=26)
P3v3_ema_crossover_8	-999.0000	-177.2083	42	2.61	ok	v3 ema_crossover trial #8 (atr_period=14_atr_stop_mult=2.5_ema_fast=12_ema_slow=26)
P3v3_ema_crossover_9	-999.0000	-80.5766	42	4.84	ok	v3 ema_crossover trial #9 (atr_period=14_atr_stop_mult=3.5_ema_fast=12_ema_slow=26)
P3v3_ema_crossover_HELDOUT_SKIP	0.0000	0.0000	0	0.00	skipped_train_fail	v3 ema_crossover held-out skipped — train FAIL
P3v3_price_channel_with_atr_1	-999.0000	-463.8421	11	-3.18	ok	v3 price_channel_with_atr trial #1 (atr_pct_max=0.05_atr_pct_min=0.003_atr_period=14_atr_stop_mult=2.0_exit_lookback_n=7_lookback_n=15)
P3v3_price_channel_with_atr_2	-999.0000	0.0000	0	0.00	ok	v3 price_channel_with_atr trial #2 (atr_pct_max=0.05_atr_pct_min=0.005_atr_period=14_atr_stop_mult=2.0_exit_lookback_n=7_lookback_n=15)
P3v3_price_channel_with_atr_3	-999.0000	0.0000	0	0.00	ok	v3 price_channel_with_atr trial #3 (atr_pct_max=0.05_atr_pct_min=0.01_atr_period=14_atr_stop_mult=2.0_exit_lookback_n=7_lookback_n=15)
P3v3_price_channel_with_atr_4	-999.0000	-477.7197	9	-1.72	ok	v3 price_channel_with_atr trial #4 (atr_pct_max=0.05_atr_pct_min=0.003_atr_period=14_atr_stop_mult=2.0_exit_lookback_n=10_lookback_n=20)
P3v3_price_channel_with_atr_5	-999.0000	0.0000	0	0.00	ok	v3 price_channel_with_atr trial #5 (atr_pct_max=0.05_atr_pct_min=0.005_atr_period=14_atr_stop_mult=2.0_exit_lookback_n=10_lookback_n=20)
P3v3_price_channel_with_atr_6	-999.0000	0.0000	0	0.00	ok	v3 price_channel_with_atr trial #6 (atr_pct_max=0.05_atr_pct_min=0.01_atr_period=14_atr_stop_mult=2.0_exit_lookback_n=10_lookback_n=20)
P3v3_price_channel_with_atr_7	-999.0000	-461.6656	8	-1.02	ok	v3 price_channel_with_atr trial #7 (atr_pct_max=0.05_atr_pct_min=0.003_atr_period=14_atr_stop_mult=2.0_exit_lookback_n=15_lookback_n=30)
P3v3_price_channel_with_atr_8	-999.0000	0.0000	0	0.00	ok	v3 price_channel_with_atr trial #8 (atr_pct_max=0.05_atr_pct_min=0.005_atr_period=14_atr_stop_mult=2.0_exit_lookback_n=15_lookback_n=30)
P3v3_price_channel_with_atr_9	-999.0000	0.0000	0	0.00	ok	v3 price_channel_with_atr trial #9 (atr_pct_max=0.05_atr_pct_min=0.01_atr_period=14_atr_stop_mult=2.0_exit_lookback_n=15_lookback_n=30)
P3v3_price_channel_with_atr_HELDOUT_SKIP	0.0000	0.0000	0	0.00	skipped_train_fail	v3 price_channel_with_atr held-out skipped — train FAIL
P3v3_FINAL_SUMMARY	0.0000	0.0000	91	0.00	summary	v3 multi-paradigm sweep complete — 0 PASS candidates
P3v3_donchian_raw_1	-999.0000	-21.0897	23	-4.44	ok	v3 donchian_raw trial #1 (atr_period=50_atr_stop_mult=2.0_exit_lookback_n=50_lookback_n=100)
P3v3_donchian_raw_2	-999.0000	-19.1819	20	-2.14	ok	v3 donchian_raw trial #2 (atr_period=50_atr_stop_mult=3.0_exit_lookback_n=50_lookback_n=100)
P3v3_donchian_raw_3	-999.0000	-39.4134	17	-0.21	ok	v3 donchian_raw trial #3 (atr_period=50_atr_stop_mult=4.0_exit_lookback_n=50_lookback_n=100)
P3v3_donchian_raw_4	-999.0000	-17.0185	14	-4.84	ok	v3 donchian_raw trial #4 (atr_period=50_atr_stop_mult=2.0_exit_lookback_n=100_lookback_n=200)
P3v3_donchian_raw_5	-999.0000	-8.2848	11	-3.80	ok	v3 donchian_raw trial #5 (atr_period=50_atr_stop_mult=3.0_exit_lookback_n=100_lookback_n=200)
P3v3_donchian_raw_6	-999.0000	19.8624	9	-3.11	ok	v3 donchian_raw trial #6 (atr_period=50_atr_stop_mult=4.0_exit_lookback_n=100_lookback_n=200)
P3v3_donchian_raw_7	-999.0000	-10.3546	4	-2.15	ok	v3 donchian_raw trial #7 (atr_period=50_atr_stop_mult=2.0_exit_lookback_n=200_lookback_n=400)
P3v3_donchian_raw_8	-999.0000	-9.1398	3	-2.06	ok	v3 donchian_raw trial #8 (atr_period=50_atr_stop_mult=3.0_exit_lookback_n=200_lookback_n=400)
P3v3_donchian_raw_9	-999.0000	-8.8786	3	-2.47	ok	v3 donchian_raw trial #9 (atr_period=50_atr_stop_mult=4.0_exit_lookback_n=200_lookback_n=400)
P3v3_donchian_raw_HELDOUT_SKIP	0.0000	0.0000	0	0.00	skipped_train_fail	v3 donchian_raw held-out skipped — train FAIL
P3v3_rsi_mean_reversion_1	-999.0000	0.0000	0	0.00	ok	v3 rsi_mean_reversion trial #1 (atr_period=50_atr_stop_mult=2.5_rsi_high=55_rsi_low=20_rsi_period=50)
P3v3_rsi_mean_reversion_2	-999.0000	0.0000	0	0.00	ok	v3 rsi_mean_reversion trial #2 (atr_period=50_atr_stop_mult=2.5_rsi_high=65_rsi_low=20_rsi_period=50)
P3v3_rsi_mean_reversion_3	-999.0000	0.0000	0	0.00	ok	v3 rsi_mean_reversion trial #3 (atr_period=50_atr_stop_mult=2.5_rsi_high=55_rsi_low=25_rsi_period=50)
P3v3_rsi_mean_reversion_4	-999.0000	0.0000	0	0.00	ok	v3 rsi_mean_reversion trial #4 (atr_period=50_atr_stop_mult=2.5_rsi_high=65_rsi_low=25_rsi_period=50)
P3v3_rsi_mean_reversion_5	-999.0000	0.0000	0	0.00	ok	v3 rsi_mean_reversion trial #5 (atr_period=50_atr_stop_mult=2.5_rsi_high=55_rsi_low=20_rsi_period=100)
P3v3_rsi_mean_reversion_6	-999.0000	0.0000	0	0.00	ok	v3 rsi_mean_reversion trial #6 (atr_period=50_atr_stop_mult=2.5_rsi_high=65_rsi_low=20_rsi_period=100)
P3v3_rsi_mean_reversion_7	-999.0000	0.0000	0	0.00	ok	v3 rsi_mean_reversion trial #7 (atr_period=50_atr_stop_mult=2.5_rsi_high=55_rsi_low=25_rsi_period=100)
P3v3_rsi_mean_reversion_8	-999.0000	0.0000	0	0.00	ok	v3 rsi_mean_reversion trial #8 (atr_period=50_atr_stop_mult=2.5_rsi_high=65_rsi_low=25_rsi_period=100)
P3v3_rsi_mean_reversion_HELDOUT_SKIP	0.0000	0.0000	0	0.00	skipped_train_fail	v3 rsi_mean_reversion held-out skipped — train FAIL
P3v3_bollinger_breakout_1	-999.0000	105.7372	20	7.69	ok	v3 bollinger_breakout trial #1 (atr_period=50_atr_stop_mult=2.5_bb_k=2.0_bb_period=100)
P3v3_bollinger_breakout_2	-999.0000	34.7147	17	2.84	ok	v3 bollinger_breakout trial #2 (atr_period=50_atr_stop_mult=2.5_bb_k=2.5_bb_period=100)
P3v3_bollinger_breakout_3	-999.0000	34.8933	16	2.57	ok	v3 bollinger_breakout trial #3 (atr_period=50_atr_stop_mult=2.5_bb_k=3.0_bb_period=100)
P3v3_bollinger_breakout_4	138.3504	108.0075	13	5.92	ok	v3 bollinger_breakout trial #4 (atr_period=50_atr_stop_mult=2.5_bb_k=2.0_bb_period=200)
P3v3_bollinger_breakout_5	-999.0000	59.5679	16	0.73	ok	v3 bollinger_breakout trial #5 (atr_period=50_atr_stop_mult=2.5_bb_k=2.5_bb_period=200)
P3v3_bollinger_breakout_6	-999.0000	60.4522	11	2.31	ok	v3 bollinger_breakout trial #6 (atr_period=50_atr_stop_mult=2.5_bb_k=3.0_bb_period=200)
P3v3_bollinger_breakout_7	-999.0000	-10.3363	5	-0.94	ok	v3 bollinger_breakout trial #7 (atr_period=50_atr_stop_mult=2.5_bb_k=2.0_bb_period=300)
P3v3_bollinger_breakout_8	-999.0000	3.6762	7	-4.28	ok	v3 bollinger_breakout trial #8 (atr_period=50_atr_stop_mult=2.5_bb_k=2.5_bb_period=300)
P3v3_bollinger_breakout_9	-999.0000	12.0296	4	-1.28	ok	v3 bollinger_breakout trial #9 (atr_period=50_atr_stop_mult=2.5_bb_k=3.0_bb_period=300)
P3v3_bollinger_breakout_HELDOUT	-22.3022	-22.3022	276	-94.15	heldout_single	v3 bollinger_breakout HELDOUT — held-out FAIL: sign-flip (train +108.01 → held-out -22.30) (atr_period=50_atr_stop_mult=2.5_bb_k=2.0_bb_period=200)
P3v3_bollinger_mr_1	27.7926	23.8942	11	1.02	ok	v3 bollinger_mr trial #1 (atr_period=50_atr_stop_mult=2.5_bb_k=2.0_bb_period=100)
P3v3_bollinger_mr_2	-999.0000	30.1513	7	2.06	ok	v3 bollinger_mr trial #2 (atr_period=50_atr_stop_mult=2.5_bb_k=2.5_bb_period=100)
P3v3_bollinger_mr_3	-999.0000	34.5160	5	2.86	ok	v3 bollinger_mr trial #3 (atr_period=50_atr_stop_mult=2.5_bb_k=3.0_bb_period=100)
P3v3_bollinger_mr_4	-999.0000	-28.9106	1	-0.84	ok	v3 bollinger_mr trial #4 (atr_period=50_atr_stop_mult=2.5_bb_k=2.0_bb_period=200)
P3v3_bollinger_mr_5	-999.0000	0.0000	0	0.00	ok	v3 bollinger_mr trial #5 (atr_period=50_atr_stop_mult=2.5_bb_k=2.5_bb_period=200)
P3v3_bollinger_mr_6	-999.0000	0.0000	0	0.00	ok	v3 bollinger_mr trial #6 (atr_period=50_atr_stop_mult=2.5_bb_k=3.0_bb_period=200)
P3v3_bollinger_mr_7	-999.0000	0.0000	0	0.00	ok	v3 bollinger_mr trial #7 (atr_period=50_atr_stop_mult=2.5_bb_k=2.0_bb_period=300)
P3v3_bollinger_mr_8	-999.0000	0.0000	0	0.00	ok	v3 bollinger_mr trial #8 (atr_period=50_atr_stop_mult=2.5_bb_k=2.5_bb_period=300)
P3v3_bollinger_mr_9	-999.0000	0.0000	0	0.00	ok	v3 bollinger_mr trial #9 (atr_period=50_atr_stop_mult=2.5_bb_k=3.0_bb_period=300)
P3v3_bollinger_mr_HELDOUT	-32.1309	-32.1309	926	-262.15	heldout_single	v3 bollinger_mr HELDOUT — held-out FAIL: sign-flip (train +23.89 → held-out -32.13) (atr_period=50_atr_stop_mult=2.5_bb_k=2.0_bb_period=100)
P3v3_macd_momentum_1	-999.0000	0.0000	0	0.00	ok	v3 macd_momentum trial #1 (atr_period=50_atr_stop_mult=2.5_macd_fast=60_macd_signal=60_macd_slow=130)
P3v3_macd_momentum_2	-999.0000	0.0000	0	0.00	ok	v3 macd_momentum trial #2 (atr_period=50_atr_stop_mult=2.5_macd_fast=90_macd_signal=60_macd_slow=200)
P3v3_macd_momentum_3	-999.0000	0.0000	0	0.00	ok	v3 macd_momentum trial #3 (atr_period=50_atr_stop_mult=2.5_macd_fast=45_macd_signal=60_macd_slow=110)
P3v3_macd_momentum_4	-999.0000	0.0000	0	0.00	ok	v3 macd_momentum trial #4 (atr_period=50_atr_stop_mult=2.5_macd_fast=120_macd_signal=60_macd_slow=260)
P3v3_macd_momentum_5	-999.0000	0.0000	0	0.00	ok	v3 macd_momentum trial #5 (atr_period=50_atr_stop_mult=2.0_macd_fast=60_macd_signal=45_macd_slow=130)
P3v3_macd_momentum_6	-999.0000	0.0000	0	0.00	ok	v3 macd_momentum trial #6 (atr_period=50_atr_stop_mult=3.0_macd_fast=60_macd_signal=45_macd_slow=130)
P3v3_macd_momentum_7	-999.0000	0.0000	0	0.00	ok	v3 macd_momentum trial #7 (atr_period=50_atr_stop_mult=4.0_macd_fast=60_macd_signal=45_macd_slow=130)
P3v3_macd_momentum_8	-999.0000	0.0000	0	0.00	ok	v3 macd_momentum trial #8 (atr_period=50_atr_stop_mult=2.0_macd_fast=60_macd_signal=90_macd_slow=130)
P3v3_macd_momentum_9	-999.0000	0.0000	0	0.00	ok	v3 macd_momentum trial #9 (atr_period=50_atr_stop_mult=3.0_macd_fast=60_macd_signal=90_macd_slow=130)
P3v3_macd_momentum_10	-999.0000	0.0000	0	0.00	ok	v3 macd_momentum trial #10 (atr_period=50_atr_stop_mult=4.0_macd_fast=60_macd_signal=90_macd_slow=130)
P3v3_macd_momentum_HELDOUT_SKIP	0.0000	0.0000	0	0.00	skipped_train_fail	v3 macd_momentum held-out skipped — train FAIL
P3v3_atr_squeeze_breakout_1	-999.0000	0.0000	0	0.00	ok	v3 atr_squeeze_breakout trial #1 (atr_period=50_atr_stop_mult=2.5_lookback_n=100_squeeze_pct=20_squeeze_window=500)
P3v3_atr_squeeze_breakout_2	-999.0000	0.0000	0	0.00	ok	v3 atr_squeeze_breakout trial #2 (atr_period=50_atr_stop_mult=2.5_lookback_n=100_squeeze_pct=30_squeeze_window=500)
P3v3_atr_squeeze_breakout_3	-999.0000	0.0000	0	0.00	ok	v3 atr_squeeze_breakout trial #3 (atr_period=50_atr_stop_mult=2.5_lookback_n=100_squeeze_pct=40_squeeze_window=500)
P3v3_atr_squeeze_breakout_4	-999.0000	0.0000	0	0.00	ok	v3 atr_squeeze_breakout trial #4 (atr_period=50_atr_stop_mult=2.5_lookback_n=200_squeeze_pct=20_squeeze_window=500)
P3v3_atr_squeeze_breakout_5	-999.0000	0.0000	0	0.00	ok	v3 atr_squeeze_breakout trial #5 (atr_period=50_atr_stop_mult=2.5_lookback_n=200_squeeze_pct=30_squeeze_window=500)
P3v3_atr_squeeze_breakout_6	-999.0000	0.0000	0	0.00	ok	v3 atr_squeeze_breakout trial #6 (atr_period=50_atr_stop_mult=2.5_lookback_n=200_squeeze_pct=40_squeeze_window=500)
P3v3_atr_squeeze_breakout_7	-999.0000	0.0000	0	0.00	ok	v3 atr_squeeze_breakout trial #7 (atr_period=50_atr_stop_mult=2.5_lookback_n=300_squeeze_pct=20_squeeze_window=500)
P3v3_atr_squeeze_breakout_8	-999.0000	0.0000	0	0.00	ok	v3 atr_squeeze_breakout trial #8 (atr_period=50_atr_stop_mult=2.5_lookback_n=300_squeeze_pct=30_squeeze_window=500)
P3v3_atr_squeeze_breakout_9	-999.0000	0.0000	0	0.00	ok	v3 atr_squeeze_breakout trial #9 (atr_period=50_atr_stop_mult=2.5_lookback_n=300_squeeze_pct=40_squeeze_window=500)
P3v3_atr_squeeze_breakout_HELDOUT_SKIP	0.0000	0.0000	0	0.00	skipped_train_fail	v3 atr_squeeze_breakout held-out skipped — train FAIL
P3v3_momentum_n_consec_1	-999.0000	-31.5618	71	-11.02	ok	v3 momentum_n_consec trial #1 (atr_period=50_atr_stop_mult=2.0_exit_n_reverse=3_n_consec=4)
P3v3_momentum_n_consec_2	-999.0000	-45.5554	68	-11.11	ok	v3 momentum_n_consec trial #2 (atr_period=50_atr_stop_mult=3.0_exit_n_reverse=3_n_consec=4)
P3v3_momentum_n_consec_3	-999.0000	-45.6422	66	-10.73	ok	v3 momentum_n_consec trial #3 (atr_period=50_atr_stop_mult=4.0_exit_n_reverse=3_n_consec=4)
P3v3_momentum_n_consec_4	28.5830	18.2218	19	1.26	ok	v3 momentum_n_consec trial #4 (atr_period=50_atr_stop_mult=2.0_exit_n_reverse=3_n_consec=6)
P3v3_momentum_n_consec_5	24.0185	15.3119	19	0.29	ok	v3 momentum_n_consec trial #5 (atr_period=50_atr_stop_mult=3.0_exit_n_reverse=3_n_consec=6)
P3v3_momentum_n_consec_6	22.0220	14.4306	18	0.06	ok	v3 momentum_n_consec trial #6 (atr_period=50_atr_stop_mult=4.0_exit_n_reverse=3_n_consec=6)
P3v3_momentum_n_consec_7	-999.0000	-8.8205	6	-1.28	ok	v3 momentum_n_consec trial #7 (atr_period=50_atr_stop_mult=2.0_exit_n_reverse=3_n_consec=8)
P3v3_momentum_n_consec_8	-999.0000	-8.7622	6	-1.33	ok	v3 momentum_n_consec trial #8 (atr_period=50_atr_stop_mult=3.0_exit_n_reverse=3_n_consec=8)
P3v3_momentum_n_consec_9	-999.0000	-8.7058	6	-1.38	ok	v3 momentum_n_consec trial #9 (atr_period=50_atr_stop_mult=4.0_exit_n_reverse=3_n_consec=8)
P3v3_momentum_n_consec_10	-999.0000	-13.0626	2	-1.01	ok	v3 momentum_n_consec trial #10 (atr_period=50_atr_stop_mult=2.0_exit_n_reverse=3_n_consec=10)
P3v3_momentum_n_consec_HELDOUT	-28.0650	-28.0650	407	-130.05	heldout_single	v3 momentum_n_consec HELDOUT — held-out FAIL: sign-flip (train +18.22 → held-out -28.06) (atr_period=50_atr_stop_mult=2.0_exit_n_reverse=3_n_consec=6)
P3v3_volume_breakout_1	-999.0000	-20.2667	20	-3.71	ok	v3 volume_breakout trial #1 (atr_period=50_atr_stop_mult=2.5_exit_lookback_n=50_lookback_n=100_vol_mult=1.5_vol_window=100)
P3v3_volume_breakout_2	-999.0000	-14.5309	19	-3.23	ok	v3 volume_breakout trial #2 (atr_period=50_atr_stop_mult=2.5_exit_lookback_n=50_lookback_n=100_vol_mult=2.0_vol_window=100)
P3v3_volume_breakout_3	-999.0000	-14.0978	18	-2.76	ok	v3 volume_breakout trial #3 (atr_period=50_atr_stop_mult=2.5_exit_lookback_n=50_lookback_n=100_vol_mult=3.0_vol_window=100)
P3v3_volume_breakout_4	-999.0000	11.2218	11	-3.25	ok	v3 volume_breakout trial #4 (atr_period=50_atr_stop_mult=2.5_exit_lookback_n=100_lookback_n=200_vol_mult=1.5_vol_window=100)
P3v3_volume_breakout_5	-999.0000	12.2579	11	-3.25	ok	v3 volume_breakout trial #5 (atr_period=50_atr_stop_mult=2.5_exit_lookback_n=100_lookback_n=200_vol_mult=2.0_vol_window=100)
P3v3_volume_breakout_6	-999.0000	12.6047	10	-4.01	ok	v3 volume_breakout trial #6 (atr_period=50_atr_stop_mult=2.5_exit_lookback_n=100_lookback_n=200_vol_mult=3.0_vol_window=100)
P3v3_volume_breakout_7	-999.0000	-16.7439	6	-3.89	ok	v3 volume_breakout trial #7 (atr_period=50_atr_stop_mult=2.5_exit_lookback_n=150_lookback_n=300_vol_mult=1.5_vol_window=100)
P3v3_volume_breakout_8	-999.0000	-15.6985	6	-3.88	ok	v3 volume_breakout trial #8 (atr_period=50_atr_stop_mult=2.5_exit_lookback_n=150_lookback_n=300_vol_mult=2.0_vol_window=100)
P3v3_volume_breakout_9	-999.0000	-14.4968	5	-3.42	ok	v3 volume_breakout trial #9 (atr_period=50_atr_stop_mult=2.5_exit_lookback_n=150_lookback_n=300_vol_mult=3.0_vol_window=100)
P3v3_volume_breakout_HELDOUT_SKIP	0.0000	0.0000	0	0.00	skipped_train_fail	v3 volume_breakout held-out skipped — train FAIL
P3v3_ema_crossover_1	-999.0000	7.4691	11	-0.83	ok	v3 ema_crossover trial #1 (atr_period=50_atr_stop_mult=2.5_ema_fast=20_ema_slow=100)
P3v3_ema_crossover_2	-999.0000	-28.4424	2	-0.90	ok	v3 ema_crossover trial #2 (atr_period=50_atr_stop_mult=2.5_ema_fast=50_ema_slow=200)
P3v3_ema_crossover_3	-999.0000	-11.3962	1	-0.32	ok	v3 ema_crossover trial #3 (atr_period=50_atr_stop_mult=2.5_ema_fast=60_ema_slow=240)
P3v3_ema_crossover_4	-999.0000	0.0000	0	0.00	ok	v3 ema_crossover trial #4 (atr_period=50_atr_stop_mult=2.5_ema_fast=100_ema_slow=400)
P3v3_ema_crossover_5	-999.0000	-33.5230	4	-1.52	ok	v3 ema_crossover trial #5 (atr_period=50_atr_stop_mult=2.5_ema_fast=30_ema_slow=150)
P3v3_ema_crossover_6	-999.0000	-5.8018	2	-0.74	ok	v3 ema_crossover trial #6 (atr_period=50_atr_stop_mult=1.5_ema_fast=50_ema_slow=200)
P3v3_ema_crossover_7	-999.0000	-28.4424	2	-0.82	ok	v3 ema_crossover trial #7 (atr_period=50_atr_stop_mult=2.0_ema_fast=50_ema_slow=200)
P3v3_ema_crossover_8	-999.0000	-28.4424	2	-0.98	ok	v3 ema_crossover trial #8 (atr_period=50_atr_stop_mult=3.0_ema_fast=50_ema_slow=200)
P3v3_ema_crossover_9	-999.0000	49.1868	2	1.13	ok	v3 ema_crossover trial #9 (atr_period=50_atr_stop_mult=4.0_ema_fast=50_ema_slow=200)
P3v3_ema_crossover_HELDOUT_SKIP	0.0000	0.0000	0	0.00	skipped_train_fail	v3 ema_crossover held-out skipped — train FAIL
P3v3_price_channel_with_atr_1	-999.0000	-9.0215	11	-3.56	ok	v3 price_channel_with_atr trial #1 (atr_pct_max=0.02_atr_pct_min=0.001_atr_period=50_atr_stop_mult=2.5_exit_lookback_n=50_lookback_n=100)
P3v3_price_channel_with_atr_2	-999.0000	-4.9374	7	-2.00	ok	v3 price_channel_with_atr trial #2 (atr_pct_max=0.02_atr_pct_min=0.002_atr_period=50_atr_stop_mult=2.5_exit_lookback_n=50_lookback_n=100)
P3v3_price_channel_with_atr_3	-999.0000	0.0000	0	0.00	ok	v3 price_channel_with_atr trial #3 (atr_pct_max=0.02_atr_pct_min=0.004_atr_period=50_atr_stop_mult=2.5_exit_lookback_n=50_lookback_n=100)
P3v3_price_channel_with_atr_4	-999.0000	-3.1951	6	-2.60	ok	v3 price_channel_with_atr trial #4 (atr_pct_max=0.02_atr_pct_min=0.001_atr_period=50_atr_stop_mult=2.5_exit_lookback_n=100_lookback_n=200)
P3v3_price_channel_with_atr_5	-999.0000	-2.7021	6	-2.63	ok	v3 price_channel_with_atr trial #5 (atr_pct_max=0.02_atr_pct_min=0.002_atr_period=50_atr_stop_mult=2.5_exit_lookback_n=100_lookback_n=200)
P3v3_price_channel_with_atr_6	-999.0000	0.0000	0	0.00	ok	v3 price_channel_with_atr trial #6 (atr_pct_max=0.02_atr_pct_min=0.004_atr_period=50_atr_stop_mult=2.5_exit_lookback_n=100_lookback_n=200)
P3v3_price_channel_with_atr_7	-999.0000	-9.4493	4	-3.59	ok	v3 price_channel_with_atr trial #7 (atr_pct_max=0.02_atr_pct_min=0.001_atr_period=50_atr_stop_mult=2.5_exit_lookback_n=150_lookback_n=300)
P3v3_price_channel_with_atr_8	-999.0000	-8.9563	4	-3.62	ok	v3 price_channel_with_atr trial #8 (atr_pct_max=0.02_atr_pct_min=0.002_atr_period=50_atr_stop_mult=2.5_exit_lookback_n=150_lookback_n=300)
P3v3_price_channel_with_atr_9	-999.0000	0.0000	0	0.00	ok	v3 price_channel_with_atr trial #9 (atr_pct_max=0.02_atr_pct_min=0.004_atr_period=50_atr_stop_mult=2.5_exit_lookback_n=150_lookback_n=300)
P3v3_price_channel_with_atr_HELDOUT_SKIP	0.0000	0.0000	0	0.00	skipped_train_fail	v3 price_channel_with_atr held-out skipped — train FAIL
P3v3_FINAL_SUMMARY	0.0000	0.0000	91	0.00	summary	v3 multi-paradigm sweep complete — 0 PASS candidates
ITER4_5M_SUMMARY	0.0000	0.0000	91	0.00	universal_fail_5m	5M sweep — 91 trials × 10 strategies × 0 PASS — n_trades GROWS on 5M (276-926 vs 17-44 on 4H) but PnL negative due commission overhead
ITER5_15M_PRECHECK	0.0000	0.0000	0	0.00	gate_fail	iter5 15M pre-check FAIL — median bar range 0.243% < 0.25% gate (trader-expert ROUND 2 BINDING CONFIRM_REVISE close-direction); ESC-1 operator override available
P4v4_donchian_raw_g1	-999.0000	-6.9404	43	-11.99	ok	v4 donchian_raw grid #1 (atr_period=14_atr_stop_mult=1.5_exit_lookback_n=10_lookback_n=20)
P4v4_donchian_raw_g2	-999.0000	-10.1281	40	-16.66	ok	v4 donchian_raw grid #2 (atr_period=14_atr_stop_mult=2.5_exit_lookback_n=10_lookback_n=20)
P4v4_donchian_raw_g3	-999.0000	-6.8524	38	-13.32	ok	v4 donchian_raw grid #3 (atr_period=14_atr_stop_mult=4.0_exit_lookback_n=10_lookback_n=20)
P4v4_donchian_raw_g4	-999.0000	-5.9952	42	-13.08	ok	v4 donchian_raw grid #4 (atr_period=30_atr_stop_mult=1.5_exit_lookback_n=10_lookback_n=20)
P4v4_donchian_raw_g5	-999.0000	-10.2783	39	-15.34	ok	v4 donchian_raw grid #5 (atr_period=30_atr_stop_mult=2.5_exit_lookback_n=10_lookback_n=20)
P4v4_donchian_raw_g6	-999.0000	-7.8980	37	-13.75	ok	v4 donchian_raw grid #6 (atr_period=30_atr_stop_mult=4.0_exit_lookback_n=10_lookback_n=20)
P4v4_donchian_raw_g7	-9.2548	-5.3720	23	-4.24	ok	v4 donchian_raw grid #7 (atr_period=14_atr_stop_mult=1.5_exit_lookback_n=20_lookback_n=40)
P4v4_donchian_raw_g8	-999.0000	-10.4179	23	-12.43	ok	v4 donchian_raw grid #8 (atr_period=14_atr_stop_mult=2.5_exit_lookback_n=20_lookback_n=40)
P4v4_donchian_raw_g9	-999.0000	-9.6939	21	-16.69	ok	v4 donchian_raw grid #9 (atr_period=14_atr_stop_mult=4.0_exit_lookback_n=20_lookback_n=40)
P4v4_donchian_raw_g10	-7.9116	-4.5924	23	-3.83	ok	v4 donchian_raw grid #10 (atr_period=30_atr_stop_mult=1.5_exit_lookback_n=20_lookback_n=40)
P4v4_donchian_raw_g11	-999.0000	-9.7350	23	-11.85	ok	v4 donchian_raw grid #11 (atr_period=30_atr_stop_mult=2.5_exit_lookback_n=20_lookback_n=40)
P4v4_donchian_raw_g12	-999.0000	-9.9067	21	-15.90	ok	v4 donchian_raw grid #12 (atr_period=30_atr_stop_mult=4.0_exit_lookback_n=20_lookback_n=40)
P4v4_donchian_raw_g13	-999.0000	-4.4046	17	-1.02	ok	v4 donchian_raw grid #13 (atr_period=14_atr_stop_mult=1.5_exit_lookback_n=30_lookback_n=60)
P4v4_donchian_raw_g14	-999.0000	-9.5559	16	-5.62	ok	v4 donchian_raw grid #14 (atr_period=14_atr_stop_mult=2.5_exit_lookback_n=30_lookback_n=60)
P4v4_donchian_raw_g15	-999.0000	-11.0494	14	-7.84	ok	v4 donchian_raw grid #15 (atr_period=14_atr_stop_mult=4.0_exit_lookback_n=30_lookback_n=60)
P4v4_donchian_raw_g16	-999.0000	-3.0801	17	-0.50	ok	v4 donchian_raw grid #16 (atr_period=30_atr_stop_mult=1.5_exit_lookback_n=30_lookback_n=60)
P4v4_donchian_raw_g17	-999.0000	-9.1864	16	-6.02	ok	v4 donchian_raw grid #17 (atr_period=30_atr_stop_mult=2.5_exit_lookback_n=30_lookback_n=60)
P4v4_donchian_raw_g18	-999.0000	-13.9025	14	-7.71	ok	v4 donchian_raw grid #18 (atr_period=30_atr_stop_mult=4.0_exit_lookback_n=30_lookback_n=60)
P4v4_donchian_raw_g19	-999.0000	5.4748	7	1.52	ok	v4 donchian_raw grid #19 (atr_period=14_atr_stop_mult=1.5_exit_lookback_n=50_lookback_n=100)
P4v4_donchian_raw_g20	-999.0000	4.4304	7	-0.77	ok	v4 donchian_raw grid #20 (atr_period=14_atr_stop_mult=2.5_exit_lookback_n=50_lookback_n=100)
P4v4_donchian_raw_g21	-999.0000	10.9194	6	-0.23	ok	v4 donchian_raw grid #21 (atr_period=14_atr_stop_mult=4.0_exit_lookback_n=50_lookback_n=100)
P4v4_donchian_raw_g22	-999.0000	5.8373	7	1.78	ok	v4 donchian_raw grid #22 (atr_period=30_atr_stop_mult=1.5_exit_lookback_n=50_lookback_n=100)
P4v4_donchian_raw_g23	-999.0000	3.7984	7	-0.33	ok	v4 donchian_raw grid #23 (atr_period=30_atr_stop_mult=2.5_exit_lookback_n=50_lookback_n=100)
P4v4_donchian_raw_g24	-999.0000	10.9211	6	0.34	ok	v4 donchian_raw grid #24 (atr_period=30_atr_stop_mult=4.0_exit_lookback_n=50_lookback_n=100)
P4v4_donchian_raw_g25	-999.0000	7.5569	4	0.18	ok	v4 donchian_raw grid #25 (atr_period=14_atr_stop_mult=1.5_exit_lookback_n=75_lookback_n=150)
P4v4_donchian_raw_g26	-999.0000	5.9060	4	-1.57	ok	v4 donchian_raw grid #26 (atr_period=14_atr_stop_mult=2.5_exit_lookback_n=75_lookback_n=150)
P4v4_donchian_raw_g27	-999.0000	1.0759	4	-4.20	ok	v4 donchian_raw grid #27 (atr_period=14_atr_stop_mult=4.0_exit_lookback_n=75_lookback_n=150)
P4v4_donchian_raw_g28	-999.0000	7.8247	4	0.51	ok	v4 donchian_raw grid #28 (atr_period=30_atr_stop_mult=1.5_exit_lookback_n=75_lookback_n=150)
P4v4_donchian_raw_g29	-999.0000	6.3327	4	-1.02	ok	v4 donchian_raw grid #29 (atr_period=30_atr_stop_mult=2.5_exit_lookback_n=75_lookback_n=150)
P4v4_donchian_raw_g30	-999.0000	1.0759	4	-3.31	ok	v4 donchian_raw grid #30 (atr_period=30_atr_stop_mult=4.0_exit_lookback_n=75_lookback_n=150)
P4v4_donchian_raw_r1	-12.4711	-5.7958	38	-14.33	ok	v4 donchian_raw random #1 (atr_period=21_atr_stop_mult=2.0047_exit_lookback_n=15_lookback_n=21)
P4v4_donchian_raw_r2	-999.0000	-6.4991	28	-8.48	ok	v4 donchian_raw random #2 (atr_period=17_atr_stop_mult=1.249_exit_lookback_n=10_lookback_n=43)
P4v4_donchian_raw_r3	-8.1462	-4.8305	22	-3.32	ok	v4 donchian_raw random #3 (atr_period=36_atr_stop_mult=1.5293_exit_lookback_n=24_lookback_n=42)
P4v4_donchian_raw_r4	-999.0000	-5.5062	21	-7.06	ok	v4 donchian_raw random #4 (atr_period=7_atr_stop_mult=2.1087_exit_lookback_n=26_lookback_n=43)
P4v4_donchian_raw_r5	-999.0000	-3.6042	29	-5.58	ok	v4 donchian_raw random #5 (atr_period=20_atr_stop_mult=1.4049_exit_lookback_n=13_lookback_n=33)
P4v4_donchian_raw_r6	-999.0000	-2.6307	27	-1.55	ok	v4 donchian_raw random #6 (atr_period=25_atr_stop_mult=1.2968_exit_lookback_n=17_lookback_n=35)
P4v4_donchian_raw_r7	-999.0000	-4.0526	21	-3.38	ok	v4 donchian_raw random #7 (atr_period=44_atr_stop_mult=1.4678_exit_lookback_n=20_lookback_n=49)
P4v4_donchian_raw_r8	-999.0000	-4.9757	20	-4.87	ok	v4 donchian_raw random #8 (atr_period=19_atr_stop_mult=1.766_exit_lookback_n=22_lookback_n=53)
P4v4_donchian_raw_r9	-999.0000	-6.0649	45	-10.18	ok	v4 donchian_raw random #9 (atr_period=23_atr_stop_mult=1.0197_exit_lookback_n=14_lookback_n=21)
P4v4_donchian_raw_r10	-999.0000	-10.1857	20	-8.40	ok	v4 donchian_raw random #10 (atr_period=28_atr_stop_mult=2.1512_exit_lookback_n=17_lookback_n=54)
P4v4_donchian_raw_r11	-999.0000	-11.2641	28	-14.21	ok	v4 donchian_raw random #11 (atr_period=23_atr_stop_mult=2.305_exit_lookback_n=14_lookback_n=34)
P4v4_donchian_raw_r12	-999.0000	-6.2344	28	-7.99	ok	v4 donchian_raw random #12 (atr_period=36_atr_stop_mult=1.1451_exit_lookback_n=13_lookback_n=44)
P4v4_donchian_raw_r13	-999.0000	-1.7350	28	-0.73	ok	v4 donchian_raw random #13 (atr_period=16_atr_stop_mult=1.2294_exit_lookback_n=28_lookback_n=30)
P4v4_donchian_raw_r14	-2.3897	-1.4495	21	0.40	ok	v4 donchian_raw random #14 (atr_period=10_atr_stop_mult=0.9482_exit_lookback_n=25_lookback_n=53)
P4v4_donchian_raw_r15	-8.8289	-4.8390	26	-6.11	ok	v4 donchian_raw random #15 (atr_period=19_atr_stop_mult=1.7508_exit_lookback_n=11_lookback_n=36)
P4v4_donchian_raw_r16	-999.0000	-6.5388	29	-9.34	ok	v4 donchian_raw random #16 (atr_period=19_atr_stop_mult=1.8643_exit_lookback_n=19_lookback_n=28)
P4v4_donchian_raw_r17	-999.0000	-3.8270	31	-6.09	ok	v4 donchian_raw random #17 (atr_period=31_atr_stop_mult=1.2941_exit_lookback_n=14_lookback_n=30)
P4v4_donchian_raw_r18	-999.0000	-6.7155	18	-6.18	ok	v4 donchian_raw random #18 (atr_period=10_atr_stop_mult=2.3963_exit_lookback_n=17_lookback_n=55)
P4v4_donchian_raw_r19	-999.0000	-7.0785	38	-15.65	ok	v4 donchian_raw random #19 (atr_period=8_atr_stop_mult=1.8412_exit_lookback_n=10_lookback_n=23)
P4v4_donchian_raw_r20	-999.0000	-8.3125	24	-7.93	ok	v4 donchian_raw random #20 (atr_period=15_atr_stop_mult=1.6021_exit_lookback_n=17_lookback_n=43)
P4v4_donchian_raw_r21	-999.0000	-5.6852	16	-4.20	ok	v4 donchian_raw random #21 (atr_period=7_atr_stop_mult=1.9811_exit_lookback_n=27_lookback_n=58)
P4v4_donchian_raw_r22	-999.0000	-4.9240	24	-5.03	ok	v4 donchian_raw random #22 (atr_period=11_atr_stop_mult=1.1372_exit_lookback_n=16_lookback_n=50)
P4v4_donchian_raw_r23	-999.0000	-4.3344	17	-1.75	ok	v4 donchian_raw random #23 (atr_period=22_atr_stop_mult=1.6509_exit_lookback_n=27_lookback_n=58)
P4v4_donchian_raw_r24	-999.0000	-12.6202	25	-13.72	ok	v4 donchian_raw random #24 (atr_period=33_atr_stop_mult=2.1625_exit_lookback_n=12_lookback_n=40)
P4v4_donchian_raw_r25	-999.0000	-4.4266	29	-10.78	ok	v4 donchian_raw random #25 (atr_period=31_atr_stop_mult=2.0679_exit_lookback_n=25_lookback_n=26)
P4v4_donchian_raw_r26	-999.0000	-6.9558	24	-6.20	ok	v4 donchian_raw random #26 (atr_period=18_atr_stop_mult=1.4445_exit_lookback_n=19_lookback_n=43)
P4v4_donchian_raw_r27	-7.9437	-3.9167	33	-3.77	ok	v4 donchian_raw random #27 (atr_period=14_atr_stop_mult=1.0181_exit_lookback_n=14_lookback_n=29)
P4v4_donchian_raw_r28	-6.5105	-3.9490	21	-0.25	ok	v4 donchian_raw random #28 (atr_period=14_atr_stop_mult=1.0886_exit_lookback_n=29_lookback_n=52)
P4v4_donchian_raw_r29	-999.0000	-8.7136	19	-7.50	ok	v4 donchian_raw random #29 (atr_period=14_atr_stop_mult=1.8099_exit_lookback_n=13_lookback_n=57)
P4v4_donchian_raw_r30	-999.0000	-5.6864	16	-2.39	ok	v4 donchian_raw random #30 (atr_period=35_atr_stop_mult=1.9694_exit_lookback_n=25_lookback_n=57)
P4v4_donchian_raw_r31	-999.0000	-4.1598	17	-2.05	ok	v4 donchian_raw random #31 (atr_period=13_atr_stop_mult=1.6764_exit_lookback_n=22_lookback_n=59)
P4v4_donchian_raw_r32	-999.0000	-6.8263	30	-8.61	ok	v4 donchian_raw random #32 (atr_period=15_atr_stop_mult=1.7309_exit_lookback_n=11_lookback_n=29)
P4v4_donchian_raw_r33	-999.0000	-9.1779	49	-15.91	ok	v4 donchian_raw random #33 (atr_period=16_atr_stop_mult=1.0011_exit_lookback_n=19_lookback_n=20)
P4v4_donchian_raw_r34	-999.0000	-10.0769	21	-9.29	ok	v4 donchian_raw random #34 (atr_period=22_atr_stop_mult=1.9035_exit_lookback_n=11_lookback_n=54)
P4v4_donchian_raw_r35	-12.5209	-7.4246	22	-5.67	ok	v4 donchian_raw random #35 (atr_period=41_atr_stop_mult=1.7643_exit_lookback_n=24_lookback_n=41)
P4v4_donchian_raw_r36	-3.1652	-1.8769	22	-0.58	ok	v4 donchian_raw random #36 (atr_period=20_atr_stop_mult=1.0454_exit_lookback_n=26_lookback_n=51)
P4v4_donchian_raw_r37	-999.0000	-4.3913	31	-3.44	ok	v4 donchian_raw random #37 (atr_period=19_atr_stop_mult=0.9813_exit_lookback_n=18_lookback_n=34)
P4v4_donchian_raw_r38	-999.0000	-4.7268	39	-10.56	ok	v4 donchian_raw random #38 (atr_period=39_atr_stop_mult=1.0639_exit_lookback_n=21_lookback_n=22)
P4v4_donchian_raw_r39	-999.0000	-3.0834	31	-4.69	ok	v4 donchian_raw random #39 (atr_period=27_atr_stop_mult=1.3178_exit_lookback_n=18_lookback_n=27)
P4v4_donchian_raw_r40	-999.0000	-12.4759	21	-11.76	ok	v4 donchian_raw random #40 (atr_period=39_atr_stop_mult=2.184_exit_lookback_n=11_lookback_n=54)
P4v4_donchian_raw_r41	-999.0000	-4.1410	30	-14.51	ok	v4 donchian_raw random #41 (atr_period=40_atr_stop_mult=2.3535_exit_lookback_n=21_lookback_n=22)
P4v4_donchian_raw_r42	-999.0000	-3.6883	32	-7.81	ok	v4 donchian_raw random #42 (atr_period=21_atr_stop_mult=1.5016_exit_lookback_n=19_lookback_n=26)
P4v4_donchian_raw_r43	-999.0000	-8.6676	33	-17.02	ok	v4 donchian_raw random #43 (atr_period=26_atr_stop_mult=2.2898_exit_lookback_n=10_lookback_n=26)
P4v4_donchian_raw_r44	-999.0000	-4.4777	26	-6.13	ok	v4 donchian_raw random #44 (atr_period=17_atr_stop_mult=2.075_exit_lookback_n=23_lookback_n=31)
P4v4_donchian_raw_r45	-999.0000	-5.3533	33	-12.23	ok	v4 donchian_raw random #45 (atr_period=20_atr_stop_mult=1.7688_exit_lookback_n=15_lookback_n=26)
P4v4_donchian_raw_r46	-999.0000	-9.5411	23	-9.58	ok	v4 donchian_raw random #46 (atr_period=32_atr_stop_mult=1.6543_exit_lookback_n=11_lookback_n=49)
P4v4_donchian_raw_r47	-999.0000	-3.6718	39	-7.88	ok	v4 donchian_raw random #47 (atr_period=40_atr_stop_mult=1.0028_exit_lookback_n=20_lookback_n=22)
P4v4_donchian_raw_r48	-999.0000	-13.1480	24	-15.74	ok	v4 donchian_raw random #48 (atr_period=18_atr_stop_mult=2.2354_exit_lookback_n=14_lookback_n=47)
P4v4_donchian_raw_r49	-999.0000	-10.1391	25	-10.70	ok	v4 donchian_raw random #49 (atr_period=17_atr_stop_mult=1.8861_exit_lookback_n=10_lookback_n=43)
P4v4_donchian_raw_r50	-999.0000	-4.4359	22	-6.04	ok	v4 donchian_raw random #50 (atr_period=17_atr_stop_mult=1.258_exit_lookback_n=14_lookback_n=57)
P4v4_donchian_raw_r51	-999.0000	-5.3436	31	-15.70	ok	v4 donchian_raw random #51 (atr_period=13_atr_stop_mult=2.2935_exit_lookback_n=22_lookback_n=25)
P4v4_donchian_raw_r52	-999.0000	-9.2700	48	-16.30	ok	v4 donchian_raw random #52 (atr_period=31_atr_stop_mult=1.05_exit_lookback_n=19_lookback_n=20)
P4v4_donchian_raw_r53	-999.0000	-5.1240	28	-5.94	ok	v4 donchian_raw random #53 (atr_period=25_atr_stop_mult=1.0032_exit_lookback_n=12_lookback_n=40)
P4v4_donchian_raw_r54	-999.0000	-8.1644	27	-9.46	ok	v4 donchian_raw random #54 (atr_period=40_atr_stop_mult=1.9553_exit_lookback_n=13_lookback_n=34)
P4v4_donchian_raw_r55	-999.0000	-4.8382	25	-5.28	ok	v4 donchian_raw random #55 (atr_period=42_atr_stop_mult=1.0554_exit_lookback_n=21_lookback_n=46)
P4v4_donchian_raw_r56	-0.6907	-0.3660	28	0.19	ok	v4 donchian_raw random #56 (atr_period=37_atr_stop_mult=1.1332_exit_lookback_n=27_lookback_n=30)
P4v4_donchian_raw_r57	-999.0000	-7.8421	22	-7.96	ok	v4 donchian_raw random #57 (atr_period=9_atr_stop_mult=1.8514_exit_lookback_n=24_lookback_n=44)
P4v4_donchian_raw_r58	-999.0000	-5.4596	28	-6.11	ok	v4 donchian_raw random #58 (atr_period=19_atr_stop_mult=0.9762_exit_lookback_n=15_lookback_n=40)
P4v4_donchian_raw_r59	-999.0000	-4.6250	24	-5.38	ok	v4 donchian_raw random #59 (atr_period=11_atr_stop_mult=1.0962_exit_lookback_n=10_lookback_n=53)
P4v4_donchian_raw_r60	-999.0000	-4.9414	32	-10.91	ok	v4 donchian_raw random #60 (atr_period=16_atr_stop_mult=1.7414_exit_lookback_n=18_lookback_n=26)
P4v4_donchian_raw_r61	-999.0000	-2.8540	33	-11.97	ok	v4 donchian_raw random #61 (atr_period=42_atr_stop_mult=1.7184_exit_lookback_n=22_lookback_n=23)
P4v4_donchian_raw_r62	-999.0000	-9.9030	25	-8.69	ok	v4 donchian_raw random #62 (atr_period=8_atr_stop_mult=1.3624_exit_lookback_n=12_lookback_n=43)
P4v4_donchian_raw_r63	-999.0000	-3.9723	22	-3.87	ok	v4 donchian_raw random #63 (atr_period=22_atr_stop_mult=1.0542_exit_lookback_n=14_lookback_n=55)
P4v4_donchian_raw_r64	-999.0000	-3.7614	18	0.46	ok	v4 donchian_raw random #64 (atr_period=19_atr_stop_mult=1.2551_exit_lookback_n=24_lookback_n=58)
P4v4_donchian_raw_r65	-0.7927	-0.5053	19	2.28	ok	v4 donchian_raw random #65 (atr_period=41_atr_stop_mult=0.9372_exit_lookback_n=26_lookback_n=59)
P4v4_donchian_raw_r66	-999.0000	-8.2922	22	-9.26	ok	v4 donchian_raw random #66 (atr_period=16_atr_stop_mult=2.0026_exit_lookback_n=18_lookback_n=51)
P4v4_donchian_raw_r67	-999.0000	-7.3011	26	-9.18	ok	v4 donchian_raw random #67 (atr_period=18_atr_stop_mult=2.2083_exit_lookback_n=25_lookback_n=30)
P4v4_donchian_raw_r68	-999.0000	-5.0560	27	-1.71	ok	v4 donchian_raw random #68 (atr_period=13_atr_stop_mult=1.3578_exit_lookback_n=26_lookback_n=28)
P4v4_donchian_raw_r69	-999.0000	-5.0398	28	-1.57	ok	v4 donchian_raw random #69 (atr_period=26_atr_stop_mult=1.3179_exit_lookback_n=23_lookback_n=28)
P4v4_donchian_raw_r70	-999.0000	-6.6261	20	-6.07	ok	v4 donchian_raw random #70 (atr_period=34_atr_stop_mult=1.4995_exit_lookback_n=15_lookback_n=58)
P4v4_donchian_raw_HELDOUT_SKIP	0.0000	0.0000	0	0.00	skipped_train_fail	v4 donchian_raw held-out skipped — train FAIL
P4v4_rsi_mean_reversion_g1	-999.0000	-2.5174	7	-0.77	ok	v4 rsi_mean_reversion grid #1 (atr_period=30_atr_stop_mult=2.0_rsi_high=50_rsi_low=20_rsi_period=14)
P4v4_rsi_mean_reversion_g2	-999.0000	-1.9285	7	0.90	ok	v4 rsi_mean_reversion grid #2 (atr_period=30_atr_stop_mult=2.0_rsi_high=60_rsi_low=20_rsi_period=14)
P4v4_rsi_mean_reversion_g3	-999.0000	-1.9014	7	1.07	ok	v4 rsi_mean_reversion grid #3 (atr_period=30_atr_stop_mult=2.0_rsi_high=70_rsi_low=20_rsi_period=14)
P4v4_rsi_mean_reversion_g4	-999.0000	0.0573	20	-4.25	ok	v4 rsi_mean_reversion grid #4 (atr_period=30_atr_stop_mult=2.0_rsi_high=50_rsi_low=25_rsi_period=14)
P4v4_rsi_mean_reversion_g5	7.9431	4.9353	20	1.96	ok	v4 rsi_mean_reversion grid #5 (atr_period=30_atr_stop_mult=2.0_rsi_high=60_rsi_low=25_rsi_period=14)
P4v4_rsi_mean_reversion_g6	13.4597	8.3630	20	8.05	ok	v4 rsi_mean_reversion grid #6 (atr_period=30_atr_stop_mult=2.0_rsi_high=70_rsi_low=25_rsi_period=14)
P4v4_rsi_mean_reversion_g7	-999.0000	-7.3870	40	-18.21	ok	v4 rsi_mean_reversion grid #7 (atr_period=30_atr_stop_mult=2.0_rsi_high=50_rsi_low=30_rsi_period=14)
P4v4_rsi_mean_reversion_g8	-999.0000	-5.0935	40	-11.10	ok	v4 rsi_mean_reversion grid #8 (atr_period=30_atr_stop_mult=2.0_rsi_high=60_rsi_low=30_rsi_period=14)
P4v4_rsi_mean_reversion_g9	-999.0000	-2.7075	37	-9.56	ok	v4 rsi_mean_reversion grid #9 (atr_period=30_atr_stop_mult=2.0_rsi_high=70_rsi_low=30_rsi_period=14)
P4v4_rsi_mean_reversion_g10	-999.0000	0.8611	2	1.51	ok	v4 rsi_mean_reversion grid #10 (atr_period=30_atr_stop_mult=2.0_rsi_high=50_rsi_low=20_rsi_period=21)
P4v4_rsi_mean_reversion_g11	-999.0000	1.4261	2	2.67	ok	v4 rsi_mean_reversion grid #11 (atr_period=30_atr_stop_mult=2.0_rsi_high=60_rsi_low=20_rsi_period=21)
P4v4_rsi_mean_reversion_g12	-999.0000	-1.7114	2	-2.72	ok	v4 rsi_mean_reversion grid #12 (atr_period=30_atr_stop_mult=2.0_rsi_high=70_rsi_low=20_rsi_period=21)
P4v4_rsi_mean_reversion_g13	-999.0000	1.2776	5	2.95	ok	v4 rsi_mean_reversion grid #13 (atr_period=30_atr_stop_mult=2.0_rsi_high=50_rsi_low=25_rsi_period=21)
P4v4_rsi_mean_reversion_g14	-999.0000	2.7289	5	6.64	ok	v4 rsi_mean_reversion grid #14 (atr_period=30_atr_stop_mult=2.0_rsi_high=60_rsi_low=25_rsi_period=21)
P4v4_rsi_mean_reversion_g15	-999.0000	0.5436	4	1.28	ok	v4 rsi_mean_reversion grid #15 (atr_period=30_atr_stop_mult=2.0_rsi_high=70_rsi_low=25_rsi_period=21)
P4v4_rsi_mean_reversion_g16	-999.0000	2.2226	18	-0.71	ok	v4 rsi_mean_reversion grid #16 (atr_period=30_atr_stop_mult=2.0_rsi_high=50_rsi_low=30_rsi_period=21)
P4v4_rsi_mean_reversion_g17	9.8963	6.4849	18	9.30	ok	v4 rsi_mean_reversion grid #17 (atr_period=30_atr_stop_mult=2.0_rsi_high=60_rsi_low=30_rsi_period=21)
P4v4_rsi_mean_reversion_g18	3.8535	2.6852	16	0.79	ok	v4 rsi_mean_reversion grid #18 (atr_period=30_atr_stop_mult=2.0_rsi_high=70_rsi_low=30_rsi_period=21)
P4v4_rsi_mean_reversion_g19	-999.0000	0.0000	0	0.00	ok	v4 rsi_mean_reversion grid #19 (atr_period=30_atr_stop_mult=2.0_rsi_high=50_rsi_low=20_rsi_period=30)
P4v4_rsi_mean_reversion_g20	-999.0000	0.0000	0	0.00	ok	v4 rsi_mean_reversion grid #20 (atr_period=30_atr_stop_mult=2.0_rsi_high=60_rsi_low=20_rsi_period=30)
P4v4_rsi_mean_reversion_g21	-999.0000	0.0000	0	0.00	ok	v4 rsi_mean_reversion grid #21 (atr_period=30_atr_stop_mult=2.0_rsi_high=70_rsi_low=20_rsi_period=30)
P4v4_rsi_mean_reversion_g22	-999.0000	0.8611	2	1.51	ok	v4 rsi_mean_reversion grid #22 (atr_period=30_atr_stop_mult=2.0_rsi_high=50_rsi_low=25_rsi_period=30)
P4v4_rsi_mean_reversion_g23	-999.0000	2.0608	2	4.26	ok	v4 rsi_mean_reversion grid #23 (atr_period=30_atr_stop_mult=2.0_rsi_high=60_rsi_low=25_rsi_period=30)
P4v4_rsi_mean_reversion_g24	-999.0000	-1.7114	2	-2.72	ok	v4 rsi_mean_reversion grid #24 (atr_period=30_atr_stop_mult=2.0_rsi_high=70_rsi_low=25_rsi_period=30)
P4v4_rsi_mean_reversion_g25	-999.0000	8.0626	6	5.40	ok	v4 rsi_mean_reversion grid #25 (atr_period=30_atr_stop_mult=2.0_rsi_high=50_rsi_low=30_rsi_period=30)
P4v4_rsi_mean_reversion_g26	-999.0000	11.2376	6	8.51	ok	v4 rsi_mean_reversion grid #26 (atr_period=30_atr_stop_mult=2.0_rsi_high=60_rsi_low=30_rsi_period=30)
P4v4_rsi_mean_reversion_g27	-999.0000	10.9435	5	7.92	ok	v4 rsi_mean_reversion grid #27 (atr_period=30_atr_stop_mult=2.0_rsi_high=70_rsi_low=30_rsi_period=30)
P4v4_rsi_mean_reversion_r1	-999.0000	2.8550	2	4.06	ok	v4 rsi_mean_reversion random #1 (atr_period=22_atr_stop_mult=2.3612_rsi_high=82_rsi_low=13_rsi_period=11)
P4v4_rsi_mean_reversion_r2	-999.0000	-6.3090	53	-22.78	ok	v4 rsi_mean_reversion random #2 (atr_period=38_atr_stop_mult=2.0728_rsi_high=50_rsi_low=32_rsi_period=11)
P4v4_rsi_mean_reversion_r3	-999.0000	-6.6807	106	-29.25	ok	v4 rsi_mean_reversion random #3 (atr_period=16_atr_stop_mult=2.0721_rsi_high=41_rsi_low=34_rsi_period=8)
P4v4_rsi_mean_reversion_r4	-999.0000	7.1364	6	4.39	ok	v4 rsi_mean_reversion random #4 (atr_period=37_atr_stop_mult=2.5413_rsi_high=73_rsi_low=25_rsi_period=19)
P4v4_rsi_mean_reversion_r5	55.2627	28.8289	29	8.97	ok	v4 rsi_mean_reversion random #5 (atr_period=33_atr_stop_mult=2.5268_rsi_high=85_rsi_low=43_rsi_period=19)
P4v4_rsi_mean_reversion_r6	-999.0000	1.3788	5	3.27	ok	v4 rsi_mean_reversion random #6 (atr_period=27_atr_stop_mult=2.0048_rsi_high=56_rsi_low=20_rsi_period=17)
P4v4_rsi_mean_reversion_r7	-999.0000	-3.6150	1	-1.81	ok	v4 rsi_mean_reversion random #7 (atr_period=26_atr_stop_mult=2.6963_rsi_high=69_rsi_low=20_rsi_period=22)
P4v4_rsi_mean_reversion_r8	-999.0000	-1.0693	7	3.99	ok	v4 rsi_mean_reversion random #8 (atr_period=15_atr_stop_mult=1.7738_rsi_high=73_rsi_low=20_rsi_period=15)
P4v4_rsi_mean_reversion_r9	-999.0000	-1.5998	16	-3.27	ok	v4 rsi_mean_reversion random #9 (atr_period=28_atr_stop_mult=2.5513_rsi_high=49_rsi_low=33_rsi_period=27)
P4v4_rsi_mean_reversion_r10	-999.0000	-5.3251	63	-20.31	ok	v4 rsi_mean_reversion random #10 (atr_period=20_atr_stop_mult=1.3696_rsi_high=77_rsi_low=35_rsi_period=13)
P4v4_rsi_mean_reversion_r11	-999.0000	0.7508	21	-1.97	ok	v4 rsi_mean_reversion random #11 (atr_period=43_atr_stop_mult=1.6697_rsi_high=35_rsi_low=27_rsi_period=16)
P4v4_rsi_mean_reversion_r12	-999.0000	1.5277	7	-1.38	ok	v4 rsi_mean_reversion random #12 (atr_period=22_atr_stop_mult=2.1503_rsi_high=31_rsi_low=20_rsi_period=15)
P4v4_rsi_mean_reversion_r13	-999.0000	3.2792	44	-4.83	ok	v4 rsi_mean_reversion random #13 (atr_period=36_atr_stop_mult=1.968_rsi_high=75_rsi_low=34_rsi_period=13)
P4v4_rsi_mean_reversion_r14	-999.0000	-7.6453	90	-24.35	ok	v4 rsi_mean_reversion random #14 (atr_period=37_atr_stop_mult=2.7401_rsi_high=30_rsi_low=34_rsi_period=15)
P4v4_rsi_mean_reversion_r15	-999.0000	-0.8374	1	-1.38	ok	v4 rsi_mean_reversion random #15 (atr_period=35_atr_stop_mult=2.1291_rsi_high=91_rsi_low=17_rsi_period=17)
P4v4_rsi_mean_reversion_r16	-999.0000	-0.5128	57	-9.00	ok	v4 rsi_mean_reversion random #16 (atr_period=39_atr_stop_mult=2.5352_rsi_high=57_rsi_low=33_rsi_period=10)
P4v4_rsi_mean_reversion_r17	-999.0000	19.8772	32	-8.44	ok	v4 rsi_mean_reversion random #17 (atr_period=33_atr_stop_mult=2.6385_rsi_high=83_rsi_low=36_rsi_period=15)
P4v4_rsi_mean_reversion_r18	-999.0000	0.5220	51	-15.14	ok	v4 rsi_mean_reversion random #18 (atr_period=19_atr_stop_mult=2.923_rsi_high=56_rsi_low=35_rsi_period=12)
P4v4_rsi_mean_reversion_r19	-999.0000	-1.3772	6	2.10	ok	v4 rsi_mean_reversion random #19 (atr_period=37_atr_stop_mult=2.2426_rsi_high=68_rsi_low=22_rsi_period=15)
P4v4_rsi_mean_reversion_r20	-999.0000	-5.3357	31	-6.28	ok	v4 rsi_mean_reversion random #20 (atr_period=22_atr_stop_mult=1.8717_rsi_high=72_rsi_low=23_rsi_period=10)
P4v4_rsi_mean_reversion_r21	-999.0000	-7.6524	15	-6.38	ok	v4 rsi_mean_reversion random #21 (atr_period=19_atr_stop_mult=1.6279_rsi_high=52_rsi_low=16_rsi_period=8)
P4v4_rsi_mean_reversion_r22	-999.0000	1.4263	28	-5.19	ok	v4 rsi_mean_reversion random #22 (atr_period=21_atr_stop_mult=2.0403_rsi_high=54_rsi_low=31_rsi_period=19)
P4v4_rsi_mean_reversion_r23	-999.0000	0.0000	0	0.00	ok	v4 rsi_mean_reversion random #23 (atr_period=32_atr_stop_mult=2.154_rsi_high=82_rsi_low=12_rsi_period=20)
P4v4_rsi_mean_reversion_r24	-999.0000	2.9738	11	7.51	ok	v4 rsi_mean_reversion random #24 (atr_period=40_atr_stop_mult=2.2764_rsi_high=83_rsi_low=26_rsi_period=16)
P4v4_rsi_mean_reversion_r25	-999.0000	-3.8892	29	-13.34	ok	v4 rsi_mean_reversion random #25 (atr_period=21_atr_stop_mult=2.0717_rsi_high=43_rsi_low=27_rsi_period=14)
P4v4_rsi_mean_reversion_r26	-999.0000	49.1748	22	0.73	ok	v4 rsi_mean_reversion random #26 (atr_period=36_atr_stop_mult=2.881_rsi_high=90_rsi_low=29_rsi_period=12)
P4v4_rsi_mean_reversion_r27	-999.0000	-2.0878	5	0.18	ok	v4 rsi_mean_reversion random #27 (atr_period=32_atr_stop_mult=2.526_rsi_high=98_rsi_low=25_rsi_period=20)
P4v4_rsi_mean_reversion_r28	-999.0000	4.1077	1	4.01	ok	v4 rsi_mean_reversion random #28 (atr_period=16_atr_stop_mult=1.9582_rsi_high=67_rsi_low=15_rsi_period=15)
P4v4_rsi_mean_reversion_r29	-999.0000	4.1492	5	2.29	ok	v4 rsi_mean_reversion random #29 (atr_period=23_atr_stop_mult=3.1024_rsi_high=96_rsi_low=20_rsi_period=13)
P4v4_rsi_mean_reversion_r30	-999.0000	2.2353	2	1.29	ok	v4 rsi_mean_reversion random #30 (atr_period=31_atr_stop_mult=3.1998_rsi_high=31_rsi_low=17_rsi_period=15)
P4v4_rsi_mean_reversion_r31	-999.0000	-1.7050	2	-2.28	ok	v4 rsi_mean_reversion random #31 (atr_period=16_atr_stop_mult=1.2621_rsi_high=87_rsi_low=17_rsi_period=15)
P4v4_rsi_mean_reversion_r32	-999.0000	-4.6774	5	-4.17	ok	v4 rsi_mean_reversion random #32 (atr_period=18_atr_stop_mult=2.5389_rsi_high=45_rsi_low=13_rsi_period=9)
P4v4_rsi_mean_reversion_r33	-999.0000	0.5031	5	1.36	ok	v4 rsi_mean_reversion random #33 (atr_period=26_atr_stop_mult=2.4118_rsi_high=45_rsi_low=24_rsi_period=20)
P4v4_rsi_mean_reversion_r34	-999.0000	-7.3097	31	-16.94	ok	v4 rsi_mean_reversion random #34 (atr_period=24_atr_stop_mult=2.3574_rsi_high=39_rsi_low=31_rsi_period=17)
P4v4_rsi_mean_reversion_r35	-999.0000	-2.5640	67	-11.26	ok	v4 rsi_mean_reversion random #35 (atr_period=43_atr_stop_mult=1.5967_rsi_high=52_rsi_low=42_rsi_period=22)
P4v4_rsi_mean_reversion_r36	-999.0000	-4.3024	23	-5.11	ok	v4 rsi_mean_reversion random #36 (atr_period=38_atr_stop_mult=2.9006_rsi_high=36_rsi_low=28_rsi_period=16)
P4v4_rsi_mean_reversion_r37	-999.0000	5.4062	29	1.83	ok	v4 rsi_mean_reversion random #37 (atr_period=16_atr_stop_mult=2.2655_rsi_high=63_rsi_low=32_rsi_period=18)
P4v4_rsi_mean_reversion_r38	-999.0000	-3.0089	22	-10.23	ok	v4 rsi_mean_reversion random #38 (atr_period=40_atr_stop_mult=2.8447_rsi_high=50_rsi_low=25_rsi_period=12)
P4v4_rsi_mean_reversion_r39	-999.0000	22.1342	9	4.22	ok	v4 rsi_mean_reversion random #39 (atr_period=28_atr_stop_mult=1.506_rsi_high=97_rsi_low=21_rsi_period=13)
P4v4_rsi_mean_reversion_r40	-999.0000	0.3271	41	-10.99	ok	v4 rsi_mean_reversion random #40 (atr_period=39_atr_stop_mult=2.2763_rsi_high=53_rsi_low=36_rsi_period=17)
P4v4_rsi_mean_reversion_r41	-999.0000	-1.8365	53	-14.05	ok	v4 rsi_mean_reversion random #41 (atr_period=24_atr_stop_mult=1.691_rsi_high=65_rsi_low=39_rsi_period=20)
P4v4_rsi_mean_reversion_r42	-999.0000	18.2631	19	0.82	ok	v4 rsi_mean_reversion random #42 (atr_period=32_atr_stop_mult=2.5364_rsi_high=87_rsi_low=23_rsi_period=10)
P4v4_rsi_mean_reversion_r43	-999.0000	-10.5693	130	-38.70	ok	v4 rsi_mean_reversion random #43 (atr_period=21_atr_stop_mult=2.7957_rsi_high=40_rsi_low=40_rsi_period=11)
P4v4_rsi_mean_reversion_r44	-999.0000	15.2017	28	-10.22	ok	v4 rsi_mean_reversion random #44 (atr_period=31_atr_stop_mult=2.2333_rsi_high=82_rsi_low=32_rsi_period=16)
P4v4_rsi_mean_reversion_r45	11.0518	4.3350	59	1.90	ok	v4 rsi_mean_reversion random #45 (atr_period=37_atr_stop_mult=2.5812_rsi_high=69_rsi_low=30_rsi_period=8)
P4v4_rsi_mean_reversion_r46	-999.0000	1.5871	7	-1.11	ok	v4 rsi_mean_reversion random #46 (atr_period=23_atr_stop_mult=2.0088_rsi_high=31_rsi_low=23_rsi_period=16)
P4v4_rsi_mean_reversion_r47	1.9729	0.9270	37	-3.60	ok	v4 rsi_mean_reversion random #47 (atr_period=30_atr_stop_mult=2.051_rsi_high=68_rsi_low=27_rsi_period=11)
P4v4_rsi_mean_reversion_r48	-999.0000	-3.4590	7	-3.01	ok	v4 rsi_mean_reversion random #48 (atr_period=24_atr_stop_mult=1.6611_rsi_high=57_rsi_low=21_rsi_period=14)
P4v4_rsi_mean_reversion_r49	-999.0000	0.7840	7	-0.42	ok	v4 rsi_mean_reversion random #49 (atr_period=37_atr_stop_mult=1.5703_rsi_high=62_rsi_low=15_rsi_period=9)
P4v4_rsi_mean_reversion_r50	-999.0000	-2.4397	2	-3.05	ok	v4 rsi_mean_reversion random #50 (atr_period=37_atr_stop_mult=2.3936_rsi_high=76_rsi_low=19_rsi_period=17)
P4v4_rsi_mean_reversion_r51	-999.0000	2.2445	3	4.06	ok	v4 rsi_mean_reversion random #51 (atr_period=24_atr_stop_mult=2.616_rsi_high=60_rsi_low=19_rsi_period=18)
P4v4_rsi_mean_reversion_r52	-1.1126	-0.3977	77	-7.04	ok	v4 rsi_mean_reversion random #52 (atr_period=35_atr_stop_mult=1.4526_rsi_high=73_rsi_low=36_rsi_period=10)
P4v4_rsi_mean_reversion_r53	-999.0000	0.4559	5	1.04	ok	v4 rsi_mean_reversion random #53 (atr_period=29_atr_stop_mult=1.8814_rsi_high=47_rsi_low=15_rsi_period=12)
P4v4_rsi_mean_reversion_r54	-999.0000	-3.7427	75	-21.13	ok	v4 rsi_mean_reversion random #54 (atr_period=16_atr_stop_mult=2.1835_rsi_high=42_rsi_low=34_rsi_period=10)
P4v4_rsi_mean_reversion_r55	-999.0000	0.0000	0	0.00	ok	v4 rsi_mean_reversion random #55 (atr_period=31_atr_stop_mult=1.8077_rsi_high=38_rsi_low=13_rsi_period=15)
P4v4_rsi_mean_reversion_r56	2.1588	0.8225	64	-4.54	ok	v4 rsi_mean_reversion random #56 (atr_period=38_atr_stop_mult=1.6514_rsi_high=77_rsi_low=31_rsi_period=8)
P4v4_rsi_mean_reversion_r57	-999.0000	-4.1284	65	-21.75	ok	v4 rsi_mean_reversion random #57 (atr_period=32_atr_stop_mult=2.0577_rsi_high=47_rsi_low=35_rsi_period=12)
P4v4_rsi_mean_reversion_r58	3.0552	1.7734	23	3.37	ok	v4 rsi_mean_reversion random #58 (atr_period=43_atr_stop_mult=1.6156_rsi_high=74_rsi_low=27_rsi_period=15)
P4v4_rsi_mean_reversion_r59	-999.0000	-3.2629	6	-2.11	ok	v4 rsi_mean_reversion random #59 (atr_period=31_atr_stop_mult=1.5131_rsi_high=51_rsi_low=14_rsi_period=10)
P4v4_rsi_mean_reversion_r60	-999.0000	0.6763	26	-13.16	ok	v4 rsi_mean_reversion random #60 (atr_period=21_atr_stop_mult=2.6139_rsi_high=47_rsi_low=32_rsi_period=19)
P4v4_rsi_mean_reversion_r61	-999.0000	0.0000	0	0.00	ok	v4 rsi_mean_reversion random #61 (atr_period=22_atr_stop_mult=2.7825_rsi_high=44_rsi_low=14_rsi_period=19)
P4v4_rsi_mean_reversion_r62	-999.0000	2.5500	41	-9.60	ok	v4 rsi_mean_reversion random #62 (atr_period=31_atr_stop_mult=2.4953_rsi_high=55_rsi_low=35_rsi_period=16)
P4v4_rsi_mean_reversion_r63	-999.0000	0.0000	0	0.00	ok	v4 rsi_mean_reversion random #63 (atr_period=24_atr_stop_mult=2.6979_rsi_high=39_rsi_low=17_rsi_period=27)
P4v4_rsi_mean_reversion_r64	-999.0000	1.7301	5	4.26	ok	v4 rsi_mean_reversion random #64 (atr_period=24_atr_stop_mult=2.005_rsi_high=58_rsi_low=23_rsi_period=19)
P4v4_rsi_mean_reversion_r65	-999.0000	1.4986	14	-1.71	ok	v4 rsi_mean_reversion random #65 (atr_period=16_atr_stop_mult=2.0641_rsi_high=34_rsi_low=29_rsi_period=21)
P4v4_rsi_mean_reversion_r66	-999.0000	0.0000	0	0.00	ok	v4 rsi_mean_reversion random #66 (atr_period=35_atr_stop_mult=2.921_rsi_high=43_rsi_low=15_rsi_period=23)
P4v4_rsi_mean_reversion_r67	-999.0000	-5.7099	54	-21.20	ok	v4 rsi_mean_reversion random #67 (atr_period=23_atr_stop_mult=1.2805_rsi_high=70_rsi_low=37_rsi_period=20)
P4v4_rsi_mean_reversion_r68	-999.0000	54.6376	20	-1.82	ok	v4 rsi_mean_reversion random #68 (atr_period=20_atr_stop_mult=2.3707_rsi_high=99_rsi_low=28_rsi_period=13)
P4v4_rsi_mean_reversion_r69	-999.0000	-0.4239	50	-5.87	ok	v4 rsi_mean_reversion random #69 (atr_period=27_atr_stop_mult=1.8421_rsi_high=58_rsi_low=36_rsi_period=18)
P4v4_rsi_mean_reversion_r70	-999.0000	-16.5145	1	-2.08	ok	v4 rsi_mean_reversion random #70 (atr_period=23_atr_stop_mult=3.0904_rsi_high=83_rsi_low=20_rsi_period=19)
P4v4_rsi_mean_reversion_HELDOUT	-10.0394	-10.0394	28	-56.48	heldout_single	v4 rsi_mean_reversion HELDOUT — held-out FAIL: sign-flip (train +28.83 → held-out -10.04) (atr_period=33_atr_stop_mult=2.5268_rsi_high=85_rsi_low=43_rsi_period=19)
P4v4_bollinger_breakout_g1	-9.2595	-3.8913	49	-5.64	ok	v4 bollinger_breakout grid #1 (atr_period=30_atr_stop_mult=2.0_bb_k=1.5_bb_period=20)
P4v4_bollinger_breakout_g2	-6.4955	-2.8210	45	-2.22	ok	v4 bollinger_breakout grid #2 (atr_period=30_atr_stop_mult=3.0_bb_k=1.5_bb_period=20)
P4v4_bollinger_breakout_g3	-13.9137	-6.3324	40	-5.42	ok	v4 bollinger_breakout grid #3 (atr_period=30_atr_stop_mult=2.0_bb_k=2.0_bb_period=20)
P4v4_bollinger_breakout_g4	6.4139	3.0844	35	2.79	ok	v4 bollinger_breakout grid #4 (atr_period=30_atr_stop_mult=3.0_bb_k=2.0_bb_period=20)
P4v4_bollinger_breakout_g5	-999.0000	-13.3869	35	-14.42	ok	v4 bollinger_breakout grid #5 (atr_period=30_atr_stop_mult=2.0_bb_k=2.5_bb_period=20)
P4v4_bollinger_breakout_g6	-999.0000	-0.0586	26	1.93	ok	v4 bollinger_breakout grid #6 (atr_period=30_atr_stop_mult=3.0_bb_k=2.5_bb_period=20)
P4v4_bollinger_breakout_g7	-999.0000	-4.4775	20	-2.19	ok	v4 bollinger_breakout grid #7 (atr_period=30_atr_stop_mult=2.0_bb_k=3.0_bb_period=20)
P4v4_bollinger_breakout_g8	-999.0000	-0.0300	18	0.40	ok	v4 bollinger_breakout grid #8 (atr_period=30_atr_stop_mult=3.0_bb_k=3.0_bb_period=20)
P4v4_bollinger_breakout_g9	-999.0000	-11.3309	35	-12.89	ok	v4 bollinger_breakout grid #9 (atr_period=30_atr_stop_mult=2.0_bb_k=1.5_bb_period=40)
P4v4_bollinger_breakout_g10	-999.0000	-4.7987	29	-4.67	ok	v4 bollinger_breakout grid #10 (atr_period=30_atr_stop_mult=3.0_bb_k=1.5_bb_period=40)
P4v4_bollinger_breakout_g11	-999.0000	-7.9921	26	-5.81	ok	v4 bollinger_breakout grid #11 (atr_period=30_atr_stop_mult=2.0_bb_k=2.0_bb_period=40)
P4v4_bollinger_breakout_g12	-999.0000	-10.0384	24	-11.17	ok	v4 bollinger_breakout grid #12 (atr_period=30_atr_stop_mult=3.0_bb_k=2.0_bb_period=40)
P4v4_bollinger_breakout_g13	-999.0000	-4.3953	20	-1.28	ok	v4 bollinger_breakout grid #13 (atr_period=30_atr_stop_mult=2.0_bb_k=2.5_bb_period=40)
P4v4_bollinger_breakout_g14	-999.0000	-3.0951	18	-3.44	ok	v4 bollinger_breakout grid #14 (atr_period=30_atr_stop_mult=3.0_bb_k=2.5_bb_period=40)
P4v4_bollinger_breakout_g15	-999.0000	7.4906	13	1.44	ok	v4 bollinger_breakout grid #15 (atr_period=30_atr_stop_mult=2.0_bb_k=3.0_bb_period=40)
P4v4_bollinger_breakout_g16	-999.0000	51.0286	10	7.46	ok	v4 bollinger_breakout grid #16 (atr_period=30_atr_stop_mult=3.0_bb_k=3.0_bb_period=40)
P4v4_bollinger_breakout_g17	-999.0000	-9.2352	24	-7.39	ok	v4 bollinger_breakout grid #17 (atr_period=30_atr_stop_mult=2.0_bb_k=1.5_bb_period=60)
P4v4_bollinger_breakout_g18	-999.0000	-15.9929	21	-9.33	ok	v4 bollinger_breakout grid #18 (atr_period=30_atr_stop_mult=3.0_bb_k=1.5_bb_period=60)
P4v4_bollinger_breakout_g19	-999.0000	-1.8851	17	2.06	ok	v4 bollinger_breakout grid #19 (atr_period=30_atr_stop_mult=2.0_bb_k=2.0_bb_period=60)
P4v4_bollinger_breakout_g20	-999.0000	-6.6515	17	-4.00	ok	v4 bollinger_breakout grid #20 (atr_period=30_atr_stop_mult=3.0_bb_k=2.0_bb_period=60)
P4v4_bollinger_breakout_g21	-999.0000	27.1538	10	8.89	ok	v4 bollinger_breakout grid #21 (atr_period=30_atr_stop_mult=2.0_bb_k=2.5_bb_period=60)
P4v4_bollinger_breakout_g22	-999.0000	23.5682	10	4.21	ok	v4 bollinger_breakout grid #22 (atr_period=30_atr_stop_mult=3.0_bb_k=2.5_bb_period=60)
P4v4_bollinger_breakout_g23	-999.0000	46.8004	6	12.10	ok	v4 bollinger_breakout grid #23 (atr_period=30_atr_stop_mult=2.0_bb_k=3.0_bb_period=60)
P4v4_bollinger_breakout_g24	-999.0000	54.3799	5	13.63	ok	v4 bollinger_breakout grid #24 (atr_period=30_atr_stop_mult=3.0_bb_k=3.0_bb_period=60)
P4v4_bollinger_breakout_g25	-999.0000	-10.5573	16	-7.30	ok	v4 bollinger_breakout grid #25 (atr_period=30_atr_stop_mult=2.0_bb_k=1.5_bb_period=100)
P4v4_bollinger_breakout_g26	-999.0000	-13.6394	14	-10.17	ok	v4 bollinger_breakout grid #26 (atr_period=30_atr_stop_mult=3.0_bb_k=1.5_bb_period=100)
P4v4_bollinger_breakout_g27	-999.0000	-3.9180	12	-2.75	ok	v4 bollinger_breakout grid #27 (atr_period=30_atr_stop_mult=2.0_bb_k=2.0_bb_period=100)
P4v4_bollinger_breakout_g28	-999.0000	-3.4225	11	-7.17	ok	v4 bollinger_breakout grid #28 (atr_period=30_atr_stop_mult=3.0_bb_k=2.0_bb_period=100)
P4v4_bollinger_breakout_g29	-999.0000	30.7224	5	4.77	ok	v4 bollinger_breakout grid #29 (atr_period=30_atr_stop_mult=2.0_bb_k=2.5_bb_period=100)
P4v4_bollinger_breakout_g30	-999.0000	35.1252	4	4.13	ok	v4 bollinger_breakout grid #30 (atr_period=30_atr_stop_mult=3.0_bb_k=2.5_bb_period=100)
P4v4_bollinger_breakout_r1	-999.0000	-7.4966	100	-16.34	ok	v4 bollinger_breakout random #1 (atr_period=22_atr_stop_mult=1.4318_bb_k=1.0321_bb_period=10)
P4v4_bollinger_breakout_r2	-999.0000	-0.1384	25	-1.14	ok	v4 bollinger_breakout random #2 (atr_period=15_atr_stop_mult=4.4081_bb_k=2.1374_bb_period=27)
P4v4_bollinger_breakout_r3	-999.0000	-6.6268	56	-7.86	ok	v4 bollinger_breakout random #3 (atr_period=25_atr_stop_mult=4.0693_bb_k=1.1814_bb_period=18)
P4v4_bollinger_breakout_r4	-999.0000	-4.2153	71	-5.06	ok	v4 bollinger_breakout random #4 (atr_period=23_atr_stop_mult=1.462_bb_k=0.9774_bb_period=18)
P4v4_bollinger_breakout_r5	-999.0000	-0.9984	38	-3.61	ok	v4 bollinger_breakout random #5 (atr_period=18_atr_stop_mult=4.7194_bb_k=1.9474_bb_period=18)
P4v4_bollinger_breakout_r6	-999.0000	-6.4434	40	-7.67	ok	v4 bollinger_breakout random #6 (atr_period=24_atr_stop_mult=1.2273_bb_k=1.9647_bb_period=25)
P4v4_bollinger_breakout_r7	-999.0000	-1.4775	33	-1.44	ok	v4 bollinger_breakout random #7 (atr_period=42_atr_stop_mult=3.1843_bb_k=2.3884_bb_period=11)
P4v4_bollinger_breakout_r8	1.4698	0.6623	41	0.76	ok	v4 bollinger_breakout random #8 (atr_period=42_atr_stop_mult=2.6756_bb_k=1.5079_bb_period=22)
P4v4_bollinger_breakout_r9	-999.0000	-10.6539	43	-8.94	ok	v4 bollinger_breakout random #9 (atr_period=44_atr_stop_mult=1.6875_bb_k=2.1521_bb_period=15)
P4v4_bollinger_breakout_r10	-999.0000	-3.7743	73	-6.38	ok	v4 bollinger_breakout random #10 (atr_period=32_atr_stop_mult=2.6926_bb_k=1.1859_bb_period=12)
P4v4_bollinger_breakout_r11	-999.0000	1.0473	29	2.34	ok	v4 bollinger_breakout random #11 (atr_period=38_atr_stop_mult=3.0448_bb_k=1.7525_bb_period=27)
P4v4_bollinger_breakout_r12	-999.0000	-2.6154	70	-4.36	ok	v4 bollinger_breakout random #12 (atr_period=36_atr_stop_mult=2.875_bb_k=0.9038_bb_period=15)
P4v4_bollinger_breakout_r13	-999.0000	-9.8888	35	-10.61	ok	v4 bollinger_breakout random #13 (atr_period=19_atr_stop_mult=2.2772_bb_k=1.6345_bb_period=29)
P4v4_bollinger_breakout_r14	-999.0000	-4.2858	40	-7.39	ok	v4 bollinger_breakout random #14 (atr_period=26_atr_stop_mult=4.5986_bb_k=2.0443_bb_period=16)
P4v4_bollinger_breakout_r15	-999.0000	-7.6040	29	-4.78	ok	v4 bollinger_breakout random #15 (atr_period=26_atr_stop_mult=4.368_bb_k=1.6776_bb_period=29)
P4v4_bollinger_breakout_r16	-999.0000	-4.2097	44	-4.14	ok	v4 bollinger_breakout random #16 (atr_period=36_atr_stop_mult=4.2342_bb_k=2.0171_bb_period=10)
P4v4_bollinger_breakout_r17	-999.0000	-8.2509	32	-12.07	ok	v4 bollinger_breakout random #17 (atr_period=34_atr_stop_mult=2.2563_bb_k=2.0886_bb_period=29)
P4v4_bollinger_breakout_r18	-999.0000	6.8011	4	-0.42	ok	v4 bollinger_breakout random #18 (atr_period=24_atr_stop_mult=2.1011_bb_k=3.1307_bb_period=12)
P4v4_bollinger_breakout_r19	-999.0000	-6.9928	45	-7.64	ok	v4 bollinger_breakout random #19 (atr_period=15_atr_stop_mult=2.2325_bb_k=2.2657_bb_period=11)
P4v4_bollinger_breakout_r20	-999.0000	-8.9190	49	-14.89	ok	v4 bollinger_breakout random #20 (atr_period=38_atr_stop_mult=1.73_bb_k=1.0122_bb_period=29)
P4v4_bollinger_breakout_r21	-999.0000	-0.2878	34	-0.13	ok	v4 bollinger_breakout random #21 (atr_period=40_atr_stop_mult=2.9047_bb_k=1.8748_bb_period=23)
P4v4_bollinger_breakout_r22	-999.0000	-6.8536	56	-10.50	ok	v4 bollinger_breakout random #22 (atr_period=36_atr_stop_mult=2.7188_bb_k=1.375_bb_period=17)
P4v4_bollinger_breakout_r23	-999.0000	-6.8216	95	-16.54	ok	v4 bollinger_breakout random #23 (atr_period=33_atr_stop_mult=3.0419_bb_k=1.0026_bb_period=10)
P4v4_bollinger_breakout_r24	-1.8315	-0.9554	29	-0.94	ok	v4 bollinger_breakout random #24 (atr_period=17_atr_stop_mult=3.7012_bb_k=2.0679_bb_period=24)
P4v4_bollinger_breakout_r25	-999.0000	-5.0442	27	-2.89	ok	v4 bollinger_breakout random #25 (atr_period=42_atr_stop_mult=1.938_bb_k=2.588_bb_period=18)
P4v4_bollinger_breakout_r26	-999.0000	-2.4128	47	-5.00	ok	v4 bollinger_breakout random #26 (atr_period=19_atr_stop_mult=3.3935_bb_k=1.9497_bb_period=15)
P4v4_bollinger_breakout_r27	-24.0743	-9.9649	51	-12.86	ok	v4 bollinger_breakout random #27 (atr_period=20_atr_stop_mult=2.419_bb_k=1.1701_bb_period=23)
P4v4_bollinger_breakout_r28	-999.0000	-8.1658	49	-7.86	ok	v4 bollinger_breakout random #28 (atr_period=42_atr_stop_mult=2.2294_bb_k=1.2612_bb_period=22)
P4v4_bollinger_breakout_r29	-999.0000	-2.2992	39	-4.19	ok	v4 bollinger_breakout random #29 (atr_period=35_atr_stop_mult=4.4967_bb_k=1.5894_bb_period=22)
P4v4_bollinger_breakout_r30	-999.0000	-4.0382	29	-1.73	ok	v4 bollinger_breakout random #30 (atr_period=19_atr_stop_mult=3.1252_bb_k=1.9164_bb_period=28)
P4v4_bollinger_breakout_r31	-999.0000	-4.2065	32	-2.59	ok	v4 bollinger_breakout random #31 (atr_period=43_atr_stop_mult=3.8709_bb_k=1.3487_bb_period=29)
P4v4_bollinger_breakout_r32	-999.0000	-3.2163	41	-2.84	ok	v4 bollinger_breakout random #32 (atr_period=26_atr_stop_mult=3.2496_bb_k=1.1988_bb_period=26)
P4v4_bollinger_breakout_r33	-999.0000	-2.8681	43	-6.18	ok	v4 bollinger_breakout random #33 (atr_period=23_atr_stop_mult=3.8978_bb_k=1.9179_bb_period=17)
P4v4_bollinger_breakout_r34	-999.0000	-9.0745	23	-13.70	ok	v4 bollinger_breakout random #34 (atr_period=23_atr_stop_mult=3.4978_bb_k=2.5165_bb_period=29)
P4v4_bollinger_breakout_r35	-999.0000	-2.3757	28	-2.72	ok	v4 bollinger_breakout random #35 (atr_period=42_atr_stop_mult=2.6903_bb_k=2.3604_bb_period=25)
P4v4_bollinger_breakout_r36	-22.1985	-9.8147	43	-10.74	ok	v4 bollinger_breakout random #36 (atr_period=39_atr_stop_mult=2.457_bb_k=1.2452_bb_period=25)
P4v4_bollinger_breakout_r37	-999.0000	3.6523	23	3.68	ok	v4 bollinger_breakout random #37 (atr_period=36_atr_stop_mult=3.7775_bb_k=2.5555_bb_period=22)
P4v4_bollinger_breakout_r38	4.9537	3.2460	18	6.57	ok	v4 bollinger_breakout random #38 (atr_period=34_atr_stop_mult=2.7268_bb_k=3.0068_bb_period=22)
P4v4_bollinger_breakout_r39	-13.5638	-4.9372	73	-7.96	ok	v4 bollinger_breakout random #39 (atr_period=18_atr_stop_mult=4.5289_bb_k=1.4473_bb_period=10)
P4v4_bollinger_breakout_r40	-19.8178	-8.5334	46	-9.15	ok	v4 bollinger_breakout random #40 (atr_period=18_atr_stop_mult=3.4182_bb_k=1.1635_bb_period=24)
P4v4_bollinger_breakout_r41	-2.0318	-1.0151	32	-1.40	ok	v4 bollinger_breakout random #41 (atr_period=39_atr_stop_mult=2.5709_bb_k=2.2702_bb_period=20)
P4v4_bollinger_breakout_r42	-999.0000	-5.6620	33	-4.62	ok	v4 bollinger_breakout random #42 (atr_period=41_atr_stop_mult=4.2127_bb_k=1.3427_bb_period=29)
P4v4_bollinger_breakout_r43	-999.0000	-2.5448	38	-2.82	ok	v4 bollinger_breakout random #43 (atr_period=43_atr_stop_mult=4.3804_bb_k=1.1111_bb_period=29)
P4v4_bollinger_breakout_r44	-5.3809	-2.5007	38	-1.06	ok	v4 bollinger_breakout random #44 (atr_period=40_atr_stop_mult=2.3146_bb_k=1.4961_bb_period=23)
P4v4_bollinger_breakout_r45	-999.0000	-9.8425	44	-10.66	ok	v4 bollinger_breakout random #45 (atr_period=31_atr_stop_mult=3.1644_bb_k=1.2278_bb_period=25)
P4v4_bollinger_breakout_r46	-14.5018	-6.2980	45	-7.48	ok	v4 bollinger_breakout random #46 (atr_period=26_atr_stop_mult=2.4771_bb_k=1.2932_bb_period=24)
P4v4_bollinger_breakout_r47	-999.0000	-5.5084	75	-8.78	ok	v4 bollinger_breakout random #47 (atr_period=15_atr_stop_mult=4.4527_bb_k=1.2507_bb_period=12)
P4v4_bollinger_breakout_r48	-999.0000	-9.9048	52	-15.12	ok	v4 bollinger_breakout random #48 (atr_period=34_atr_stop_mult=2.4708_bb_k=1.8151_bb_period=16)
P4v4_bollinger_breakout_r49	-999.0000	-11.0800	39	-10.33	ok	v4 bollinger_breakout random #49 (atr_period=27_atr_stop_mult=2.2193_bb_k=1.3533_bb_period=28)
P4v4_bollinger_breakout_r50	-999.0000	-3.0280	38	-6.53	ok	v4 bollinger_breakout random #50 (atr_period=17_atr_stop_mult=4.4618_bb_k=2.1852_bb_period=16)
P4v4_bollinger_breakout_r51	-4.1479	-1.9073	39	-4.15	ok	v4 bollinger_breakout random #51 (atr_period=43_atr_stop_mult=3.8895_bb_k=1.942_bb_period=17)
P4v4_bollinger_breakout_r52	-999.0000	-11.6322	48	-16.01	ok	v4 bollinger_breakout random #52 (atr_period=19_atr_stop_mult=2.0298_bb_k=2.0134_bb_period=18)
P4v4_bollinger_breakout_r53	-4.1626	-2.2424	27	-2.98	ok	v4 bollinger_breakout random #53 (atr_period=43_atr_stop_mult=2.6392_bb_k=2.4313_bb_period=26)
P4v4_bollinger_breakout_r54	-999.0000	-5.4658	50	-7.10	ok	v4 bollinger_breakout random #54 (atr_period=43_atr_stop_mult=2.9109_bb_k=1.5651_bb_period=17)
P4v4_bollinger_breakout_r55	-999.0000	-3.2150	26	-3.50	ok	v4 bollinger_breakout random #55 (atr_period=42_atr_stop_mult=3.7345_bb_k=1.9347_bb_period=29)
P4v4_bollinger_breakout_r56	-999.0000	-8.9428	55	-15.52	ok	v4 bollinger_breakout random #56 (atr_period=18_atr_stop_mult=4.3441_bb_k=1.5796_bb_period=17)
P4v4_bollinger_breakout_r57	-999.0000	-4.3397	74	-7.74	ok	v4 bollinger_breakout random #57 (atr_period=34_atr_stop_mult=4.7133_bb_k=1.2182_bb_period=11)
P4v4_bollinger_breakout_r58	-5.1736	-2.4880	35	-4.24	ok	v4 bollinger_breakout random #58 (atr_period=18_atr_stop_mult=3.4937_bb_k=1.6871_bb_period=25)
P4v4_bollinger_breakout_r59	-999.0000	-4.3200	24	-3.05	ok	v4 bollinger_breakout random #59 (atr_period=32_atr_stop_mult=4.2392_bb_k=2.3084_bb_period=26)
P4v4_bollinger_breakout_r60	-999.0000	-6.1122	57	-8.23	ok	v4 bollinger_breakout random #60 (atr_period=42_atr_stop_mult=1.8085_bb_k=1.4951_bb_period=16)
P4v4_bollinger_breakout_r61	-999.0000	-2.7555	26	-6.26	ok	v4 bollinger_breakout random #61 (atr_period=38_atr_stop_mult=2.1298_bb_k=2.2804_bb_period=29)
P4v4_bollinger_breakout_r62	-999.0000	-6.3216	49	-9.89	ok	v4 bollinger_breakout random #62 (atr_period=38_atr_stop_mult=3.5666_bb_k=1.9165_bb_period=12)
P4v4_bollinger_breakout_r63	-999.0000	-4.0322	64	-5.80	ok	v4 bollinger_breakout random #63 (atr_period=37_atr_stop_mult=3.3783_bb_k=1.3048_bb_period=13)
P4v4_bollinger_breakout_r64	-999.0000	-5.7273	67	-6.59	ok	v4 bollinger_breakout random #64 (atr_period=25_atr_stop_mult=2.3873_bb_k=1.5724_bb_period=11)
P4v4_bollinger_breakout_r65	-999.0000	-3.5892	32	-6.35	ok	v4 bollinger_breakout random #65 (atr_period=16_atr_stop_mult=4.1497_bb_k=2.3181_bb_period=20)
P4v4_bollinger_breakout_r66	-999.0000	-5.1442	53	-10.74	ok	v4 bollinger_breakout random #66 (atr_period=43_atr_stop_mult=1.3217_bb_k=1.5871_bb_period=20)
P4v4_bollinger_breakout_r67	-999.0000	-4.4921	34	-1.96	ok	v4 bollinger_breakout random #67 (atr_period=18_atr_stop_mult=3.9372_bb_k=1.5394_bb_period=26)
P4v4_bollinger_breakout_r68	-999.0000	-8.7442	87	-15.44	ok	v4 bollinger_breakout random #68 (atr_period=33_atr_stop_mult=1.997_bb_k=1.0212_bb_period=11)
P4v4_bollinger_breakout_r69	-999.0000	0.7532	36	-0.25	ok	v4 bollinger_breakout random #69 (atr_period=36_atr_stop_mult=2.9427_bb_k=1.778_bb_period=22)
P4v4_bollinger_breakout_r70	-999.0000	-5.3287	53	-10.61	ok	v4 bollinger_breakout random #70 (atr_period=33_atr_stop_mult=1.3984_bb_k=1.5806_bb_period=20)
P4v4_bollinger_breakout_HELDOUT	-6.1409	-6.1409	70	-27.43	heldout_single	v4 bollinger_breakout HELDOUT — held-out FAIL: sign-flip (train +3.08 → held-out -6.14) (atr_period=30_atr_stop_mult=3.0_bb_k=2.0_bb_period=20)
P4v4_bollinger_mr_g1	-999.0000	-10.0009	87	-33.57	ok	v4 bollinger_mr grid #1 (atr_period=30_atr_stop_mult=2.0_bb_k=1.5_bb_period=20)
P4v4_bollinger_mr_g2	-999.0000	-11.4576	77	-28.45	ok	v4 bollinger_mr grid #2 (atr_period=30_atr_stop_mult=3.0_bb_k=1.5_bb_period=20)
P4v4_bollinger_mr_g3	-999.0000	-9.9091	62	-24.15	ok	v4 bollinger_mr grid #3 (atr_period=30_atr_stop_mult=2.0_bb_k=2.0_bb_period=20)
P4v4_bollinger_mr_g4	-999.0000	-10.1244	57	-19.86	ok	v4 bollinger_mr grid #4 (atr_period=30_atr_stop_mult=3.0_bb_k=2.0_bb_period=20)
P4v4_bollinger_mr_g5	-999.0000	-9.3132	33	-12.12	ok	v4 bollinger_mr grid #5 (atr_period=30_atr_stop_mult=2.0_bb_k=2.5_bb_period=20)
P4v4_bollinger_mr_g6	-999.0000	-7.5699	31	-10.54	ok	v4 bollinger_mr grid #6 (atr_period=30_atr_stop_mult=3.0_bb_k=2.5_bb_period=20)
P4v4_bollinger_mr_g7	-999.0000	-6.6056	11	-5.50	ok	v4 bollinger_mr grid #7 (atr_period=30_atr_stop_mult=2.0_bb_k=3.0_bb_period=20)
P4v4_bollinger_mr_g8	-999.0000	-3.6119	11	-5.35	ok	v4 bollinger_mr grid #8 (atr_period=30_atr_stop_mult=3.0_bb_k=3.0_bb_period=20)
P4v4_bollinger_mr_g9	-999.0000	-6.5157	59	-19.83	ok	v4 bollinger_mr grid #9 (atr_period=30_atr_stop_mult=2.0_bb_k=1.5_bb_period=40)
P4v4_bollinger_mr_g10	-13.4052	-5.6781	48	-15.43	ok	v4 bollinger_mr grid #10 (atr_period=30_atr_stop_mult=3.0_bb_k=1.5_bb_period=40)
P4v4_bollinger_mr_g11	-999.0000	-5.8898	39	-12.79	ok	v4 bollinger_mr grid #11 (atr_period=30_atr_stop_mult=2.0_bb_k=2.0_bb_period=40)
P4v4_bollinger_mr_g12	12.5819	6.2036	33	0.58	ok	v4 bollinger_mr grid #12 (atr_period=30_atr_stop_mult=3.0_bb_k=2.0_bb_period=40)
P4v4_bollinger_mr_g13	8.9002	6.0071	17	2.95	ok	v4 bollinger_mr grid #13 (atr_period=30_atr_stop_mult=2.0_bb_k=2.5_bb_period=40)
P4v4_bollinger_mr_g14	9.3383	6.5071	16	4.26	ok	v4 bollinger_mr grid #14 (atr_period=30_atr_stop_mult=3.0_bb_k=2.5_bb_period=40)
P4v4_bollinger_mr_g15	-999.0000	2.1524	9	1.93	ok	v4 bollinger_mr grid #15 (atr_period=30_atr_stop_mult=2.0_bb_k=3.0_bb_period=40)
P4v4_bollinger_mr_g16	-999.0000	3.4950	9	2.79	ok	v4 bollinger_mr grid #16 (atr_period=30_atr_stop_mult=3.0_bb_k=3.0_bb_period=40)
P4v4_bollinger_mr_g17	-0.1404	-0.0626	42	-6.76	ok	v4 bollinger_mr grid #17 (atr_period=30_atr_stop_mult=2.0_bb_k=1.5_bb_period=60)
P4v4_bollinger_mr_g18	-0.6441	-0.3176	33	-4.54	ok	v4 bollinger_mr grid #18 (atr_period=30_atr_stop_mult=3.0_bb_k=1.5_bb_period=60)
P4v4_bollinger_mr_g19	11.3581	5.8369	30	-0.03	ok	v4 bollinger_mr grid #19 (atr_period=30_atr_stop_mult=2.0_bb_k=2.0_bb_period=60)
P4v4_bollinger_mr_g20	14.1118	7.7344	26	2.93	ok	v4 bollinger_mr grid #20 (atr_period=30_atr_stop_mult=3.0_bb_k=2.0_bb_period=60)
P4v4_bollinger_mr_g21	-999.0000	7.1871	20	3.11	ok	v4 bollinger_mr grid #21 (atr_period=30_atr_stop_mult=2.0_bb_k=2.5_bb_period=60)
P4v4_bollinger_mr_g22	17.4093	11.4081	18	8.72	ok	v4 bollinger_mr grid #22 (atr_period=30_atr_stop_mult=3.0_bb_k=2.5_bb_period=60)
P4v4_bollinger_mr_g23	-999.0000	0.2635	7	1.97	ok	v4 bollinger_mr grid #23 (atr_period=30_atr_stop_mult=2.0_bb_k=3.0_bb_period=60)
P4v4_bollinger_mr_g24	-999.0000	1.9338	7	3.65	ok	v4 bollinger_mr grid #24 (atr_period=30_atr_stop_mult=3.0_bb_k=3.0_bb_period=60)
P4v4_bollinger_mr_g25	-999.0000	2.9008	35	2.30	ok	v4 bollinger_mr grid #25 (atr_period=30_atr_stop_mult=2.0_bb_k=1.5_bb_period=100)
P4v4_bollinger_mr_g26	-999.0000	4.3289	29	3.07	ok	v4 bollinger_mr grid #26 (atr_period=30_atr_stop_mult=3.0_bb_k=1.5_bb_period=100)
P4v4_bollinger_mr_g27	-999.0000	2.8030	27	2.33	ok	v4 bollinger_mr grid #27 (atr_period=30_atr_stop_mult=2.0_bb_k=2.0_bb_period=100)
P4v4_bollinger_mr_g28	12.3306	7.3118	22	6.45	ok	v4 bollinger_mr grid #28 (atr_period=30_atr_stop_mult=3.0_bb_k=2.0_bb_period=100)
P4v4_bollinger_mr_g29	14.8792	10.7331	15	7.68	ok	v4 bollinger_mr grid #29 (atr_period=30_atr_stop_mult=2.0_bb_k=2.5_bb_period=100)
P4v4_bollinger_mr_g30	13.7786	10.7567	13	7.27	ok	v4 bollinger_mr grid #30 (atr_period=30_atr_stop_mult=3.0_bb_k=2.5_bb_period=100)
P4v4_bollinger_mr_r1	4.9785	3.1738	19	0.86	ok	v4 bollinger_mr random #1 (atr_period=41_atr_stop_mult=3.454_bb_k=2.5094_bb_period=36)
P4v4_bollinger_mr_r2	-999.0000	2.9461	6	1.70	ok	v4 bollinger_mr random #2 (atr_period=27_atr_stop_mult=4.2823_bb_k=3.7202_bb_period=55)
P4v4_bollinger_mr_r3	9.3712	5.0483	27	2.28	ok	v4 bollinger_mr random #3 (atr_period=27_atr_stop_mult=2.5302_bb_k=1.7377_bb_period=91)
P4v4_bollinger_mr_r4	-999.0000	-6.4440	3	-3.12	ok	v4 bollinger_mr random #4 (atr_period=29_atr_stop_mult=1.3824_bb_k=3.2171_bb_period=145)
P4v4_bollinger_mr_r5	4.2252	1.9636	38	-3.15	ok	v4 bollinger_mr random #5 (atr_period=37_atr_stop_mult=4.2353_bb_k=1.7414_bb_period=35)
P4v4_bollinger_mr_r6	-999.0000	3.0410	8	-0.41	ok	v4 bollinger_mr random #6 (atr_period=31_atr_stop_mult=3.81_bb_k=3.1132_bb_period=33)
P4v4_bollinger_mr_r7	-999.0000	14.2539	6	9.65	ok	v4 bollinger_mr random #7 (atr_period=37_atr_stop_mult=2.9362_bb_k=3.1634_bb_period=85)
P4v4_bollinger_mr_r8	-999.0000	-11.0082	55	-28.52	ok	v4 bollinger_mr random #8 (atr_period=24_atr_stop_mult=2.1108_bb_k=1.7753_bb_period=33)
P4v4_bollinger_mr_r9	11.7324	7.9187	17	5.26	ok	v4 bollinger_mr random #9 (atr_period=21_atr_stop_mult=2.1247_bb_k=2.5135_bb_period=42)
P4v4_bollinger_mr_r10	7.9204	6.8095	11	0.66	ok	v4 bollinger_mr random #10 (atr_period=32_atr_stop_mult=4.2217_bb_k=2.7252_bb_period=52)
P4v4_bollinger_mr_r11	-999.0000	8.8233	9	9.39	ok	v4 bollinger_mr random #11 (atr_period=33_atr_stop_mult=3.7281_bb_k=2.8369_bb_period=88)
P4v4_bollinger_mr_r12	-999.0000	-4.7581	5	-3.12	ok	v4 bollinger_mr random #12 (atr_period=35_atr_stop_mult=1.8869_bb_k=3.1446_bb_period=66)
P4v4_bollinger_mr_r13	14.1259	9.2565	18	8.36	ok	v4 bollinger_mr random #13 (atr_period=25_atr_stop_mult=1.2122_bb_k=2.2725_bb_period=120)
P4v4_bollinger_mr_r14	16.8724	11.7571	16	10.90	ok	v4 bollinger_mr random #14 (atr_period=19_atr_stop_mult=3.6995_bb_k=2.502_bb_period=63)
P4v4_bollinger_mr_r15	-999.0000	0.1548	12	0.32	ok	v4 bollinger_mr random #15 (atr_period=26_atr_stop_mult=3.1609_bb_k=2.8262_bb_period=35)
P4v4_bollinger_mr_r16	-999.0000	3.2822	6	2.59	ok	v4 bollinger_mr random #16 (atr_period=38_atr_stop_mult=3.5028_bb_k=3.304_bb_period=52)
P4v4_bollinger_mr_r17	2.4124	1.1895	33	-5.08	ok	v4 bollinger_mr random #17 (atr_period=37_atr_stop_mult=1.9493_bb_k=1.8889_bb_period=83)
P4v4_bollinger_mr_r18	-999.0000	-0.0420	7	0.95	ok	v4 bollinger_mr random #18 (atr_period=29_atr_stop_mult=3.1261_bb_k=3.1548_bb_period=46)
P4v4_bollinger_mr_r19	-999.0000	-0.2571	15	-2.05	ok	v4 bollinger_mr random #19 (atr_period=25_atr_stop_mult=1.4218_bb_k=2.7809_bb_period=71)
P4v4_bollinger_mr_r20	-999.0000	5.0297	25	-2.97	ok	v4 bollinger_mr random #20 (atr_period=35_atr_stop_mult=1.9363_bb_k=2.1733_bb_period=70)
P4v4_bollinger_mr_r21	28.0973	21.9350	13	17.87	ok	v4 bollinger_mr random #21 (atr_period=21_atr_stop_mult=3.0906_bb_k=1.637_bb_period=148)
P4v4_bollinger_mr_r22	18.5713	12.1695	18	8.96	ok	v4 bollinger_mr random #22 (atr_period=18_atr_stop_mult=3.2922_bb_k=2.2236_bb_period=75)
P4v4_bollinger_mr_r23	8.4592	5.2560	20	-2.46	ok	v4 bollinger_mr random #23 (atr_period=36_atr_stop_mult=2.2005_bb_k=2.4505_bb_period=67)
P4v4_bollinger_mr_r24	-3.2036	-1.3570	48	-8.18	ok	v4 bollinger_mr random #24 (atr_period=40_atr_stop_mult=1.9269_bb_k=1.3442_bb_period=78)
P4v4_bollinger_mr_r25	-2.8111	-1.4240	31	-2.74	ok	v4 bollinger_mr random #25 (atr_period=24_atr_stop_mult=3.0879_bb_k=1.6947_bb_period=57)
P4v4_bollinger_mr_r26	11.8240	9.2308	13	6.84	ok	v4 bollinger_mr random #26 (atr_period=18_atr_stop_mult=1.2417_bb_k=2.5442_bb_period=120)
P4v4_bollinger_mr_r27	-999.0000	4.2967	4	5.37	ok	v4 bollinger_mr random #27 (atr_period=28_atr_stop_mult=2.5792_bb_k=3.869_bb_period=67)
P4v4_bollinger_mr_r28	-999.0000	3.8286	6	5.41	ok	v4 bollinger_mr random #28 (atr_period=22_atr_stop_mult=2.3777_bb_k=3.6112_bb_period=58)
P4v4_bollinger_mr_r29	4.5138	4.1087	10	3.25	ok	v4 bollinger_mr random #29 (atr_period=37_atr_stop_mult=2.4647_bb_k=2.941_bb_period=34)
P4v4_bollinger_mr_r30	-999.0000	0.3277	10	0.01	ok	v4 bollinger_mr random #30 (atr_period=30_atr_stop_mult=2.3817_bb_k=3.0831_bb_period=34)
P4v4_bollinger_mr_r31	-999.0000	-2.6523	4	-2.09	ok	v4 bollinger_mr random #31 (atr_period=34_atr_stop_mult=1.4954_bb_k=3.8956_bb_period=85)
P4v4_bollinger_mr_r32	14.3530	7.1712	32	1.92	ok	v4 bollinger_mr random #32 (atr_period=33_atr_stop_mult=4.0806_bb_k=1.9932_bb_period=38)
P4v4_bollinger_mr_r33	-999.0000	-0.4692	9	-0.33	ok	v4 bollinger_mr random #33 (atr_period=33_atr_stop_mult=3.1919_bb_k=3.1026_bb_period=34)
P4v4_bollinger_mr_r34	17.3321	10.5129	21	6.16	ok	v4 bollinger_mr random #34 (atr_period=42_atr_stop_mult=3.4935_bb_k=2.0978_bb_period=75)
P4v4_bollinger_mr_r35	9.6805	5.2149	27	1.72	ok	v4 bollinger_mr random #35 (atr_period=44_atr_stop_mult=2.7484_bb_k=1.8464_bb_period=89)
P4v4_bollinger_mr_r36	-1.3719	-0.9260	17	-3.97	ok	v4 bollinger_mr random #36 (atr_period=24_atr_stop_mult=1.7493_bb_k=2.6055_bb_period=56)
P4v4_bollinger_mr_r37	-999.0000	-2.2986	46	-7.06	ok	v4 bollinger_mr random #37 (atr_period=28_atr_stop_mult=1.9128_bb_k=1.6855_bb_period=51)
P4v4_bollinger_mr_r38	23.3952	15.3305	18	17.25	ok	v4 bollinger_mr random #38 (atr_period=40_atr_stop_mult=2.9106_bb_k=1.6918_bb_period=133)
P4v4_bollinger_mr_r39	19.3307	11.4627	22	6.85	ok	v4 bollinger_mr random #39 (atr_period=32_atr_stop_mult=4.6627_bb_k=1.969_bb_period=65)
P4v4_bollinger_mr_r40	14.4869	9.4930	18	4.28	ok	v4 bollinger_mr random #40 (atr_period=39_atr_stop_mult=3.7555_bb_k=2.0995_bb_period=83)
P4v4_bollinger_mr_r41	-999.0000	-1.1393	8	-2.32	ok	v4 bollinger_mr random #41 (atr_period=43_atr_stop_mult=2.101_bb_k=2.7534_bb_period=110)
P4v4_bollinger_mr_r42	14.7329	10.2662	16	10.53	ok	v4 bollinger_mr random #42 (atr_period=34_atr_stop_mult=1.2783_bb_k=1.7108_bb_period=148)
P4v4_bollinger_mr_r43	15.5324	8.3674	27	3.52	ok	v4 bollinger_mr random #43 (atr_period=30_atr_stop_mult=2.2762_bb_k=2.0788_bb_period=56)
P4v4_bollinger_mr_r44	-999.0000	21.0559	7	14.34	ok	v4 bollinger_mr random #44 (atr_period=38_atr_stop_mult=2.5578_bb_k=2.4685_bb_period=141)
P4v4_bollinger_mr_r45	-999.0000	3.5169	7	4.95	ok	v4 bollinger_mr random #45 (atr_period=16_atr_stop_mult=2.0835_bb_k=3.1183_bb_period=77)
P4v4_bollinger_mr_r46	17.5889	9.1756	29	5.18	ok	v4 bollinger_mr random #46 (atr_period=40_atr_stop_mult=4.6932_bb_k=1.704_bb_period=53)
P4v4_bollinger_mr_r47	3.9421	2.0258	30	-4.35	ok	v4 bollinger_mr random #47 (atr_period=32_atr_stop_mult=2.2243_bb_k=1.8667_bb_period=82)
P4v4_bollinger_mr_r48	-999.0000	-4.6844	7	-2.47	ok	v4 bollinger_mr random #48 (atr_period=34_atr_stop_mult=1.4579_bb_k=3.1401_bb_period=81)
P4v4_bollinger_mr_r49	16.1080	9.5517	22	6.33	ok	v4 bollinger_mr random #49 (atr_period=26_atr_stop_mult=4.175_bb_k=1.8192_bb_period=86)
P4v4_bollinger_mr_r50	-999.0000	3.9025	4	4.60	ok	v4 bollinger_mr random #50 (atr_period=37_atr_stop_mult=3.8562_bb_k=3.5724_bb_period=70)
P4v4_bollinger_mr_r51	-999.0000	-4.3247	23	-8.47	ok	v4 bollinger_mr random #51 (atr_period=30_atr_stop_mult=1.8547_bb_k=2.5409_bb_period=35)
P4v4_bollinger_mr_r52	16.2333	8.3423	30	2.72	ok	v4 bollinger_mr random #52 (atr_period=43_atr_stop_mult=2.1725_bb_k=2.0355_bb_period=68)
P4v4_bollinger_mr_r53	17.8907	10.8517	21	9.82	ok	v4 bollinger_mr random #53 (atr_period=23_atr_stop_mult=4.1644_bb_k=1.8874_bb_period=89)
P4v4_bollinger_mr_r54	-999.0000	-4.0619	10	-4.13	ok	v4 bollinger_mr random #54 (atr_period=41_atr_stop_mult=1.9132_bb_k=2.8702_bb_period=76)
P4v4_bollinger_mr_r55	-999.0000	-0.5074	4	-0.25	ok	v4 bollinger_mr random #55 (atr_period=32_atr_stop_mult=1.5085_bb_k=3.0451_bb_period=137)
P4v4_bollinger_mr_r56	-999.0000	0.6513	4	2.36	ok	v4 bollinger_mr random #56 (atr_period=39_atr_stop_mult=2.2966_bb_k=3.4277_bb_period=79)
P4v4_bollinger_mr_r57	18.4608	11.1975	21	9.96	ok	v4 bollinger_mr random #57 (atr_period=36_atr_stop_mult=3.1392_bb_k=2.4107_bb_period=54)
P4v4_bollinger_mr_r58	2.7732	2.1650	13	0.76	ok	v4 bollinger_mr random #58 (atr_period=28_atr_stop_mult=3.402_bb_k=2.6971_bb_period=47)
P4v4_bollinger_mr_r59	-999.0000	-4.0541	2	-2.30	ok	v4 bollinger_mr random #59 (atr_period=42_atr_stop_mult=1.588_bb_k=3.4609_bb_period=146)
P4v4_bollinger_mr_r60	-999.0000	14.5708	6	9.98	ok	v4 bollinger_mr random #60 (atr_period=28_atr_stop_mult=2.6453_bb_k=3.1689_bb_period=86)
P4v4_bollinger_mr_r61	7.9303	5.9403	14	0.74	ok	v4 bollinger_mr random #61 (atr_period=19_atr_stop_mult=1.5994_bb_k=2.5467_bb_period=100)
P4v4_bollinger_mr_r62	11.2941	5.3068	37	-1.77	ok	v4 bollinger_mr random #62 (atr_period=34_atr_stop_mult=4.4224_bb_k=1.7_bb_period=38)
P4v4_bollinger_mr_r63	-999.0000	3.4331	13	-3.40	ok	v4 bollinger_mr random #63 (atr_period=30_atr_stop_mult=2.174_bb_k=2.6228_bb_period=86)
P4v4_bollinger_mr_r64	12.3932	6.9168	25	-1.22	ok	v4 bollinger_mr random #64 (atr_period=42_atr_stop_mult=2.242_bb_k=2.182_bb_period=75)
P4v4_bollinger_mr_r65	-999.0000	5.8234	5	6.64	ok	v4 bollinger_mr random #65 (atr_period=39_atr_stop_mult=2.9693_bb_k=3.7763_bb_period=59)
P4v4_bollinger_mr_r66	14.2266	9.0695	19	7.59	ok	v4 bollinger_mr random #66 (atr_period=26_atr_stop_mult=2.9585_bb_k=2.4911_bb_period=54)
P4v4_bollinger_mr_r67	9.1570	4.5751	32	-2.60	ok	v4 bollinger_mr random #67 (atr_period=42_atr_stop_mult=4.3175_bb_k=1.5705_bb_period=52)
P4v4_bollinger_mr_r68	13.4201	6.7981	31	4.06	ok	v4 bollinger_mr random #68 (atr_period=16_atr_stop_mult=4.5522_bb_k=1.4921_bb_period=50)
P4v4_bollinger_mr_r69	-999.0000	5.2627	25	8.21	ok	v4 bollinger_mr random #69 (atr_period=36_atr_stop_mult=2.0972_bb_k=1.847_bb_period=119)
P4v4_bollinger_mr_r70	7.4347	3.5753	35	0.15	ok	v4 bollinger_mr random #70 (atr_period=21_atr_stop_mult=2.2486_bb_k=1.5475_bb_period=84)
P4v4_bollinger_mr_HELDOUT	-5.7555	-5.7555	53	-41.61	heldout_single	v4 bollinger_mr HELDOUT — held-out FAIL: sign-flip (train +21.93 → held-out -5.76) (atr_period=21_atr_stop_mult=3.0906_bb_k=1.637_bb_period=148)
P4v4_macd_momentum_g1	-999.0000	0.0000	0	0.00	ok	v4 macd_momentum grid #1 (atr_period=30_atr_stop_mult=2.0_macd_fast=12_macd_signal=9_macd_slow=26)
P4v4_macd_momentum_g2	-999.0000	0.0000	0	0.00	ok	v4 macd_momentum grid #2 (atr_period=30_atr_stop_mult=3.0_macd_fast=12_macd_signal=9_macd_slow=26)
P4v4_macd_momentum_g3	-999.0000	0.0000	0	0.00	ok	v4 macd_momentum grid #3 (atr_period=30_atr_stop_mult=2.0_macd_fast=12_macd_signal=14_macd_slow=26)
P4v4_macd_momentum_g4	-999.0000	0.0000	0	0.00	ok	v4 macd_momentum grid #4 (atr_period=30_atr_stop_mult=3.0_macd_fast=12_macd_signal=14_macd_slow=26)
P4v4_macd_momentum_g5	-999.0000	0.0000	0	0.00	ok	v4 macd_momentum grid #5 (atr_period=30_atr_stop_mult=2.0_macd_fast=8_macd_signal=9_macd_slow=21)
P4v4_macd_momentum_g6	-999.0000	0.0000	0	0.00	ok	v4 macd_momentum grid #6 (atr_period=30_atr_stop_mult=3.0_macd_fast=8_macd_signal=9_macd_slow=21)
P4v4_macd_momentum_g7	-999.0000	0.0000	0	0.00	ok	v4 macd_momentum grid #7 (atr_period=30_atr_stop_mult=2.0_macd_fast=8_macd_signal=14_macd_slow=21)
P4v4_macd_momentum_g8	-999.0000	0.0000	0	0.00	ok	v4 macd_momentum grid #8 (atr_period=30_atr_stop_mult=3.0_macd_fast=8_macd_signal=14_macd_slow=21)
P4v4_macd_momentum_g9	-999.0000	0.0000	0	0.00	ok	v4 macd_momentum grid #9 (atr_period=30_atr_stop_mult=2.0_macd_fast=5_macd_signal=9_macd_slow=35)
P4v4_macd_momentum_g10	-999.0000	0.0000	0	0.00	ok	v4 macd_momentum grid #10 (atr_period=30_atr_stop_mult=3.0_macd_fast=5_macd_signal=9_macd_slow=35)
P4v4_macd_momentum_g11	-999.0000	0.0000	0	0.00	ok	v4 macd_momentum grid #11 (atr_period=30_atr_stop_mult=2.0_macd_fast=5_macd_signal=14_macd_slow=35)
P4v4_macd_momentum_g12	-999.0000	0.0000	0	0.00	ok	v4 macd_momentum grid #12 (atr_period=30_atr_stop_mult=3.0_macd_fast=5_macd_signal=14_macd_slow=35)
P4v4_macd_momentum_g13	-999.0000	0.0000	0	0.00	ok	v4 macd_momentum grid #13 (atr_period=30_atr_stop_mult=2.0_macd_fast=12_macd_signal=9_macd_slow=50)
P4v4_macd_momentum_g14	-999.0000	0.0000	0	0.00	ok	v4 macd_momentum grid #14 (atr_period=30_atr_stop_mult=3.0_macd_fast=12_macd_signal=9_macd_slow=50)
P4v4_macd_momentum_g15	-999.0000	0.0000	0	0.00	ok	v4 macd_momentum grid #15 (atr_period=30_atr_stop_mult=2.0_macd_fast=12_macd_signal=14_macd_slow=50)
P4v4_macd_momentum_g16	-999.0000	0.0000	0	0.00	ok	v4 macd_momentum grid #16 (atr_period=30_atr_stop_mult=3.0_macd_fast=12_macd_signal=14_macd_slow=50)
P4v4_macd_momentum_g17	-999.0000	0.0000	0	0.00	ok	v4 macd_momentum grid #17 (atr_period=30_atr_stop_mult=2.0_macd_fast=20_macd_signal=9_macd_slow=60)
P4v4_macd_momentum_g18	-999.0000	0.0000	0	0.00	ok	v4 macd_momentum grid #18 (atr_period=30_atr_stop_mult=3.0_macd_fast=20_macd_signal=9_macd_slow=60)
P4v4_macd_momentum_g19	-999.0000	0.0000	0	0.00	ok	v4 macd_momentum grid #19 (atr_period=30_atr_stop_mult=2.0_macd_fast=20_macd_signal=14_macd_slow=60)
P4v4_macd_momentum_g20	-999.0000	0.0000	0	0.00	ok	v4 macd_momentum grid #20 (atr_period=30_atr_stop_mult=3.0_macd_fast=20_macd_signal=14_macd_slow=60)
P4v4_macd_momentum_r1	-999.0000	0.0000	0	0.00	ok	v4 macd_momentum random #1 (atr_period=16_atr_stop_mult=2.0397_macd_fast=7_macd_signal=7_macd_slow=20)
P4v4_macd_momentum_r2	-999.0000	0.0000	0	0.00	ok	v4 macd_momentum random #2 (atr_period=31_atr_stop_mult=2.4639_macd_fast=6_macd_signal=8_macd_slow=34)
P4v4_macd_momentum_r3	-999.0000	0.0000	0	0.00	ok	v4 macd_momentum random #3 (atr_period=25_atr_stop_mult=2.3413_macd_fast=14_macd_signal=4_macd_slow=20)
P4v4_macd_momentum_r4	-999.0000	0.0000	0	0.00	ok	v4 macd_momentum random #4 (atr_period=17_atr_stop_mult=2.2521_macd_fast=13_macd_signal=13_macd_slow=15)
P4v4_macd_momentum_r5	-999.0000	0.0000	0	0.00	ok	v4 macd_momentum random #5 (atr_period=44_atr_stop_mult=1.7073_macd_fast=10_macd_signal=10_macd_slow=25)
P4v4_macd_momentum_r6	-999.0000	0.0000	0	0.00	ok	v4 macd_momentum random #6 (atr_period=34_atr_stop_mult=1.4073_macd_fast=10_macd_signal=6_macd_slow=14)
P4v4_macd_momentum_r7	-999.0000	0.0000	0	0.00	ok	v4 macd_momentum random #7 (atr_period=34_atr_stop_mult=2.8608_macd_fast=7_macd_signal=7_macd_slow=22)
P4v4_macd_momentum_r8	-999.0000	0.0000	0	0.00	ok	v4 macd_momentum random #8 (atr_period=19_atr_stop_mult=2.6321_macd_fast=17_macd_signal=6_macd_slow=25)
P4v4_macd_momentum_r9	-999.0000	0.0000	0	0.00	ok	v4 macd_momentum random #9 (atr_period=41_atr_stop_mult=1.8312_macd_fast=6_macd_signal=11_macd_slow=18)
P4v4_macd_momentum_r10	-999.0000	0.0000	0	0.00	ok	v4 macd_momentum random #10 (atr_period=22_atr_stop_mult=2.7066_macd_fast=12_macd_signal=9_macd_slow=38)
P4v4_macd_momentum_r11	-999.0000	0.0000	0	0.00	ok	v4 macd_momentum random #11 (atr_period=34_atr_stop_mult=1.7464_macd_fast=9_macd_signal=4_macd_slow=35)
P4v4_macd_momentum_r12	-999.0000	0.0000	0	0.00	ok	v4 macd_momentum random #12 (atr_period=43_atr_stop_mult=1.8781_macd_fast=11_macd_signal=8_macd_slow=23)
P4v4_macd_momentum_r13	-999.0000	0.0000	0	0.00	ok	v4 macd_momentum random #13 (atr_period=30_atr_stop_mult=2.8023_macd_fast=11_macd_signal=12_macd_slow=25)
P4v4_macd_momentum_r14	-999.0000	0.0000	0	0.00	ok	v4 macd_momentum random #14 (atr_period=31_atr_stop_mult=1.8424_macd_fast=6_macd_signal=11_macd_slow=28)
P4v4_macd_momentum_r15	-999.0000	0.0000	0	0.00	ok	v4 macd_momentum random #15 (atr_period=36_atr_stop_mult=1.5333_macd_fast=9_macd_signal=8_macd_slow=20)
P4v4_macd_momentum_r16	-999.0000	0.0000	0	0.00	ok	v4 macd_momentum random #16 (atr_period=25_atr_stop_mult=3.1963_macd_fast=10_macd_signal=12_macd_slow=14)
P4v4_macd_momentum_r17	-999.0000	0.0000	0	0.00	ok	v4 macd_momentum random #17 (atr_period=35_atr_stop_mult=2.0124_macd_fast=13_macd_signal=5_macd_slow=33)
P4v4_macd_momentum_r18	-999.0000	0.0000	0	0.00	ok	v4 macd_momentum random #18 (atr_period=38_atr_stop_mult=1.2696_macd_fast=17_macd_signal=9_macd_slow=16)
P4v4_macd_momentum_r19	-999.0000	0.0000	0	0.00	ok	v4 macd_momentum random #19 (atr_period=43_atr_stop_mult=1.2648_macd_fast=8_macd_signal=7_macd_slow=29)
P4v4_macd_momentum_r20	-999.0000	0.0000	0	0.00	ok	v4 macd_momentum random #20 (atr_period=37_atr_stop_mult=2.3478_macd_fast=14_macd_signal=7_macd_slow=37)
P4v4_macd_momentum_r21	-999.0000	0.0000	0	0.00	ok	v4 macd_momentum random #21 (atr_period=18_atr_stop_mult=2.6713_macd_fast=10_macd_signal=6_macd_slow=29)
P4v4_macd_momentum_r22	-999.0000	0.0000	0	0.00	ok	v4 macd_momentum random #22 (atr_period=38_atr_stop_mult=2.6081_macd_fast=12_macd_signal=5_macd_slow=36)
P4v4_macd_momentum_r23	-999.0000	0.0000	0	0.00	ok	v4 macd_momentum random #23 (atr_period=29_atr_stop_mult=1.4453_macd_fast=17_macd_signal=12_macd_slow=20)
P4v4_macd_momentum_r24	-999.0000	0.0000	0	0.00	ok	v4 macd_momentum random #24 (atr_period=17_atr_stop_mult=2.5639_macd_fast=11_macd_signal=8_macd_slow=36)
P4v4_macd_momentum_r25	-999.0000	0.0000	0	0.00	ok	v4 macd_momentum random #25 (atr_period=23_atr_stop_mult=1.7999_macd_fast=14_macd_signal=9_macd_slow=31)
P4v4_macd_momentum_r26	-999.0000	0.0000	0	0.00	ok	v4 macd_momentum random #26 (atr_period=38_atr_stop_mult=2.2175_macd_fast=14_macd_signal=10_macd_slow=37)
P4v4_macd_momentum_r27	-999.0000	0.0000	0	0.00	ok	v4 macd_momentum random #27 (atr_period=29_atr_stop_mult=1.9218_macd_fast=17_macd_signal=6_macd_slow=33)
P4v4_macd_momentum_r28	-999.0000	0.0000	0	0.00	ok	v4 macd_momentum random #28 (atr_period=41_atr_stop_mult=1.3315_macd_fast=11_macd_signal=5_macd_slow=38)
P4v4_macd_momentum_r29	-999.0000	0.0000	0	0.00	ok	v4 macd_momentum random #29 (atr_period=38_atr_stop_mult=2.8467_macd_fast=17_macd_signal=9_macd_slow=31)
P4v4_macd_momentum_r30	-999.0000	0.0000	0	0.00	ok	v4 macd_momentum random #30 (atr_period=28_atr_stop_mult=2.2347_macd_fast=7_macd_signal=5_macd_slow=21)
P4v4_macd_momentum_r31	-999.0000	0.0000	0	0.00	ok	v4 macd_momentum random #31 (atr_period=20_atr_stop_mult=3.1325_macd_fast=16_macd_signal=10_macd_slow=33)
P4v4_macd_momentum_r32	-999.0000	0.0000	0	0.00	ok	v4 macd_momentum random #32 (atr_period=30_atr_stop_mult=1.8082_macd_fast=12_macd_signal=11_macd_slow=35)
P4v4_macd_momentum_r33	-999.0000	0.0000	0	0.00	ok	v4 macd_momentum random #33 (atr_period=43_atr_stop_mult=2.9899_macd_fast=9_macd_signal=7_macd_slow=31)
P4v4_macd_momentum_r34	-999.0000	0.0000	0	0.00	ok	v4 macd_momentum random #34 (atr_period=18_atr_stop_mult=1.8056_macd_fast=9_macd_signal=9_macd_slow=29)
P4v4_macd_momentum_r35	-999.0000	0.0000	0	0.00	ok	v4 macd_momentum random #35 (atr_period=19_atr_stop_mult=2.5175_macd_fast=12_macd_signal=12_macd_slow=17)
P4v4_macd_momentum_r36	-999.0000	0.0000	0	0.00	ok	v4 macd_momentum random #36 (atr_period=15_atr_stop_mult=1.2909_macd_fast=16_macd_signal=11_macd_slow=27)
P4v4_macd_momentum_r37	-999.0000	0.0000	0	0.00	ok	v4 macd_momentum random #37 (atr_period=34_atr_stop_mult=2.1961_macd_fast=13_macd_signal=8_macd_slow=32)
P4v4_macd_momentum_r38	-999.0000	0.0000	0	0.00	ok	v4 macd_momentum random #38 (atr_period=39_atr_stop_mult=2.0122_macd_fast=13_macd_signal=6_macd_slow=20)
P4v4_macd_momentum_r39	-999.0000	0.0000	0	0.00	ok	v4 macd_momentum random #39 (atr_period=29_atr_stop_mult=1.608_macd_fast=6_macd_signal=8_macd_slow=14)
P4v4_macd_momentum_r40	-999.0000	0.0000	0	0.00	ok	v4 macd_momentum random #40 (atr_period=40_atr_stop_mult=3.1507_macd_fast=9_macd_signal=11_macd_slow=31)
P4v4_macd_momentum_r41	-999.0000	0.0000	0	0.00	ok	v4 macd_momentum random #41 (atr_period=22_atr_stop_mult=1.445_macd_fast=15_macd_signal=5_macd_slow=26)
P4v4_macd_momentum_r42	-999.0000	0.0000	0	0.00	ok	v4 macd_momentum random #42 (atr_period=26_atr_stop_mult=2.4308_macd_fast=8_macd_signal=7_macd_slow=15)
P4v4_macd_momentum_r43	-999.0000	0.0000	0	0.00	ok	v4 macd_momentum random #43 (atr_period=43_atr_stop_mult=2.6423_macd_fast=17_macd_signal=11_macd_slow=36)
P4v4_macd_momentum_r44	-999.0000	0.0000	0	0.00	ok	v4 macd_momentum random #44 (atr_period=29_atr_stop_mult=1.8171_macd_fast=15_macd_signal=9_macd_slow=25)
P4v4_macd_momentum_r45	-999.0000	0.0000	0	0.00	ok	v4 macd_momentum random #45 (atr_period=22_atr_stop_mult=2.3667_macd_fast=7_macd_signal=8_macd_slow=23)
P4v4_macd_momentum_r46	-999.0000	0.0000	0	0.00	ok	v4 macd_momentum random #46 (atr_period=34_atr_stop_mult=2.1412_macd_fast=6_macd_signal=12_macd_slow=25)
P4v4_macd_momentum_r47	-999.0000	0.0000	0	0.00	ok	v4 macd_momentum random #47 (atr_period=36_atr_stop_mult=2.7277_macd_fast=16_macd_signal=12_macd_slow=24)
P4v4_macd_momentum_r48	-999.0000	0.0000	0	0.00	ok	v4 macd_momentum random #48 (atr_period=25_atr_stop_mult=1.7772_macd_fast=6_macd_signal=9_macd_slow=14)
P4v4_macd_momentum_r49	-999.0000	0.0000	0	0.00	ok	v4 macd_momentum random #49 (atr_period=44_atr_stop_mult=2.5608_macd_fast=12_macd_signal=7_macd_slow=32)
P4v4_macd_momentum_r50	-999.0000	0.0000	0	0.00	ok	v4 macd_momentum random #50 (atr_period=44_atr_stop_mult=2.3157_macd_fast=7_macd_signal=7_macd_slow=15)
P4v4_macd_momentum_r51	-999.0000	0.0000	0	0.00	ok	v4 macd_momentum random #51 (atr_period=30_atr_stop_mult=1.2906_macd_fast=15_macd_signal=9_macd_slow=18)
P4v4_macd_momentum_r52	-999.0000	0.0000	0	0.00	ok	v4 macd_momentum random #52 (atr_period=19_atr_stop_mult=2.9863_macd_fast=14_macd_signal=9_macd_slow=33)
P4v4_macd_momentum_r53	-999.0000	0.0000	0	0.00	ok	v4 macd_momentum random #53 (atr_period=44_atr_stop_mult=2.6786_macd_fast=9_macd_signal=5_macd_slow=28)
P4v4_macd_momentum_r54	-999.0000	0.0000	0	0.00	ok	v4 macd_momentum random #54 (atr_period=29_atr_stop_mult=2.3258_macd_fast=13_macd_signal=9_macd_slow=26)
P4v4_macd_momentum_r55	-999.0000	0.0000	0	0.00	ok	v4 macd_momentum random #55 (atr_period=44_atr_stop_mult=2.3674_macd_fast=15_macd_signal=10_macd_slow=22)
P4v4_macd_momentum_r56	-999.0000	0.0000	0	0.00	ok	v4 macd_momentum random #56 (atr_period=44_atr_stop_mult=2.3569_macd_fast=13_macd_signal=10_macd_slow=19)
P4v4_macd_momentum_r57	-999.0000	0.0000	0	0.00	ok	v4 macd_momentum random #57 (atr_period=33_atr_stop_mult=2.4395_macd_fast=14_macd_signal=6_macd_slow=28)
P4v4_macd_momentum_r58	-999.0000	0.0000	0	0.00	ok	v4 macd_momentum random #58 (atr_period=43_atr_stop_mult=1.4198_macd_fast=7_macd_signal=4_macd_slow=30)
P4v4_macd_momentum_r59	-999.0000	0.0000	0	0.00	ok	v4 macd_momentum random #59 (atr_period=21_atr_stop_mult=2.2036_macd_fast=11_macd_signal=8_macd_slow=23)
P4v4_macd_momentum_r60	-999.0000	0.0000	0	0.00	ok	v4 macd_momentum random #60 (atr_period=19_atr_stop_mult=1.6147_macd_fast=16_macd_signal=5_macd_slow=32)
P4v4_macd_momentum_r61	-999.0000	0.0000	0	0.00	ok	v4 macd_momentum random #61 (atr_period=43_atr_stop_mult=2.1193_macd_fast=17_macd_signal=7_macd_slow=25)
P4v4_macd_momentum_r62	-999.0000	0.0000	0	0.00	ok	v4 macd_momentum random #62 (atr_period=35_atr_stop_mult=2.8073_macd_fast=12_macd_signal=12_macd_slow=30)
P4v4_macd_momentum_r63	-999.0000	0.0000	0	0.00	ok	v4 macd_momentum random #63 (atr_period=31_atr_stop_mult=1.6497_macd_fast=13_macd_signal=6_macd_slow=17)
P4v4_macd_momentum_r64	-999.0000	0.0000	0	0.00	ok	v4 macd_momentum random #64 (atr_period=29_atr_stop_mult=2.1596_macd_fast=15_macd_signal=10_macd_slow=31)
P4v4_macd_momentum_r65	-999.0000	0.0000	0	0.00	ok	v4 macd_momentum random #65 (atr_period=41_atr_stop_mult=1.9891_macd_fast=9_macd_signal=9_macd_slow=27)
P4v4_macd_momentum_r66	-999.0000	0.0000	0	0.00	ok	v4 macd_momentum random #66 (atr_period=23_atr_stop_mult=2.6283_macd_fast=17_macd_signal=7_macd_slow=33)
P4v4_macd_momentum_r67	-999.0000	0.0000	0	0.00	ok	v4 macd_momentum random #67 (atr_period=21_atr_stop_mult=2.8559_macd_fast=17_macd_signal=11_macd_slow=30)
P4v4_macd_momentum_r68	-999.0000	0.0000	0	0.00	ok	v4 macd_momentum random #68 (atr_period=33_atr_stop_mult=2.3737_macd_fast=17_macd_signal=5_macd_slow=31)
P4v4_macd_momentum_r69	-999.0000	0.0000	0	0.00	ok	v4 macd_momentum random #69 (atr_period=21_atr_stop_mult=1.4004_macd_fast=6_macd_signal=6_macd_slow=36)
P4v4_macd_momentum_r70	-999.0000	0.0000	0	0.00	ok	v4 macd_momentum random #70 (atr_period=15_atr_stop_mult=2.3007_macd_fast=14_macd_signal=11_macd_slow=15)
P4v4_macd_momentum_HELDOUT_SKIP	0.0000	0.0000	0	0.00	skipped_train_fail	v4 macd_momentum held-out skipped — train FAIL
P4v4_atr_squeeze_breakout_g1	-999.0000	-6.5852	13	-8.29	ok	v4 atr_squeeze_breakout grid #1 (atr_period=30_atr_stop_mult=2.0_lookback_n=20_squeeze_pct=20_squeeze_window=100)
P4v4_atr_squeeze_breakout_g2	-999.0000	-7.8243	15	-11.13	ok	v4 atr_squeeze_breakout grid #2 (atr_period=30_atr_stop_mult=2.0_lookback_n=20_squeeze_pct=30_squeeze_window=100)
P4v4_atr_squeeze_breakout_g3	-999.0000	-4.7584	15	-10.06	ok	v4 atr_squeeze_breakout grid #3 (atr_period=30_atr_stop_mult=2.0_lookback_n=20_squeeze_pct=40_squeeze_window=100)
P4v4_atr_squeeze_breakout_g4	-999.0000	-6.4473	16	-11.55	ok	v4 atr_squeeze_breakout grid #4 (atr_period=30_atr_stop_mult=2.0_lookback_n=20_squeeze_pct=50_squeeze_window=100)
P4v4_atr_squeeze_breakout_g5	-999.0000	-3.8797	8	-0.76	ok	v4 atr_squeeze_breakout grid #5 (atr_period=30_atr_stop_mult=2.0_lookback_n=20_squeeze_pct=20_squeeze_window=200)
P4v4_atr_squeeze_breakout_g6	-999.0000	-2.2011	11	-4.21	ok	v4 atr_squeeze_breakout grid #6 (atr_period=30_atr_stop_mult=2.0_lookback_n=20_squeeze_pct=30_squeeze_window=200)
P4v4_atr_squeeze_breakout_g7	-999.0000	-4.6370	13	-6.74	ok	v4 atr_squeeze_breakout grid #7 (atr_period=30_atr_stop_mult=2.0_lookback_n=20_squeeze_pct=40_squeeze_window=200)
P4v4_atr_squeeze_breakout_g8	-999.0000	-10.4479	17	-12.58	ok	v4 atr_squeeze_breakout grid #8 (atr_period=30_atr_stop_mult=2.0_lookback_n=20_squeeze_pct=50_squeeze_window=200)
P4v4_atr_squeeze_breakout_g9	-999.0000	-7.8389	6	-6.98	ok	v4 atr_squeeze_breakout grid #9 (atr_period=30_atr_stop_mult=2.0_lookback_n=40_squeeze_pct=20_squeeze_window=100)
P4v4_atr_squeeze_breakout_g10	-999.0000	-8.8713	7	-8.01	ok	v4 atr_squeeze_breakout grid #10 (atr_period=30_atr_stop_mult=2.0_lookback_n=40_squeeze_pct=30_squeeze_window=100)
P4v4_atr_squeeze_breakout_g11	-999.0000	-10.3247	8	-8.95	ok	v4 atr_squeeze_breakout grid #11 (atr_period=30_atr_stop_mult=2.0_lookback_n=40_squeeze_pct=40_squeeze_window=100)
P4v4_atr_squeeze_breakout_g12	-999.0000	-10.3247	8	-8.95	ok	v4 atr_squeeze_breakout grid #12 (atr_period=30_atr_stop_mult=2.0_lookback_n=40_squeeze_pct=50_squeeze_window=100)
P4v4_atr_squeeze_breakout_g13	-999.0000	-11.1038	5	-5.42	ok	v4 atr_squeeze_breakout grid #13 (atr_period=30_atr_stop_mult=2.0_lookback_n=40_squeeze_pct=20_squeeze_window=200)
P4v4_atr_squeeze_breakout_g14	-999.0000	-9.3892	6	-6.77	ok	v4 atr_squeeze_breakout grid #14 (atr_period=30_atr_stop_mult=2.0_lookback_n=40_squeeze_pct=30_squeeze_window=200)
P4v4_atr_squeeze_breakout_g15	-999.0000	-5.4573	8	-3.88	ok	v4 atr_squeeze_breakout grid #15 (atr_period=30_atr_stop_mult=2.0_lookback_n=40_squeeze_pct=40_squeeze_window=200)
P4v4_atr_squeeze_breakout_g16	-999.0000	-9.2511	10	-6.90	ok	v4 atr_squeeze_breakout grid #16 (atr_period=30_atr_stop_mult=2.0_lookback_n=40_squeeze_pct=50_squeeze_window=200)
P4v4_atr_squeeze_breakout_g17	-999.0000	-5.7166	4	-4.64	ok	v4 atr_squeeze_breakout grid #17 (atr_period=30_atr_stop_mult=2.0_lookback_n=60_squeeze_pct=20_squeeze_window=100)
P4v4_atr_squeeze_breakout_g18	-999.0000	-9.9170	5	-5.67	ok	v4 atr_squeeze_breakout grid #18 (atr_period=30_atr_stop_mult=2.0_lookback_n=60_squeeze_pct=30_squeeze_window=100)
P4v4_atr_squeeze_breakout_g19	-999.0000	-11.3704	6	-6.62	ok	v4 atr_squeeze_breakout grid #19 (atr_period=30_atr_stop_mult=2.0_lookback_n=60_squeeze_pct=40_squeeze_window=100)
P4v4_atr_squeeze_breakout_g20	-999.0000	-11.3704	6	-6.62	ok	v4 atr_squeeze_breakout grid #20 (atr_period=30_atr_stop_mult=2.0_lookback_n=60_squeeze_pct=50_squeeze_window=100)
P4v4_atr_squeeze_breakout_g21	-999.0000	-11.2149	4	-4.44	ok	v4 atr_squeeze_breakout grid #21 (atr_period=30_atr_stop_mult=2.0_lookback_n=60_squeeze_pct=20_squeeze_window=200)
P4v4_atr_squeeze_breakout_g22	-999.0000	-11.2149	4	-4.44	ok	v4 atr_squeeze_breakout grid #22 (atr_period=30_atr_stop_mult=2.0_lookback_n=60_squeeze_pct=30_squeeze_window=200)
P4v4_atr_squeeze_breakout_g23	-999.0000	-6.8701	6	-1.58	ok	v4 atr_squeeze_breakout grid #23 (atr_period=30_atr_stop_mult=2.0_lookback_n=60_squeeze_pct=40_squeeze_window=200)
P4v4_atr_squeeze_breakout_g24	-999.0000	-9.4091	7	-3.25	ok	v4 atr_squeeze_breakout grid #24 (atr_period=30_atr_stop_mult=2.0_lookback_n=60_squeeze_pct=50_squeeze_window=200)
P4v4_atr_squeeze_breakout_r1	-999.0000	-0.1901	15	-6.27	ok	v4 atr_squeeze_breakout random #1 (atr_period=29_atr_stop_mult=1.5989_lookback_n=18_squeeze_pct=27_squeeze_window=143)
P4v4_atr_squeeze_breakout_r2	-999.0000	-23.3408	11	-13.35	ok	v4 atr_squeeze_breakout random #2 (atr_period=17_atr_stop_mult=2.3483_lookback_n=16_squeeze_pct=28_squeeze_window=114)
P4v4_atr_squeeze_breakout_r3	-999.0000	-18.0293	9	-14.17	ok	v4 atr_squeeze_breakout random #3 (atr_period=20_atr_stop_mult=3.0393_lookback_n=28_squeeze_pct=27_squeeze_window=67)
P4v4_atr_squeeze_breakout_r4	-999.0000	-3.5707	14	-7.85	ok	v4 atr_squeeze_breakout random #4 (atr_period=41_atr_stop_mult=1.7789_lookback_n=25_squeeze_pct=24_squeeze_window=68)
P4v4_atr_squeeze_breakout_r5	-999.0000	-8.0652	15	-7.85	ok	v4 atr_squeeze_breakout random #5 (atr_period=44_atr_stop_mult=1.7691_lookback_n=10_squeeze_pct=12_squeeze_window=106)
P4v4_atr_squeeze_breakout_r6	-999.0000	-16.8836	8	-12.51	ok	v4 atr_squeeze_breakout random #6 (atr_period=23_atr_stop_mult=2.8176_lookback_n=27_squeeze_pct=20_squeeze_window=63)
P4v4_atr_squeeze_breakout_r7	-999.0000	-14.7357	10	-7.26	ok	v4 atr_squeeze_breakout random #7 (atr_period=20_atr_stop_mult=2.6732_lookback_n=13_squeeze_pct=15_squeeze_window=95)
P4v4_atr_squeeze_breakout_r8	-999.0000	-5.5919	9	-5.79	ok	v4 atr_squeeze_breakout random #8 (atr_period=40_atr_stop_mult=2.9941_lookback_n=21_squeeze_pct=13_squeeze_window=125)
P4v4_atr_squeeze_breakout_r9	-999.0000	-14.8250	11	-10.42	ok	v4 atr_squeeze_breakout random #9 (atr_period=20_atr_stop_mult=1.4812_lookback_n=20_squeeze_pct=23_squeeze_window=58)
P4v4_atr_squeeze_breakout_r10	-999.0000	-9.5834	8	-8.68	ok	v4 atr_squeeze_breakout random #10 (atr_period=28_atr_stop_mult=1.734_lookback_n=28_squeeze_pct=17_squeeze_window=50)
P4v4_atr_squeeze_breakout_r11	-999.0000	-8.2261	10	-6.02	ok	v4 atr_squeeze_breakout random #11 (atr_period=34_atr_stop_mult=2.5855_lookback_n=16_squeeze_pct=10_squeeze_window=122)
P4v4_atr_squeeze_breakout_r12	-999.0000	-11.0684	10	-10.05	ok	v4 atr_squeeze_breakout random #12 (atr_period=35_atr_stop_mult=3.0462_lookback_n=23_squeeze_pct=13_squeeze_window=96)
P4v4_atr_squeeze_breakout_r13	-999.0000	-5.3095	16	-8.78	ok	v4 atr_squeeze_breakout random #13 (atr_period=26_atr_stop_mult=1.6417_lookback_n=23_squeeze_pct=28_squeeze_window=113)
P4v4_atr_squeeze_breakout_r14	-999.0000	-12.7350	13	-10.09	ok	v4 atr_squeeze_breakout random #14 (atr_period=26_atr_stop_mult=2.6039_lookback_n=19_squeeze_pct=29_squeeze_window=95)
P4v4_atr_squeeze_breakout_r15	-999.0000	-7.6348	12	-9.07	ok	v4 atr_squeeze_breakout random #15 (atr_period=37_atr_stop_mult=2.5607_lookback_n=25_squeeze_pct=26_squeeze_window=130)
P4v4_atr_squeeze_breakout_r16	-999.0000	1.0361	14	-5.22	ok	v4 atr_squeeze_breakout random #16 (atr_period=42_atr_stop_mult=1.4244_lookback_n=20_squeeze_pct=17_squeeze_window=102)
P4v4_atr_squeeze_breakout_r17	-999.0000	-10.3087	11	-10.51	ok	v4 atr_squeeze_breakout random #17 (atr_period=30_atr_stop_mult=1.4325_lookback_n=21_squeeze_pct=16_squeeze_window=64)
P4v4_atr_squeeze_breakout_r18	-999.0000	-3.6434	14	-4.58	ok	v4 atr_squeeze_breakout random #18 (atr_period=28_atr_stop_mult=1.3113_lookback_n=24_squeeze_pct=27_squeeze_window=98)
P4v4_atr_squeeze_breakout_r19	-999.0000	-9.4974	10	-7.17	ok	v4 atr_squeeze_breakout random #19 (atr_period=28_atr_stop_mult=2.8138_lookback_n=20_squeeze_pct=11_squeeze_window=95)
P4v4_atr_squeeze_breakout_r20	-999.0000	0.5243	15	-4.49	ok	v4 atr_squeeze_breakout random #20 (atr_period=32_atr_stop_mult=1.2906_lookback_n=17_squeeze_pct=24_squeeze_window=131)
P4v4_atr_squeeze_breakout_r21	-999.0000	-4.1150	8	-5.42	ok	v4 atr_squeeze_breakout random #21 (atr_period=41_atr_stop_mult=3.1723_lookback_n=24_squeeze_pct=11_squeeze_window=104)
P4v4_atr_squeeze_breakout_r22	-999.0000	26.2557	13	-8.16	ok	v4 atr_squeeze_breakout random #22 (atr_period=37_atr_stop_mult=3.1567_lookback_n=10_squeeze_pct=25_squeeze_window=90)
P4v4_atr_squeeze_breakout_r23	-999.0000	-2.5586	11	-4.21	ok	v4 atr_squeeze_breakout random #23 (atr_period=42_atr_stop_mult=1.955_lookback_n=17_squeeze_pct=18_squeeze_window=139)
P4v4_atr_squeeze_breakout_r24	-999.0000	-3.9073	12	-5.43	ok	v4 atr_squeeze_breakout random #24 (atr_period=34_atr_stop_mult=1.8955_lookback_n=23_squeeze_pct=20_squeeze_window=116)
P4v4_atr_squeeze_breakout_r25	-999.0000	-4.6268	10	-8.03	ok	v4 atr_squeeze_breakout random #25 (atr_period=44_atr_stop_mult=2.8696_lookback_n=29_squeeze_pct=12_squeeze_window=89)
P4v4_atr_squeeze_breakout_r26	-999.0000	-6.4524	11	-4.65	ok	v4 atr_squeeze_breakout random #26 (atr_period=27_atr_stop_mult=1.9586_lookback_n=29_squeeze_pct=24_squeeze_window=96)
P4v4_atr_squeeze_breakout_r27	-999.0000	-4.5797	14	-13.25	ok	v4 atr_squeeze_breakout random #27 (atr_period=43_atr_stop_mult=2.65_lookback_n=14_squeeze_pct=15_squeeze_window=84)
P4v4_atr_squeeze_breakout_r28	-999.0000	-6.7573	13	-12.96	ok	v4 atr_squeeze_breakout random #28 (atr_period=43_atr_stop_mult=2.9781_lookback_n=10_squeeze_pct=22_squeeze_window=116)
P4v4_atr_squeeze_breakout_r29	-999.0000	-15.5953	11	-8.10	ok	v4 atr_squeeze_breakout random #29 (atr_period=32_atr_stop_mult=2.6066_lookback_n=14_squeeze_pct=10_squeeze_window=60)
P4v4_atr_squeeze_breakout_r30	-999.0000	-12.8291	12	-9.85	ok	v4 atr_squeeze_breakout random #30 (atr_period=31_atr_stop_mult=2.7088_lookback_n=14_squeeze_pct=18_squeeze_window=54)
P4v4_atr_squeeze_breakout_r31	-999.0000	-6.3839	10	-4.48	ok	v4 atr_squeeze_breakout random #31 (atr_period=42_atr_stop_mult=2.3522_lookback_n=12_squeeze_pct=14_squeeze_window=149)
P4v4_atr_squeeze_breakout_r32	-999.0000	-14.1675	14	-8.40	ok	v4 atr_squeeze_breakout random #32 (atr_period=30_atr_stop_mult=2.0271_lookback_n=14_squeeze_pct=29_squeeze_window=137)
P4v4_atr_squeeze_breakout_r33	-999.0000	-16.9522	15	-12.75	ok	v4 atr_squeeze_breakout random #33 (atr_period=42_atr_stop_mult=2.452_lookback_n=11_squeeze_pct=27_squeeze_window=144)
P4v4_atr_squeeze_breakout_r34	-999.0000	-14.4799	11	-13.64	ok	v4 atr_squeeze_breakout random #34 (atr_period=34_atr_stop_mult=1.9623_lookback_n=21_squeeze_pct=16_squeeze_window=54)
P4v4_atr_squeeze_breakout_r35	-999.0000	-10.7660	7	-8.35	ok	v4 atr_squeeze_breakout random #35 (atr_period=20_atr_stop_mult=2.2759_lookback_n=23_squeeze_pct=15_squeeze_window=90)
P4v4_atr_squeeze_breakout_r36	-999.0000	-4.9478	12	-12.53	ok	v4 atr_squeeze_breakout random #36 (atr_period=39_atr_stop_mult=3.0295_lookback_n=26_squeeze_pct=24_squeeze_window=80)
P4v4_atr_squeeze_breakout_r37	-999.0000	-7.0963	5	-4.60	ok	v4 atr_squeeze_breakout random #37 (atr_period=22_atr_stop_mult=1.6067_lookback_n=29_squeeze_pct=12_squeeze_window=105)
P4v4_atr_squeeze_breakout_r38	-999.0000	-9.7002	9	-8.89	ok	v4 atr_squeeze_breakout random #38 (atr_period=36_atr_stop_mult=1.581_lookback_n=28_squeeze_pct=11_squeeze_window=134)
P4v4_atr_squeeze_breakout_r39	-999.0000	-6.6309	8	-5.50	ok	v4 atr_squeeze_breakout random #39 (atr_period=17_atr_stop_mult=2.8093_lookback_n=17_squeeze_pct=10_squeeze_window=110)
P4v4_atr_squeeze_breakout_r40	-999.0000	0.2150	14	-3.64	ok	v4 atr_squeeze_breakout random #40 (atr_period=43_atr_stop_mult=1.2307_lookback_n=19_squeeze_pct=16_squeeze_window=136)
P4v4_atr_squeeze_breakout_r41	-999.0000	-10.4446	10	-10.56	ok	v4 atr_squeeze_breakout random #41 (atr_period=29_atr_stop_mult=1.6852_lookback_n=29_squeeze_pct=29_squeeze_window=61)
P4v4_atr_squeeze_breakout_r42	-999.0000	-19.5472	10	-11.76	ok	v4 atr_squeeze_breakout random #42 (atr_period=23_atr_stop_mult=2.1325_lookback_n=17_squeeze_pct=16_squeeze_window=73)
P4v4_atr_squeeze_breakout_r43	-999.0000	-10.3092	13	-11.95	ok	v4 atr_squeeze_breakout random #43 (atr_period=28_atr_stop_mult=2.8056_lookback_n=16_squeeze_pct=27_squeeze_window=85)
P4v4_atr_squeeze_breakout_r44	-999.0000	-7.3049	9	-7.54	ok	v4 atr_squeeze_breakout random #44 (atr_period=24_atr_stop_mult=1.2914_lookback_n=25_squeeze_pct=14_squeeze_window=82)
P4v4_atr_squeeze_breakout_r45	-999.0000	-20.1483	11	-17.22	ok	v4 atr_squeeze_breakout random #45 (atr_period=32_atr_stop_mult=2.64_lookback_n=24_squeeze_pct=21_squeeze_window=51)
P4v4_atr_squeeze_breakout_r46	-999.0000	-0.6665	14	-10.06	ok	v4 atr_squeeze_breakout random #46 (atr_period=40_atr_stop_mult=2.1986_lookback_n=13_squeeze_pct=17_squeeze_window=82)
P4v4_atr_squeeze_breakout_r47	-999.0000	-11.5477	12	-6.47	ok	v4 atr_squeeze_breakout random #47 (atr_period=34_atr_stop_mult=2.1812_lookback_n=15_squeeze_pct=29_squeeze_window=132)
P4v4_atr_squeeze_breakout_r48	-999.0000	-8.8508	10	-10.18	ok	v4 atr_squeeze_breakout random #48 (atr_period=31_atr_stop_mult=1.5681_lookback_n=24_squeeze_pct=12_squeeze_window=85)
P4v4_atr_squeeze_breakout_r49	-999.0000	2.2653	12	-2.27	ok	v4 atr_squeeze_breakout random #49 (atr_period=39_atr_stop_mult=1.297_lookback_n=20_squeeze_pct=11_squeeze_window=133)
P4v4_atr_squeeze_breakout_r50	-999.0000	0.6860	14	-3.26	ok	v4 atr_squeeze_breakout random #50 (atr_period=36_atr_stop_mult=1.2183_lookback_n=18_squeeze_pct=14_squeeze_window=134)
P4v4_atr_squeeze_breakout_r51	-999.0000	-1.6084	15	-10.83	ok	v4 atr_squeeze_breakout random #51 (atr_period=33_atr_stop_mult=2.1664_lookback_n=17_squeeze_pct=23_squeeze_window=111)
P4v4_atr_squeeze_breakout_r52	-999.0000	-14.4693	12	-10.86	ok	v4 atr_squeeze_breakout random #52 (atr_period=15_atr_stop_mult=2.6444_lookback_n=10_squeeze_pct=18_squeeze_window=103)
P4v4_atr_squeeze_breakout_r53	-999.0000	-6.0309	12	-10.82	ok	v4 atr_squeeze_breakout random #53 (atr_period=39_atr_stop_mult=3.0195_lookback_n=10_squeeze_pct=23_squeeze_window=131)
P4v4_atr_squeeze_breakout_r54	-999.0000	-11.0476	9	-9.67	ok	v4 atr_squeeze_breakout random #54 (atr_period=33_atr_stop_mult=1.7048_lookback_n=28_squeeze_pct=14_squeeze_window=102)
P4v4_atr_squeeze_breakout_r55	-999.0000	-14.2482	11	-6.01	ok	v4 atr_squeeze_breakout random #55 (atr_period=27_atr_stop_mult=2.33_lookback_n=15_squeeze_pct=17_squeeze_window=89)
P4v4_atr_squeeze_breakout_r56	-999.0000	-4.3826	10	-5.20	ok	v4 atr_squeeze_breakout random #56 (atr_period=44_atr_stop_mult=2.4998_lookback_n=15_squeeze_pct=11_squeeze_window=132)
P4v4_atr_squeeze_breakout_r57	-999.0000	-13.8323	13	-9.12	ok	v4 atr_squeeze_breakout random #57 (atr_period=16_atr_stop_mult=1.2189_lookback_n=11_squeeze_pct=21_squeeze_window=87)
P4v4_atr_squeeze_breakout_r58	-999.0000	-12.6383	12	-10.54	ok	v4 atr_squeeze_breakout random #58 (atr_period=24_atr_stop_mult=3.1547_lookback_n=11_squeeze_pct=22_squeeze_window=134)
P4v4_atr_squeeze_breakout_r59	-999.0000	-8.1327	10	-6.17	ok	v4 atr_squeeze_breakout random #59 (atr_period=42_atr_stop_mult=2.5846_lookback_n=27_squeeze_pct=14_squeeze_window=141)
P4v4_atr_squeeze_breakout_r60	-999.0000	-9.2841	11	-4.86	ok	v4 atr_squeeze_breakout random #60 (atr_period=23_atr_stop_mult=2.2861_lookback_n=15_squeeze_pct=23_squeeze_window=142)
P4v4_atr_squeeze_breakout_r61	-999.0000	-11.2679	9	-7.31	ok	v4 atr_squeeze_breakout random #61 (atr_period=21_atr_stop_mult=1.4884_lookback_n=13_squeeze_pct=10_squeeze_window=135)
P4v4_atr_squeeze_breakout_r62	-999.0000	-20.3061	10	-16.64	ok	v4 atr_squeeze_breakout random #62 (atr_period=32_atr_stop_mult=2.8989_lookback_n=28_squeeze_pct=21_squeeze_window=79)
P4v4_atr_squeeze_breakout_r63	-999.0000	-0.9471	16	-6.13	ok	v4 atr_squeeze_breakout random #63 (atr_period=35_atr_stop_mult=1.3569_lookback_n=17_squeeze_pct=25_squeeze_window=123)
P4v4_atr_squeeze_breakout_r64	-999.0000	-14.3718	13	-10.60	ok	v4 atr_squeeze_breakout random #64 (atr_period=25_atr_stop_mult=2.738_lookback_n=11_squeeze_pct=26_squeeze_window=93)
P4v4_atr_squeeze_breakout_r65	-999.0000	-5.5765	13	-8.23	ok	v4 atr_squeeze_breakout random #65 (atr_period=38_atr_stop_mult=2.1011_lookback_n=29_squeeze_pct=22_squeeze_window=82)
P4v4_atr_squeeze_breakout_r66	-999.0000	-2.8286	11	-6.52	ok	v4 atr_squeeze_breakout random #66 (atr_period=35_atr_stop_mult=2.5213_lookback_n=17_squeeze_pct=18_squeeze_window=144)
P4v4_atr_squeeze_breakout_r67	-999.0000	-7.8268	8	-7.66	ok	v4 atr_squeeze_breakout random #67 (atr_period=17_atr_stop_mult=1.7359_lookback_n=25_squeeze_pct=14_squeeze_window=79)
P4v4_atr_squeeze_breakout_r68	-999.0000	-3.6875	13	-3.75	ok	v4 atr_squeeze_breakout random #68 (atr_period=24_atr_stop_mult=1.4131_lookback_n=24_squeeze_pct=24_squeeze_window=113)
P4v4_atr_squeeze_breakout_r69	-999.0000	-9.0866	9	-7.46	ok	v4 atr_squeeze_breakout random #69 (atr_period=18_atr_stop_mult=1.3746_lookback_n=28_squeeze_pct=25_squeeze_window=94)
P4v4_atr_squeeze_breakout_r70	-999.0000	-16.0478	10	-9.65	ok	v4 atr_squeeze_breakout random #70 (atr_period=15_atr_stop_mult=1.9078_lookback_n=18_squeeze_pct=18_squeeze_window=105)
P4v4_atr_squeeze_breakout_HELDOUT_SKIP	0.0000	0.0000	0	0.00	skipped_train_fail	v4 atr_squeeze_breakout held-out skipped — train FAIL
P4v4_momentum_n_consec_g1	-999.0000	-12.0241	124	-35.54	ok	v4 momentum_n_consec grid #1 (atr_period=30_atr_stop_mult=2.0_exit_n_reverse=2_n_consec=3)
P4v4_momentum_n_consec_g2	-999.0000	-11.4283	121	-31.54	ok	v4 momentum_n_consec grid #2 (atr_period=30_atr_stop_mult=3.0_exit_n_reverse=2_n_consec=3)
P4v4_momentum_n_consec_g3	-999.0000	-9.8106	121	-27.96	ok	v4 momentum_n_consec grid #3 (atr_period=30_atr_stop_mult=4.0_exit_n_reverse=2_n_consec=3)
P4v4_momentum_n_consec_g4	-999.0000	-11.7796	92	-25.40	ok	v4 momentum_n_consec grid #4 (atr_period=30_atr_stop_mult=2.0_exit_n_reverse=3_n_consec=3)
P4v4_momentum_n_consec_g5	-999.0000	-9.5775	85	-20.01	ok	v4 momentum_n_consec grid #5 (atr_period=30_atr_stop_mult=3.0_exit_n_reverse=3_n_consec=3)
P4v4_momentum_n_consec_g6	-999.0000	-8.8876	84	-16.48	ok	v4 momentum_n_consec grid #6 (atr_period=30_atr_stop_mult=4.0_exit_n_reverse=3_n_consec=3)
P4v4_momentum_n_consec_g7	-999.0000	-11.7799	66	-25.25	ok	v4 momentum_n_consec grid #7 (atr_period=30_atr_stop_mult=2.0_exit_n_reverse=2_n_consec=4)
P4v4_momentum_n_consec_g8	-999.0000	-12.7493	66	-26.69	ok	v4 momentum_n_consec grid #8 (atr_period=30_atr_stop_mult=3.0_exit_n_reverse=2_n_consec=4)
P4v4_momentum_n_consec_g9	-999.0000	-12.6197	66	-26.18	ok	v4 momentum_n_consec grid #9 (atr_period=30_atr_stop_mult=4.0_exit_n_reverse=2_n_consec=4)
P4v4_momentum_n_consec_g10	-999.0000	-12.1150	60	-23.51	ok	v4 momentum_n_consec grid #10 (atr_period=30_atr_stop_mult=2.0_exit_n_reverse=3_n_consec=4)
P4v4_momentum_n_consec_g11	-999.0000	-11.4292	59	-21.89	ok	v4 momentum_n_consec grid #11 (atr_period=30_atr_stop_mult=3.0_exit_n_reverse=3_n_consec=4)
P4v4_momentum_n_consec_g12	-999.0000	-12.6665	59	-24.59	ok	v4 momentum_n_consec grid #12 (atr_period=30_atr_stop_mult=4.0_exit_n_reverse=3_n_consec=4)
P4v4_momentum_n_consec_g13	-999.0000	-10.2595	25	-10.37	ok	v4 momentum_n_consec grid #13 (atr_period=30_atr_stop_mult=2.0_exit_n_reverse=2_n_consec=5)
P4v4_momentum_n_consec_g14	-999.0000	-10.2961	25	-10.77	ok	v4 momentum_n_consec grid #14 (atr_period=30_atr_stop_mult=3.0_exit_n_reverse=2_n_consec=5)
P4v4_momentum_n_consec_g15	-999.0000	-10.4981	25	-9.84	ok	v4 momentum_n_consec grid #15 (atr_period=30_atr_stop_mult=4.0_exit_n_reverse=2_n_consec=5)
P4v4_momentum_n_consec_g16	-999.0000	-11.1439	24	-11.00	ok	v4 momentum_n_consec grid #16 (atr_period=30_atr_stop_mult=2.0_exit_n_reverse=3_n_consec=5)
P4v4_momentum_n_consec_g17	-999.0000	-5.5614	23	-6.35	ok	v4 momentum_n_consec grid #17 (atr_period=30_atr_stop_mult=3.0_exit_n_reverse=3_n_consec=5)
P4v4_momentum_n_consec_g18	-999.0000	-6.3850	23	-8.52	ok	v4 momentum_n_consec grid #18 (atr_period=30_atr_stop_mult=4.0_exit_n_reverse=3_n_consec=5)
P4v4_momentum_n_consec_g19	-999.0000	-6.3427	8	-3.27	ok	v4 momentum_n_consec grid #19 (atr_period=30_atr_stop_mult=2.0_exit_n_reverse=2_n_consec=6)
P4v4_momentum_n_consec_g20	-999.0000	-6.0403	8	-2.75	ok	v4 momentum_n_consec grid #20 (atr_period=30_atr_stop_mult=3.0_exit_n_reverse=2_n_consec=6)
P4v4_momentum_n_consec_g21	-999.0000	-6.0403	8	-2.75	ok	v4 momentum_n_consec grid #21 (atr_period=30_atr_stop_mult=4.0_exit_n_reverse=2_n_consec=6)
P4v4_momentum_n_consec_g22	-999.0000	-10.2414	8	-5.22	ok	v4 momentum_n_consec grid #22 (atr_period=30_atr_stop_mult=2.0_exit_n_reverse=3_n_consec=6)
P4v4_momentum_n_consec_g23	-999.0000	-10.9979	8	-5.76	ok	v4 momentum_n_consec grid #23 (atr_period=30_atr_stop_mult=3.0_exit_n_reverse=3_n_consec=6)
P4v4_momentum_n_consec_g24	-999.0000	-10.4296	8	-4.37	ok	v4 momentum_n_consec grid #24 (atr_period=30_atr_stop_mult=4.0_exit_n_reverse=3_n_consec=6)
P4v4_momentum_n_consec_g25	-999.0000	0.0000	0	0.00	ok	v4 momentum_n_consec grid #25 (atr_period=30_atr_stop_mult=2.0_exit_n_reverse=2_n_consec=8)
P4v4_momentum_n_consec_g26	-999.0000	0.0000	0	0.00	ok	v4 momentum_n_consec grid #26 (atr_period=30_atr_stop_mult=3.0_exit_n_reverse=2_n_consec=8)
P4v4_momentum_n_consec_g27	-999.0000	0.0000	0	0.00	ok	v4 momentum_n_consec grid #27 (atr_period=30_atr_stop_mult=4.0_exit_n_reverse=2_n_consec=8)
P4v4_momentum_n_consec_g28	-999.0000	0.0000	0	0.00	ok	v4 momentum_n_consec grid #28 (atr_period=30_atr_stop_mult=2.0_exit_n_reverse=3_n_consec=8)
P4v4_momentum_n_consec_g29	-999.0000	0.0000	0	0.00	ok	v4 momentum_n_consec grid #29 (atr_period=30_atr_stop_mult=3.0_exit_n_reverse=3_n_consec=8)
P4v4_momentum_n_consec_g30	-999.0000	0.0000	0	0.00	ok	v4 momentum_n_consec grid #30 (atr_period=30_atr_stop_mult=4.0_exit_n_reverse=3_n_consec=8)
P4v4_momentum_n_consec_r1	-999.0000	-12.0347	124	-35.97	ok	v4 momentum_n_consec random #1 (atr_period=40_atr_stop_mult=1.2247_exit_n_reverse=2_n_consec=3)
P4v4_momentum_n_consec_r2	-999.0000	-14.4241	212	-59.57	ok	v4 momentum_n_consec random #2 (atr_period=42_atr_stop_mult=3.0104_exit_n_reverse=2_n_consec=2)
P4v4_momentum_n_consec_r3	-999.0000	-11.1305	126	-35.90	ok	v4 momentum_n_consec random #3 (atr_period=26_atr_stop_mult=1.4777_exit_n_reverse=2_n_consec=3)
P4v4_momentum_n_consec_r4	-999.0000	-17.1679	232	-75.82	ok	v4 momentum_n_consec random #4 (atr_period=20_atr_stop_mult=1.7519_exit_n_reverse=2_n_consec=2)
P4v4_momentum_n_consec_r5	-999.0000	-17.5586	231	-77.07	ok	v4 momentum_n_consec random #5 (atr_period=22_atr_stop_mult=1.6932_exit_n_reverse=2_n_consec=2)
P4v4_momentum_n_consec_r6	-999.0000	-11.0528	127	-34.98	ok	v4 momentum_n_consec random #6 (atr_period=18_atr_stop_mult=1.8093_exit_n_reverse=2_n_consec=3)
P4v4_momentum_n_consec_r7	-999.0000	-16.5183	223	-74.04	ok	v4 momentum_n_consec random #7 (atr_period=39_atr_stop_mult=1.8591_exit_n_reverse=2_n_consec=2)
P4v4_momentum_n_consec_r8	-999.0000	-15.4173	219	-69.32	ok	v4 momentum_n_consec random #8 (atr_period=34_atr_stop_mult=2.3888_exit_n_reverse=2_n_consec=2)
P4v4_momentum_n_consec_r9	-999.0000	-16.3907	230	-72.70	ok	v4 momentum_n_consec random #9 (atr_period=21_atr_stop_mult=1.8284_exit_n_reverse=2_n_consec=2)
P4v4_momentum_n_consec_r10	-999.0000	-12.0476	64	-24.61	ok	v4 momentum_n_consec random #10 (atr_period=35_atr_stop_mult=2.182_exit_n_reverse=2_n_consec=4)
P4v4_momentum_n_consec_r11	-999.0000	-16.4391	222	-72.69	ok	v4 momentum_n_consec random #11 (atr_period=38_atr_stop_mult=1.93_exit_n_reverse=2_n_consec=2)
P4v4_momentum_n_consec_r12	-999.0000	-11.2282	120	-31.70	ok	v4 momentum_n_consec random #12 (atr_period=35_atr_stop_mult=2.3002_exit_n_reverse=2_n_consec=3)
P4v4_momentum_n_consec_r13	-999.0000	-12.3686	64	-24.85	ok	v4 momentum_n_consec random #13 (atr_period=38_atr_stop_mult=2.8626_exit_n_reverse=2_n_consec=4)
P4v4_momentum_n_consec_r14	-999.0000	-11.5934	124	-34.42	ok	v4 momentum_n_consec random #14 (atr_period=27_atr_stop_mult=2.1986_exit_n_reverse=2_n_consec=3)
P4v4_momentum_n_consec_r15	-999.0000	-14.8575	216	-62.47	ok	v4 momentum_n_consec random #15 (atr_period=36_atr_stop_mult=2.7782_exit_n_reverse=2_n_consec=2)
P4v4_momentum_n_consec_r16	-999.0000	-15.3611	222	-69.34	ok	v4 momentum_n_consec random #16 (atr_period=32_atr_stop_mult=2.2687_exit_n_reverse=2_n_consec=2)
P4v4_momentum_n_consec_r17	-999.0000	-9.8572	121	-28.38	ok	v4 momentum_n_consec random #17 (atr_period=25_atr_stop_mult=2.991_exit_n_reverse=2_n_consec=3)
P4v4_momentum_n_consec_r18	-999.0000	-16.9309	225	-72.24	ok	v4 momentum_n_consec random #18 (atr_period=34_atr_stop_mult=1.5327_exit_n_reverse=2_n_consec=2)
P4v4_momentum_n_consec_r19	-999.0000	-10.6323	118	-29.34	ok	v4 momentum_n_consec random #19 (atr_period=34_atr_stop_mult=3.1336_exit_n_reverse=2_n_consec=3)
P4v4_momentum_n_consec_r20	-999.0000	-10.6476	66	-25.20	ok	v4 momentum_n_consec random #20 (atr_period=15_atr_stop_mult=1.7175_exit_n_reverse=2_n_consec=4)
P4v4_momentum_n_consec_r21	-999.0000	-15.2590	220	-69.97	ok	v4 momentum_n_consec random #21 (atr_period=38_atr_stop_mult=2.3772_exit_n_reverse=2_n_consec=2)
P4v4_momentum_n_consec_r22	-999.0000	-16.2256	232	-73.25	ok	v4 momentum_n_consec random #22 (atr_period=18_atr_stop_mult=2.032_exit_n_reverse=2_n_consec=2)
P4v4_momentum_n_consec_r23	-999.0000	-16.4504	231	-72.67	ok	v4 momentum_n_consec random #23 (atr_period=19_atr_stop_mult=1.8238_exit_n_reverse=2_n_consec=2)
P4v4_momentum_n_consec_r24	-999.0000	-10.9807	127	-35.54	ok	v4 momentum_n_consec random #24 (atr_period=25_atr_stop_mult=1.3952_exit_n_reverse=2_n_consec=3)
P4v4_momentum_n_consec_r25	-999.0000	-17.4348	226	-74.29	ok	v4 momentum_n_consec random #25 (atr_period=39_atr_stop_mult=1.4302_exit_n_reverse=2_n_consec=2)
P4v4_momentum_n_consec_r26	-999.0000	-10.0219	123	-29.52	ok	v4 momentum_n_consec random #26 (atr_period=19_atr_stop_mult=3.1678_exit_n_reverse=2_n_consec=3)
P4v4_momentum_n_consec_r27	-999.0000	-10.1469	124	-31.64	ok	v4 momentum_n_consec random #27 (atr_period=24_atr_stop_mult=2.0527_exit_n_reverse=2_n_consec=3)
P4v4_momentum_n_consec_r28	-999.0000	-15.4069	226	-66.52	ok	v4 momentum_n_consec random #28 (atr_period=20_atr_stop_mult=2.481_exit_n_reverse=2_n_consec=2)
P4v4_momentum_n_consec_r29	-999.0000	-15.8049	221	-68.83	ok	v4 momentum_n_consec random #29 (atr_period=41_atr_stop_mult=2.0992_exit_n_reverse=2_n_consec=2)
P4v4_momentum_n_consec_r30	-999.0000	-14.9615	223	-63.93	ok	v4 momentum_n_consec random #30 (atr_period=21_atr_stop_mult=2.7047_exit_n_reverse=2_n_consec=2)
P4v4_momentum_n_consec_r31	-999.0000	-11.8435	123	-34.45	ok	v4 momentum_n_consec random #31 (atr_period=31_atr_stop_mult=1.9316_exit_n_reverse=2_n_consec=3)
P4v4_momentum_n_consec_r32	-999.0000	-15.3437	220	-68.53	ok	v4 momentum_n_consec random #32 (atr_period=40_atr_stop_mult=2.2554_exit_n_reverse=2_n_consec=2)
P4v4_momentum_n_consec_r33	-999.0000	-11.9307	123	-35.08	ok	v4 momentum_n_consec random #33 (atr_period=32_atr_stop_mult=1.8958_exit_n_reverse=2_n_consec=3)
P4v4_momentum_n_consec_r34	-999.0000	-11.7306	121	-33.83	ok	v4 momentum_n_consec random #34 (atr_period=36_atr_stop_mult=1.7949_exit_n_reverse=2_n_consec=3)
P4v4_momentum_n_consec_r35	-999.0000	-11.2455	128	-36.91	ok	v4 momentum_n_consec random #35 (atr_period=22_atr_stop_mult=1.4339_exit_n_reverse=2_n_consec=3)
P4v4_momentum_n_consec_r36	-999.0000	-12.8251	126	-39.53	ok	v4 momentum_n_consec random #36 (atr_period=27_atr_stop_mult=1.4757_exit_n_reverse=2_n_consec=3)
P4v4_momentum_n_consec_r37	-999.0000	-15.2481	217	-62.76	ok	v4 momentum_n_consec random #37 (atr_period=31_atr_stop_mult=3.0383_exit_n_reverse=2_n_consec=2)
P4v4_momentum_n_consec_r38	-999.0000	-10.8931	126	-34.58	ok	v4 momentum_n_consec random #38 (atr_period=19_atr_stop_mult=1.8292_exit_n_reverse=2_n_consec=3)
P4v4_momentum_n_consec_r39	-999.0000	-11.2468	120	-33.23	ok	v4 momentum_n_consec random #39 (atr_period=43_atr_stop_mult=2.1692_exit_n_reverse=2_n_consec=3)
P4v4_momentum_n_consec_r40	-999.0000	-11.6815	124	-34.68	ok	v4 momentum_n_consec random #40 (atr_period=30_atr_stop_mult=2.1899_exit_n_reverse=2_n_consec=3)
P4v4_momentum_n_consec_r41	-999.0000	-17.2330	230	-72.53	ok	v4 momentum_n_consec random #41 (atr_period=29_atr_stop_mult=1.3653_exit_n_reverse=2_n_consec=2)
P4v4_momentum_n_consec_r42	-999.0000	-11.4136	129	-36.84	ok	v4 momentum_n_consec random #42 (atr_period=15_atr_stop_mult=1.6497_exit_n_reverse=2_n_consec=3)
P4v4_momentum_n_consec_r43	-999.0000	-14.8724	216	-63.32	ok	v4 momentum_n_consec random #43 (atr_period=37_atr_stop_mult=2.7318_exit_n_reverse=2_n_consec=2)
P4v4_momentum_n_consec_r44	-999.0000	-11.0176	120	-30.82	ok	v4 momentum_n_consec random #44 (atr_period=31_atr_stop_mult=3.1818_exit_n_reverse=2_n_consec=3)
P4v4_momentum_n_consec_r45	-999.0000	-10.2749	125	-32.19	ok	v4 momentum_n_consec random #45 (atr_period=21_atr_stop_mult=2.0503_exit_n_reverse=2_n_consec=3)
P4v4_momentum_n_consec_r46	-999.0000	-15.9349	226	-70.54	ok	v4 momentum_n_consec random #46 (atr_period=28_atr_stop_mult=1.8972_exit_n_reverse=2_n_consec=2)
P4v4_momentum_n_consec_r47	-999.0000	-16.9419	224	-73.92	ok	v4 momentum_n_consec random #47 (atr_period=38_atr_stop_mult=1.6739_exit_n_reverse=2_n_consec=2)
P4v4_momentum_n_consec_r48	-999.0000	-12.7034	66	-25.15	ok	v4 momentum_n_consec random #48 (atr_period=27_atr_stop_mult=2.4323_exit_n_reverse=2_n_consec=4)
P4v4_momentum_n_consec_r49	-999.0000	-11.4770	122	-32.83	ok	v4 momentum_n_consec random #49 (atr_period=32_atr_stop_mult=2.2646_exit_n_reverse=2_n_consec=3)
P4v4_momentum_n_consec_r50	-999.0000	-17.0617	229	-75.21	ok	v4 momentum_n_consec random #50 (atr_period=23_atr_stop_mult=1.7347_exit_n_reverse=2_n_consec=2)
P4v4_momentum_n_consec_r51	-999.0000	-17.3724	231	-72.79	ok	v4 momentum_n_consec random #51 (atr_period=27_atr_stop_mult=1.3186_exit_n_reverse=2_n_consec=2)
P4v4_momentum_n_consec_r52	-999.0000	-10.6702	64	-24.54	ok	v4 momentum_n_consec random #52 (atr_period=40_atr_stop_mult=1.6994_exit_n_reverse=2_n_consec=4)
P4v4_momentum_n_consec_r53	-999.0000	-11.3387	121	-33.78	ok	v4 momentum_n_consec random #53 (atr_period=35_atr_stop_mult=2.1789_exit_n_reverse=2_n_consec=3)
P4v4_momentum_n_consec_r54	-999.0000	-10.5864	124	-30.18	ok	v4 momentum_n_consec random #54 (atr_period=17_atr_stop_mult=2.7892_exit_n_reverse=2_n_consec=3)
P4v4_momentum_n_consec_r55	-999.0000	-14.7768	214	-60.85	ok	v4 momentum_n_consec random #55 (atr_period=35_atr_stop_mult=2.9546_exit_n_reverse=2_n_consec=2)
P4v4_momentum_n_consec_r56	-999.0000	-12.6310	66	-25.79	ok	v4 momentum_n_consec random #56 (atr_period=15_atr_stop_mult=2.7483_exit_n_reverse=2_n_consec=4)
P4v4_momentum_n_consec_r57	-999.0000	-11.5518	121	-33.47	ok	v4 momentum_n_consec random #57 (atr_period=34_atr_stop_mult=1.9164_exit_n_reverse=2_n_consec=3)
P4v4_momentum_n_consec_r58	-999.0000	-10.7864	117	-28.85	ok	v4 momentum_n_consec random #58 (atr_period=44_atr_stop_mult=2.8497_exit_n_reverse=2_n_consec=3)
P4v4_momentum_n_consec_r59	-999.0000	-15.3042	224	-69.70	ok	v4 momentum_n_consec random #59 (atr_period=25_atr_stop_mult=2.3559_exit_n_reverse=2_n_consec=2)
P4v4_momentum_n_consec_r60	-999.0000	-11.9838	123	-35.46	ok	v4 momentum_n_consec random #60 (atr_period=37_atr_stop_mult=1.2919_exit_n_reverse=2_n_consec=3)
P4v4_momentum_n_consec_r61	-999.0000	-15.9780	230	-73.70	ok	v4 momentum_n_consec random #61 (atr_period=19_atr_stop_mult=2.113_exit_n_reverse=2_n_consec=2)
P4v4_momentum_n_consec_r62	-999.0000	-15.4583	227	-66.29	ok	v4 momentum_n_consec random #62 (atr_period=18_atr_stop_mult=2.5_exit_n_reverse=2_n_consec=2)
P4v4_momentum_n_consec_r63	-999.0000	-11.1378	66	-26.13	ok	v4 momentum_n_consec random #63 (atr_period=17_atr_stop_mult=1.9209_exit_n_reverse=2_n_consec=4)
P4v4_momentum_n_consec_r64	-999.0000	-16.4039	231	-73.80	ok	v4 momentum_n_consec random #64 (atr_period=19_atr_stop_mult=1.9927_exit_n_reverse=2_n_consec=2)
P4v4_momentum_n_consec_r65	-999.0000	-12.5465	126	-37.87	ok	v4 momentum_n_consec random #65 (atr_period=27_atr_stop_mult=1.3824_exit_n_reverse=2_n_consec=3)
P4v4_momentum_n_consec_r66	-999.0000	-17.9333	235	-79.02	ok	v4 momentum_n_consec random #66 (atr_period=18_atr_stop_mult=1.6524_exit_n_reverse=2_n_consec=2)
P4v4_momentum_n_consec_r67	-999.0000	-14.7140	214	-60.71	ok	v4 momentum_n_consec random #67 (atr_period=39_atr_stop_mult=3.1763_exit_n_reverse=2_n_consec=2)
P4v4_momentum_n_consec_r68	-999.0000	-11.0325	128	-35.97	ok	v4 momentum_n_consec random #68 (atr_period=21_atr_stop_mult=1.3787_exit_n_reverse=2_n_consec=3)
P4v4_momentum_n_consec_r69	-999.0000	-15.5352	227	-69.15	ok	v4 momentum_n_consec random #69 (atr_period=23_atr_stop_mult=1.9654_exit_n_reverse=2_n_consec=2)
P4v4_momentum_n_consec_r70	-999.0000	-10.8740	127	-33.33	ok	v4 momentum_n_consec random #70 (atr_period=17_atr_stop_mult=2.3266_exit_n_reverse=2_n_consec=3)
P4v4_momentum_n_consec_HELDOUT_SKIP	0.0000	0.0000	0	0.00	skipped_train_fail	v4 momentum_n_consec held-out skipped — train FAIL
P4v4_volume_breakout_g1	-999.0000	-11.0224	39	-16.44	ok	v4 volume_breakout grid #1 (atr_period=30_atr_stop_mult=2.0_exit_lookback_n=10_lookback_n=20_vol_mult=1.2_vol_window=30)
P4v4_volume_breakout_g2	-999.0000	-10.6606	39	-17.81	ok	v4 volume_breakout grid #2 (atr_period=30_atr_stop_mult=2.0_exit_lookback_n=10_lookback_n=20_vol_mult=1.5_vol_window=30)
P4v4_volume_breakout_g3	-999.0000	-9.1077	32	-14.26	ok	v4 volume_breakout grid #3 (atr_period=30_atr_stop_mult=2.0_exit_lookback_n=10_lookback_n=20_vol_mult=2.0_vol_window=30)
P4v4_volume_breakout_g4	-4.6389	-2.5890	25	-7.81	ok	v4 volume_breakout grid #4 (atr_period=30_atr_stop_mult=2.0_exit_lookback_n=10_lookback_n=20_vol_mult=2.5_vol_window=30)
P4v4_volume_breakout_g5	-12.4244	-7.2119	23	-7.67	ok	v4 volume_breakout grid #5 (atr_period=30_atr_stop_mult=2.0_exit_lookback_n=20_lookback_n=40_vol_mult=1.2_vol_window=30)
P4v4_volume_breakout_g6	-12.5903	-7.3082	23	-7.72	ok	v4 volume_breakout grid #6 (atr_period=30_atr_stop_mult=2.0_exit_lookback_n=20_lookback_n=40_vol_mult=1.5_vol_window=30)
P4v4_volume_breakout_g7	-11.2945	-6.6974	22	-8.93	ok	v4 volume_breakout grid #7 (atr_period=30_atr_stop_mult=2.0_exit_lookback_n=20_lookback_n=40_vol_mult=2.0_vol_window=30)
P4v4_volume_breakout_g8	-1.9007	-1.1810	20	-5.63	ok	v4 volume_breakout grid #8 (atr_period=30_atr_stop_mult=2.0_exit_lookback_n=20_lookback_n=40_vol_mult=2.5_vol_window=30)
P4v4_volume_breakout_g9	-999.0000	-5.3923	16	-2.55	ok	v4 volume_breakout grid #9 (atr_period=30_atr_stop_mult=2.0_exit_lookback_n=30_lookback_n=60_vol_mult=1.2_vol_window=30)
P4v4_volume_breakout_g10	-999.0000	-5.3923	16	-2.55	ok	v4 volume_breakout grid #10 (atr_period=30_atr_stop_mult=2.0_exit_lookback_n=30_lookback_n=60_vol_mult=1.5_vol_window=30)
P4v4_volume_breakout_g11	-999.0000	-2.4999	16	-3.18	ok	v4 volume_breakout grid #11 (atr_period=30_atr_stop_mult=2.0_exit_lookback_n=30_lookback_n=60_vol_mult=2.0_vol_window=30)
P4v4_volume_breakout_g12	3.5984	2.6954	14	0.14	ok	v4 volume_breakout grid #12 (atr_period=30_atr_stop_mult=2.0_exit_lookback_n=30_lookback_n=60_vol_mult=2.5_vol_window=30)
P4v4_volume_breakout_g13	-999.0000	4.6542	7	0.73	ok	v4 volume_breakout grid #13 (atr_period=30_atr_stop_mult=2.0_exit_lookback_n=50_lookback_n=100_vol_mult=1.2_vol_window=30)
P4v4_volume_breakout_g14	-999.0000	4.6542	7	0.73	ok	v4 volume_breakout grid #14 (atr_period=30_atr_stop_mult=2.0_exit_lookback_n=50_lookback_n=100_vol_mult=1.5_vol_window=30)
P4v4_volume_breakout_g15	-999.0000	4.5962	7	-0.05	ok	v4 volume_breakout grid #15 (atr_period=30_atr_stop_mult=2.0_exit_lookback_n=50_lookback_n=100_vol_mult=2.0_vol_window=30)
P4v4_volume_breakout_g16	-999.0000	-4.4268	8	-5.88	ok	v4 volume_breakout grid #16 (atr_period=30_atr_stop_mult=2.0_exit_lookback_n=50_lookback_n=100_vol_mult=2.5_vol_window=30)
P4v4_volume_breakout_r1	-0.7282	-0.4642	19	-3.09	ok	v4 volume_breakout random #1 (atr_period=19_atr_stop_mult=2.0234_exit_lookback_n=9_lookback_n=23_vol_mult=3.0702_vol_window=36)
P4v4_volume_breakout_r2	-999.0000	-8.2689	32	-11.53	ok	v4 volume_breakout random #2 (atr_period=18_atr_stop_mult=2.66_exit_lookback_n=7_lookback_n=18_vol_mult=1.85_vol_window=41)
P4v4_volume_breakout_r3	-999.0000	-10.0289	18	-10.65	ok	v4 volume_breakout random #3 (atr_period=17_atr_stop_mult=2.3068_exit_lookback_n=16_lookback_n=58_vol_mult=2.1924_vol_window=19)
P4v4_volume_breakout_r4	-999.0000	-8.7411	29	-10.61	ok	v4 volume_breakout random #4 (atr_period=40_atr_stop_mult=2.9517_exit_lookback_n=7_lookback_n=24_vol_mult=1.5671_vol_window=43)
P4v4_volume_breakout_r5	-2.9072	-2.2696	13	-2.88	ok	v4 volume_breakout random #5 (atr_period=16_atr_stop_mult=2.9958_exit_lookback_n=30_lookback_n=61_vol_mult=2.2389_vol_window=37)
P4v4_volume_breakout_r6	-999.0000	-5.1650	14	-8.77	ok	v4 volume_breakout random #6 (atr_period=30_atr_stop_mult=3.1554_exit_lookback_n=18_lookback_n=59_vol_mult=2.9848_vol_window=29)
P4v4_volume_breakout_r7	-999.0000	-6.9717	16	-8.80	ok	v4 volume_breakout random #7 (atr_period=25_atr_stop_mult=2.5659_exit_lookback_n=12_lookback_n=57_vol_mult=2.921_vol_window=40)
P4v4_volume_breakout_r8	-999.0000	-0.7970	17	1.36	ok	v4 volume_breakout random #8 (atr_period=22_atr_stop_mult=1.2797_exit_lookback_n=25_lookback_n=58_vol_mult=1.6688_vol_window=15)
P4v4_volume_breakout_r9	-999.0000	4.4604	5	-2.30	ok	v4 volume_breakout random #9 (atr_period=38_atr_stop_mult=2.0472_exit_lookback_n=26_lookback_n=86_vol_mult=3.2816_vol_window=23)
P4v4_volume_breakout_r10	-999.0000	-7.5964	26	-13.07	ok	v4 volume_breakout random #10 (atr_period=24_atr_stop_mult=2.2226_exit_lookback_n=20_lookback_n=23_vol_mult=2.1937_vol_window=33)
P4v4_volume_breakout_r11	-999.0000	-13.5425	10	-13.49	ok	v4 volume_breakout random #11 (atr_period=37_atr_stop_mult=2.4997_exit_lookback_n=19_lookback_n=88_vol_mult=2.9661_vol_window=24)
P4v4_volume_breakout_r12	-999.0000	-1.5832	17	-1.89	ok	v4 volume_breakout random #12 (atr_period=16_atr_stop_mult=1.3724_exit_lookback_n=10_lookback_n=11_vol_mult=3.6162_vol_window=36)
P4v4_volume_breakout_r13	9.7535	6.2179	19	1.66	ok	v4 volume_breakout random #13 (atr_period=34_atr_stop_mult=1.5513_exit_lookback_n=22_lookback_n=24_vol_mult=3.1652_vol_window=16)
P4v4_volume_breakout_r14	-999.0000	3.7375	4	-1.26	ok	v4 volume_breakout random #14 (atr_period=30_atr_stop_mult=2.766_exit_lookback_n=36_lookback_n=72_vol_mult=3.8825_vol_window=19)
P4v4_volume_breakout_r15	-999.0000	0.1014	15	0.22	ok	v4 volume_breakout random #15 (atr_period=36_atr_stop_mult=1.4361_exit_lookback_n=8_lookback_n=15_vol_mult=3.6837_vol_window=37)
P4v4_volume_breakout_r16	-999.0000	-5.1401	19	-8.76	ok	v4 volume_breakout random #16 (atr_period=44_atr_stop_mult=2.4551_exit_lookback_n=27_lookback_n=50_vol_mult=2.1574_vol_window=30)
P4v4_volume_breakout_r17	-999.0000	-3.1637	20	-7.43	ok	v4 volume_breakout random #17 (atr_period=26_atr_stop_mult=1.7102_exit_lookback_n=17_lookback_n=38_vol_mult=2.9172_vol_window=29)
P4v4_volume_breakout_r18	-999.0000	-8.4468	6	-8.29	ok	v4 volume_breakout random #18 (atr_period=15_atr_stop_mult=2.9174_exit_lookback_n=35_lookback_n=83_vol_mult=3.3519_vol_window=18)
P4v4_volume_breakout_r19	-8.6212	-5.4960	19	-7.11	ok	v4 volume_breakout random #19 (atr_period=42_atr_stop_mult=2.915_exit_lookback_n=29_lookback_n=44_vol_mult=1.8752_vol_window=26)
P4v4_volume_breakout_r20	-999.0000	-8.5249	23	-15.68	ok	v4 volume_breakout random #20 (atr_period=22_atr_stop_mult=3.0317_exit_lookback_n=12_lookback_n=26_vol_mult=2.0613_vol_window=34)
P4v4_volume_breakout_r21	1.3364	0.8106	21	-3.56	ok	v4 volume_breakout random #21 (atr_period=42_atr_stop_mult=1.5587_exit_lookback_n=11_lookback_n=30_vol_mult=2.7551_vol_window=26)
P4v4_volume_breakout_r22	-999.0000	-5.8736	22	-11.31	ok	v4 volume_breakout random #22 (atr_period=23_atr_stop_mult=2.8897_exit_lookback_n=14_lookback_n=29_vol_mult=2.6627_vol_window=17)
P4v4_volume_breakout_r23	-999.0000	-8.2494	24	-13.42	ok	v4 volume_breakout random #23 (atr_period=38_atr_stop_mult=2.6792_exit_lookback_n=19_lookback_n=23_vol_mult=2.229_vol_window=26)
P4v4_volume_breakout_r24	-999.0000	-10.6255	10	-12.63	ok	v4 volume_breakout random #24 (atr_period=20_atr_stop_mult=3.0009_exit_lookback_n=32_lookback_n=57_vol_mult=3.4315_vol_window=29)
P4v4_volume_breakout_r25	-3.8047	-2.5680	17	-5.48	ok	v4 volume_breakout random #25 (atr_period=34_atr_stop_mult=2.5869_exit_lookback_n=38_lookback_n=39_vol_mult=2.8539_vol_window=15)
P4v4_volume_breakout_r26	-999.0000	-4.8084	9	-6.45	ok	v4 volume_breakout random #26 (atr_period=36_atr_stop_mult=1.4079_exit_lookback_n=15_lookback_n=87_vol_mult=3.6225_vol_window=34)
P4v4_volume_breakout_r27	-999.0000	1.1462	10	2.86	ok	v4 volume_breakout random #27 (atr_period=19_atr_stop_mult=1.7597_exit_lookback_n=9_lookback_n=29_vol_mult=3.9314_vol_window=43)
P4v4_volume_breakout_r28	-999.0000	-15.7009	7	-5.34	ok	v4 volume_breakout random #28 (atr_period=26_atr_stop_mult=3.1491_exit_lookback_n=41_lookback_n=85_vol_mult=3.2521_vol_window=30)
P4v4_volume_breakout_r29	7.3277	5.9878	12	5.58	ok	v4 volume_breakout random #29 (atr_period=32_atr_stop_mult=1.3246_exit_lookback_n=30_lookback_n=64_vol_mult=2.4859_vol_window=34)
P4v4_volume_breakout_r30	-999.0000	-10.9317	26	-15.46	ok	v4 volume_breakout random #30 (atr_period=39_atr_stop_mult=2.6015_exit_lookback_n=7_lookback_n=29_vol_mult=2.2875_vol_window=22)
P4v4_volume_breakout_r31	-999.0000	-1.1642	10	0.88	ok	v4 volume_breakout random #31 (atr_period=19_atr_stop_mult=2.7403_exit_lookback_n=9_lookback_n=16_vol_mult=3.8589_vol_window=22)
P4v4_volume_breakout_r32	-999.0000	-5.3675	19	-11.21	ok	v4 volume_breakout random #32 (atr_period=31_atr_stop_mult=3.1293_exit_lookback_n=19_lookback_n=39_vol_mult=2.5163_vol_window=28)
P4v4_volume_breakout_r33	-999.0000	-2.2467	16	-1.99	ok	v4 volume_breakout random #33 (atr_period=39_atr_stop_mult=1.8084_exit_lookback_n=28_lookback_n=57_vol_mult=1.7261_vol_window=40)
P4v4_volume_breakout_r34	-8.3828	-4.5945	26	-6.27	ok	v4 volume_breakout random #34 (atr_period=17_atr_stop_mult=1.6964_exit_lookback_n=5_lookback_n=23_vol_mult=2.3195_vol_window=40)
P4v4_volume_breakout_r35	-999.0000	-2.6015	12	-4.17	ok	v4 volume_breakout random #35 (atr_period=20_atr_stop_mult=3.1042_exit_lookback_n=10_lookback_n=35_vol_mult=3.5502_vol_window=23)
P4v4_volume_breakout_r36	-6.6439	-3.8565	23	-5.64	ok	v4 volume_breakout random #36 (atr_period=38_atr_stop_mult=1.4429_exit_lookback_n=21_lookback_n=42_vol_mult=1.7548_vol_window=17)
P4v4_volume_breakout_r37	-999.0000	6.6580	5	6.55	ok	v4 volume_breakout random #37 (atr_period=26_atr_stop_mult=2.4606_exit_lookback_n=44_lookback_n=79_vol_mult=3.5592_vol_window=18)
P4v4_volume_breakout_r38	-999.0000	-6.6364	40	-10.12	ok	v4 volume_breakout random #38 (atr_period=44_atr_stop_mult=1.5955_exit_lookback_n=10_lookback_n=11_vol_mult=1.6875_vol_window=42)
P4v4_volume_breakout_r39	-999.0000	-0.9525	16	-0.22	ok	v4 volume_breakout random #39 (atr_period=24_atr_stop_mult=1.2854_exit_lookback_n=6_lookback_n=18_vol_mult=3.5734_vol_window=42)
P4v4_volume_breakout_r40	-999.0000	-7.2887	14	-9.25	ok	v4 volume_breakout random #40 (atr_period=29_atr_stop_mult=1.9655_exit_lookback_n=21_lookback_n=22_vol_mult=3.3111_vol_window=27)
P4v4_volume_breakout_r41	-7.8335	-4.1512	28	-6.37	ok	v4 volume_breakout random #41 (atr_period=41_atr_stop_mult=1.2693_exit_lookback_n=14_lookback_n=26_vol_mult=2.1996_vol_window=20)
P4v4_volume_breakout_r42	-999.0000	-5.6954	10	-2.61	ok	v4 volume_breakout random #42 (atr_period=29_atr_stop_mult=1.3754_exit_lookback_n=11_lookback_n=22_vol_mult=3.7069_vol_window=29)
P4v4_volume_breakout_r43	-999.0000	-3.2670	20	-7.61	ok	v4 volume_breakout random #43 (atr_period=33_atr_stop_mult=2.8043_exit_lookback_n=13_lookback_n=25_vol_mult=2.8145_vol_window=41)
P4v4_volume_breakout_r44	-999.0000	5.9632	6	1.68	ok	v4 volume_breakout random #44 (atr_period=29_atr_stop_mult=3.0254_exit_lookback_n=38_lookback_n=89_vol_mult=2.8613_vol_window=25)
P4v4_volume_breakout_r45	-999.0000	-4.8833	27	-6.11	ok	v4 volume_breakout random #45 (atr_period=15_atr_stop_mult=2.8214_exit_lookback_n=7_lookback_n=16_vol_mult=2.9928_vol_window=15)
P4v4_volume_breakout_r46	-999.0000	1.8717	12	-4.66	ok	v4 volume_breakout random #46 (atr_period=44_atr_stop_mult=3.148_exit_lookback_n=21_lookback_n=22_vol_mult=3.4171_vol_window=30)
P4v4_volume_breakout_r47	-999.0000	-7.2252	11	-12.55	ok	v4 volume_breakout random #47 (atr_period=37_atr_stop_mult=2.7281_exit_lookback_n=22_lookback_n=44_vol_mult=3.4781_vol_window=31)
P4v4_volume_breakout_r48	-999.0000	5.9620	6	-1.66	ok	v4 volume_breakout random #48 (atr_period=44_atr_stop_mult=1.5474_exit_lookback_n=44_lookback_n=64_vol_mult=3.838_vol_window=26)
P4v4_volume_breakout_r49	-999.0000	2.0839	8	1.91	ok	v4 volume_breakout random #49 (atr_period=15_atr_stop_mult=2.6011_exit_lookback_n=39_lookback_n=65_vol_mult=3.785_vol_window=35)
P4v4_volume_breakout_r50	-999.0000	-0.9480	7	-2.27	ok	v4 volume_breakout random #50 (atr_period=41_atr_stop_mult=2.1845_exit_lookback_n=10_lookback_n=21_vol_mult=3.97_vol_window=20)
P4v4_volume_breakout_r51	-3.4717	-2.1571	20	-3.08	ok	v4 volume_breakout random #51 (atr_period=15_atr_stop_mult=2.156_exit_lookback_n=10_lookback_n=27_vol_mult=3.0042_vol_window=16)
P4v4_volume_breakout_r52	-999.0000	-8.1837	11	-7.64	ok	v4 volume_breakout random #52 (atr_period=42_atr_stop_mult=2.8886_exit_lookback_n=14_lookback_n=56_vol_mult=3.2923_vol_window=18)
P4v4_volume_breakout_r53	-999.0000	-7.2985	28	-11.15	ok	v4 volume_breakout random #53 (atr_period=18_atr_stop_mult=2.2526_exit_lookback_n=12_lookback_n=22_vol_mult=1.8541_vol_window=36)
P4v4_volume_breakout_r54	-999.0000	-0.8807	16	-4.18	ok	v4 volume_breakout random #54 (atr_period=18_atr_stop_mult=1.8035_exit_lookback_n=17_lookback_n=58_vol_mult=2.489_vol_window=43)
P4v4_volume_breakout_r55	-999.0000	-7.3693	9	-7.49	ok	v4 volume_breakout random #55 (atr_period=29_atr_stop_mult=1.8346_exit_lookback_n=36_lookback_n=88_vol_mult=3.0982_vol_window=28)
P4v4_volume_breakout_r56	1.1145	0.8701	13	-0.97	ok	v4 volume_breakout random #56 (atr_period=21_atr_stop_mult=2.3779_exit_lookback_n=11_lookback_n=29_vol_mult=3.4675_vol_window=42)
P4v4_volume_breakout_r57	-999.0000	-9.5621	20	-9.90	ok	v4 volume_breakout random #57 (atr_period=15_atr_stop_mult=2.604_exit_lookback_n=37_lookback_n=52_vol_mult=1.9443_vol_window=23)
P4v4_volume_breakout_r58	-16.7893	-8.5049	31	-9.90	ok	v4 volume_breakout random #58 (atr_period=33_atr_stop_mult=3.0421_exit_lookback_n=14_lookback_n=17_vol_mult=1.581_vol_window=43)
P4v4_volume_breakout_r59	-8.0562	-4.0251	32	-6.76	ok	v4 volume_breakout random #59 (atr_period=37_atr_stop_mult=1.676_exit_lookback_n=10_lookback_n=14_vol_mult=1.8516_vol_window=43)
P4v4_volume_breakout_r60	10.1684	7.9383	13	2.42	ok	v4 volume_breakout random #60 (atr_period=34_atr_stop_mult=2.9733_exit_lookback_n=25_lookback_n=26_vol_mult=3.2724_vol_window=17)
P4v4_volume_breakout_r61	-999.0000	-1.3870	22	-5.62	ok	v4 volume_breakout random #61 (atr_period=38_atr_stop_mult=2.6408_exit_lookback_n=14_lookback_n=20_vol_mult=2.3762_vol_window=35)
P4v4_volume_breakout_r62	-999.0000	6.3155	9	3.28	ok	v4 volume_breakout random #62 (atr_period=29_atr_stop_mult=1.9574_exit_lookback_n=36_lookback_n=53_vol_mult=3.7114_vol_window=44)
P4v4_volume_breakout_r63	0.0377	0.0223	22	-3.72	ok	v4 volume_breakout random #63 (atr_period=37_atr_stop_mult=1.6512_exit_lookback_n=13_lookback_n=17_vol_mult=2.9451_vol_window=38)
P4v4_volume_breakout_r64	8.4089	4.6088	26	-1.40	ok	v4 volume_breakout random #64 (atr_period=43_atr_stop_mult=1.3484_exit_lookback_n=21_lookback_n=22_vol_mult=2.2968_vol_window=23)
P4v4_volume_breakout_r65	-999.0000	-4.1281	4	-1.68	ok	v4 volume_breakout random #65 (atr_period=44_atr_stop_mult=1.8759_exit_lookback_n=19_lookback_n=83_vol_mult=3.8546_vol_window=17)
P4v4_volume_breakout_r66	-0.6320	-0.4266	17	-2.68	ok	v4 volume_breakout random #66 (atr_period=33_atr_stop_mult=2.0684_exit_lookback_n=12_lookback_n=27_vol_mult=3.1341_vol_window=27)
P4v4_volume_breakout_r67	-999.0000	0.3432	16	-6.48	ok	v4 volume_breakout random #67 (atr_period=36_atr_stop_mult=2.6599_exit_lookback_n=21_lookback_n=36_vol_mult=3.243_vol_window=20)
P4v4_volume_breakout_r68	-999.0000	-9.7108	21	-11.09	ok	v4 volume_breakout random #68 (atr_period=31_atr_stop_mult=2.1819_exit_lookback_n=15_lookback_n=46_vol_mult=2.4823_vol_window=17)
P4v4_volume_breakout_r69	-999.0000	7.0522	12	1.62	ok	v4 volume_breakout random #69 (atr_period=33_atr_stop_mult=1.5993_exit_lookback_n=27_lookback_n=51_vol_mult=3.1551_vol_window=23)
P4v4_volume_breakout_r70	-3.1004	-2.0926	17	-6.04	ok	v4 volume_breakout random #70 (atr_period=18_atr_stop_mult=2.7698_exit_lookback_n=34_lookback_n=42_vol_mult=2.6839_vol_window=44)
P4v4_volume_breakout_HELDOUT	-4.6130	-4.6130	17	-12.53	heldout_single	v4 volume_breakout HELDOUT — held-out FAIL: sign-flip (train +7.94 → held-out -4.61) (atr_period=34_atr_stop_mult=2.9733_exit_lookback_n=25_lookback_n=26_vol_mult=3.2724_vol_window=17)
P4v4_ema_crossover_g1	-999.0000	-16.9396	54	-23.66	ok	v4 ema_crossover grid #1 (atr_period=30_atr_stop_mult=1.5_ema_fast=8_ema_slow=21)
P4v4_ema_crossover_g2	-999.0000	-18.6071	54	-20.08	ok	v4 ema_crossover grid #2 (atr_period=30_atr_stop_mult=2.0_ema_fast=8_ema_slow=21)
P4v4_ema_crossover_g3	-999.0000	-10.3373	54	-11.69	ok	v4 ema_crossover grid #3 (atr_period=30_atr_stop_mult=3.0_ema_fast=8_ema_slow=21)
P4v4_ema_crossover_g4	-999.0000	-10.0239	54	-12.64	ok	v4 ema_crossover grid #4 (atr_period=30_atr_stop_mult=4.0_ema_fast=8_ema_slow=21)
P4v4_ema_crossover_g5	-999.0000	-12.6180	42	-25.20	ok	v4 ema_crossover grid #5 (atr_period=30_atr_stop_mult=1.5_ema_fast=12_ema_slow=26)
P4v4_ema_crossover_g6	-999.0000	-17.0640	42	-27.96	ok	v4 ema_crossover grid #6 (atr_period=30_atr_stop_mult=2.0_ema_fast=12_ema_slow=26)
P4v4_ema_crossover_g7	-999.0000	-9.0249	42	-8.81	ok	v4 ema_crossover grid #7 (atr_period=30_atr_stop_mult=3.0_ema_fast=12_ema_slow=26)
P4v4_ema_crossover_g8	-999.0000	-5.5529	42	-6.78	ok	v4 ema_crossover grid #8 (atr_period=30_atr_stop_mult=4.0_ema_fast=12_ema_slow=26)
P4v4_ema_crossover_g9	-999.0000	-17.9457	28	-15.45	ok	v4 ema_crossover grid #9 (atr_period=30_atr_stop_mult=1.5_ema_fast=20_ema_slow=50)
P4v4_ema_crossover_g10	-999.0000	-19.5683	28	-19.17	ok	v4 ema_crossover grid #10 (atr_period=30_atr_stop_mult=2.0_ema_fast=20_ema_slow=50)
P4v4_ema_crossover_g11	-999.0000	-13.7859	28	-14.61	ok	v4 ema_crossover grid #11 (atr_period=30_atr_stop_mult=3.0_ema_fast=20_ema_slow=50)
P4v4_ema_crossover_g12	-999.0000	-14.0766	28	-13.27	ok	v4 ema_crossover grid #12 (atr_period=30_atr_stop_mult=4.0_ema_fast=20_ema_slow=50)
P4v4_ema_crossover_g13	-999.0000	-12.9030	39	-23.13	ok	v4 ema_crossover grid #13 (atr_period=30_atr_stop_mult=1.5_ema_fast=10_ema_slow=40)
P4v4_ema_crossover_g14	-999.0000	-15.2483	39	-25.46	ok	v4 ema_crossover grid #14 (atr_period=30_atr_stop_mult=2.0_ema_fast=10_ema_slow=40)
P4v4_ema_crossover_g15	-999.0000	-2.8909	39	-4.00	ok	v4 ema_crossover grid #15 (atr_period=30_atr_stop_mult=3.0_ema_fast=10_ema_slow=40)
P4v4_ema_crossover_g16	-999.0000	-3.1629	39	-4.93	ok	v4 ema_crossover grid #16 (atr_period=30_atr_stop_mult=4.0_ema_fast=10_ema_slow=40)
P4v4_ema_crossover_g17	-999.0000	-15.5016	29	-21.45	ok	v4 ema_crossover grid #17 (atr_period=30_atr_stop_mult=1.5_ema_fast=15_ema_slow=60)
P4v4_ema_crossover_g18	-999.0000	-18.4091	29	-26.13	ok	v4 ema_crossover grid #18 (atr_period=30_atr_stop_mult=2.0_ema_fast=15_ema_slow=60)
P4v4_ema_crossover_g19	-999.0000	-19.7776	29	-27.31	ok	v4 ema_crossover grid #19 (atr_period=30_atr_stop_mult=3.0_ema_fast=15_ema_slow=60)
P4v4_ema_crossover_g20	-999.0000	-19.5042	29	-25.19	ok	v4 ema_crossover grid #20 (atr_period=30_atr_stop_mult=4.0_ema_fast=15_ema_slow=60)
P4v4_ema_crossover_g21	-999.0000	-13.9562	17	-14.40	ok	v4 ema_crossover grid #21 (atr_period=30_atr_stop_mult=1.5_ema_fast=20_ema_slow=100)
P4v4_ema_crossover_g22	-999.0000	-20.4751	17	-17.83	ok	v4 ema_crossover grid #22 (atr_period=30_atr_stop_mult=2.0_ema_fast=20_ema_slow=100)
P4v4_ema_crossover_g23	-999.0000	-10.1932	17	-15.89	ok	v4 ema_crossover grid #23 (atr_period=30_atr_stop_mult=3.0_ema_fast=20_ema_slow=100)
P4v4_ema_crossover_g24	-999.0000	-9.5485	17	-19.04	ok	v4 ema_crossover grid #24 (atr_period=30_atr_stop_mult=4.0_ema_fast=20_ema_slow=100)
P4v4_ema_crossover_g25	-999.0000	-12.9732	13	-11.04	ok	v4 ema_crossover grid #25 (atr_period=30_atr_stop_mult=1.5_ema_fast=30_ema_slow=100)
P4v4_ema_crossover_g26	-999.0000	-18.8147	13	-13.83	ok	v4 ema_crossover grid #26 (atr_period=30_atr_stop_mult=2.0_ema_fast=30_ema_slow=100)
P4v4_ema_crossover_g27	-999.0000	-11.5828	13	-11.67	ok	v4 ema_crossover grid #27 (atr_period=30_atr_stop_mult=3.0_ema_fast=30_ema_slow=100)
P4v4_ema_crossover_g28	-999.0000	-11.9303	13	-15.18	ok	v4 ema_crossover grid #28 (atr_period=30_atr_stop_mult=4.0_ema_fast=30_ema_slow=100)
P4v4_ema_crossover_r1	-999.0000	-16.0060	54	-17.03	ok	v4 ema_crossover random #1 (atr_period=17_atr_stop_mult=1.7162_ema_fast=7_ema_slow=24)
P4v4_ema_crossover_r2	-999.0000	-16.0488	71	-34.94	ok	v4 ema_crossover random #2 (atr_period=20_atr_stop_mult=0.9669_ema_fast=6_ema_slow=18)
P4v4_ema_crossover_r3	-999.0000	-17.1692	74	-39.28	ok	v4 ema_crossover random #3 (atr_period=23_atr_stop_mult=0.9925_ema_fast=7_ema_slow=15)
P4v4_ema_crossover_r4	-999.0000	-17.5512	84	-33.51	ok	v4 ema_crossover random #4 (atr_period=31_atr_stop_mult=2.3561_ema_fast=4_ema_slow=17)
P4v4_ema_crossover_r5	-999.0000	-19.5441	46	-28.19	ok	v4 ema_crossover random #5 (atr_period=39_atr_stop_mult=1.5279_ema_fast=8_ema_slow=28)
P4v4_ema_crossover_r6	-999.0000	-20.0920	72	-38.80	ok	v4 ema_crossover random #6 (atr_period=23_atr_stop_mult=1.4922_ema_fast=8_ema_slow=15)
P4v4_ema_crossover_r7	-999.0000	-22.8281	46	-29.60	ok	v4 ema_crossover random #7 (atr_period=39_atr_stop_mult=1.9163_ema_fast=8_ema_slow=29)
P4v4_ema_crossover_r8	-999.0000	-11.4041	69	-17.37	ok	v4 ema_crossover random #8 (atr_period=20_atr_stop_mult=2.3766_ema_fast=4_ema_slow=26)
P4v4_ema_crossover_r9	-999.0000	-17.8126	71	-33.53	ok	v4 ema_crossover random #9 (atr_period=27_atr_stop_mult=2.3824_ema_fast=10_ema_slow=13)
P4v4_ema_crossover_r10	-999.0000	-15.2144	59	-16.36	ok	v4 ema_crossover random #10 (atr_period=19_atr_stop_mult=1.7926_ema_fast=5_ema_slow=27)
P4v4_ema_crossover_r11	-999.0000	-13.8821	42	-25.71	ok	v4 ema_crossover random #11 (atr_period=17_atr_stop_mult=1.4821_ema_fast=11_ema_slow=29)
P4v4_ema_crossover_r12	-999.0000	-23.0912	47	-32.22	ok	v4 ema_crossover random #12 (atr_period=30_atr_stop_mult=2.2757_ema_fast=8_ema_slow=28)
P4v4_ema_crossover_r13	-999.0000	-21.2026	51	-33.63	ok	v4 ema_crossover random #13 (atr_period=30_atr_stop_mult=1.5294_ema_fast=10_ema_slow=23)
P4v4_ema_crossover_r14	-999.0000	-11.4848	68	-14.38	ok	v4 ema_crossover random #14 (atr_period=32_atr_stop_mult=2.3472_ema_fast=5_ema_slow=22)
P4v4_ema_crossover_r15	-999.0000	-17.5791	50	-29.48	ok	v4 ema_crossover random #15 (atr_period=18_atr_stop_mult=1.3291_ema_fast=11_ema_slow=22)
P4v4_ema_crossover_r16	-999.0000	-13.3170	57	-20.88	ok	v4 ema_crossover random #16 (atr_period=34_atr_stop_mult=1.758_ema_fast=11_ema_slow=16)
P4v4_ema_crossover_r17	-999.0000	-16.6795	92	-37.18	ok	v4 ema_crossover random #17 (atr_period=19_atr_stop_mult=1.813_ema_fast=4_ema_slow=16)
P4v4_ema_crossover_r18	-999.0000	-18.4248	67	-39.16	ok	v4 ema_crossover random #18 (atr_period=24_atr_stop_mult=1.2564_ema_fast=4_ema_slow=29)
P4v4_ema_crossover_r19	-999.0000	-17.2741	42	-29.35	ok	v4 ema_crossover random #19 (atr_period=15_atr_stop_mult=2.1261_ema_fast=11_ema_slow=29)
P4v4_ema_crossover_r20	-999.0000	-14.2872	53	-20.64	ok	v4 ema_crossover random #20 (atr_period=40_atr_stop_mult=1.9273_ema_fast=6_ema_slow=28)
P4v4_ema_crossover_r21	-999.0000	-11.2140	58	-15.65	ok	v4 ema_crossover random #21 (atr_period=28_atr_stop_mult=2.1387_ema_fast=5_ema_slow=30)
P4v4_ema_crossover_r22	-999.0000	-21.7988	51	-33.53	ok	v4 ema_crossover random #22 (atr_period=17_atr_stop_mult=1.5626_ema_fast=9_ema_slow=23)
P4v4_ema_crossover_r23	-999.0000	-24.1321	47	-32.64	ok	v4 ema_crossover random #23 (atr_period=41_atr_stop_mult=2.1315_ema_fast=9_ema_slow=26)
P4v4_ema_crossover_r24	-999.0000	-12.1797	71	-16.75	ok	v4 ema_crossover random #24 (atr_period=27_atr_stop_mult=2.0708_ema_fast=4_ema_slow=25)
P4v4_ema_crossover_r25	-999.0000	-18.1680	59	-35.61	ok	v4 ema_crossover random #25 (atr_period=21_atr_stop_mult=0.9864_ema_fast=5_ema_slow=28)
P4v4_ema_crossover_r26	-999.0000	-21.9149	47	-29.33	ok	v4 ema_crossover random #26 (atr_period=36_atr_stop_mult=1.311_ema_fast=7_ema_slow=29)
P4v4_ema_crossover_r27	-999.0000	-17.8796	53	-32.17	ok	v4 ema_crossover random #27 (atr_period=18_atr_stop_mult=0.9458_ema_fast=8_ema_slow=23)
P4v4_ema_crossover_r28	-999.0000	-15.4290	60	-21.70	ok	v4 ema_crossover random #28 (atr_period=43_atr_stop_mult=1.6119_ema_fast=7_ema_slow=19)
P4v4_ema_crossover_r29	-999.0000	-16.8741	54	-20.57	ok	v4 ema_crossover random #29 (atr_period=22_atr_stop_mult=2.1463_ema_fast=6_ema_slow=28)
P4v4_ema_crossover_r30	-999.0000	-15.1723	71	-29.08	ok	v4 ema_crossover random #30 (atr_period=19_atr_stop_mult=1.7584_ema_fast=6_ema_slow=18)
P4v4_ema_crossover_r31	-999.0000	-18.9568	49	-28.82	ok	v4 ema_crossover random #31 (atr_period=35_atr_stop_mult=1.3036_ema_fast=10_ema_slow=24)
P4v4_ema_crossover_r32	-999.0000	-23.3938	46	-31.56	ok	v4 ema_crossover random #32 (atr_period=44_atr_stop_mult=1.9233_ema_fast=8_ema_slow=28)
P4v4_ema_crossover_r33	-999.0000	-15.1077	46	-23.34	ok	v4 ema_crossover random #33 (atr_period=33_atr_stop_mult=0.9127_ema_fast=11_ema_slow=24)
P4v4_ema_crossover_r34	-999.0000	-22.7983	45	-28.76	ok	v4 ema_crossover random #34 (atr_period=36_atr_stop_mult=1.9641_ema_fast=8_ema_slow=30)
P4v4_ema_crossover_r35	-999.0000	-18.8459	66	-36.52	ok	v4 ema_crossover random #35 (atr_period=25_atr_stop_mult=1.278_ema_fast=7_ema_slow=18)
P4v4_ema_crossover_r36	-999.0000	-15.8085	61	-21.00	ok	v4 ema_crossover random #36 (atr_period=33_atr_stop_mult=1.7767_ema_fast=6_ema_slow=21)
P4v4_ema_crossover_r37	-999.0000	-17.9830	51	-35.52	ok	v4 ema_crossover random #37 (atr_period=40_atr_stop_mult=1.4613_ema_fast=8_ema_slow=24)
P4v4_ema_crossover_r38	-999.0000	-17.0295	88	-34.53	ok	v4 ema_crossover random #38 (atr_period=16_atr_stop_mult=2.3825_ema_fast=6_ema_slow=12)
P4v4_ema_crossover_r39	-999.0000	-11.9566	58	-14.05	ok	v4 ema_crossover random #39 (atr_period=36_atr_stop_mult=2.2386_ema_fast=10_ema_slow=15)
P4v4_ema_crossover_r40	-999.0000	-17.7309	69	-35.43	ok	v4 ema_crossover random #40 (atr_period=22_atr_stop_mult=0.9852_ema_fast=5_ema_slow=21)
P4v4_ema_crossover_r41	-999.0000	-22.9329	50	-32.21	ok	v4 ema_crossover random #41 (atr_period=36_atr_stop_mult=1.8831_ema_fast=9_ema_slow=24)
P4v4_ema_crossover_r42	-999.0000	-17.1577	70	-37.10	ok	v4 ema_crossover random #42 (atr_period=26_atr_stop_mult=0.953_ema_fast=6_ema_slow=19)
P4v4_ema_crossover_r43	-999.0000	-14.0718	55	-20.46	ok	v4 ema_crossover random #43 (atr_period=35_atr_stop_mult=1.8575_ema_fast=6_ema_slow=25)
P4v4_ema_crossover_r44	-999.0000	-22.2310	46	-30.75	ok	v4 ema_crossover random #44 (atr_period=30_atr_stop_mult=2.1681_ema_fast=11_ema_slow=24)
P4v4_ema_crossover_r45	-999.0000	-16.6551	64	-20.26	ok	v4 ema_crossover random #45 (atr_period=37_atr_stop_mult=1.9878_ema_fast=6_ema_slow=20)
P4v4_ema_crossover_r46	-999.0000	-14.9316	41	-25.72	ok	v4 ema_crossover random #46 (atr_period=34_atr_stop_mult=1.2334_ema_fast=11_ema_slow=29)
P4v4_ema_crossover_r47	-999.0000	-17.8395	59	-37.93	ok	v4 ema_crossover random #47 (atr_period=38_atr_stop_mult=1.397_ema_fast=9_ema_slow=16)
P4v4_ema_crossover_r48	-999.0000	-19.4088	58	-35.60	ok	v4 ema_crossover random #48 (atr_period=18_atr_stop_mult=0.9805_ema_fast=8_ema_slow=20)
P4v4_ema_crossover_r49	-999.0000	-15.5513	79	-31.24	ok	v4 ema_crossover random #49 (atr_period=18_atr_stop_mult=1.921_ema_fast=7_ema_slow=14)
P4v4_ema_crossover_r50	-999.0000	-24.7361	49	-33.93	ok	v4 ema_crossover random #50 (atr_period=19_atr_stop_mult=2.3885_ema_fast=7_ema_slow=28)
P4v4_ema_crossover_r51	-999.0000	-12.3107	54	-21.13	ok	v4 ema_crossover random #51 (atr_period=42_atr_stop_mult=1.5864_ema_fast=7_ema_slow=22)
P4v4_ema_crossover_r52	-999.0000	-15.7408	65	-23.20	ok	v4 ema_crossover random #52 (atr_period=17_atr_stop_mult=1.3989_ema_fast=10_ema_slow=14)
P4v4_ema_crossover_r53	-999.0000	-17.4649	90	-41.46	ok	v4 ema_crossover random #53 (atr_period=28_atr_stop_mult=1.2141_ema_fast=6_ema_slow=11)
P4v4_ema_crossover_r54	-999.0000	-14.6280	74	-28.82	ok	v4 ema_crossover random #54 (atr_period=38_atr_stop_mult=2.0696_ema_fast=8_ema_slow=13)
P4v4_ema_crossover_r55	-999.0000	-17.9412	53	-19.54	ok	v4 ema_crossover random #55 (atr_period=27_atr_stop_mult=2.348_ema_fast=8_ema_slow=23)
P4v4_ema_crossover_r56	-999.0000	-11.9087	73	-18.33	ok	v4 ema_crossover random #56 (atr_period=36_atr_stop_mult=2.3251_ema_fast=4_ema_slow=21)
P4v4_ema_crossover_r57	-999.0000	-17.0157	52	-29.43	ok	v4 ema_crossover random #57 (atr_period=15_atr_stop_mult=0.9062_ema_fast=10_ema_slow=21)
P4v4_ema_crossover_r58	-999.0000	-18.5466	59	-36.73	ok	v4 ema_crossover random #58 (atr_period=24_atr_stop_mult=1.0541_ema_fast=5_ema_slow=28)
P4v4_ema_crossover_r59	-999.0000	-19.1380	59	-36.66	ok	v4 ema_crossover random #59 (atr_period=23_atr_stop_mult=1.3362_ema_fast=5_ema_slow=27)
P4v4_ema_crossover_r60	-999.0000	-17.9185	54	-19.92	ok	v4 ema_crossover random #60 (atr_period=19_atr_stop_mult=2.3942_ema_fast=7_ema_slow=24)
P4v4_ema_crossover_r61	-999.0000	-16.4685	77	-31.81	ok	v4 ema_crossover random #61 (atr_period=43_atr_stop_mult=2.2773_ema_fast=6_ema_slow=14)
P4v4_ema_crossover_r62	-999.0000	-18.2470	92	-38.90	ok	v4 ema_crossover random #62 (atr_period=44_atr_stop_mult=1.2168_ema_fast=4_ema_slow=15)
P4v4_ema_crossover_r63	-999.0000	-17.0145	77	-35.66	ok	v4 ema_crossover random #63 (atr_period=25_atr_stop_mult=1.8758_ema_fast=8_ema_slow=14)
P4v4_ema_crossover_r64	-999.0000	-15.7034	57	-21.10	ok	v4 ema_crossover random #64 (atr_period=38_atr_stop_mult=1.8347_ema_fast=7_ema_slow=23)
P4v4_ema_crossover_r65	-999.0000	-23.9959	51	-34.05	ok	v4 ema_crossover random #65 (atr_period=15_atr_stop_mult=1.9346_ema_fast=9_ema_slow=24)
P4v4_ema_crossover_r66	-999.0000	-15.7110	81	-32.76	ok	v4 ema_crossover random #66 (atr_period=22_atr_stop_mult=1.9528_ema_fast=7_ema_slow=13)
P4v4_ema_crossover_r67	-999.0000	-23.6457	51	-34.36	ok	v4 ema_crossover random #67 (atr_period=24_atr_stop_mult=1.8925_ema_fast=9_ema_slow=23)
P4v4_ema_crossover_r68	-999.0000	-25.3548	50	-35.34	ok	v4 ema_crossover random #68 (atr_period=27_atr_stop_mult=2.2479_ema_fast=8_ema_slow=25)
P4v4_ema_crossover_r69	-999.0000	-16.1237	55	-18.28	ok	v4 ema_crossover random #69 (atr_period=29_atr_stop_mult=1.8135_ema_fast=6_ema_slow=26)
P4v4_ema_crossover_r70	-999.0000	-13.4816	41	-23.39	ok	v4 ema_crossover random #70 (atr_period=25_atr_stop_mult=1.5146_ema_fast=10_ema_slow=30)
P4v4_ema_crossover_HELDOUT_SKIP	0.0000	0.0000	0	0.00	skipped_train_fail	v4 ema_crossover held-out skipped — train FAIL
P4v4_price_channel_with_atr_g1	-999.0000	-10.3144	40	-15.08	ok	v4 price_channel_with_atr grid #1 (atr_pct_max=0.05_atr_pct_min=0.001_atr_period=30_atr_stop_mult=2.0_exit_lookback_n=10_lookback_n=20)
P4v4_price_channel_with_atr_g2	-999.0000	-10.3144	40	-15.08	ok	v4 price_channel_with_atr grid #2 (atr_pct_max=0.05_atr_pct_min=0.003_atr_period=30_atr_stop_mult=2.0_exit_lookback_n=10_lookback_n=20)
P4v4_price_channel_with_atr_g3	-999.0000	-10.6248	27	-9.42	ok	v4 price_channel_with_atr grid #3 (atr_pct_max=0.05_atr_pct_min=0.005_atr_period=30_atr_stop_mult=2.0_exit_lookback_n=10_lookback_n=20)
P4v4_price_channel_with_atr_g4	-999.0000	-3.6150	1	-2.56	ok	v4 price_channel_with_atr grid #4 (atr_pct_max=0.05_atr_pct_min=0.01_atr_period=30_atr_stop_mult=2.0_exit_lookback_n=10_lookback_n=20)
P4v4_price_channel_with_atr_g5	-12.4244	-7.2119	23	-7.67	ok	v4 price_channel_with_atr grid #5 (atr_pct_max=0.05_atr_pct_min=0.001_atr_period=30_atr_stop_mult=2.0_exit_lookback_n=20_lookback_n=40)
P4v4_price_channel_with_atr_g6	-12.4244	-7.2119	23	-7.67	ok	v4 price_channel_with_atr grid #6 (atr_pct_max=0.05_atr_pct_min=0.003_atr_period=30_atr_stop_mult=2.0_exit_lookback_n=20_lookback_n=40)
P4v4_price_channel_with_atr_g7	-999.0000	-5.3239	14	-0.48	ok	v4 price_channel_with_atr grid #7 (atr_pct_max=0.05_atr_pct_min=0.005_atr_period=30_atr_stop_mult=2.0_exit_lookback_n=20_lookback_n=40)
P4v4_price_channel_with_atr_g8	-999.0000	0.0000	0	0.00	ok	v4 price_channel_with_atr grid #8 (atr_pct_max=0.05_atr_pct_min=0.01_atr_period=30_atr_stop_mult=2.0_exit_lookback_n=20_lookback_n=40)
P4v4_price_channel_with_atr_g9	-999.0000	-5.3923	16	-2.55	ok	v4 price_channel_with_atr grid #9 (atr_pct_max=0.05_atr_pct_min=0.001_atr_period=30_atr_stop_mult=2.0_exit_lookback_n=30_lookback_n=60)
P4v4_price_channel_with_atr_g10	-999.0000	-5.3923	16	-2.55	ok	v4 price_channel_with_atr grid #10 (atr_pct_max=0.05_atr_pct_min=0.003_atr_period=30_atr_stop_mult=2.0_exit_lookback_n=30_lookback_n=60)
P4v4_price_channel_with_atr_g11	-999.0000	-2.9799	9	3.15	ok	v4 price_channel_with_atr grid #11 (atr_pct_max=0.05_atr_pct_min=0.005_atr_period=30_atr_stop_mult=2.0_exit_lookback_n=30_lookback_n=60)
P4v4_price_channel_with_atr_g12	-999.0000	0.0000	0	0.00	ok	v4 price_channel_with_atr grid #12 (atr_pct_max=0.05_atr_pct_min=0.01_atr_period=30_atr_stop_mult=2.0_exit_lookback_n=30_lookback_n=60)
P4v4_price_channel_with_atr_g13	-999.0000	4.6542	7	0.73	ok	v4 price_channel_with_atr grid #13 (atr_pct_max=0.05_atr_pct_min=0.001_atr_period=30_atr_stop_mult=2.0_exit_lookback_n=50_lookback_n=100)
P4v4_price_channel_with_atr_g14	-999.0000	4.6542	7	0.73	ok	v4 price_channel_with_atr grid #14 (atr_pct_max=0.05_atr_pct_min=0.003_atr_period=30_atr_stop_mult=2.0_exit_lookback_n=50_lookback_n=100)
P4v4_price_channel_with_atr_g15	-999.0000	14.1995	5	0.85	ok	v4 price_channel_with_atr grid #15 (atr_pct_max=0.05_atr_pct_min=0.005_atr_period=30_atr_stop_mult=2.0_exit_lookback_n=50_lookback_n=100)
P4v4_price_channel_with_atr_g16	-999.0000	0.0000	0	0.00	ok	v4 price_channel_with_atr grid #16 (atr_pct_max=0.05_atr_pct_min=0.01_atr_period=30_atr_stop_mult=2.0_exit_lookback_n=50_lookback_n=100)
P4v4_price_channel_with_atr_r1	-999.0000	-6.5707	42	-11.40	ok	v4 price_channel_with_atr random #1 (atr_pct_max=0.0767_atr_pct_min=0.0008_atr_period=24_atr_stop_mult=1.2055_exit_lookback_n=19_lookback_n=21)
P4v4_price_channel_with_atr_r2	-999.0000	-7.8995	17	-5.35	ok	v4 price_channel_with_atr random #2 (atr_pct_max=0.0375_atr_pct_min=0.0013_atr_period=17_atr_stop_mult=2.2234_exit_lookback_n=26_lookback_n=56)
P4v4_price_channel_with_atr_r3	-999.0000	-4.0414	20	-1.75	ok	v4 price_channel_with_atr random #3 (atr_pct_max=0.0789_atr_pct_min=0.0011_atr_period=22_atr_stop_mult=1.3002_exit_lookback_n=22_lookback_n=56)
P4v4_price_channel_with_atr_r4	-999.0000	-4.4715	18	-0.37	ok	v4 price_channel_with_atr random #4 (atr_pct_max=0.0638_atr_pct_min=0.001_atr_period=27_atr_stop_mult=1.4318_exit_lookback_n=27_lookback_n=54)
P4v4_price_channel_with_atr_r5	-19.9546	-9.5961	35	-14.31	ok	v4 price_channel_with_atr random #5 (atr_pct_max=0.0464_atr_pct_min=0.0012_atr_period=41_atr_stop_mult=3.1102_exit_lookback_n=12_lookback_n=20)
P4v4_price_channel_with_atr_r6	-999.0000	-9.0839	17	-12.10	ok	v4 price_channel_with_atr random #6 (atr_pct_max=0.0391_atr_pct_min=0.0042_atr_period=27_atr_stop_mult=3.1246_exit_lookback_n=11_lookback_n=55)
P4v4_price_channel_with_atr_r7	-999.0000	-4.5081	19	-2.50	ok	v4 price_channel_with_atr random #7 (atr_pct_max=0.0511_atr_pct_min=0.0032_atr_period=41_atr_stop_mult=1.5336_exit_lookback_n=23_lookback_n=53)
P4v4_price_channel_with_atr_r8	-999.0000	-14.2404	24	-16.91	ok	v4 price_channel_with_atr random #8 (atr_pct_max=0.038_atr_pct_min=0.0015_atr_period=27_atr_stop_mult=2.3815_exit_lookback_n=11_lookback_n=47)
P4v4_price_channel_with_atr_r9	-999.0000	-12.5834	27	-17.26	ok	v4 price_channel_with_atr random #9 (atr_pct_max=0.0314_atr_pct_min=0.0029_atr_period=35_atr_stop_mult=2.8771_exit_lookback_n=17_lookback_n=27)
P4v4_price_channel_with_atr_r10	-999.0000	-12.8830	24	-15.12	ok	v4 price_channel_with_atr random #10 (atr_pct_max=0.052_atr_pct_min=0.0015_atr_period=16_atr_stop_mult=2.5099_exit_lookback_n=19_lookback_n=39)
P4v4_price_channel_with_atr_r11	-999.0000	-4.3254	18	-5.51	ok	v4 price_channel_with_atr random #11 (atr_pct_max=0.0588_atr_pct_min=0.0014_atr_period=31_atr_stop_mult=3.1558_exit_lookback_n=23_lookback_n=48)
P4v4_price_channel_with_atr_r12	-999.0000	-5.9123	21	-5.94	ok	v4 price_channel_with_atr random #12 (atr_pct_max=0.0516_atr_pct_min=0.0037_atr_period=36_atr_stop_mult=2.1639_exit_lookback_n=23_lookback_n=40)
P4v4_price_channel_with_atr_r13	-999.0000	-7.9507	22	-9.54	ok	v4 price_channel_with_atr random #13 (atr_pct_max=0.0606_atr_pct_min=0.0045_atr_period=15_atr_stop_mult=3.0687_exit_lookback_n=24_lookback_n=25)
P4v4_price_channel_with_atr_r14	-999.0000	-7.4349	16	-4.93	ok	v4 price_channel_with_atr random #14 (atr_pct_max=0.0546_atr_pct_min=0.002_atr_period=22_atr_stop_mult=3.1403_exit_lookback_n=27_lookback_n=54)
P4v4_price_channel_with_atr_r15	-999.0000	-8.0708	23	-9.38	ok	v4 price_channel_with_atr random #15 (atr_pct_max=0.0709_atr_pct_min=0.001_atr_period=17_atr_stop_mult=2.0884_exit_lookback_n=21_lookback_n=40)
P4v4_price_channel_with_atr_r16	-999.0000	-7.6298	41	-15.27	ok	v4 price_channel_with_atr random #16 (atr_pct_max=0.079_atr_pct_min=0.0027_atr_period=37_atr_stop_mult=1.2355_exit_lookback_n=19_lookback_n=23)
P4v4_price_channel_with_atr_r17	-999.0000	-5.8370	24	-8.87	ok	v4 price_channel_with_atr random #17 (atr_pct_max=0.0345_atr_pct_min=0.0018_atr_period=33_atr_stop_mult=2.4381_exit_lookback_n=21_lookback_n=36)
P4v4_price_channel_with_atr_r18	-5.7671	-4.1601	15	-5.22	ok	v4 price_channel_with_atr random #18 (atr_pct_max=0.0528_atr_pct_min=0.0038_atr_period=25_atr_stop_mult=2.8506_exit_lookback_n=21_lookback_n=55)
P4v4_price_channel_with_atr_r19	-999.0000	-8.3436	21	-8.25	ok	v4 price_channel_with_atr random #19 (atr_pct_max=0.06_atr_pct_min=0.0014_atr_period=36_atr_stop_mult=1.9266_exit_lookback_n=16_lookback_n=53)
P4v4_price_channel_with_atr_r20	-999.0000	-2.8071	24	-5.81	ok	v4 price_channel_with_atr random #20 (atr_pct_max=0.0471_atr_pct_min=0.0025_atr_period=39_atr_stop_mult=3.1289_exit_lookback_n=23_lookback_n=24)
P4v4_price_channel_with_atr_r21	-999.0000	-12.2058	23	-15.70	ok	v4 price_channel_with_atr random #21 (atr_pct_max=0.0748_atr_pct_min=0.0021_atr_period=29_atr_stop_mult=2.8437_exit_lookback_n=17_lookback_n=41)
P4v4_price_channel_with_atr_r22	-999.0000	-5.6988	32	-14.89	ok	v4 price_channel_with_atr random #22 (atr_pct_max=0.0765_atr_pct_min=0.0024_atr_period=26_atr_stop_mult=2.1141_exit_lookback_n=22_lookback_n=24)
P4v4_price_channel_with_atr_r23	-999.0000	-13.0494	23	-15.46	ok	v4 price_channel_with_atr random #23 (atr_pct_max=0.0763_atr_pct_min=0.001_atr_period=40_atr_stop_mult=2.3776_exit_lookback_n=12_lookback_n=48)
P4v4_price_channel_with_atr_r24	-999.0000	-8.4636	21	-10.97	ok	v4 price_channel_with_atr random #24 (atr_pct_max=0.0782_atr_pct_min=0.0033_atr_period=15_atr_stop_mult=2.6724_exit_lookback_n=21_lookback_n=38)
P4v4_price_channel_with_atr_r25	-999.0000	-7.1327	20	-10.33	ok	v4 price_channel_with_atr random #25 (atr_pct_max=0.0761_atr_pct_min=0.0033_atr_period=20_atr_stop_mult=2.3571_exit_lookback_n=19_lookback_n=53)
P4v4_price_channel_with_atr_r26	-999.0000	-3.6115	29	-9.33	ok	v4 price_channel_with_atr random #26 (atr_pct_max=0.0461_atr_pct_min=0.0012_atr_period=41_atr_stop_mult=2.0373_exit_lookback_n=23_lookback_n=24)
P4v4_price_channel_with_atr_r27	-999.0000	-5.8847	26	-7.27	ok	v4 price_channel_with_atr random #27 (atr_pct_max=0.0526_atr_pct_min=0.0016_atr_period=19_atr_stop_mult=2.0255_exit_lookback_n=29_lookback_n=30)
P4v4_price_channel_with_atr_r28	-999.0000	-4.5007	20	-3.96	ok	v4 price_channel_with_atr random #28 (atr_pct_max=0.0668_atr_pct_min=0.0027_atr_period=31_atr_stop_mult=1.6347_exit_lookback_n=20_lookback_n=53)
P4v4_price_channel_with_atr_r29	-999.0000	-14.4682	25	-18.56	ok	v4 price_channel_with_atr random #29 (atr_pct_max=0.0636_atr_pct_min=0.0009_atr_period=44_atr_stop_mult=2.5002_exit_lookback_n=15_lookback_n=44)
P4v4_price_channel_with_atr_r30	-999.0000	-6.9512	22	-6.71	ok	v4 price_channel_with_atr random #30 (atr_pct_max=0.0358_atr_pct_min=0.0009_atr_period=25_atr_stop_mult=2.1607_exit_lookback_n=23_lookback_n=40)
P4v4_price_channel_with_atr_r31	-999.0000	-6.3375	23	-3.28	ok	v4 price_channel_with_atr random #31 (atr_pct_max=0.0739_atr_pct_min=0.0034_atr_period=27_atr_stop_mult=1.2255_exit_lookback_n=27_lookback_n=46)
P4v4_price_channel_with_atr_r32	-999.0000	-4.1298	38	-12.37	ok	v4 price_channel_with_atr random #32 (atr_pct_max=0.04_atr_pct_min=0.0013_atr_period=37_atr_stop_mult=1.5219_exit_lookback_n=12_lookback_n=21)
P4v4_price_channel_with_atr_r33	-999.0000	-13.3526	24	-16.06	ok	v4 price_channel_with_atr random #33 (atr_pct_max=0.0692_atr_pct_min=0.002_atr_period=21_atr_stop_mult=2.2823_exit_lookback_n=12_lookback_n=47)
P4v4_price_channel_with_atr_r34	-999.0000	-8.0890	17	-11.32	ok	v4 price_channel_with_atr random #34 (atr_pct_max=0.067_atr_pct_min=0.0044_atr_period=40_atr_stop_mult=2.6848_exit_lookback_n=12_lookback_n=52)
P4v4_price_channel_with_atr_r35	-999.0000	-5.3883	20	-7.00	ok	v4 price_channel_with_atr random #35 (atr_pct_max=0.0444_atr_pct_min=0.0042_atr_period=34_atr_stop_mult=3.053_exit_lookback_n=25_lookback_n=29)
P4v4_price_channel_with_atr_r36	-10.9547	-6.8066	20	-9.09	ok	v4 price_channel_with_atr random #36 (atr_pct_max=0.0783_atr_pct_min=0.0039_atr_period=16_atr_stop_mult=2.6873_exit_lookback_n=25_lookback_n=36)
P4v4_price_channel_with_atr_r37	-999.0000	-9.8549	21	-11.18	ok	v4 price_channel_with_atr random #37 (atr_pct_max=0.0715_atr_pct_min=0.0015_atr_period=42_atr_stop_mult=2.6093_exit_lookback_n=25_lookback_n=44)
P4v4_price_channel_with_atr_r38	-999.0000	-6.5886	21	-5.95	ok	v4 price_channel_with_atr random #38 (atr_pct_max=0.0688_atr_pct_min=0.0036_atr_period=43_atr_stop_mult=1.7884_exit_lookback_n=20_lookback_n=50)
P4v4_price_channel_with_atr_r39	-999.0000	-4.3952	21	-5.20	ok	v4 price_channel_with_atr random #39 (atr_pct_max=0.0668_atr_pct_min=0.0016_atr_period=18_atr_stop_mult=1.2813_exit_lookback_n=11_lookback_n=59)
P4v4_price_channel_with_atr_r40	-999.0000	-12.0730	22	-14.40	ok	v4 price_channel_with_atr random #40 (atr_pct_max=0.0428_atr_pct_min=0.0036_atr_period=24_atr_stop_mult=2.6194_exit_lookback_n=12_lookback_n=42)
P4v4_price_channel_with_atr_r41	-999.0000	-6.1002	30	-11.06	ok	v4 price_channel_with_atr random #41 (atr_pct_max=0.0687_atr_pct_min=0.0012_atr_period=33_atr_stop_mult=2.8863_exit_lookback_n=20_lookback_n=21)
P4v4_price_channel_with_atr_r42	-9.8451	-5.7147	23	-5.66	ok	v4 price_channel_with_atr random #42 (atr_pct_max=0.0692_atr_pct_min=0.0029_atr_period=24_atr_stop_mult=1.6399_exit_lookback_n=21_lookback_n=39)
P4v4_price_channel_with_atr_r43	-13.1830	-7.8172	22	-6.13	ok	v4 price_channel_with_atr random #43 (atr_pct_max=0.0572_atr_pct_min=0.0008_atr_period=27_atr_stop_mult=1.8988_exit_lookback_n=25_lookback_n=40)
P4v4_price_channel_with_atr_r44	-999.0000	-11.2190	23	-12.08	ok	v4 price_channel_with_atr random #44 (atr_pct_max=0.0775_atr_pct_min=0.0009_atr_period=33_atr_stop_mult=2.1497_exit_lookback_n=16_lookback_n=46)
P4v4_price_channel_with_atr_r45	-999.0000	-5.1131	32	-11.16	ok	v4 price_channel_with_atr random #45 (atr_pct_max=0.0621_atr_pct_min=0.0008_atr_period=42_atr_stop_mult=1.6877_exit_lookback_n=16_lookback_n=24)
P4v4_price_channel_with_atr_r46	-999.0000	-11.6655	23	-13.17	ok	v4 price_channel_with_atr random #46 (atr_pct_max=0.0772_atr_pct_min=0.0015_atr_period=26_atr_stop_mult=2.2805_exit_lookback_n=16_lookback_n=47)
P4v4_price_channel_with_atr_r47	-999.0000	-10.7523	32	-11.51	ok	v4 price_channel_with_atr random #47 (atr_pct_max=0.0557_atr_pct_min=0.0041_atr_period=30_atr_stop_mult=2.1736_exit_lookback_n=19_lookback_n=20)
P4v4_price_channel_with_atr_r48	-999.0000	-7.7379	18	-11.45	ok	v4 price_channel_with_atr random #48 (atr_pct_max=0.0774_atr_pct_min=0.0033_atr_period=20_atr_stop_mult=3.1126_exit_lookback_n=13_lookback_n=55)
P4v4_price_channel_with_atr_r49	-999.0000	-12.0293	23	-17.13	ok	v4 price_channel_with_atr random #49 (atr_pct_max=0.0407_atr_pct_min=0.0012_atr_period=35_atr_stop_mult=2.8713_exit_lookback_n=14_lookback_n=45)
P4v4_price_channel_with_atr_r50	-999.0000	-7.1282	20	-9.16	ok	v4 price_channel_with_atr random #50 (atr_pct_max=0.0688_atr_pct_min=0.0016_atr_period=34_atr_stop_mult=3.0795_exit_lookback_n=24_lookback_n=41)
P4v4_price_channel_with_atr_r51	-999.0000	-6.8239	39	-11.89	ok	v4 price_channel_with_atr random #51 (atr_pct_max=0.0337_atr_pct_min=0.0006_atr_period=20_atr_stop_mult=1.7038_exit_lookback_n=19_lookback_n=20)
P4v4_price_channel_with_atr_r52	-999.0000	-12.4300	25	-12.85	ok	v4 price_channel_with_atr random #52 (atr_pct_max=0.0494_atr_pct_min=0.0009_atr_period=33_atr_stop_mult=2.0661_exit_lookback_n=14_lookback_n=42)
P4v4_price_channel_with_atr_r53	-999.0000	-12.1479	27	-17.05	ok	v4 price_channel_with_atr random #53 (atr_pct_max=0.066_atr_pct_min=0.0006_atr_period=16_atr_stop_mult=2.6919_exit_lookback_n=12_lookback_n=35)
P4v4_price_channel_with_atr_r54	-999.0000	-11.1931	23	-11.04	ok	v4 price_channel_with_atr random #54 (atr_pct_max=0.0353_atr_pct_min=0.0015_atr_period=38_atr_stop_mult=1.8027_exit_lookback_n=11_lookback_n=48)
P4v4_price_channel_with_atr_r55	-999.0000	-1.7160	26	-1.92	ok	v4 price_channel_with_atr random #55 (atr_pct_max=0.0711_atr_pct_min=0.001_atr_period=15_atr_stop_mult=1.5126_exit_lookback_n=28_lookback_n=31)
P4v4_price_channel_with_atr_r56	-999.0000	-3.0225	32	-8.18	ok	v4 price_channel_with_atr random #56 (atr_pct_max=0.0573_atr_pct_min=0.0014_atr_period=43_atr_stop_mult=1.4882_exit_lookback_n=17_lookback_n=25)
P4v4_price_channel_with_atr_r57	-999.0000	-9.8953	15	-6.29	ok	v4 price_channel_with_atr random #57 (atr_pct_max=0.0371_atr_pct_min=0.0044_atr_period=16_atr_stop_mult=2.3454_exit_lookback_n=10_lookback_n=58)
P4v4_price_channel_with_atr_r58	-12.4017	-7.3540	22	-6.30	ok	v4 price_channel_with_atr random #58 (atr_pct_max=0.0674_atr_pct_min=0.0027_atr_period=42_atr_stop_mult=1.8877_exit_lookback_n=28_lookback_n=41)
P4v4_price_channel_with_atr_r59	-999.0000	-5.2857	18	-3.00	ok	v4 price_channel_with_atr random #59 (atr_pct_max=0.0392_atr_pct_min=0.0022_atr_period=33_atr_stop_mult=1.7055_exit_lookback_n=27_lookback_n=56)
P4v4_price_channel_with_atr_r60	-999.0000	-8.2744	23	-12.41	ok	v4 price_channel_with_atr random #60 (atr_pct_max=0.0726_atr_pct_min=0.0015_atr_period=42_atr_stop_mult=3.1886_exit_lookback_n=25_lookback_n=27)
P4v4_price_channel_with_atr_r61	-999.0000	-13.6175	22	-15.17	ok	v4 price_channel_with_atr random #61 (atr_pct_max=0.0425_atr_pct_min=0.0038_atr_period=20_atr_stop_mult=2.3612_exit_lookback_n=11_lookback_n=45)
P4v4_price_channel_with_atr_r62	-999.0000	0.9554	24	0.75	ok	v4 price_channel_with_atr random #62 (atr_pct_max=0.0443_atr_pct_min=0.0025_atr_period=17_atr_stop_mult=1.587_exit_lookback_n=23_lookback_n=34)
P4v4_price_channel_with_atr_r63	-9.5107	-5.5206	23	-5.96	ok	v4 price_channel_with_atr random #63 (atr_pct_max=0.0592_atr_pct_min=0.0027_atr_period=31_atr_stop_mult=1.929_exit_lookback_n=22_lookback_n=38)
P4v4_price_channel_with_atr_r64	-999.0000	-12.7902	19	-12.10	ok	v4 price_channel_with_atr random #64 (atr_pct_max=0.0693_atr_pct_min=0.0027_atr_period=36_atr_stop_mult=2.4817_exit_lookback_n=13_lookback_n=58)
P4v4_price_channel_with_atr_r65	-999.0000	-6.4166	19	-8.01	ok	v4 price_channel_with_atr random #65 (atr_pct_max=0.0739_atr_pct_min=0.004_atr_period=28_atr_stop_mult=1.9175_exit_lookback_n=12_lookback_n=53)
P4v4_price_channel_with_atr_r66	-999.0000	-12.4591	22	-16.32	ok	v4 price_channel_with_atr random #66 (atr_pct_max=0.0341_atr_pct_min=0.0037_atr_period=23_atr_stop_mult=2.8529_exit_lookback_n=12_lookback_n=39)
P4v4_price_channel_with_atr_r67	-999.0000	-7.6288	26	-9.63	ok	v4 price_channel_with_atr random #67 (atr_pct_max=0.0338_atr_pct_min=0.0007_atr_period=15_atr_stop_mult=2.2144_exit_lookback_n=27_lookback_n=30)
P4v4_price_channel_with_atr_r68	-8.9786	-5.4460	21	-5.27	ok	v4 price_channel_with_atr random #68 (atr_pct_max=0.0406_atr_pct_min=0.0014_atr_period=16_atr_stop_mult=1.7212_exit_lookback_n=21_lookback_n=52)
P4v4_price_channel_with_atr_r69	-999.0000	-11.7541	22	-15.64	ok	v4 price_channel_with_atr random #69 (atr_pct_max=0.0746_atr_pct_min=0.003_atr_period=32_atr_stop_mult=2.9143_exit_lookback_n=12_lookback_n=46)
P4v4_price_channel_with_atr_r70	-999.0000	-4.1637	21	-7.55	ok	v4 price_channel_with_atr random #70 (atr_pct_max=0.0551_atr_pct_min=0.001_atr_period=34_atr_stop_mult=2.896_exit_lookback_n=20_lookback_n=38)
P4v4_price_channel_with_atr_HELDOUT_SKIP	0.0000	0.0000	0	0.00	skipped_train_fail	v4 price_channel_with_atr held-out skipped — train FAIL
P4v4_FINAL_SUMMARY	0.0000	0.0000	1000	0.00	summary	v4 1H 1000-trial sweep complete — 0 PASS candidates
ITER6_1H_1000_SUMMARY	0.0000	0.0000	1000	0.00	universal_fail_1h	1H sweep 1000 trials × 10 strategies × 0 PASS — best train rsi_mr Sharpe+28.8 PnL+9% → held-out -10 PnL-56% sign-flip persists на 1H
