=== research search v6 — 4H multi-seed sweep (11..110) ===
PASS criterion: held-out PnL > 10.0% AND Sharpe > 0.0
Sweeps: 100 × 1000 trials = 100000 budget
Train: 5818 / Held-out: 1455


========== SWEEP #11 (seed=53) ==========

  · donchian_raw: sign-flip (+12.06→-6.24) (train=+12.06 held_pnl=-26.6%)
  · rsi_mean_reversion: sign-flip (+11.72→-5.86) (train=+11.72 held_pnl=-35.6%)
  · bollinger_breakout: sign-flip (+16.33→-0.43) (train=+16.33 held_pnl=-2.1%)
  · bollinger_mr: sign-flip (+9.32→-5.42) (train=+9.32 held_pnl=-20.9%)
  · macd_momentum: train_fail s=-999.00 (train=+nan held_pnl=+0.0%)
  · atr_squeeze_breakout: sign-flip (+30.68→-9.98) (train=+30.68 held_pnl=-38.2%)
  · momentum_n_consec: sign-flip (+13.89→-6.56) (train=+13.89 held_pnl=-29.5%)
  · volume_breakout: sign-flip (+7.90→-4.78) (train=+7.90 held_pnl=-25.4%)
  · ema_crossover: sign-flip (+7.89→-4.28) (train=+7.89 held_pnl=-20.6%)
  · price_channel_with_atr: sign-flip (+10.19→-0.91) (train=+10.19 held_pnl=-2.9%)

  Sweep #11 PASS candidates: 0


========== SWEEP #12 (seed=54) ==========

  · donchian_raw: sign-flip (+12.30→-6.83) (train=+12.30 held_pnl=-24.3%)
  · rsi_mean_reversion: sign-flip (+15.33→-9.26) (train=+15.33 held_pnl=-32.5%)
  · bollinger_breakout: sign-flip (+13.14→-2.91) (train=+13.14 held_pnl=-10.0%)
  · bollinger_mr: sign-flip (+9.01→-3.38) (train=+9.01 held_pnl=-10.9%)
  · macd_momentum: train_fail s=-999.00 (train=+nan held_pnl=+0.0%)
  · atr_squeeze_breakout: sign-flip (+34.62→-9.30) (train=+34.62 held_pnl=-38.8%)
  · momentum_n_consec: sign-flip (+14.16→-6.40) (train=+14.16 held_pnl=-28.8%)
  · volume_breakout: sign-flip (+9.04→-0.03) (train=+9.04 held_pnl=-0.2%)
  · ema_crossover: sign-flip (+7.39→-2.99) (train=+7.39 held_pnl=-14.1%)
  · price_channel_with_atr: sign-flip (+10.10→-4.23) (train=+10.10 held_pnl=-17.1%)

  Sweep #12 PASS candidates: 0


========== SWEEP #13 (seed=55) ==========

  · donchian_raw: sign-flip (+10.22→-3.14) (train=+10.22 held_pnl=-11.2%)
  · rsi_mean_reversion: sign-flip (+7.83→-3.75) (train=+7.83 held_pnl=-22.4%)
  · bollinger_breakout: sign-flip (+14.78→-1.01) (train=+14.78 held_pnl=-3.4%)
  · bollinger_mr: sign-flip (+12.03→-3.41) (train=+12.03 held_pnl=-10.5%)
  · macd_momentum: train_fail s=-999.00 (train=+nan held_pnl=+0.0%)
  · atr_squeeze_breakout: sign-flip (+29.20→-8.59) (train=+29.20 held_pnl=-37.8%)
  · momentum_n_consec: sign-flip (+9.62→-4.66) (train=+9.62 held_pnl=-30.5%)
  · volume_breakout: sign-flip (+8.39→-5.79) (train=+8.39 held_pnl=-23.5%)
  · ema_crossover: sign-flip (+7.68→-2.97) (train=+7.68 held_pnl=-16.8%)
  · price_channel_with_atr: sign-flip (+9.60→-4.40) (train=+9.60 held_pnl=-19.1%)

  Sweep #13 PASS candidates: 0


========== SWEEP #14 (seed=56) ==========

  · donchian_raw: sign-flip (+11.57→-6.11) (train=+11.57 held_pnl=-24.9%)
  · rsi_mean_reversion: sign-flip (+20.79→-9.35) (train=+20.79 held_pnl=-25.4%)
  · bollinger_breakout: sign-flip (+13.19→-5.55) (train=+13.19 held_pnl=-24.1%)
  · bollinger_mr: sign-flip (+11.13→-5.70) (train=+11.13 held_pnl=-16.0%)
  · macd_momentum: train_fail s=-999.00 (train=+nan held_pnl=+0.0%)
  · atr_squeeze_breakout: sign-flip (+29.34→-11.28) (train=+29.34 held_pnl=-17.0%)
  · momentum_n_consec: sign-flip (+9.51→-5.97) (train=+9.51 held_pnl=-32.8%)
  · volume_breakout: sign-flip (+7.84→-2.01) (train=+7.84 held_pnl=-11.3%)
  · ema_crossover: sign-flip (+8.78→-3.37) (train=+8.78 held_pnl=-15.2%)
  · price_channel_with_atr: sign-flip (+10.09→-4.77) (train=+10.09 held_pnl=-27.7%)

  Sweep #14 PASS candidates: 0


========== SWEEP #15 (seed=57) ==========

  · donchian_raw: sign-flip (+11.18→-6.05) (train=+11.18 held_pnl=-24.8%)
  · rsi_mean_reversion: sign-flip (+37.33→-6.86) (train=+37.33 held_pnl=-37.6%)
  · bollinger_breakout: sign-flip (+17.69→-2.65) (train=+17.69 held_pnl=-14.2%)
  · bollinger_mr: sign-flip (+11.37→-1.42) (train=+11.37 held_pnl=-5.6%)
  · macd_momentum: train_fail s=-999.00 (train=+nan held_pnl=+0.0%)
  · atr_squeeze_breakout: sign-flip (+35.84→-7.42) (train=+35.84 held_pnl=-17.6%)
  · momentum_n_consec: sign-flip (+10.66→-3.95) (train=+10.66 held_pnl=-19.8%)
  · volume_breakout: PnL fail (+2.2% < 10.0%) (train=+8.96 held_pnl=+2.2%)
  · ema_crossover: sign-flip (+8.62→-3.55) (train=+8.62 held_pnl=-16.8%)
  · price_channel_with_atr: sign-flip (+11.16→-6.33) (train=+11.16 held_pnl=-27.0%)

  Sweep #15 PASS candidates: 0


========== SWEEP #16 (seed=58) ==========

  · donchian_raw: sign-flip (+10.66→-4.14) (train=+10.66 held_pnl=-16.5%)
  · rsi_mean_reversion: sign-flip (+11.17→-6.04) (train=+11.17 held_pnl=-35.3%)
  · bollinger_breakout: sign-flip (+15.23→-4.68) (train=+15.23 held_pnl=-16.5%)
  · bollinger_mr: sign-flip (+10.01→-1.37) (train=+10.01 held_pnl=-5.3%)
  · macd_momentum: train_fail s=-999.00 (train=+nan held_pnl=+0.0%)
  · atr_squeeze_breakout: sign-flip (+33.95→-10.75) (train=+33.95 held_pnl=-30.4%)
  · momentum_n_consec: sign-flip (+8.78→-4.45) (train=+8.78 held_pnl=-30.0%)
  · volume_breakout: sign-flip (+8.33→-1.89) (train=+8.33 held_pnl=-8.6%)
  · ema_crossover: sign-flip (+7.97→-4.25) (train=+7.97 held_pnl=-22.5%)
  · price_channel_with_atr: sign-flip (+9.34→-0.57) (train=+9.34 held_pnl=-1.9%)

  Sweep #16 PASS candidates: 0


========== SWEEP #17 (seed=59) ==========

  · donchian_raw: sign-flip (+11.82→-1.93) (train=+11.82 held_pnl=-7.1%)
  · rsi_mean_reversion: sign-flip (+22.88→-13.72) (train=+22.88 held_pnl=-41.8%)
  · bollinger_breakout: sign-flip (+11.44→-6.89) (train=+11.44 held_pnl=-24.4%)
  · bollinger_mr: sign-flip (+10.47→-4.76) (train=+10.47 held_pnl=-15.2%)
  · macd_momentum: train_fail s=-999.00 (train=+nan held_pnl=+0.0%)
  · atr_squeeze_breakout: sign-flip (+34.32→-6.27) (train=+34.32 held_pnl=-26.9%)
  · momentum_n_consec: sign-flip (+13.13→-6.45) (train=+13.13 held_pnl=-29.5%)
  · volume_breakout: sign-flip (+8.19→-1.92) (train=+8.19 held_pnl=-7.0%)
  · ema_crossover: sign-flip (+7.32→-4.21) (train=+7.32 held_pnl=-20.6%)
  · price_channel_with_atr: sign-flip (+8.77→-4.67) (train=+8.77 held_pnl=-18.7%)

  Sweep #17 PASS candidates: 0


========== SWEEP #18 (seed=60) ==========

  · donchian_raw: sign-flip (+11.58→-5.65) (train=+11.58 held_pnl=-24.0%)
  · rsi_mean_reversion: sign-flip (+7.83→-4.54) (train=+7.83 held_pnl=-30.6%)
  · bollinger_breakout: sign-flip (+15.21→-5.23) (train=+15.21 held_pnl=-19.6%)
  · bollinger_mr: sign-flip (+8.76→-1.18) (train=+8.76 held_pnl=-5.1%)
  · macd_momentum: train_fail s=-999.00 (train=+nan held_pnl=+0.0%)
  · atr_squeeze_breakout: sign-flip (+30.70→-5.47) (train=+30.70 held_pnl=-21.5%)
  · momentum_n_consec: sign-flip (+14.59→-6.29) (train=+14.59 held_pnl=-27.8%)
  · volume_breakout: sign-flip (+9.93→-4.19) (train=+9.93 held_pnl=-11.8%)
  · ema_crossover: sign-flip (+8.62→-3.47) (train=+8.62 held_pnl=-18.2%)
  · price_channel_with_atr: sign-flip (+9.25→-1.79) (train=+9.25 held_pnl=-8.8%)

  Sweep #18 PASS candidates: 0


========== SWEEP #19 (seed=61) ==========

  · donchian_raw: sign-flip (+10.88→-5.27) (train=+10.88 held_pnl=-21.6%)
  · rsi_mean_reversion: sign-flip (+9.68→-15.24) (train=+9.68 held_pnl=-35.2%)
  · bollinger_breakout: sign-flip (+17.76→-2.58) (train=+17.76 held_pnl=-13.7%)
  · bollinger_mr: sign-flip (+9.02→-0.89) (train=+9.02 held_pnl=-4.4%)
  · macd_momentum: train_fail s=-999.00 (train=+nan held_pnl=+0.0%)
  · atr_squeeze_breakout: sign-flip (+29.20→-11.03) (train=+29.20 held_pnl=-41.8%)
  · momentum_n_consec: sign-flip (+10.51→-6.49) (train=+10.51 held_pnl=-33.7%)
  · volume_breakout: sign-flip (+6.33→-2.18) (train=+6.33 held_pnl=-6.6%)
  · ema_crossover: sign-flip (+7.89→-4.23) (train=+7.89 held_pnl=-21.5%)
  · price_channel_with_atr: sign-flip (+11.96→-5.75) (train=+11.96 held_pnl=-24.1%)

  Sweep #19 PASS candidates: 0


========== SWEEP #20 (seed=62) ==========

  · donchian_raw: sign-flip (+9.49→-4.62) (train=+9.49 held_pnl=-13.8%)
  · rsi_mean_reversion: sign-flip (+9.13→-4.70) (train=+9.13 held_pnl=-36.8%)
  · bollinger_breakout: sign-flip (+15.34→-4.36) (train=+15.34 held_pnl=-16.2%)
  · bollinger_mr: sign-flip (+12.00→-2.12) (train=+12.00 held_pnl=-8.9%)
  · macd_momentum: train_fail s=-999.00 (train=+nan held_pnl=+0.0%)
  · atr_squeeze_breakout: sign-flip (+30.68→-8.25) (train=+30.68 held_pnl=-23.2%)
  · momentum_n_consec: sign-flip (+9.91→-6.54) (train=+9.91 held_pnl=-34.2%)
  · volume_breakout: sign-flip (+10.61→-0.60) (train=+10.61 held_pnl=-1.6%)
  · ema_crossover: sign-flip (+7.91→-8.08) (train=+7.91 held_pnl=-32.3%)
  · price_channel_with_atr: sign-flip (+11.81→-5.72) (train=+11.81 held_pnl=-24.4%)

  Sweep #20 PASS candidates: 0


========== SWEEP #21 (seed=63) ==========

  · donchian_raw: sign-flip (+11.72→-1.61) (train=+11.72 held_pnl=-5.6%)
  · rsi_mean_reversion: sign-flip (+8.78→-6.32) (train=+8.78 held_pnl=-41.9%)
  · bollinger_breakout: sign-flip (+13.92→-0.64) (train=+13.92 held_pnl=-3.3%)
  · bollinger_mr: sign-flip (+12.52→-1.37) (train=+12.52 held_pnl=-4.8%)
  · macd_momentum: train_fail s=-999.00 (train=+nan held_pnl=+0.0%)
  · atr_squeeze_breakout: sign-flip (+29.19→-10.80) (train=+29.19 held_pnl=-19.1%)
  · momentum_n_consec: sign-flip (+12.67→-7.30) (train=+12.67 held_pnl=-32.3%)
  ★ volume_breakout: PASS held-out Sharpe=3.42 PnL=+14.0% ★
  · ema_crossover: sign-flip (+8.74→-4.30) (train=+8.74 held_pnl=-21.0%)
  · price_channel_with_atr: sign-flip (+11.18→-5.78) (train=+11.18 held_pnl=-23.5%)

  Sweep #21 PASS candidates: 1
    volume_breakout: train Sharpe=9.60 → held-out PnL=+14.0%
      params: atr_period=12_atr_stop_mult=2.8083_exit_lookback_n=9_lookback_n=10_vol_mult=1.9156_vol_window=20

  ★ PASS #1 в sweep #21 (продолжаем continuous)


========== SWEEP #22 (seed=64) ==========

  · donchian_raw: sign-flip (+10.06→-5.75) (train=+10.06 held_pnl=-20.9%)
  · rsi_mean_reversion: sign-flip (+12.46→-2.25) (train=+12.46 held_pnl=-14.2%)
  · bollinger_breakout: sign-flip (+15.62→-2.36) (train=+15.62 held_pnl=-12.2%)
  · bollinger_mr: sign-flip (+7.19→-3.51) (train=+7.19 held_pnl=-17.6%)
  · macd_momentum: train_fail s=-999.00 (train=+nan held_pnl=+0.0%)
  · atr_squeeze_breakout: sign-flip (+33.55→-11.44) (train=+33.55 held_pnl=-26.3%)
  · momentum_n_consec: sign-flip (+10.00→-5.65) (train=+10.00 held_pnl=-31.9%)
  · volume_breakout: sign-flip (+7.21→-2.32) (train=+7.21 held_pnl=-8.3%)
  · ema_crossover: sign-flip (+7.97→-6.35) (train=+7.97 held_pnl=-33.0%)
  · price_channel_with_atr: sign-flip (+10.88→-6.20) (train=+10.88 held_pnl=-26.7%)

  Sweep #22 PASS candidates: 0


========== SWEEP #23 (seed=65) ==========

  · donchian_raw: sign-flip (+9.49→-5.69) (train=+9.49 held_pnl=-27.0%)
  · rsi_mean_reversion: sign-flip (+11.37→-6.75) (train=+11.37 held_pnl=-43.6%)
  · bollinger_breakout: sign-flip (+14.01→-3.37) (train=+14.01 held_pnl=-10.9%)
  · bollinger_mr: sign-flip (+12.37→-1.14) (train=+12.37 held_pnl=-4.0%)
  · macd_momentum: train_fail s=-999.00 (train=+nan held_pnl=+0.0%)
  · atr_squeeze_breakout: sign-flip (+32.82→-8.95) (train=+32.82 held_pnl=-36.3%)
  · momentum_n_consec: sign-flip (+10.49→-6.04) (train=+10.49 held_pnl=-30.9%)
  · volume_breakout: sign-flip (+9.41→-3.40) (train=+9.41 held_pnl=-17.1%)
  · ema_crossover: sign-flip (+7.71→-4.27) (train=+7.71 held_pnl=-26.1%)
  · price_channel_with_atr: sign-flip (+11.66→-6.26) (train=+11.66 held_pnl=-25.8%)

  Sweep #23 PASS candidates: 0


========== SWEEP #24 (seed=66) ==========

  · donchian_raw: sign-flip (+11.83→-3.37) (train=+11.83 held_pnl=-12.7%)
  · rsi_mean_reversion: sign-flip (+13.07→-5.00) (train=+13.07 held_pnl=-30.9%)
  · bollinger_breakout: sign-flip (+32.37→-0.33) (train=+32.37 held_pnl=-0.9%)
  · bollinger_mr: sign-flip (+11.51→-1.39) (train=+11.51 held_pnl=-5.0%)
  · macd_momentum: train_fail s=-999.00 (train=+nan held_pnl=+0.0%)
  · atr_squeeze_breakout: sign-flip (+26.09→-7.39) (train=+26.09 held_pnl=-18.0%)
  · momentum_n_consec: sign-flip (+9.87→-4.84) (train=+9.87 held_pnl=-23.5%)
  · volume_breakout: sign-flip (+8.17→-0.85) (train=+8.17 held_pnl=-3.8%)
  · ema_crossover: sign-flip (+7.49→-2.97) (train=+7.49 held_pnl=-16.8%)
  · price_channel_with_atr: sign-flip (+8.37→-1.41) (train=+8.37 held_pnl=-6.6%)

  Sweep #24 PASS candidates: 0


========== SWEEP #25 (seed=67) ==========

  · donchian_raw: sign-flip (+10.27→-6.06) (train=+10.27 held_pnl=-23.4%)
  · rsi_mean_reversion: sign-flip (+47.22→-5.82) (train=+47.22 held_pnl=-22.0%)
  · bollinger_breakout: sign-flip (+14.78→-0.64) (train=+14.78 held_pnl=-3.2%)
  · bollinger_mr: sign-flip (+11.47→-0.78) (train=+11.47 held_pnl=-2.4%)
  · macd_momentum: train_fail s=-999.00 (train=+nan held_pnl=+0.0%)
  · atr_squeeze_breakout: sign-flip (+29.96→-11.93) (train=+29.96 held_pnl=-20.7%)
  · momentum_n_consec: sign-flip (+9.21→-4.94) (train=+9.21 held_pnl=-30.9%)
  · volume_breakout: PnL fail (+4.9% < 10.0%) (train=+8.80 held_pnl=+4.9%)
  · ema_crossover: sign-flip (+9.02→-4.74) (train=+9.02 held_pnl=-21.1%)
  · price_channel_with_atr: sign-flip (+9.77→-4.79) (train=+9.77 held_pnl=-27.0%)

  Sweep #25 PASS candidates: 0


========== SWEEP #26 (seed=68) ==========

  · donchian_raw: sign-flip (+11.35→-6.83) (train=+11.35 held_pnl=-24.3%)
  · rsi_mean_reversion: sign-flip (+31.63→-6.94) (train=+31.63 held_pnl=-48.2%)
  · bollinger_breakout: sign-flip (+24.68→-1.46) (train=+24.68 held_pnl=-3.7%)
  · bollinger_mr: sign-flip (+12.26→-4.19) (train=+12.26 held_pnl=-13.9%)
  · macd_momentum: train_fail s=-999.00 (train=+nan held_pnl=+0.0%)
  · atr_squeeze_breakout: sign-flip (+31.14→-10.54) (train=+31.14 held_pnl=-43.2%)
  · momentum_n_consec: sign-flip (+13.87→-6.50) (train=+13.87 held_pnl=-29.3%)
  · volume_breakout: sign-flip (+9.14→-1.80) (train=+9.14 held_pnl=-8.5%)
  · ema_crossover: sign-flip (+8.62→-3.55) (train=+8.62 held_pnl=-16.8%)
  · price_channel_with_atr: sign-flip (+11.02→-6.23) (train=+11.02 held_pnl=-26.9%)

  Sweep #26 PASS candidates: 0


========== SWEEP #27 (seed=69) ==========

  · donchian_raw: sign-flip (+11.73→-3.10) (train=+11.73 held_pnl=-11.2%)
  · rsi_mean_reversion: sign-flip (+5.99→-3.62) (train=+5.99 held_pnl=-30.9%)
  · bollinger_breakout: sign-flip (+12.33→-2.70) (train=+12.33 held_pnl=-13.4%)
  · bollinger_mr: sign-flip (+9.62→-3.29) (train=+9.62 held_pnl=-10.6%)
  · macd_momentum: train_fail s=-999.00 (train=+nan held_pnl=+0.0%)
  · atr_squeeze_breakout: sign-flip (+28.94→-9.45) (train=+28.94 held_pnl=-36.9%)
  · momentum_n_consec: sign-flip (+10.09→-5.69) (train=+10.09 held_pnl=-27.8%)
  · volume_breakout: sign-flip (+7.84→-6.90) (train=+7.84 held_pnl=-38.8%)
  · ema_crossover: sign-flip (+8.78→-3.37) (train=+8.78 held_pnl=-15.2%)
  · price_channel_with_atr: sign-flip (+9.20→-4.81) (train=+9.20 held_pnl=-27.9%)

  Sweep #27 PASS candidates: 0


========== SWEEP #28 (seed=70) ==========

  · donchian_raw: sign-flip (+11.89→-3.33) (train=+11.89 held_pnl=-12.5%)
  · rsi_mean_reversion: sign-flip (+32.36→-4.90) (train=+32.36 held_pnl=-24.1%)
  · bollinger_breakout: PnL fail (+0.8% < 10.0%) (train=+27.79 held_pnl=+0.8%)
  · bollinger_mr: sign-flip (+9.04→-0.76) (train=+9.04 held_pnl=-3.7%)
  · macd_momentum: train_fail s=-999.00 (train=+nan held_pnl=+0.0%)
  · atr_squeeze_breakout: sign-flip (+28.50→-4.99) (train=+28.50 held_pnl=-19.5%)
  · momentum_n_consec: sign-flip (+10.44→-5.55) (train=+10.44 held_pnl=-28.8%)
  ★ volume_breakout: PASS held-out Sharpe=4.13 PnL=+10.6% ★
  · ema_crossover: sign-flip (+9.02→-4.74) (train=+9.02 held_pnl=-21.1%)
  · price_channel_with_atr: sign-flip (+9.29→-2.69) (train=+9.29 held_pnl=-7.8%)

  Sweep #28 PASS candidates: 1
    volume_breakout: train Sharpe=10.38 → held-out PnL=+10.6%
      params: atr_period=8_atr_stop_mult=2.8265_exit_lookback_n=9_lookback_n=10_vol_mult=1.3786_vol_window=15

  ★ PASS #2 в sweep #28 (продолжаем continuous)


========== SWEEP #29 (seed=71) ==========

  · donchian_raw: sign-flip (+11.87→-3.10) (train=+11.87 held_pnl=-11.2%)
  · rsi_mean_reversion: sign-flip (+21.04→-4.28) (train=+21.04 held_pnl=-14.7%)
  · bollinger_breakout: sign-flip (+13.89→-4.23) (train=+13.89 held_pnl=-16.5%)
  · bollinger_mr: sign-flip (+12.24→-6.92) (train=+12.24 held_pnl=-21.8%)
  · macd_momentum: train_fail s=-999.00 (train=+nan held_pnl=+0.0%)
  · atr_squeeze_breakout: sign-flip (+34.44→-8.81) (train=+34.44 held_pnl=-28.9%)
  · momentum_n_consec: sign-flip (+9.95→-5.86) (train=+9.95 held_pnl=-33.7%)
  · volume_breakout: sign-flip (+7.83→-3.75) (train=+7.83 held_pnl=-18.2%)
  · ema_crossover: sign-flip (+8.74→-3.53) (train=+8.74 held_pnl=-19.0%)
  · price_channel_with_atr: sign-flip (+8.31→-3.43) (train=+8.31 held_pnl=-16.3%)

  Sweep #29 PASS candidates: 0


========== SWEEP #30 (seed=72) ==========

  · donchian_raw: sign-flip (+12.15→-6.83) (train=+12.15 held_pnl=-24.3%)
  · rsi_mean_reversion: sign-flip (+62.34→-6.50) (train=+62.34 held_pnl=-27.7%)
  · bollinger_breakout: sign-flip (+12.75→-2.48) (train=+12.75 held_pnl=-12.6%)
  · bollinger_mr: sign-flip (+11.47→-1.54) (train=+11.47 held_pnl=-4.5%)
  · macd_momentum: train_fail s=-999.00 (train=+nan held_pnl=+0.0%)
  · atr_squeeze_breakout: sign-flip (+28.88→-9.50) (train=+28.88 held_pnl=-39.0%)
  · momentum_n_consec: sign-flip (+8.97→-4.88) (train=+8.97 held_pnl=-23.8%)
  · volume_breakout: PnL fail (+5.8% < 10.0%) (train=+10.05 held_pnl=+5.8%)
  · ema_crossover: sign-flip (+7.73→-5.16) (train=+7.73 held_pnl=-20.8%)
  · price_channel_with_atr: sign-flip (+9.57→-4.41) (train=+9.57 held_pnl=-19.1%)

  Sweep #30 PASS candidates: 0


========== SWEEP #31 (seed=73) ==========

  · donchian_raw: sign-flip (+10.86→-2.06) (train=+10.86 held_pnl=-7.2%)
  · rsi_mean_reversion: sign-flip (+20.62→-7.11) (train=+20.62 held_pnl=-46.5%)
  · bollinger_breakout: sign-flip (+13.80→-1.55) (train=+13.80 held_pnl=-7.8%)
  · bollinger_mr: sign-flip (+9.25→-3.77) (train=+9.25 held_pnl=-11.7%)
  · macd_momentum: train_fail s=-999.00 (train=+nan held_pnl=+0.0%)
  · atr_squeeze_breakout: sign-flip (+30.89→-9.71) (train=+30.89 held_pnl=-18.3%)
  · momentum_n_consec: sign-flip (+10.52→-4.23) (train=+10.52 held_pnl=-20.5%)
  · volume_breakout: sign-flip (+7.98→-0.23) (train=+7.98 held_pnl=-0.7%)
  · ema_crossover: sign-flip (+8.07→-4.97) (train=+8.07 held_pnl=-20.7%)
  · price_channel_with_atr: sign-flip (+10.78→-5.73) (train=+10.78 held_pnl=-25.0%)

  Sweep #31 PASS candidates: 0


========== SWEEP #32 (seed=74) ==========

  · donchian_raw: sign-flip (+11.36→-6.83) (train=+11.36 held_pnl=-24.3%)
  · rsi_mean_reversion: sign-flip (+46.01→-5.51) (train=+46.01 held_pnl=-48.7%)
  · bollinger_breakout: PnL fail (+2.3% < 10.0%) (train=+24.70 held_pnl=+2.3%)
  · bollinger_mr: sign-flip (+10.73→-3.92) (train=+10.73 held_pnl=-11.2%)
  · macd_momentum: train_fail s=-999.00 (train=+nan held_pnl=+0.0%)
  · atr_squeeze_breakout: sign-flip (+27.03→-6.97) (train=+27.03 held_pnl=-22.0%)
  · momentum_n_consec: sign-flip (+11.13→-6.27) (train=+11.13 held_pnl=-31.3%)
  · volume_breakout: sign-flip (+8.62→-1.89) (train=+8.62 held_pnl=-8.5%)
  · ema_crossover: sign-flip (+8.95→-8.08) (train=+8.95 held_pnl=-32.3%)
  · price_channel_with_atr: sign-flip (+11.75→-5.69) (train=+11.75 held_pnl=-24.3%)

  Sweep #32 PASS candidates: 0


========== SWEEP #33 (seed=75) ==========

  · donchian_raw: sign-flip (+10.64→-2.94) (train=+10.64 held_pnl=-10.7%)
  · rsi_mean_reversion: sign-flip (+36.96→-11.21) (train=+36.96 held_pnl=-29.7%)
  · bollinger_breakout: sign-flip (+15.13→-2.27) (train=+15.13 held_pnl=-8.5%)
  · bollinger_mr: sign-flip (+10.43→-0.75) (train=+10.43 held_pnl=-2.5%)
  · macd_momentum: train_fail s=-999.00 (train=+nan held_pnl=+0.0%)
  · atr_squeeze_breakout: sign-flip (+29.14→-8.51) (train=+29.14 held_pnl=-16.4%)
  · momentum_n_consec: sign-flip (+14.12→-6.89) (train=+14.12 held_pnl=-30.8%)
  ★ volume_breakout: PASS held-out Sharpe=6.22 PnL=+16.2% ★
  · ema_crossover: sign-flip (+6.96→-5.13) (train=+6.96 held_pnl=-37.8%)
  · price_channel_with_atr: sign-flip (+11.42→-6.10) (train=+11.42 held_pnl=-26.7%)

  Sweep #33 PASS candidates: 1
    volume_breakout: train Sharpe=9.43 → held-out PnL=+16.2%
      params: atr_period=14_atr_stop_mult=2.987_exit_lookback_n=9_lookback_n=10_vol_mult=1.2074_vol_window=11

  ★ PASS #3 в sweep #33 (продолжаем continuous)


========== SWEEP #34 (seed=76) ==========

  · donchian_raw: sign-flip (+11.51→-5.64) (train=+11.51 held_pnl=-24.1%)
  · rsi_mean_reversion: sign-flip (+58.75→-14.78) (train=+58.75 held_pnl=-38.3%)
  · bollinger_breakout: sign-flip (+14.85→-2.57) (train=+14.85 held_pnl=-13.2%)
  · bollinger_mr: sign-flip (+11.80→-5.34) (train=+11.80 held_pnl=-19.2%)
  · macd_momentum: train_fail s=-999.00 (train=+nan held_pnl=+0.0%)
  · atr_squeeze_breakout: sign-flip (+35.61→-5.45) (train=+35.61 held_pnl=-13.9%)
  · momentum_n_consec: sign-flip (+10.29→-5.15) (train=+10.29 held_pnl=-25.8%)
  · volume_breakout: sign-flip (+10.57→-3.00) (train=+10.57 held_pnl=-9.6%)
  · ema_crossover: sign-flip (+8.63→-4.54) (train=+8.63 held_pnl=-25.4%)
  · price_channel_with_atr: sign-flip (+9.86→-4.69) (train=+9.86 held_pnl=-18.7%)

  Sweep #34 PASS candidates: 0


========== SWEEP #35 (seed=77) ==========

  · donchian_raw: sign-flip (+11.81→-3.40) (train=+11.81 held_pnl=-12.9%)
  · rsi_mean_reversion: sign-flip (+81.78→-4.58) (train=+81.78 held_pnl=-22.9%)
  · bollinger_breakout: sign-flip (+13.81→-4.85) (train=+13.81 held_pnl=-16.1%)
  · bollinger_mr: sign-flip (+11.56→-1.65) (train=+11.56 held_pnl=-4.9%)
  · macd_momentum: train_fail s=-999.00 (train=+nan held_pnl=+0.0%)
  · atr_squeeze_breakout: sign-flip (+28.99→-8.48) (train=+28.99 held_pnl=-32.3%)
  · momentum_n_consec: sign-flip (+8.88→-5.77) (train=+8.88 held_pnl=-31.1%)
  · volume_breakout: sign-flip (+9.42→-2.48) (train=+9.42 held_pnl=-7.3%)
  · ema_crossover: sign-flip (+8.63→-4.54) (train=+8.63 held_pnl=-25.4%)
  · price_channel_with_atr: sign-flip (+12.22→-7.44) (train=+12.22 held_pnl=-30.2%)

  Sweep #35 PASS candidates: 0


========== SWEEP #36 (seed=78) ==========

  · donchian_raw: sign-flip (+10.43→-3.07) (train=+10.43 held_pnl=-10.8%)
  · rsi_mean_reversion: sign-flip (+6.06→-4.99) (train=+6.06 held_pnl=-43.0%)
  · bollinger_breakout: sign-flip (+16.57→-0.68) (train=+16.57 held_pnl=-3.4%)
  · bollinger_mr: sign-flip (+12.32→-4.36) (train=+12.32 held_pnl=-14.0%)
  · macd_momentum: train_fail s=-999.00 (train=+nan held_pnl=+0.0%)
  · atr_squeeze_breakout: sign-flip (+28.62→-7.40) (train=+28.62 held_pnl=-13.9%)
  · momentum_n_consec: sign-flip (+12.02→-6.70) (train=+12.02 held_pnl=-30.1%)
  · volume_breakout: sign-flip (+12.66→-2.85) (train=+12.66 held_pnl=-9.1%)
  · ema_crossover: sign-flip (+8.63→-4.38) (train=+8.63 held_pnl=-27.2%)
  · price_channel_with_atr: sign-flip (+9.26→-3.47) (train=+9.26 held_pnl=-10.7%)

  Sweep #36 PASS candidates: 0


========== SWEEP #37 (seed=79) ==========

  · donchian_raw: sign-flip (+11.00→-3.54) (train=+11.00 held_pnl=-12.8%)
  · rsi_mean_reversion: sign-flip (+10.50→-5.59) (train=+10.50 held_pnl=-45.9%)
  · bollinger_breakout: sign-flip (+26.74→-1.70) (train=+26.74 held_pnl=-5.2%)
  · bollinger_mr: sign-flip (+8.64→-2.41) (train=+8.64 held_pnl=-12.3%)
  · macd_momentum: train_fail s=-999.00 (train=+nan held_pnl=+0.0%)
  · atr_squeeze_breakout: sign-flip (+34.18→-8.24) (train=+34.18 held_pnl=-16.4%)
  · momentum_n_consec: PnL fail (+2.9% < 10.0%) (train=+8.04 held_pnl=+2.9%)
  · volume_breakout: sign-flip (+7.88→-4.65) (train=+7.88 held_pnl=-13.3%)
  · ema_crossover: sign-flip (+8.09→-3.55) (train=+8.09 held_pnl=-15.2%)
  · price_channel_with_atr: sign-flip (+11.14→-6.68) (train=+11.14 held_pnl=-27.9%)

  Sweep #37 PASS candidates: 0


========== SWEEP #38 (seed=80) ==========

  · donchian_raw: sign-flip (+11.63→-5.00) (train=+11.63 held_pnl=-19.4%)
  · rsi_mean_reversion: sign-flip (+38.97→-10.42) (train=+38.97 held_pnl=-30.2%)
  · bollinger_breakout: PnL fail (+0.2% < 10.0%) (train=+30.59 held_pnl=+0.2%)
  · bollinger_mr: PnL fail (+1.3% < 10.0%) (train=+11.96 held_pnl=+1.3%)
  · macd_momentum: train_fail s=-999.00 (train=+nan held_pnl=+0.0%)
  · atr_squeeze_breakout: sign-flip (+29.84→-8.08) (train=+29.84 held_pnl=-32.8%)
  · momentum_n_consec: sign-flip (+9.45→-5.75) (train=+9.45 held_pnl=-36.9%)
  · volume_breakout: sign-flip (+10.42→-2.89) (train=+10.42 held_pnl=-11.0%)
  · ema_crossover: sign-flip (+7.68→-2.97) (train=+7.68 held_pnl=-16.8%)
  · price_channel_with_atr: sign-flip (+11.14→-4.13) (train=+11.14 held_pnl=-16.0%)

  Sweep #38 PASS candidates: 0


========== SWEEP #39 (seed=81) ==========

  · donchian_raw: sign-flip (+10.31→-2.89) (train=+10.31 held_pnl=-10.5%)
  · rsi_mean_reversion: sign-flip (+14.89→-4.87) (train=+14.89 held_pnl=-31.2%)
  · bollinger_breakout: sign-flip (+14.58→-7.54) (train=+14.58 held_pnl=-30.0%)
  · bollinger_mr: sign-flip (+11.98→-5.29) (train=+11.98 held_pnl=-19.2%)
  · macd_momentum: train_fail s=-999.00 (train=+nan held_pnl=+0.0%)
  · atr_squeeze_breakout: sign-flip (+32.87→-10.59) (train=+32.87 held_pnl=-38.1%)
  · momentum_n_consec: sign-flip (+9.18→-5.79) (train=+9.18 held_pnl=-29.1%)
  · volume_breakout: PnL fail (+1.6% < 10.0%) (train=+7.67 held_pnl=+1.6%)
  · ema_crossover: sign-flip (+8.63→-4.54) (train=+8.63 held_pnl=-25.4%)
  · price_channel_with_atr: sign-flip (+8.94→-3.48) (train=+8.94 held_pnl=-11.1%)

  Sweep #39 PASS candidates: 0


========== SWEEP #40 (seed=82) ==========

  · donchian_raw: sign-flip (+11.17→-3.16) (train=+11.17 held_pnl=-11.8%)
  · rsi_mean_reversion: sign-flip (+68.40→-6.78) (train=+68.40 held_pnl=-29.4%)
  · bollinger_breakout: sign-flip (+25.96→-2.24) (train=+25.96 held_pnl=-4.7%)
  · bollinger_mr: sign-flip (+9.21→-0.75) (train=+9.21 held_pnl=-3.8%)
  · macd_momentum: train_fail s=-999.00 (train=+nan held_pnl=+0.0%)
  · atr_squeeze_breakout: sign-flip (+30.48→-8.02) (train=+30.48 held_pnl=-29.1%)
  · momentum_n_consec: sign-flip (+10.21→-5.29) (train=+10.21 held_pnl=-25.5%)
  · volume_breakout: PnL fail (+0.9% < 10.0%) (train=+7.67 held_pnl=+0.9%)
  · ema_crossover: sign-flip (+8.74→-3.69) (train=+8.74 held_pnl=-17.2%)
  · price_channel_with_atr: sign-flip (+9.84→-4.28) (train=+9.84 held_pnl=-17.6%)

  Sweep #40 PASS candidates: 0


========== SWEEP #41 (seed=83) ==========

  · donchian_raw: sign-flip (+11.86→-3.34) (train=+11.86 held_pnl=-12.6%)
  · rsi_mean_reversion: sign-flip (+59.38→-6.74) (train=+59.38 held_pnl=-50.1%)
  · bollinger_breakout: PnL fail (+2.4% < 10.0%) (train=+29.12 held_pnl=+2.4%)
  · bollinger_mr: sign-flip (+10.71→-7.90) (train=+10.71 held_pnl=-24.4%)
  · macd_momentum: train_fail s=-999.00 (train=+nan held_pnl=+0.0%)
  · atr_squeeze_breakout: sign-flip (+34.16→-10.85) (train=+34.16 held_pnl=-22.3%)
  · momentum_n_consec: sign-flip (+10.79→-4.18) (train=+10.79 held_pnl=-20.3%)
  · volume_breakout: PnL fail (+1.3% < 10.0%) (train=+10.28 held_pnl=+1.3%)
  · ema_crossover: sign-flip (+8.63→-4.54) (train=+8.63 held_pnl=-25.4%)
  · price_channel_with_atr: sign-flip (+8.20→-4.61) (train=+8.20 held_pnl=-23.5%)

  Sweep #41 PASS candidates: 0


========== SWEEP #42 (seed=84) ==========

  · donchian_raw: sign-flip (+10.41→-3.10) (train=+10.41 held_pnl=-11.6%)
  · rsi_mean_reversion: sign-flip (+33.08→-10.89) (train=+33.08 held_pnl=-37.4%)
  · bollinger_breakout: sign-flip (+15.26→-2.03) (train=+15.26 held_pnl=-6.6%)
  · bollinger_mr: sign-flip (+12.00→-3.59) (train=+12.00 held_pnl=-11.3%)
  · macd_momentum: train_fail s=-999.00 (train=+nan held_pnl=+0.0%)
  · atr_squeeze_breakout: sign-flip (+30.37→-11.50) (train=+30.37 held_pnl=-44.8%)
  · momentum_n_consec: sign-flip (+10.03→-5.72) (train=+10.03 held_pnl=-27.7%)
  · volume_breakout: sign-flip (+8.18→-3.37) (train=+8.18 held_pnl=-16.4%)
  · ema_crossover: sign-flip (+8.63→-4.44) (train=+8.63 held_pnl=-26.7%)
  · price_channel_with_atr: sign-flip (+9.48→-2.55) (train=+9.48 held_pnl=-11.8%)

  Sweep #42 PASS candidates: 0


========== SWEEP #43 (seed=85) ==========

  · donchian_raw: sign-flip (+12.48→-6.83) (train=+12.48 held_pnl=-24.3%)
  · rsi_mean_reversion: sign-flip (+29.38→-10.80) (train=+29.38 held_pnl=-31.2%)
  · bollinger_breakout: sign-flip (+13.88→-3.19) (train=+13.88 held_pnl=-12.2%)
  · bollinger_mr: sign-flip (+10.82→-1.21) (train=+10.82 held_pnl=-4.9%)
  · macd_momentum: train_fail s=-999.00 (train=+nan held_pnl=+0.0%)
  · atr_squeeze_breakout: sign-flip (+29.78→-10.14) (train=+29.78 held_pnl=-40.6%)
  · momentum_n_consec: sign-flip (+13.92→-7.07) (train=+13.92 held_pnl=-32.2%)
  · volume_breakout: sign-flip (+9.06→-1.69) (train=+9.06 held_pnl=-7.8%)
  · ema_crossover: sign-flip (+8.09→-3.55) (train=+8.09 held_pnl=-15.2%)
  · price_channel_with_atr: sign-flip (+11.19→-6.24) (train=+11.19 held_pnl=-26.1%)

  Sweep #43 PASS candidates: 0


========== SWEEP #44 (seed=86) ==========

  · donchian_raw: sign-flip (+11.04→-4.29) (train=+11.04 held_pnl=-15.9%)
  · rsi_mean_reversion: sign-flip (+55.98→-11.01) (train=+55.98 held_pnl=-28.3%)
  · bollinger_breakout: sign-flip (+14.91→-4.33) (train=+14.91 held_pnl=-14.6%)
  · bollinger_mr: sign-flip (+8.80→-3.37) (train=+8.80 held_pnl=-15.1%)
  · macd_momentum: train_fail s=-999.00 (train=+nan held_pnl=+0.0%)
  · atr_squeeze_breakout: sign-flip (+31.95→-7.21) (train=+31.95 held_pnl=-13.4%)
  · momentum_n_consec: sign-flip (+10.09→-5.62) (train=+10.09 held_pnl=-35.8%)
  · volume_breakout: sign-flip (+10.55→-4.02) (train=+10.55 held_pnl=-11.6%)
  · ema_crossover: sign-flip (+7.90→-3.51) (train=+7.90 held_pnl=-17.7%)
  · price_channel_with_atr: sign-flip (+10.23→-4.35) (train=+10.23 held_pnl=-25.1%)

  Sweep #44 PASS candidates: 0


========== SWEEP #45 (seed=87) ==========

  · donchian_raw: sign-flip (+11.17→-5.85) (train=+11.17 held_pnl=-26.2%)
  · rsi_mean_reversion: sign-flip (+13.13→-5.79) (train=+13.13 held_pnl=-39.1%)
  · bollinger_breakout: sign-flip (+14.73→-4.59) (train=+14.73 held_pnl=-19.2%)
  · bollinger_mr: sign-flip (+8.76→-4.47) (train=+8.76 held_pnl=-19.8%)
  · macd_momentum: train_fail s=-999.00 (train=+nan held_pnl=+0.0%)
  · atr_squeeze_breakout: sign-flip (+30.04→-7.08) (train=+30.04 held_pnl=-25.9%)
  · momentum_n_consec: sign-flip (+10.34→-5.54) (train=+10.34 held_pnl=-28.8%)
  · volume_breakout: sign-flip (+9.23→-3.76) (train=+9.23 held_pnl=-12.2%)
  · ema_crossover: sign-flip (+7.46→-5.06) (train=+7.46 held_pnl=-19.3%)
  · price_channel_with_atr: sign-flip (+9.07→-4.89) (train=+9.07 held_pnl=-27.5%)

  Sweep #45 PASS candidates: 0


========== SWEEP #46 (seed=88) ==========

  · donchian_raw: sign-flip (+11.80→-5.71) (train=+11.80 held_pnl=-23.9%)
  · rsi_mean_reversion: sign-flip (+9.04→-4.61) (train=+9.04 held_pnl=-45.5%)
  · bollinger_breakout: sign-flip (+13.85→-5.20) (train=+13.85 held_pnl=-19.1%)
  · bollinger_mr: sign-flip (+7.82→-0.57) (train=+7.82 held_pnl=-2.3%)
  · macd_momentum: train_fail s=-999.00 (train=+nan held_pnl=+0.0%)
  · atr_squeeze_breakout: sign-flip (+30.02→-6.37) (train=+30.02 held_pnl=-11.7%)
  · momentum_n_consec: sign-flip (+12.34→-6.51) (train=+12.34 held_pnl=-30.1%)
  · volume_breakout: sign-flip (+9.08→-0.65) (train=+9.08 held_pnl=-2.5%)
  · ema_crossover: sign-flip (+6.90→-6.67) (train=+6.90 held_pnl=-34.5%)
  · price_channel_with_atr: sign-flip (+11.21→-5.71) (train=+11.21 held_pnl=-23.9%)

  Sweep #46 PASS candidates: 0


========== SWEEP #47 (seed=89) ==========

  · donchian_raw: sign-flip (+11.00→-3.77) (train=+11.00 held_pnl=-14.2%)
  · rsi_mean_reversion: sign-flip (+76.06→-6.04) (train=+76.06 held_pnl=-24.4%)
  · bollinger_breakout: sign-flip (+14.40→-1.08) (train=+14.40 held_pnl=-5.6%)
  · bollinger_mr: sign-flip (+8.98→-3.34) (train=+8.98 held_pnl=-11.1%)
  · macd_momentum: train_fail s=-999.00 (train=+nan held_pnl=+0.0%)
  · atr_squeeze_breakout: sign-flip (+30.13→-6.59) (train=+30.13 held_pnl=-27.2%)
  · momentum_n_consec: sign-flip (+13.63→-6.46) (train=+13.63 held_pnl=-29.0%)
  · volume_breakout: sign-flip (+10.62→-0.14) (train=+10.62 held_pnl=-0.4%)
  · ema_crossover: sign-flip (+8.48→-4.07) (train=+8.48 held_pnl=-22.6%)
  · price_channel_with_atr: sign-flip (+12.12→-5.78) (train=+12.12 held_pnl=-23.7%)

  Sweep #47 PASS candidates: 0


========== SWEEP #48 (seed=90) ==========

  · donchian_raw: sign-flip (+11.76→-3.10) (train=+11.76 held_pnl=-11.2%)
  · rsi_mean_reversion: sign-flip (+56.09→-6.96) (train=+56.09 held_pnl=-52.5%)
  · bollinger_breakout: sign-flip (+15.02→-4.05) (train=+15.02 held_pnl=-13.2%)
  · bollinger_mr: sign-flip (+11.98→-7.64) (train=+11.98 held_pnl=-24.1%)
  · macd_momentum: train_fail s=-999.00 (train=+nan held_pnl=+0.0%)
  · atr_squeeze_breakout: sign-flip (+30.67→-9.97) (train=+30.67 held_pnl=-20.1%)
  · momentum_n_consec: sign-flip (+9.34→-4.42) (train=+9.34 held_pnl=-27.5%)
  · volume_breakout: PnL fail (+5.5% < 10.0%) (train=+10.50 held_pnl=+5.5%)
  · ema_crossover: sign-flip (+7.41→-6.35) (train=+7.41 held_pnl=-33.0%)
  · price_channel_with_atr: sign-flip (+9.17→-3.44) (train=+9.17 held_pnl=-10.8%)

  Sweep #48 PASS candidates: 0


========== SWEEP #49 (seed=91) ==========

  · donchian_raw: sign-flip (+12.22→-6.83) (train=+12.22 held_pnl=-24.3%)
  · rsi_mean_reversion: sign-flip (+59.42→-6.60) (train=+59.42 held_pnl=-43.8%)
  · bollinger_breakout: sign-flip (+14.43→-1.37) (train=+14.43 held_pnl=-6.9%)
  · bollinger_mr: sign-flip (+11.39→-1.95) (train=+11.39 held_pnl=-6.0%)
  · macd_momentum: train_fail s=-999.00 (train=+nan held_pnl=+0.0%)
  · atr_squeeze_breakout: sign-flip (+29.62→-8.45) (train=+29.62 held_pnl=-11.8%)
  · momentum_n_consec: sign-flip (+11.13→-6.27) (train=+11.13 held_pnl=-31.3%)
  · volume_breakout: sign-flip (+8.70→-0.13) (train=+8.70 held_pnl=-0.4%)
  · ema_crossover: sign-flip (+6.72→-5.61) (train=+6.72 held_pnl=-43.3%)
  · price_channel_with_atr: sign-flip (+11.02→-6.30) (train=+11.02 held_pnl=-26.5%)

  Sweep #49 PASS candidates: 0


========== SWEEP #50 (seed=92) ==========

  · donchian_raw: sign-flip (+11.81→-3.10) (train=+11.81 held_pnl=-11.2%)
  · rsi_mean_reversion: sign-flip (+20.66→-8.58) (train=+20.66 held_pnl=-22.9%)
  · bollinger_breakout: sign-flip (+14.04→-0.82) (train=+14.04 held_pnl=-4.1%)
  · bollinger_mr: sign-flip (+7.01→-2.02) (train=+7.01 held_pnl=-8.5%)
  · macd_momentum: train_fail s=-999.00 (train=+nan held_pnl=+0.0%)
  · atr_squeeze_breakout: sign-flip (+33.66→-10.60) (train=+33.66 held_pnl=-25.5%)
  · momentum_n_consec: sign-flip (+9.29→-6.27) (train=+9.29 held_pnl=-33.7%)
  · volume_breakout: sign-flip (+8.31→-4.83) (train=+8.31 held_pnl=-22.8%)
  · ema_crossover: sign-flip (+8.72→-7.43) (train=+8.72 held_pnl=-31.4%)
  · price_channel_with_atr: sign-flip (+10.34→-4.80) (train=+10.34 held_pnl=-27.2%)

  Sweep #50 PASS candidates: 0


========== SWEEP #51 (seed=93) ==========

  · donchian_raw: sign-flip (+11.84→-3.37) (train=+11.84 held_pnl=-12.7%)
  · rsi_mean_reversion: sign-flip (+54.54→-6.62) (train=+54.54 held_pnl=-25.0%)
  · bollinger_breakout: sign-flip (+15.86→-2.40) (train=+15.86 held_pnl=-12.5%)
  · bollinger_mr: sign-flip (+11.61→-1.29) (train=+11.61 held_pnl=-3.8%)
  · macd_momentum: train_fail s=-999.00 (train=+nan held_pnl=+0.0%)
  · atr_squeeze_breakout: sign-flip (+26.56→-8.68) (train=+26.56 held_pnl=-38.4%)
  · momentum_n_consec: sign-flip (+13.71→-6.44) (train=+13.71 held_pnl=-32.6%)
  · volume_breakout: PnL fail (+5.0% < 10.0%) (train=+9.57 held_pnl=+5.0%)
  · ema_crossover: sign-flip (+8.78→-4.01) (train=+8.78 held_pnl=-19.0%)
  · price_channel_with_atr: sign-flip (+8.83→-2.46) (train=+8.83 held_pnl=-12.2%)

  Sweep #51 PASS candidates: 0


========== SWEEP #52 (seed=94) ==========

  · donchian_raw: sign-flip (+10.87→-3.54) (train=+10.87 held_pnl=-12.8%)
  · rsi_mean_reversion: sign-flip (+82.02→-6.77) (train=+82.02 held_pnl=-47.4%)
  · bollinger_breakout: sign-flip (+12.19→-2.64) (train=+12.19 held_pnl=-13.9%)
  · bollinger_mr: sign-flip (+12.12→-2.78) (train=+12.12 held_pnl=-8.1%)
  · macd_momentum: train_fail s=-999.00 (train=+nan held_pnl=+0.0%)
  · atr_squeeze_breakout: sign-flip (+30.37→-7.23) (train=+30.37 held_pnl=-11.8%)
  · momentum_n_consec: sign-flip (+10.40→-5.58) (train=+10.40 held_pnl=-27.7%)
  · volume_breakout: sign-flip (+9.00→-5.60) (train=+9.00 held_pnl=-23.1%)
  · ema_crossover: sign-flip (+8.00→-4.53) (train=+8.00 held_pnl=-32.9%)
  · price_channel_with_atr: sign-flip (+8.44→-6.41) (train=+8.44 held_pnl=-31.8%)

  Sweep #52 PASS candidates: 0


========== SWEEP #53 (seed=95) ==========

  · donchian_raw: sign-flip (+12.09→-1.88) (train=+12.09 held_pnl=-6.8%)
  · rsi_mean_reversion: sign-flip (+10.30→-5.51) (train=+10.30 held_pnl=-38.9%)
  · bollinger_breakout: sign-flip (+12.88→-2.34) (train=+12.88 held_pnl=-8.2%)
  · bollinger_mr: PnL fail (+0.0% < 10.0%) (train=+11.81 held_pnl=+0.0%)
  · macd_momentum: train_fail s=-999.00 (train=+nan held_pnl=+0.0%)
  · atr_squeeze_breakout: sign-flip (+28.23→-9.17) (train=+28.23 held_pnl=-40.4%)
  · momentum_n_consec: sign-flip (+9.84→-5.55) (train=+9.84 held_pnl=-28.8%)
  · volume_breakout: sign-flip (+9.37→-4.99) (train=+9.37 held_pnl=-18.6%)
  · ema_crossover: sign-flip (+6.99→-4.38) (train=+6.99 held_pnl=-30.8%)
  · price_channel_with_atr: sign-flip (+9.86→-4.25) (train=+9.86 held_pnl=-17.6%)

  Sweep #53 PASS candidates: 0


========== SWEEP #54 (seed=96) ==========

  · donchian_raw: sign-flip (+12.40→-6.83) (train=+12.40 held_pnl=-24.3%)
  · rsi_mean_reversion: sign-flip (+72.01→-7.41) (train=+72.01 held_pnl=-53.4%)
  · bollinger_breakout: sign-flip (+14.84→-4.58) (train=+14.84 held_pnl=-16.7%)
  · bollinger_mr: sign-flip (+9.20→-0.94) (train=+9.20 held_pnl=-3.1%)
  · macd_momentum: train_fail s=-999.00 (train=+nan held_pnl=+0.0%)
  · atr_squeeze_breakout: sign-flip (+28.65→-9.21) (train=+28.65 held_pnl=-35.8%)
  · momentum_n_consec: sign-flip (+14.07→-6.97) (train=+14.07 held_pnl=-31.3%)
  · volume_breakout: PnL fail (+7.3% < 10.0%) (train=+9.15 held_pnl=+7.3%)
  · ema_crossover: sign-flip (+7.94→-4.07) (train=+7.94 held_pnl=-21.6%)
  · price_channel_with_atr: sign-flip (+9.95→-5.09) (train=+9.95 held_pnl=-28.8%)

  Sweep #54 PASS candidates: 0


========== SWEEP #55 (seed=97) ==========

  · donchian_raw: sign-flip (+11.01→-3.77) (train=+11.01 held_pnl=-14.2%)
  · rsi_mean_reversion: sign-flip (+36.49→-7.86) (train=+36.49 held_pnl=-36.3%)
  · bollinger_breakout: sign-flip (+12.27→-1.92) (train=+12.27 held_pnl=-9.9%)
  · bollinger_mr: sign-flip (+12.24→-7.27) (train=+12.24 held_pnl=-24.1%)
  · macd_momentum: train_fail s=-999.00 (train=+nan held_pnl=+0.0%)
  · atr_squeeze_breakout: sign-flip (+27.11→-9.45) (train=+27.11 held_pnl=-51.1%)
  · momentum_n_consec: PnL fail (+1.5% < 10.0%) (train=+8.94 held_pnl=+1.5%)
  · volume_breakout: sign-flip (+8.71→-0.50) (train=+8.71 held_pnl=-2.4%)
  · ema_crossover: sign-flip (+8.74→-3.58) (train=+8.74 held_pnl=-18.7%)
  · price_channel_with_atr: sign-flip (+10.87→-6.17) (train=+10.87 held_pnl=-25.9%)

  Sweep #55 PASS candidates: 0


========== SWEEP #56 (seed=98) ==========

  · donchian_raw: sign-flip (+11.06→-6.19) (train=+11.06 held_pnl=-26.3%)
  · rsi_mean_reversion: sign-flip (+36.23→-14.85) (train=+36.23 held_pnl=-36.8%)
  · bollinger_breakout: sign-flip (+14.59→-5.50) (train=+14.59 held_pnl=-20.6%)
  · bollinger_mr: sign-flip (+10.57→-3.67) (train=+10.57 held_pnl=-13.8%)
  · macd_momentum: train_fail s=-999.00 (train=+nan held_pnl=+0.0%)
  · atr_squeeze_breakout: sign-flip (+31.20→-6.38) (train=+31.20 held_pnl=-11.3%)
  · momentum_n_consec: sign-flip (+9.78→-5.91) (train=+9.78 held_pnl=-29.2%)
  · volume_breakout: sign-flip (+12.09→-5.24) (train=+12.09 held_pnl=-19.8%)
  · ema_crossover: sign-flip (+9.02→-4.74) (train=+9.02 held_pnl=-21.1%)
  · price_channel_with_atr: sign-flip (+9.96→-4.34) (train=+9.96 held_pnl=-18.2%)

  Sweep #56 PASS candidates: 0


========== SWEEP #57 (seed=99) ==========

  · donchian_raw: sign-flip (+10.26→-5.75) (train=+10.26 held_pnl=-20.9%)
  · rsi_mean_reversion: sign-flip (+33.31→-6.81) (train=+33.31 held_pnl=-50.9%)
  · bollinger_breakout: sign-flip (+13.85→-3.64) (train=+13.85 held_pnl=-14.7%)
  · bollinger_mr: sign-flip (+10.97→-1.33) (train=+10.97 held_pnl=-5.2%)
  · macd_momentum: train_fail s=-999.00 (train=+nan held_pnl=+0.0%)
  · atr_squeeze_breakout: sign-flip (+32.42→-8.79) (train=+32.42 held_pnl=-17.9%)
  · momentum_n_consec: sign-flip (+10.49→-5.57) (train=+10.49 held_pnl=-26.5%)
  · volume_breakout: sign-flip (+9.52→-5.83) (train=+9.52 held_pnl=-25.7%)
  · ema_crossover: sign-flip (+7.70→-6.67) (train=+7.70 held_pnl=-34.5%)
  · price_channel_with_atr: sign-flip (+10.13→-6.21) (train=+10.13 held_pnl=-26.1%)

  Sweep #57 PASS candidates: 0


========== SWEEP #58 (seed=100) ==========

  · donchian_raw: sign-flip (+12.31→-6.83) (train=+12.31 held_pnl=-24.3%)
  · rsi_mean_reversion: sign-flip (+18.74→-6.37) (train=+18.74 held_pnl=-26.3%)
  · bollinger_breakout: sign-flip (+14.31→-2.09) (train=+14.31 held_pnl=-7.5%)
  · bollinger_mr: sign-flip (+8.97→-0.72) (train=+8.97 held_pnl=-3.8%)
  · macd_momentum: train_fail s=-999.00 (train=+nan held_pnl=+0.0%)
  · atr_squeeze_breakout: sign-flip (+26.69→-7.09) (train=+26.69 held_pnl=-16.9%)
  · momentum_n_consec: sign-flip (+14.10→-6.40) (train=+14.10 held_pnl=-29.1%)
  · volume_breakout: sign-flip (+7.37→-3.86) (train=+7.37 held_pnl=-12.4%)
  · ema_crossover: sign-flip (+7.97→-4.25) (train=+7.97 held_pnl=-22.5%)
  · price_channel_with_atr: sign-flip (+9.29→-2.34) (train=+9.29 held_pnl=-9.8%)

  Sweep #58 PASS candidates: 0


========== SWEEP #59 (seed=101) ==========

  · donchian_raw: sign-flip (+10.69→-1.23) (train=+10.69 held_pnl=-4.3%)
  · rsi_mean_reversion: sign-flip (+78.80→-8.02) (train=+78.80 held_pnl=-37.3%)
  · bollinger_breakout: sign-flip (+14.04→-4.56) (train=+14.04 held_pnl=-16.3%)
  · bollinger_mr: sign-flip (+10.37→-7.61) (train=+10.37 held_pnl=-19.5%)
  · macd_momentum: train_fail s=-999.00 (train=+nan held_pnl=+0.0%)
  · atr_squeeze_breakout: sign-flip (+36.64→-4.86) (train=+36.64 held_pnl=-11.3%)
  · momentum_n_consec: sign-flip (+9.94→-4.89) (train=+9.94 held_pnl=-23.9%)
  · volume_breakout: sign-flip (+10.46→-4.13) (train=+10.46 held_pnl=-16.1%)
  · ema_crossover: sign-flip (+8.63→-4.43) (train=+8.63 held_pnl=-26.8%)
  · price_channel_with_atr: sign-flip (+11.24→-4.63) (train=+11.24 held_pnl=-18.3%)

  Sweep #59 PASS candidates: 0


========== SWEEP #60 (seed=102) ==========

  · donchian_raw: sign-flip (+10.12→-2.93) (train=+10.12 held_pnl=-10.8%)
  · rsi_mean_reversion: sign-flip (+15.56→-4.04) (train=+15.56 held_pnl=-40.2%)
  · bollinger_breakout: sign-flip (+13.88→-4.20) (train=+13.88 held_pnl=-16.4%)
  · bollinger_mr: sign-flip (+11.00→-0.34) (train=+11.00 held_pnl=-1.3%)
  · macd_momentum: train_fail s=-999.00 (train=+nan held_pnl=+0.0%)
  · atr_squeeze_breakout: sign-flip (+32.39→-6.38) (train=+32.39 held_pnl=-27.2%)
  · momentum_n_consec: sign-flip (+14.02→-6.51) (train=+14.02 held_pnl=-29.8%)
  · volume_breakout: sign-flip (+9.30→-4.83) (train=+9.30 held_pnl=-27.7%)
  · ema_crossover: sign-flip (+8.74→-3.57) (train=+8.74 held_pnl=-18.7%)
  · price_channel_with_atr: sign-flip (+8.68→-1.99) (train=+8.68 held_pnl=-10.1%)

  Sweep #60 PASS candidates: 0


========== SWEEP #61 (seed=103) ==========

  · donchian_raw: sign-flip (+11.94→-3.30) (train=+11.94 held_pnl=-12.3%)
  · rsi_mean_reversion: sign-flip (+16.85→-6.20) (train=+16.85 held_pnl=-39.0%)
  · bollinger_breakout: sign-flip (+13.34→-5.33) (train=+13.34 held_pnl=-20.9%)
  · bollinger_mr: sign-flip (+13.02→-1.65) (train=+13.02 held_pnl=-5.9%)
  · macd_momentum: train_fail s=-999.00 (train=+nan held_pnl=+0.0%)
  · atr_squeeze_breakout: sign-flip (+29.88→-8.50) (train=+29.88 held_pnl=-16.4%)
  · momentum_n_consec: sign-flip (+10.78→-4.82) (train=+10.78 held_pnl=-23.7%)
  · volume_breakout: sign-flip (+7.44→-2.25) (train=+7.44 held_pnl=-9.0%)
  · ema_crossover: sign-flip (+6.92→-3.42) (train=+6.92 held_pnl=-14.0%)
  · price_channel_with_atr: sign-flip (+11.02→-6.26) (train=+11.02 held_pnl=-26.7%)

  Sweep #61 PASS candidates: 0


========== SWEEP #62 (seed=104) ==========

  · donchian_raw: sign-flip (+10.98→-3.80) (train=+10.98 held_pnl=-14.4%)
  · rsi_mean_reversion: sign-flip (+57.20→-14.61) (train=+57.20 held_pnl=-37.3%)
  · bollinger_breakout: sign-flip (+12.18→-1.54) (train=+12.18 held_pnl=-6.7%)
  · bollinger_mr: sign-flip (+10.89→-0.32) (train=+10.89 held_pnl=-1.2%)
  · macd_momentum: train_fail s=-999.00 (train=+nan held_pnl=+0.0%)
  · atr_squeeze_breakout: sign-flip (+26.23→-5.38) (train=+26.23 held_pnl=-21.7%)
  · momentum_n_consec: sign-flip (+13.92→-6.83) (train=+13.92 held_pnl=-30.3%)
  · volume_breakout: sign-flip (+10.90→-6.16) (train=+10.90 held_pnl=-26.0%)
  · ema_crossover: sign-flip (+9.83→-7.43) (train=+9.83 held_pnl=-31.4%)
  · price_channel_with_atr: sign-flip (+11.76→-5.70) (train=+11.76 held_pnl=-23.9%)

  Sweep #62 PASS candidates: 0


========== SWEEP #63 (seed=105) ==========

  · donchian_raw: sign-flip (+11.83→-3.37) (train=+11.83 held_pnl=-12.8%)
  · rsi_mean_reversion: sign-flip (+7.96→-6.54) (train=+7.96 held_pnl=-26.8%)
  · bollinger_breakout: sign-flip (+14.43→-5.49) (train=+14.43 held_pnl=-22.5%)
  · bollinger_mr: sign-flip (+7.52→-1.42) (train=+7.52 held_pnl=-5.8%)
  · macd_momentum: train_fail s=-999.00 (train=+nan held_pnl=+0.0%)
  · atr_squeeze_breakout: sign-flip (+30.23→-7.41) (train=+30.23 held_pnl=-32.4%)
  · momentum_n_consec: sign-flip (+8.14→-5.50) (train=+8.14 held_pnl=-30.7%)
  · volume_breakout: sign-flip (+8.65→-1.21) (train=+8.65 held_pnl=-3.7%)
  · ema_crossover: sign-flip (+8.78→-3.37) (train=+8.78 held_pnl=-15.2%)
  · price_channel_with_atr: sign-flip (+11.94→-5.75) (train=+11.94 held_pnl=-24.2%)

  Sweep #63 PASS candidates: 0


========== SWEEP #64 (seed=106) ==========

  · donchian_raw: sign-flip (+10.69→-1.26) (train=+10.69 held_pnl=-4.3%)
  · rsi_mean_reversion: sign-flip (+22.22→-6.83) (train=+22.22 held_pnl=-27.6%)
  · bollinger_breakout: PnL fail (+2.9% < 10.0%) (train=+25.09 held_pnl=+2.9%)
  · bollinger_mr: sign-flip (+8.77→-1.44) (train=+8.77 held_pnl=-7.4%)
  · macd_momentum: train_fail s=-999.00 (train=+nan held_pnl=+0.0%)
  · atr_squeeze_breakout: sign-flip (+29.77→-8.53) (train=+29.77 held_pnl=-33.2%)
  · momentum_n_consec: sign-flip (+9.39→-5.80) (train=+9.39 held_pnl=-31.5%)
  · volume_breakout: sign-flip (+9.40→-4.74) (train=+9.40 held_pnl=-19.4%)
  · ema_crossover: sign-flip (+7.70→-6.67) (train=+7.70 held_pnl=-34.5%)
  · price_channel_with_atr: sign-flip (+11.89→-7.40) (train=+11.89 held_pnl=-32.7%)

  Sweep #64 PASS candidates: 0


========== SWEEP #65 (seed=107) ==========

  · donchian_raw: sign-flip (+11.03→-3.76) (train=+11.03 held_pnl=-14.1%)
  · rsi_mean_reversion: sign-flip (+54.68→-6.20) (train=+54.68 held_pnl=-24.4%)
  · bollinger_breakout: sign-flip (+25.75→-0.62) (train=+25.75 held_pnl=-1.5%)
  · bollinger_mr: sign-flip (+11.93→-2.51) (train=+11.93 held_pnl=-11.0%)
  · macd_momentum: train_fail s=-999.00 (train=+nan held_pnl=+0.0%)
  · atr_squeeze_breakout: sign-flip (+32.11→-10.17) (train=+32.11 held_pnl=-25.2%)
  · momentum_n_consec: sign-flip (+11.65→-7.32) (train=+11.65 held_pnl=-32.6%)
  · volume_breakout: sign-flip (+10.78→-4.20) (train=+10.78 held_pnl=-16.4%)
  · ema_crossover: sign-flip (+8.63→-4.54) (train=+8.63 held_pnl=-25.4%)
  · price_channel_with_atr: sign-flip (+10.77→-5.73) (train=+10.77 held_pnl=-25.5%)

  Sweep #65 PASS candidates: 0


========== SWEEP #66 (seed=108) ==========

  · donchian_raw: sign-flip (+11.86→-3.35) (train=+11.86 held_pnl=-12.6%)
  · rsi_mean_reversion: sign-flip (+39.11→-7.69) (train=+39.11 held_pnl=-32.1%)
  · bollinger_breakout: sign-flip (+13.02→-4.54) (train=+13.02 held_pnl=-15.3%)
  · bollinger_mr: sign-flip (+10.08→-3.12) (train=+10.08 held_pnl=-10.1%)
  · macd_momentum: train_fail s=-999.00 (train=+nan held_pnl=+0.0%)
  · atr_squeeze_breakout: sign-flip (+30.87→-10.10) (train=+30.87 held_pnl=-20.2%)
  · momentum_n_consec: PnL fail (+2.1% < 10.0%) (train=+9.60 held_pnl=+2.1%)
  · volume_breakout: sign-flip (+8.70→-2.21) (train=+8.70 held_pnl=-6.6%)
  · ema_crossover: sign-flip (+8.00→-4.59) (train=+8.00 held_pnl=-31.9%)
  · price_channel_with_atr: sign-flip (+9.71→-5.94) (train=+9.71 held_pnl=-26.0%)

  Sweep #66 PASS candidates: 0


========== SWEEP #67 (seed=109) ==========

  · donchian_raw: sign-flip (+11.55→-5.13) (train=+11.55 held_pnl=-20.0%)
  · rsi_mean_reversion: sign-flip (+11.35→-5.59) (train=+11.35 held_pnl=-38.9%)
  · bollinger_breakout: sign-flip (+14.68→-4.22) (train=+14.68 held_pnl=-13.8%)
  · bollinger_mr: sign-flip (+9.97→-1.34) (train=+9.97 held_pnl=-5.6%)
  · macd_momentum: train_fail s=-999.00 (train=+nan held_pnl=+0.0%)
  · atr_squeeze_breakout: sign-flip (+32.57→-6.60) (train=+32.57 held_pnl=-12.5%)
  · momentum_n_consec: sign-flip (+9.62→-4.92) (train=+9.62 held_pnl=-29.7%)
  · volume_breakout: PnL fail (+8.6% < 10.0%) (train=+8.09 held_pnl=+8.6%)
  · ema_crossover: sign-flip (+8.74→-4.13) (train=+8.74 held_pnl=-22.7%)
  · price_channel_with_atr: sign-flip (+10.94→-6.29) (train=+10.94 held_pnl=-27.2%)

  Sweep #67 PASS candidates: 0


========== SWEEP #68 (seed=110) ==========

  · donchian_raw: sign-flip (+10.33→-3.40) (train=+10.33 held_pnl=-12.3%)
  · rsi_mean_reversion: sign-flip (+14.55→-5.98) (train=+14.55 held_pnl=-41.9%)
  · bollinger_breakout: sign-flip (+14.15→-4.10) (train=+14.15 held_pnl=-14.2%)
  · bollinger_mr: sign-flip (+11.25→-2.72) (train=+11.25 held_pnl=-8.5%)
  · macd_momentum: train_fail s=-999.00 (train=+nan held_pnl=+0.0%)
  · atr_squeeze_breakout: sign-flip (+34.19→-6.78) (train=+34.19 held_pnl=-16.1%)
  · momentum_n_consec: sign-flip (+10.54→-4.04) (train=+10.54 held_pnl=-20.5%)
  · volume_breakout: sign-flip (+9.28→-3.86) (train=+9.28 held_pnl=-11.1%)
  · ema_crossover: sign-flip (+7.97→-3.42) (train=+7.97 held_pnl=-15.2%)
  · price_channel_with_atr: sign-flip (+9.38→-4.28) (train=+9.38 held_pnl=-17.7%)

  Sweep #68 PASS candidates: 0


========== SWEEP #69 (seed=111) ==========

  · donchian_raw: sign-flip (+10.22→-1.38) (train=+10.22 held_pnl=-4.9%)
  · rsi_mean_reversion: sign-flip (+36.75→-6.60) (train=+36.75 held_pnl=-34.5%)
  · bollinger_breakout: sign-flip (+26.66→-1.46) (train=+26.66 held_pnl=-4.5%)
  · bollinger_mr: sign-flip (+8.93→-1.40) (train=+8.93 held_pnl=-7.1%)
  · macd_momentum: train_fail s=-999.00 (train=+nan held_pnl=+0.0%)
  · atr_squeeze_breakout: sign-flip (+28.20→-8.82) (train=+28.20 held_pnl=-38.1%)
  · momentum_n_consec: sign-flip (+13.93→-6.78) (train=+13.93 held_pnl=-30.8%)
  · volume_breakout: sign-flip (+9.51→-3.05) (train=+9.51 held_pnl=-11.3%)
  · ema_crossover: sign-flip (+8.62→-3.55) (train=+8.62 held_pnl=-16.8%)
  · price_channel_with_atr: sign-flip (+12.12→-6.22) (train=+12.12 held_pnl=-26.3%)

  Sweep #69 PASS candidates: 0


========== SWEEP #70 (seed=112) ==========

  · donchian_raw: sign-flip (+10.94→-6.05) (train=+10.94 held_pnl=-24.8%)
  · rsi_mean_reversion: sign-flip (+16.15→-6.31) (train=+16.15 held_pnl=-34.3%)
  · bollinger_breakout: sign-flip (+15.12→-2.69) (train=+15.12 held_pnl=-13.9%)
  · bollinger_mr: sign-flip (+11.55→-0.75) (train=+11.55 held_pnl=-2.9%)
  · macd_momentum: train_fail s=-999.00 (train=+nan held_pnl=+0.0%)
  · atr_squeeze_breakout: sign-flip (+29.04→-9.36) (train=+29.04 held_pnl=-39.7%)
  · momentum_n_consec: PnL fail (+2.9% < 10.0%) (train=+8.04 held_pnl=+2.9%)
  · volume_breakout: sign-flip (+10.78→-1.87) (train=+10.78 held_pnl=-6.2%)
  · ema_crossover: sign-flip (+8.62→-3.55) (train=+8.62 held_pnl=-16.8%)
  · price_channel_with_atr: sign-flip (+9.93→-8.27) (train=+9.93 held_pnl=-34.7%)

  Sweep #70 PASS candidates: 0


========== SWEEP #71 (seed=113) ==========

  · donchian_raw: sign-flip (+12.37→-6.83) (train=+12.37 held_pnl=-24.3%)
  · rsi_mean_reversion: sign-flip (+26.69→-4.21) (train=+26.69 held_pnl=-18.6%)
  · bollinger_breakout: sign-flip (+17.56→-2.62) (train=+17.56 held_pnl=-14.0%)
  · bollinger_mr: sign-flip (+12.81→-5.19) (train=+12.81 held_pnl=-18.6%)
  · macd_momentum: train_fail s=-999.00 (train=+nan held_pnl=+0.0%)
  · atr_squeeze_breakout: sign-flip (+26.74→-4.03) (train=+26.74 held_pnl=-10.3%)
  · momentum_n_consec: sign-flip (+8.96→-5.42) (train=+8.96 held_pnl=-29.5%)
  · volume_breakout: PnL fail (+8.8% < 10.0%) (train=+7.05 held_pnl=+8.8%)
  · ema_crossover: sign-flip (+7.21→-4.25) (train=+7.21 held_pnl=-22.5%)
  · price_channel_with_atr: sign-flip (+9.76→-1.16) (train=+9.76 held_pnl=-3.9%)

  Sweep #71 PASS candidates: 0


========== SWEEP #72 (seed=114) ==========

  · donchian_raw: sign-flip (+11.90→-5.74) (train=+11.90 held_pnl=-24.2%)
  · rsi_mean_reversion: sign-flip (+83.09→-6.16) (train=+83.09 held_pnl=-33.7%)
  · bollinger_breakout: sign-flip (+12.15→-4.62) (train=+12.15 held_pnl=-17.8%)
  · bollinger_mr: sign-flip (+11.80→-1.49) (train=+11.80 held_pnl=-4.8%)
  · macd_momentum: train_fail s=-999.00 (train=+nan held_pnl=+0.0%)
  · atr_squeeze_breakout: sign-flip (+30.32→-8.81) (train=+30.32 held_pnl=-21.9%)
  · momentum_n_consec: sign-flip (+10.68→-4.61) (train=+10.68 held_pnl=-22.4%)
  · volume_breakout: sign-flip (+9.03→-0.04) (train=+9.03 held_pnl=-0.2%)
  · ema_crossover: sign-flip (+8.78→-3.37) (train=+8.78 held_pnl=-15.2%)
  · price_channel_with_atr: sign-flip (+10.55→-6.19) (train=+10.55 held_pnl=-23.6%)

  Sweep #72 PASS candidates: 0


========== SWEEP #73 (seed=115) ==========

  · donchian_raw: sign-flip (+11.90→-3.33) (train=+11.90 held_pnl=-12.5%)
  · rsi_mean_reversion: sign-flip (+9.53→-6.09) (train=+9.53 held_pnl=-29.1%)
  · bollinger_breakout: PnL fail (+5.4% < 10.0%) (train=+27.26 held_pnl=+5.4%)
  · bollinger_mr: sign-flip (+12.03→-3.72) (train=+12.03 held_pnl=-14.1%)
  · macd_momentum: train_fail s=-999.00 (train=+nan held_pnl=+0.0%)
  · atr_squeeze_breakout: sign-flip (+31.22→-6.58) (train=+31.22 held_pnl=-15.4%)
  · momentum_n_consec: sign-flip (+13.79→-6.80) (train=+13.79 held_pnl=-30.1%)
  · volume_breakout: sign-flip (+7.65→-2.47) (train=+7.65 held_pnl=-11.5%)
  · ema_crossover: sign-flip (+9.02→-4.74) (train=+9.02 held_pnl=-21.1%)
  · price_channel_with_atr: sign-flip (+8.89→-4.72) (train=+8.89 held_pnl=-28.0%)

  Sweep #73 PASS candidates: 0


========== SWEEP #74 (seed=116) ==========

  · donchian_raw: sign-flip (+11.66→-5.67) (train=+11.66 held_pnl=-24.0%)
  · rsi_mean_reversion: sign-flip (+82.48→-14.32) (train=+82.48 held_pnl=-32.9%)
  · bollinger_breakout: sign-flip (+12.29→-8.84) (train=+12.29 held_pnl=-28.2%)
  · bollinger_mr: sign-flip (+10.72→-1.53) (train=+10.72 held_pnl=-6.4%)
  · macd_momentum: train_fail s=-999.00 (train=+nan held_pnl=+0.0%)
  · atr_squeeze_breakout: sign-flip (+31.86→-7.73) (train=+31.86 held_pnl=-10.6%)
  · momentum_n_consec: sign-flip (+9.00→-4.36) (train=+9.00 held_pnl=-28.3%)
  · volume_breakout: sign-flip (+10.93→-3.84) (train=+10.93 held_pnl=-10.5%)
  · ema_crossover: sign-flip (+9.02→-4.74) (train=+9.02 held_pnl=-21.1%)
  · price_channel_with_atr: sign-flip (+10.04→-6.18) (train=+10.04 held_pnl=-26.1%)

  Sweep #74 PASS candidates: 0


========== SWEEP #75 (seed=117) ==========

  · donchian_raw: sign-flip (+10.49→-6.83) (train=+10.49 held_pnl=-24.3%)
  · rsi_mean_reversion: sign-flip (+12.00→-5.18) (train=+12.00 held_pnl=-42.1%)
  · bollinger_breakout: sign-flip (+27.50→-3.09) (train=+27.50 held_pnl=-10.2%)
  · bollinger_mr: sign-flip (+8.84→-1.02) (train=+8.84 held_pnl=-5.1%)
  · macd_momentum: train_fail s=-999.00 (train=+nan held_pnl=+0.0%)
  · atr_squeeze_breakout: sign-flip (+30.53→-9.01) (train=+30.53 held_pnl=-39.0%)
  · momentum_n_consec: sign-flip (+10.68→-4.34) (train=+10.68 held_pnl=-21.4%)
  · volume_breakout: PnL fail (+3.5% < 10.0%) (train=+8.17 held_pnl=+3.5%)
  · ema_crossover: sign-flip (+8.63→-4.42) (train=+8.63 held_pnl=-26.9%)
  · price_channel_with_atr: sign-flip (+12.04→-5.77) (train=+12.04 held_pnl=-23.9%)

  Sweep #75 PASS candidates: 0


========== SWEEP #76 (seed=118) ==========

  · donchian_raw: sign-flip (+10.94→-2.06) (train=+10.94 held_pnl=-7.2%)
  · rsi_mean_reversion: sign-flip (+32.06→-4.34) (train=+32.06 held_pnl=-22.7%)
  · bollinger_breakout: sign-flip (+14.51→-1.89) (train=+14.51 held_pnl=-6.8%)
  · bollinger_mr: sign-flip (+8.82→-2.44) (train=+8.82 held_pnl=-8.9%)
  · macd_momentum: train_fail s=-999.00 (train=+nan held_pnl=+0.0%)
  · atr_squeeze_breakout: sign-flip (+36.01→-5.47) (train=+36.01 held_pnl=-21.7%)
  · momentum_n_consec: sign-flip (+13.37→-6.28) (train=+13.37 held_pnl=-28.0%)
  · volume_breakout: sign-flip (+7.13→-1.48) (train=+7.13 held_pnl=-6.7%)
  · ema_crossover: sign-flip (+8.32→-4.12) (train=+8.32 held_pnl=-22.1%)
  · price_channel_with_atr: sign-flip (+10.76→-5.68) (train=+10.76 held_pnl=-24.0%)

  Sweep #76 PASS candidates: 0


========== SWEEP #77 (seed=119) ==========

  · donchian_raw: sign-flip (+9.96→-3.34) (train=+9.96 held_pnl=-12.8%)
  · rsi_mean_reversion: sign-flip (+39.43→-7.38) (train=+39.43 held_pnl=-31.1%)
  · bollinger_breakout: sign-flip (+15.33→-2.00) (train=+15.33 held_pnl=-7.6%)
  · bollinger_mr: sign-flip (+8.21→-3.61) (train=+8.21 held_pnl=-15.0%)
  · macd_momentum: train_fail s=-999.00 (train=+nan held_pnl=+0.0%)
  · atr_squeeze_breakout: sign-flip (+30.42→-8.70) (train=+30.42 held_pnl=-29.5%)
  · momentum_n_consec: sign-flip (+14.17→-6.61) (train=+14.17 held_pnl=-29.5%)
  · volume_breakout: sign-flip (+9.89→-3.44) (train=+9.89 held_pnl=-9.1%)
  · ema_crossover: sign-flip (+7.97→-6.35) (train=+7.97 held_pnl=-33.0%)
  · price_channel_with_atr: sign-flip (+10.22→-4.23) (train=+10.22 held_pnl=-17.3%)

  Sweep #77 PASS candidates: 0


========== SWEEP #78 (seed=120) ==========

  · donchian_raw: sign-flip (+12.24→-6.83) (train=+12.24 held_pnl=-24.3%)
  · rsi_mean_reversion: sign-flip (+20.29→-4.27) (train=+20.29 held_pnl=-22.1%)
  · bollinger_breakout: sign-flip (+13.73→-5.01) (train=+13.73 held_pnl=-17.9%)
  · bollinger_mr: sign-flip (+8.55→-4.32) (train=+8.55 held_pnl=-15.3%)
  · macd_momentum: train_fail s=-999.00 (train=+nan held_pnl=+0.0%)
  · atr_squeeze_breakout: sign-flip (+35.42→-10.51) (train=+35.42 held_pnl=-30.1%)
  · momentum_n_consec: sign-flip (+9.42→-5.60) (train=+9.42 held_pnl=-29.7%)
  · volume_breakout: sign-flip (+10.20→-1.94) (train=+10.20 held_pnl=-5.1%)
  · ema_crossover: sign-flip (+6.84→-5.23) (train=+6.84 held_pnl=-37.5%)
  · price_channel_with_atr: sign-flip (+9.74→-3.29) (train=+9.74 held_pnl=-9.8%)

  Sweep #78 PASS candidates: 0


========== SWEEP #79 (seed=121) ==========

  · donchian_raw: sign-flip (+10.10→-4.34) (train=+10.10 held_pnl=-25.6%)
  · rsi_mean_reversion: sign-flip (+51.30→-4.20) (train=+51.30 held_pnl=-32.9%)
  · bollinger_breakout: sign-flip (+14.26→-3.06) (train=+14.26 held_pnl=-11.0%)
  · bollinger_mr: sign-flip (+11.59→-3.04) (train=+11.59 held_pnl=-10.4%)
  · macd_momentum: train_fail s=-999.00 (train=+nan held_pnl=+0.0%)
  · atr_squeeze_breakout: sign-flip (+28.38→-9.96) (train=+28.38 held_pnl=-36.4%)
  · momentum_n_consec: sign-flip (+9.92→-4.36) (train=+9.92 held_pnl=-25.8%)
  · volume_breakout: sign-flip (+8.16→-3.49) (train=+8.16 held_pnl=-14.6%)
  · ema_crossover: sign-flip (+9.02→-4.74) (train=+9.02 held_pnl=-21.1%)
  · price_channel_with_atr: sign-flip (+11.77→-5.71) (train=+11.77 held_pnl=-24.3%)

  Sweep #79 PASS candidates: 0


========== SWEEP #80 (seed=122) ==========

  · donchian_raw: sign-flip (+11.63→-5.00) (train=+11.63 held_pnl=-19.4%)
  · rsi_mean_reversion: sign-flip (+9.48→-3.24) (train=+9.48 held_pnl=-21.3%)
  · bollinger_breakout: sign-flip (+14.51→-9.25) (train=+14.51 held_pnl=-35.8%)
  · bollinger_mr: sign-flip (+8.05→-2.46) (train=+8.05 held_pnl=-10.2%)
  · macd_momentum: train_fail s=-999.00 (train=+nan held_pnl=+0.0%)
  · atr_squeeze_breakout: sign-flip (+29.59→-8.47) (train=+29.59 held_pnl=-16.9%)
  · momentum_n_consec: sign-flip (+12.46→-6.14) (train=+12.46 held_pnl=-27.7%)
  · volume_breakout: sign-flip (+9.36→-4.47) (train=+9.36 held_pnl=-13.8%)
  · ema_crossover: sign-flip (+7.31→-4.28) (train=+7.31 held_pnl=-20.6%)
  · price_channel_with_atr: sign-flip (+10.26→-4.32) (train=+10.26 held_pnl=-25.1%)

  Sweep #80 PASS candidates: 0


========== SWEEP #81 (seed=123) ==========

  · donchian_raw: sign-flip (+11.85→-1.89) (train=+11.85 held_pnl=-6.9%)
  · rsi_mean_reversion: sign-flip (+26.42→-2.37) (train=+26.42 held_pnl=-12.7%)
  · bollinger_breakout: PnL fail (+0.1% < 10.0%) (train=+32.82 held_pnl=+0.1%)
  · bollinger_mr: sign-flip (+5.63→-1.50) (train=+5.63 held_pnl=-7.5%)
  · macd_momentum: train_fail s=-999.00 (train=+nan held_pnl=+0.0%)
  · atr_squeeze_breakout: sign-flip (+28.41→-10.11) (train=+28.41 held_pnl=-37.2%)
  · momentum_n_consec: sign-flip (+10.77→-5.38) (train=+10.77 held_pnl=-25.1%)
  · volume_breakout: PnL fail (+1.4% < 10.0%) (train=+8.85 held_pnl=+1.4%)
  · ema_crossover: sign-flip (+8.23→-5.09) (train=+8.23 held_pnl=-22.3%)
  · price_channel_with_atr: sign-flip (+11.26→-4.72) (train=+11.26 held_pnl=-20.7%)

  Sweep #81 PASS candidates: 0


========== SWEEP #82 (seed=124) ==========

  · donchian_raw: sign-flip (+10.98→-5.14) (train=+10.98 held_pnl=-20.9%)
  · rsi_mean_reversion: sign-flip (+5.91→-5.30) (train=+5.91 held_pnl=-42.2%)
  · bollinger_breakout: sign-flip (+14.73→-5.34) (train=+14.73 held_pnl=-19.3%)
  · bollinger_mr: sign-flip (+10.08→-7.71) (train=+10.08 held_pnl=-24.7%)
  · macd_momentum: train_fail s=-999.00 (train=+nan held_pnl=+0.0%)
  · atr_squeeze_breakout: sign-flip (+31.02→-7.45) (train=+31.02 held_pnl=-16.9%)
  · momentum_n_consec: sign-flip (+12.86→-6.32) (train=+12.86 held_pnl=-31.5%)
  · volume_breakout: PnL fail (+6.4% < 10.0%) (train=+10.52 held_pnl=+6.4%)
  · ema_crossover: sign-flip (+6.96→-5.13) (train=+6.96 held_pnl=-37.8%)
  · price_channel_with_atr: sign-flip (+7.10→-0.83) (train=+7.10 held_pnl=-2.4%)

  Sweep #82 PASS candidates: 0


========== SWEEP #83 (seed=125) ==========

  · donchian_raw: sign-flip (+10.55→-3.54) (train=+10.55 held_pnl=-12.8%)
  · rsi_mean_reversion: sign-flip (+55.24→-14.24) (train=+55.24 held_pnl=-35.4%)
  · bollinger_breakout: sign-flip (+13.20→-3.86) (train=+13.20 held_pnl=-15.5%)
  · bollinger_mr: sign-flip (+10.76→-1.69) (train=+10.76 held_pnl=-5.0%)
  · macd_momentum: train_fail s=-999.00 (train=+nan held_pnl=+0.0%)
  · atr_squeeze_breakout: sign-flip (+30.80→-9.71) (train=+30.80 held_pnl=-38.5%)
  · momentum_n_consec: sign-flip (+9.58→-4.74) (train=+9.58 held_pnl=-29.2%)
  · volume_breakout: sign-flip (+8.61→-3.18) (train=+8.61 held_pnl=-10.6%)
  · ema_crossover: sign-flip (+6.59→-5.36) (train=+6.59 held_pnl=-39.2%)
  · price_channel_with_atr: sign-flip (+11.99→-6.21) (train=+11.99 held_pnl=-26.9%)

  Sweep #83 PASS candidates: 0


========== SWEEP #84 (seed=126) ==========

  · donchian_raw: sign-flip (+9.87→-3.28) (train=+9.87 held_pnl=-12.2%)
  · rsi_mean_reversion: sign-flip (+6.71→-4.72) (train=+6.71 held_pnl=-43.0%)
  · bollinger_breakout: sign-flip (+13.20→-5.18) (train=+13.20 held_pnl=-17.8%)
  · bollinger_mr: sign-flip (+11.14→-3.02) (train=+11.14 held_pnl=-8.9%)
  · macd_momentum: train_fail s=-999.00 (train=+nan held_pnl=+0.0%)
  · atr_squeeze_breakout: sign-flip (+29.99→-9.13) (train=+29.99 held_pnl=-18.5%)
  · momentum_n_consec: sign-flip (+9.67→-5.74) (train=+9.67 held_pnl=-32.0%)
  · volume_breakout: sign-flip (+7.73→-0.79) (train=+7.73 held_pnl=-2.2%)
  · ema_crossover: sign-flip (+7.03→-3.88) (train=+7.03 held_pnl=-20.8%)
  · price_channel_with_atr: sign-flip (+11.72→-5.70) (train=+11.72 held_pnl=-23.9%)

  Sweep #84 PASS candidates: 0


========== SWEEP #85 (seed=127) ==========

  · donchian_raw: sign-flip (+10.95→-3.79) (train=+10.95 held_pnl=-14.3%)
  · rsi_mean_reversion: sign-flip (+19.10→-5.66) (train=+19.10 held_pnl=-20.3%)
  · bollinger_breakout: sign-flip (+13.72→-4.77) (train=+13.72 held_pnl=-19.4%)
  · bollinger_mr: sign-flip (+8.78→-0.12) (train=+8.78 held_pnl=-0.5%)
  · macd_momentum: train_fail s=-999.00 (train=+nan held_pnl=+0.0%)
  · atr_squeeze_breakout: sign-flip (+29.61→-7.57) (train=+29.61 held_pnl=-14.6%)
  · momentum_n_consec: sign-flip (+13.84→-6.97) (train=+13.84 held_pnl=-31.5%)
  · volume_breakout: sign-flip (+7.12→-2.00) (train=+7.12 held_pnl=-9.8%)
  · ema_crossover: sign-flip (+8.63→-4.39) (train=+8.63 held_pnl=-27.1%)
  · price_channel_with_atr: sign-flip (+10.83→-5.16) (train=+10.83 held_pnl=-20.8%)

  Sweep #85 PASS candidates: 0


========== SWEEP #86 (seed=128) ==========

  · donchian_raw: sign-flip (+11.65→-5.00) (train=+11.65 held_pnl=-19.5%)
  · rsi_mean_reversion: sign-flip (+58.71→-10.49) (train=+58.71 held_pnl=-40.9%)
  · bollinger_breakout: sign-flip (+14.00→-1.50) (train=+14.00 held_pnl=-7.5%)
  · bollinger_mr: sign-flip (+6.94→-3.00) (train=+6.94 held_pnl=-13.3%)
  · macd_momentum: train_fail s=-999.00 (train=+nan held_pnl=+0.0%)
  · atr_squeeze_breakout: sign-flip (+30.38→-9.93) (train=+30.38 held_pnl=-46.5%)
  · momentum_n_consec: sign-flip (+10.11→-4.78) (train=+10.11 held_pnl=-23.0%)
  · volume_breakout: sign-flip (+8.41→-4.18) (train=+8.41 held_pnl=-11.4%)
  · ema_crossover: sign-flip (+8.23→-5.09) (train=+8.23 held_pnl=-22.3%)
  · price_channel_with_atr: sign-flip (+9.06→-4.97) (train=+9.06 held_pnl=-25.7%)

  Sweep #86 PASS candidates: 0


========== SWEEP #87 (seed=129) ==========

  · donchian_raw: sign-flip (+10.41→-4.29) (train=+10.41 held_pnl=-15.9%)
  · rsi_mean_reversion: sign-flip (+71.55→-6.95) (train=+71.55 held_pnl=-34.1%)
  · bollinger_breakout: sign-flip (+14.19→-4.16) (train=+14.19 held_pnl=-20.4%)
  · bollinger_mr: sign-flip (+6.78→-2.14) (train=+6.78 held_pnl=-8.7%)
  · macd_momentum: train_fail s=-999.00 (train=+nan held_pnl=+0.0%)
  · atr_squeeze_breakout: sign-flip (+32.28→-7.85) (train=+32.28 held_pnl=-15.2%)
  · momentum_n_consec: sign-flip (+9.36→-4.68) (train=+9.36 held_pnl=-30.6%)
  · volume_breakout: sign-flip (+9.80→-4.22) (train=+9.80 held_pnl=-16.9%)
  · ema_crossover: sign-flip (+7.70→-6.67) (train=+7.70 held_pnl=-34.5%)
  · price_channel_with_atr: sign-flip (+8.91→-7.83) (train=+8.91 held_pnl=-25.1%)

  Sweep #87 PASS candidates: 0


========== SWEEP #88 (seed=130) ==========

  · donchian_raw: sign-flip (+10.81→-2.06) (train=+10.81 held_pnl=-7.2%)
  · rsi_mean_reversion: sign-flip (+12.81→-3.33) (train=+12.81 held_pnl=-25.0%)
  · bollinger_breakout: PnL fail (+3.7% < 10.0%) (train=+25.94 held_pnl=+3.7%)
  · bollinger_mr: sign-flip (+8.82→-4.46) (train=+8.82 held_pnl=-15.9%)
  · macd_momentum: train_fail s=-999.00 (train=+nan held_pnl=+0.0%)
  · atr_squeeze_breakout: sign-flip (+30.26→-6.36) (train=+30.26 held_pnl=-26.2%)
  · momentum_n_consec: sign-flip (+14.00→-6.92) (train=+14.00 held_pnl=-30.7%)
  · volume_breakout: sign-flip (+8.01→-2.36) (train=+8.01 held_pnl=-11.3%)
  · ema_crossover: sign-flip (+7.32→-4.21) (train=+7.32 held_pnl=-20.6%)
  · price_channel_with_atr: sign-flip (+8.13→-1.45) (train=+8.13 held_pnl=-7.1%)

  Sweep #88 PASS candidates: 0


========== SWEEP #89 (seed=131) ==========

  · donchian_raw: sign-flip (+12.31→-6.83) (train=+12.31 held_pnl=-24.3%)
  · rsi_mean_reversion: sign-flip (+35.02→-5.78) (train=+35.02 held_pnl=-43.4%)
  · bollinger_breakout: sign-flip (+14.65→-7.68) (train=+14.65 held_pnl=-30.8%)
  · bollinger_mr: sign-flip (+10.69→-6.29) (train=+10.69 held_pnl=-18.0%)
  · macd_momentum: train_fail s=-999.00 (train=+nan held_pnl=+0.0%)
  · atr_squeeze_breakout: sign-flip (+32.21→-9.89) (train=+32.21 held_pnl=-38.4%)
  · momentum_n_consec: PnL fail (+1.3% < 10.0%) (train=+9.02 held_pnl=+1.3%)
  · volume_breakout: sign-flip (+7.40→-4.04) (train=+7.40 held_pnl=-18.8%)
  · ema_crossover: sign-flip (+8.78→-3.37) (train=+8.78 held_pnl=-15.2%)
  · price_channel_with_atr: sign-flip (+8.85→-5.46) (train=+8.85 held_pnl=-16.9%)

  Sweep #89 PASS candidates: 0


========== SWEEP #90 (seed=132) ==========

  · donchian_raw: sign-flip (+12.30→-6.83) (train=+12.30 held_pnl=-24.3%)
  · rsi_mean_reversion: sign-flip (+39.35→-6.17) (train=+39.35 held_pnl=-27.9%)
  · bollinger_breakout: sign-flip (+13.55→-3.75) (train=+13.55 held_pnl=-15.2%)
  · bollinger_mr: sign-flip (+10.70→-8.21) (train=+10.70 held_pnl=-22.8%)
  · macd_momentum: train_fail s=-999.00 (train=+nan held_pnl=+0.0%)
  · atr_squeeze_breakout: sign-flip (+30.31→-9.44) (train=+30.31 held_pnl=-19.3%)
  · momentum_n_consec: sign-flip (+10.22→-5.19) (train=+10.22 held_pnl=-26.6%)
  · volume_breakout: PnL fail (+1.3% < 10.0%) (train=+8.41 held_pnl=+1.3%)
  · ema_crossover: sign-flip (+7.09→-4.34) (train=+7.09 held_pnl=-29.2%)
  · price_channel_with_atr: sign-flip (+10.37→-4.76) (train=+10.37 held_pnl=-19.7%)

  Sweep #90 PASS candidates: 0


========== SWEEP #91 (seed=133) ==========

  · donchian_raw: sign-flip (+10.95→-2.39) (train=+10.95 held_pnl=-8.8%)
  · rsi_mean_reversion: sign-flip (+29.37→-10.07) (train=+29.37 held_pnl=-33.8%)
  · bollinger_breakout: sign-flip (+17.52→-2.64) (train=+17.52 held_pnl=-14.2%)
  · bollinger_mr: sign-flip (+12.26→-6.89) (train=+12.26 held_pnl=-21.5%)
  · macd_momentum: train_fail s=-999.00 (train=+nan held_pnl=+0.0%)
  · atr_squeeze_breakout: sign-flip (+29.41→-9.63) (train=+29.41 held_pnl=-15.8%)
  · momentum_n_consec: sign-flip (+9.52→-4.49) (train=+9.52 held_pnl=-27.0%)
  · volume_breakout: sign-flip (+8.78→-4.93) (train=+8.78 held_pnl=-25.6%)
  · ema_crossover: sign-flip (+8.78→-3.37) (train=+8.78 held_pnl=-15.2%)
  · price_channel_with_atr: sign-flip (+9.61→-7.74) (train=+9.61 held_pnl=-33.4%)

  Sweep #91 PASS candidates: 0


========== SWEEP #92 (seed=134) ==========

  · donchian_raw: sign-flip (+10.92→-2.35) (train=+10.92 held_pnl=-8.6%)
  · rsi_mean_reversion: sign-flip (+34.86→-7.24) (train=+34.86 held_pnl=-43.2%)
  · bollinger_breakout: sign-flip (+13.25→-1.55) (train=+13.25 held_pnl=-8.0%)
  · bollinger_mr: sign-flip (+9.61→-2.31) (train=+9.61 held_pnl=-7.8%)
  · macd_momentum: train_fail s=-999.00 (train=+nan held_pnl=+0.0%)
  · atr_squeeze_breakout: sign-flip (+32.40→-7.55) (train=+32.40 held_pnl=-15.0%)
  · momentum_n_consec: sign-flip (+9.66→-6.10) (train=+9.66 held_pnl=-31.9%)
  · volume_breakout: PnL fail (+1.3% < 10.0%) (train=+9.71 held_pnl=+1.3%)
  · ema_crossover: sign-flip (+8.78→-3.37) (train=+8.78 held_pnl=-15.2%)
  · price_channel_with_atr: sign-flip (+9.29→-4.93) (train=+9.29 held_pnl=-26.9%)

  Sweep #92 PASS candidates: 0


========== SWEEP #93 (seed=135) ==========

  · donchian_raw: sign-flip (+10.10→-2.87) (train=+10.10 held_pnl=-10.6%)
  · rsi_mean_reversion: sign-flip (+20.02→-4.81) (train=+20.02 held_pnl=-29.5%)
  · bollinger_breakout: sign-flip (+12.91→-5.43) (train=+12.91 held_pnl=-23.5%)
  · bollinger_mr: sign-flip (+9.85→-4.78) (train=+9.85 held_pnl=-20.9%)
  · macd_momentum: train_fail s=-999.00 (train=+nan held_pnl=+0.0%)
  · atr_squeeze_breakout: sign-flip (+33.59→-10.83) (train=+33.59 held_pnl=-17.8%)
  · momentum_n_consec: sign-flip (+13.19→-6.46) (train=+13.19 held_pnl=-29.4%)
  · volume_breakout: PnL fail (+5.8% < 10.0%) (train=+8.41 held_pnl=+5.8%)
  · ema_crossover: sign-flip (+9.83→-7.43) (train=+9.83 held_pnl=-31.4%)
  · price_channel_with_atr: sign-flip (+10.52→-5.97) (train=+10.52 held_pnl=-25.7%)

  Sweep #93 PASS candidates: 0


========== SWEEP #94 (seed=136) ==========

  · donchian_raw: sign-flip (+11.77→-2.00) (train=+11.77 held_pnl=-7.4%)
  · rsi_mean_reversion: sign-flip (+8.59→-4.70) (train=+8.59 held_pnl=-43.5%)
  · bollinger_breakout: sign-flip (+13.92→-4.06) (train=+13.92 held_pnl=-12.9%)
  · bollinger_mr: PnL fail (+1.5% < 10.0%) (train=+11.11 held_pnl=+1.5%)
  · macd_momentum: train_fail s=-999.00 (train=+nan held_pnl=+0.0%)
  · atr_squeeze_breakout: sign-flip (+33.51→-7.11) (train=+33.51 held_pnl=-13.5%)
  · momentum_n_consec: sign-flip (+10.57→-4.01) (train=+10.57 held_pnl=-20.4%)
  · volume_breakout: sign-flip (+8.26→-4.13) (train=+8.26 held_pnl=-16.3%)
  · ema_crossover: sign-flip (+7.56→-5.61) (train=+7.56 held_pnl=-28.7%)
  · price_channel_with_atr: sign-flip (+8.59→-0.94) (train=+8.59 held_pnl=-3.1%)

  Sweep #94 PASS candidates: 0


========== SWEEP #95 (seed=137) ==========

  · donchian_raw: sign-flip (+11.56→-5.13) (train=+11.56 held_pnl=-19.9%)
  · rsi_mean_reversion: sign-flip (+36.08→-5.84) (train=+36.08 held_pnl=-36.9%)
  · bollinger_breakout: sign-flip (+13.76→-1.25) (train=+13.76 held_pnl=-6.4%)
  · bollinger_mr: sign-flip (+10.32→-1.36) (train=+10.32 held_pnl=-4.8%)
  · macd_momentum: train_fail s=-999.00 (train=+nan held_pnl=+0.0%)
  · atr_squeeze_breakout: sign-flip (+30.37→-10.20) (train=+30.37 held_pnl=-26.9%)
  · momentum_n_consec: sign-flip (+13.93→-7.06) (train=+13.93 held_pnl=-32.1%)
  · volume_breakout: sign-flip (+10.12→-5.43) (train=+10.12 held_pnl=-17.4%)
  · ema_crossover: sign-flip (+9.83→-7.43) (train=+9.83 held_pnl=-31.4%)
  · price_channel_with_atr: sign-flip (+9.98→-4.24) (train=+9.98 held_pnl=-17.3%)

  Sweep #95 PASS candidates: 0


========== SWEEP #96 (seed=138) ==========

  · donchian_raw: sign-flip (+8.87→-1.60) (train=+8.87 held_pnl=-4.8%)
  · rsi_mean_reversion: sign-flip (+13.82→-15.24) (train=+13.82 held_pnl=-38.9%)
  · bollinger_breakout: sign-flip (+14.87→-1.27) (train=+14.87 held_pnl=-6.3%)
  · bollinger_mr: sign-flip (+8.80→-3.95) (train=+8.80 held_pnl=-19.0%)
  · macd_momentum: train_fail s=-999.00 (train=+nan held_pnl=+0.0%)
  · atr_squeeze_breakout: sign-flip (+32.40→-7.24) (train=+32.40 held_pnl=-14.2%)
  · momentum_n_consec: sign-flip (+10.52→-5.50) (train=+10.52 held_pnl=-25.9%)
  · volume_breakout: sign-flip (+8.59→-3.81) (train=+8.59 held_pnl=-15.6%)
  · ema_crossover: sign-flip (+8.78→-3.37) (train=+8.78 held_pnl=-15.2%)
  · price_channel_with_atr: sign-flip (+9.55→-3.37) (train=+9.55 held_pnl=-10.1%)

  Sweep #96 PASS candidates: 0


========== SWEEP #97 (seed=139) ==========

  · donchian_raw: sign-flip (+11.53→-5.60) (train=+11.53 held_pnl=-24.2%)
  · rsi_mean_reversion: sign-flip (+82.75→-8.65) (train=+82.75 held_pnl=-31.3%)
  · bollinger_breakout: sign-flip (+11.44→-2.42) (train=+11.44 held_pnl=-12.7%)
  · bollinger_mr: sign-flip (+10.74→-1.73) (train=+10.74 held_pnl=-5.2%)
  · macd_momentum: train_fail s=-999.00 (train=+nan held_pnl=+0.0%)
  · atr_squeeze_breakout: sign-flip (+29.37→-9.04) (train=+29.37 held_pnl=-16.3%)
  · momentum_n_consec: sign-flip (+10.07→-5.66) (train=+10.07 held_pnl=-27.6%)
  · volume_breakout: sign-flip (+9.43→-1.92) (train=+9.43 held_pnl=-5.7%)
  · ema_crossover: sign-flip (+7.86→-4.12) (train=+7.86 held_pnl=-22.2%)
  · price_channel_with_atr: sign-flip (+11.29→-4.86) (train=+11.29 held_pnl=-20.9%)

  Sweep #97 PASS candidates: 0


========== SWEEP #98 (seed=140) ==========

  · donchian_raw: sign-flip (+10.38→-3.17) (train=+10.38 held_pnl=-11.1%)
  · rsi_mean_reversion: sign-flip (+20.14→-3.42) (train=+20.14 held_pnl=-21.6%)
  · bollinger_breakout: sign-flip (+13.71→-6.38) (train=+13.71 held_pnl=-22.8%)
  · bollinger_mr: sign-flip (+6.53→-2.27) (train=+6.53 held_pnl=-11.6%)
  · macd_momentum: train_fail s=-999.00 (train=+nan held_pnl=+0.0%)
  · atr_squeeze_breakout: sign-flip (+33.45→-8.53) (train=+33.45 held_pnl=-16.9%)
  · momentum_n_consec: sign-flip (+9.96→-5.76) (train=+9.96 held_pnl=-28.1%)
  · volume_breakout: PnL fail (+4.5% < 10.0%) (train=+9.78 held_pnl=+4.5%)
  · ema_crossover: sign-flip (+8.09→-3.55) (train=+8.09 held_pnl=-15.2%)
  · price_channel_with_atr: sign-flip (+10.83→-6.18) (train=+10.83 held_pnl=-26.0%)

  Sweep #98 PASS candidates: 0


========== SWEEP #99 (seed=141) ==========

  · donchian_raw: sign-flip (+11.97→-5.76) (train=+11.97 held_pnl=-24.0%)
  · rsi_mean_reversion: sign-flip (+14.27→-1.98) (train=+14.27 held_pnl=-11.4%)
  · bollinger_breakout: sign-flip (+28.52→-2.06) (train=+28.52 held_pnl=-6.7%)
  · bollinger_mr: sign-flip (+7.71→-4.03) (train=+7.71 held_pnl=-14.7%)
  · macd_momentum: train_fail s=-999.00 (train=+nan held_pnl=+0.0%)
  · atr_squeeze_breakout: sign-flip (+30.98→-5.79) (train=+30.98 held_pnl=-10.7%)
  · momentum_n_consec: sign-flip (+10.19→-5.60) (train=+10.19 held_pnl=-27.8%)
  · volume_breakout: sign-flip (+8.67→-1.87) (train=+8.67 held_pnl=-8.3%)
  · ema_crossover: sign-flip (+8.49→-4.05) (train=+8.49 held_pnl=-22.6%)
  · price_channel_with_atr: sign-flip (+11.95→-6.21) (train=+11.95 held_pnl=-26.4%)

  Sweep #99 PASS candidates: 0


========== SWEEP #100 (seed=142) ==========

  · donchian_raw: sign-flip (+11.37→-6.83) (train=+11.37 held_pnl=-24.3%)
  · rsi_mean_reversion: sign-flip (+8.59→-5.12) (train=+8.59 held_pnl=-34.7%)
  · bollinger_breakout: sign-flip (+13.82→-3.08) (train=+13.82 held_pnl=-16.4%)
  · bollinger_mr: sign-flip (+8.29→-1.22) (train=+8.29 held_pnl=-4.9%)
  · macd_momentum: train_fail s=-999.00 (train=+nan held_pnl=+0.0%)
  · atr_squeeze_breakout: sign-flip (+33.36→-11.41) (train=+33.36 held_pnl=-27.8%)
  · momentum_n_consec: sign-flip (+7.77→-2.87) (train=+7.77 held_pnl=-21.2%)
  · volume_breakout: sign-flip (+8.94→-4.58) (train=+8.94 held_pnl=-13.2%)
  · ema_crossover: sign-flip (+8.00→-5.39) (train=+8.00 held_pnl=-24.6%)
  · price_channel_with_atr: sign-flip (+8.40→-1.41) (train=+8.40 held_pnl=-4.5%)

  Sweep #100 PASS candidates: 0


========== SWEEP #101 (seed=143) ==========

  · donchian_raw: sign-flip (+10.39→-7.78) (train=+10.39 held_pnl=-27.3%)
  · rsi_mean_reversion: sign-flip (+53.82→-4.63) (train=+53.82 held_pnl=-32.5%)
  · bollinger_breakout: sign-flip (+14.00→-3.66) (train=+14.00 held_pnl=-15.1%)
  · bollinger_mr: sign-flip (+8.75→-4.21) (train=+8.75 held_pnl=-20.6%)
  · macd_momentum: train_fail s=-999.00 (train=+nan held_pnl=+0.0%)
  · atr_squeeze_breakout: sign-flip (+34.05→-6.98) (train=+34.05 held_pnl=-15.5%)
  · momentum_n_consec: PnL fail (+2.0% < 10.0%) (train=+9.61 held_pnl=+2.0%)
  · volume_breakout: sign-flip (+7.47→-3.23) (train=+7.47 held_pnl=-11.3%)
  · ema_crossover: sign-flip (+7.70→-6.67) (train=+7.70 held_pnl=-34.5%)
  · price_channel_with_atr: sign-flip (+8.98→-5.41) (train=+8.98 held_pnl=-26.2%)

  Sweep #101 PASS candidates: 0


========== SWEEP #102 (seed=144) ==========

  · donchian_raw: sign-flip (+9.17→-2.91) (train=+9.17 held_pnl=-11.2%)
  · rsi_mean_reversion: sign-flip (+12.51→-6.51) (train=+12.51 held_pnl=-61.3%)
  · bollinger_breakout: sign-flip (+14.00→-2.87) (train=+14.00 held_pnl=-15.0%)
  · bollinger_mr: sign-flip (+7.48→-1.58) (train=+7.48 held_pnl=-6.5%)
  · macd_momentum: train_fail s=-999.00 (train=+nan held_pnl=+0.0%)
  · atr_squeeze_breakout: sign-flip (+34.50→-9.36) (train=+34.50 held_pnl=-39.4%)
  · momentum_n_consec: sign-flip (+10.43→-4.32) (train=+10.43 held_pnl=-21.2%)
  · volume_breakout: sign-flip (+10.80→-1.80) (train=+10.80 held_pnl=-8.8%)
  · ema_crossover: sign-flip (+7.97→-4.25) (train=+7.97 held_pnl=-22.5%)
  · price_channel_with_atr: sign-flip (+9.32→-0.86) (train=+9.32 held_pnl=-2.8%)

  Sweep #102 PASS candidates: 0


========== SWEEP #103 (seed=145) ==========

  · donchian_raw: sign-flip (+11.16→-6.33) (train=+11.16 held_pnl=-27.0%)
  · rsi_mean_reversion: sign-flip (+4.81→-2.18) (train=+4.81 held_pnl=-16.0%)
  · bollinger_breakout: sign-flip (+13.12→-3.85) (train=+13.12 held_pnl=-12.9%)
  · bollinger_mr: sign-flip (+11.41→-7.00) (train=+11.41 held_pnl=-21.9%)
  · macd_momentum: train_fail s=-999.00 (train=+nan held_pnl=+0.0%)
  · atr_squeeze_breakout: sign-flip (+34.79→-8.77) (train=+34.79 held_pnl=-28.9%)
  · momentum_n_consec: sign-flip (+10.55→-5.53) (train=+10.55 held_pnl=-26.2%)
  · volume_breakout: sign-flip (+8.46→-0.95) (train=+8.46 held_pnl=-4.3%)
  · ema_crossover: sign-flip (+8.78→-3.37) (train=+8.78 held_pnl=-15.2%)
  · price_channel_with_atr: sign-flip (+8.63→-2.82) (train=+8.63 held_pnl=-8.6%)

  Sweep #103 PASS candidates: 0


========== SWEEP #104 (seed=146) ==========

  · donchian_raw: sign-flip (+11.26→-6.83) (train=+11.26 held_pnl=-24.3%)
  · rsi_mean_reversion: sign-flip (+19.44→-4.15) (train=+19.44 held_pnl=-35.2%)
  · bollinger_breakout: sign-flip (+13.90→-6.49) (train=+13.90 held_pnl=-34.5%)
  · bollinger_mr: sign-flip (+8.40→-1.67) (train=+8.40 held_pnl=-6.2%)
  · macd_momentum: train_fail s=-999.00 (train=+nan held_pnl=+0.0%)
  · atr_squeeze_breakout: sign-flip (+32.71→-10.93) (train=+32.71 held_pnl=-20.9%)
  · momentum_n_consec: sign-flip (+13.96→-6.47) (train=+13.96 held_pnl=-29.8%)
  · volume_breakout: sign-flip (+9.26→-1.05) (train=+9.26 held_pnl=-2.6%)
  · ema_crossover: sign-flip (+8.37→-4.30) (train=+8.37 held_pnl=-25.2%)
  · price_channel_with_atr: sign-flip (+11.95→-6.19) (train=+11.95 held_pnl=-26.4%)

  Sweep #104 PASS candidates: 0


========== SWEEP #105 (seed=147) ==========

  · donchian_raw: sign-flip (+11.52→-5.12) (train=+11.52 held_pnl=-19.8%)
  · rsi_mean_reversion: sign-flip (+47.40→-5.70) (train=+47.40 held_pnl=-21.1%)
  · bollinger_breakout: PnL fail (+0.8% < 10.0%) (train=+27.85 held_pnl=+0.8%)
  · bollinger_mr: sign-flip (+10.96→-0.37) (train=+10.96 held_pnl=-1.3%)
  · macd_momentum: train_fail s=-999.00 (train=+nan held_pnl=+0.0%)
  · atr_squeeze_breakout: sign-flip (+31.40→-8.46) (train=+31.40 held_pnl=-16.5%)
  · momentum_n_consec: sign-flip (+14.07→-6.73) (train=+14.07 held_pnl=-30.2%)
  · volume_breakout: sign-flip (+10.33→-4.34) (train=+10.33 held_pnl=-17.0%)
  · ema_crossover: sign-flip (+7.00→-3.32) (train=+7.00 held_pnl=-18.5%)
  · price_channel_with_atr: sign-flip (+9.67→-3.31) (train=+9.67 held_pnl=-9.9%)

  Sweep #105 PASS candidates: 0


========== SWEEP #106 (seed=148) ==========

  · donchian_raw: sign-flip (+11.80→-1.94) (train=+11.80 held_pnl=-7.1%)
  · rsi_mean_reversion: sign-flip (+27.42→-4.80) (train=+27.42 held_pnl=-41.1%)
  · bollinger_breakout: sign-flip (+12.67→-4.05) (train=+12.67 held_pnl=-17.5%)
  · bollinger_mr: sign-flip (+11.77→-1.63) (train=+11.77 held_pnl=-5.4%)
  · macd_momentum: train_fail s=-999.00 (train=+nan held_pnl=+0.0%)
  · atr_squeeze_breakout: sign-flip (+32.48→-8.88) (train=+32.48 held_pnl=-17.2%)
  · momentum_n_consec: sign-flip (+9.20→-5.83) (train=+9.20 held_pnl=-31.7%)
  · volume_breakout: sign-flip (+9.08→-4.96) (train=+9.08 held_pnl=-26.0%)
  · ema_crossover: sign-flip (+9.02→-4.74) (train=+9.02 held_pnl=-21.1%)
  · price_channel_with_atr: sign-flip (+9.80→-7.80) (train=+9.80 held_pnl=-33.0%)

  Sweep #106 PASS candidates: 0


========== SWEEP #107 (seed=149) ==========

  · donchian_raw: sign-flip (+11.79→-1.99) (train=+11.79 held_pnl=-7.3%)
  · rsi_mean_reversion: sign-flip (+9.84→-5.47) (train=+9.84 held_pnl=-35.6%)
  · bollinger_breakout: sign-flip (+15.42→-5.09) (train=+15.42 held_pnl=-18.2%)
  · bollinger_mr: sign-flip (+7.91→-3.92) (train=+7.91 held_pnl=-13.2%)
  · macd_momentum: train_fail s=-999.00 (train=+nan held_pnl=+0.0%)
  · atr_squeeze_breakout: sign-flip (+33.41→-4.91) (train=+33.41 held_pnl=-18.6%)
  · momentum_n_consec: sign-flip (+9.54→-5.92) (train=+9.54 held_pnl=-32.6%)
  · volume_breakout: PnL fail (+9.2% < 10.0%) (train=+10.58 held_pnl=+9.2%)
  · ema_crossover: sign-flip (+8.63→-4.54) (train=+8.63 held_pnl=-25.4%)
  · price_channel_with_atr: sign-flip (+10.97→-5.75) (train=+10.97 held_pnl=-24.0%)

  Sweep #107 PASS candidates: 0


========== SWEEP #108 (seed=150) ==========

  · donchian_raw: sign-flip (+11.45→-5.59) (train=+11.45 held_pnl=-24.2%)
  · rsi_mean_reversion: sign-flip (+21.62→-7.19) (train=+21.62 held_pnl=-26.6%)
  · bollinger_breakout: sign-flip (+11.19→-2.76) (train=+11.19 held_pnl=-14.4%)
  · bollinger_mr: sign-flip (+7.79→-3.30) (train=+7.79 held_pnl=-17.0%)
  · macd_momentum: train_fail s=-999.00 (train=+nan held_pnl=+0.0%)
  · atr_squeeze_breakout: sign-flip (+30.63→-7.71) (train=+30.63 held_pnl=-16.8%)
  · momentum_n_consec: sign-flip (+10.87→-4.49) (train=+10.87 held_pnl=-22.5%)
  · volume_breakout: sign-flip (+7.46→-1.71) (train=+7.46 held_pnl=-7.9%)
  · ema_crossover: sign-flip (+8.23→-5.09) (train=+8.23 held_pnl=-22.3%)
  · price_channel_with_atr: sign-flip (+11.41→-6.11) (train=+11.41 held_pnl=-27.1%)

  Sweep #108 PASS candidates: 0


========== SWEEP #109 (seed=151) ==========

  · donchian_raw: sign-flip (+10.90→-3.54) (train=+10.90 held_pnl=-12.8%)
  · rsi_mean_reversion: sign-flip (+18.50→-4.77) (train=+18.50 held_pnl=-26.2%)
  · bollinger_breakout: sign-flip (+11.88→-6.78) (train=+11.88 held_pnl=-25.2%)
  · bollinger_mr: sign-flip (+12.32→-6.95) (train=+12.32 held_pnl=-21.8%)
  · macd_momentum: train_fail s=-999.00 (train=+nan held_pnl=+0.0%)
  · atr_squeeze_breakout: sign-flip (+31.40→-10.98) (train=+31.40 held_pnl=-42.5%)
  · momentum_n_consec: sign-flip (+8.96→-4.90) (train=+8.96 held_pnl=-32.8%)
  · volume_breakout: sign-flip (+10.14→-0.32) (train=+10.14 held_pnl=-1.1%)
  · ema_crossover: sign-flip (+7.97→-3.42) (train=+7.97 held_pnl=-15.2%)
  · price_channel_with_atr: sign-flip (+8.80→-1.81) (train=+8.80 held_pnl=-9.0%)

  Sweep #109 PASS candidates: 0


========== SWEEP #110 (seed=152) ==========

  · donchian_raw: sign-flip (+12.04→-5.77) (train=+12.04 held_pnl=-24.0%)
  · rsi_mean_reversion: sign-flip (+20.78→-10.80) (train=+20.78 held_pnl=-39.4%)
  · bollinger_breakout: sign-flip (+14.27→-3.60) (train=+14.27 held_pnl=-13.2%)
  · bollinger_mr: sign-flip (+8.46→-3.67) (train=+8.46 held_pnl=-16.9%)
  · macd_momentum: train_fail s=-999.00 (train=+nan held_pnl=+0.0%)
  · atr_squeeze_breakout: sign-flip (+29.65→-8.84) (train=+29.65 held_pnl=-32.6%)
  · momentum_n_consec: sign-flip (+13.95→-6.82) (train=+13.95 held_pnl=-30.9%)
  · volume_breakout: sign-flip (+9.35→-1.40) (train=+9.35 held_pnl=-6.2%)
  · ema_crossover: sign-flip (+7.89→-4.28) (train=+7.89 held_pnl=-20.6%)
  · price_channel_with_atr: sign-flip (+8.52→-2.45) (train=+8.52 held_pnl=-8.3%)

  Sweep #110 PASS candidates: 0


=== FINAL (397.1s, 110000 trials, 110/100 sweeps) ===
PASS count: 3 в sweeps [21, 28, 33]
All PASS rows: grep '★ PASS' results.tsv | grep P6v6s
=== research search v6 — 4H multi-seed sweep (111..210) ===
PASS criterion: held-out PnL > 10.0% AND Sharpe > 0.0
Sweeps: 100 × 1000 trials = 100000 budget
Train: 5818 / Held-out: 1455


========== SWEEP #111 (seed=153) ==========

  · donchian_raw: sign-flip (+11.30→-3.34) (train=+11.30 held_pnl=-12.8%)
  · rsi_mean_reversion: sign-flip (+41.88→-14.04) (train=+41.88 held_pnl=-31.8%)
  · bollinger_breakout: sign-flip (+13.90→-3.39) (train=+13.90 held_pnl=-11.3%)
  · bollinger_mr: sign-flip (+10.65→-5.75) (train=+10.65 held_pnl=-23.7%)
  · macd_momentum: train_fail s=-999.00 (train=+nan held_pnl=+0.0%)
  · atr_squeeze_breakout: sign-flip (+35.63→-6.88) (train=+35.63 held_pnl=-15.7%)
  · momentum_n_consec: sign-flip (+14.03→-6.76) (train=+14.03 held_pnl=-30.3%)
  · volume_breakout: PnL fail (+4.4% < 10.0%) (train=+8.69 held_pnl=+4.4%)
  · ema_crossover: sign-flip (+7.29→-5.09) (train=+7.29 held_pnl=-22.3%)
  · price_channel_with_atr: sign-flip (+8.29→-4.77) (train=+8.29 held_pnl=-14.7%)

  Sweep #111 PASS candidates: 0


========== SWEEP #112 (seed=154) ==========

  · donchian_raw: sign-flip (+11.18→-0.97) (train=+11.18 held_pnl=-3.3%)
  · rsi_mean_reversion: sign-flip (+20.37→-13.73) (train=+20.37 held_pnl=-46.6%)
  · bollinger_breakout: sign-flip (+13.52→-6.81) (train=+13.52 held_pnl=-27.0%)
  · bollinger_mr: sign-flip (+8.74→-2.33) (train=+8.74 held_pnl=-10.1%)
  · macd_momentum: train_fail s=-999.00 (train=+nan held_pnl=+0.0%)
  · atr_squeeze_breakout: sign-flip (+35.50→-8.07) (train=+35.50 held_pnl=-20.1%)
  · momentum_n_consec: sign-flip (+10.02→-5.77) (train=+10.02 held_pnl=-28.3%)
  · volume_breakout: sign-flip (+7.28→-1.18) (train=+7.28 held_pnl=-5.6%)
  · ema_crossover: sign-flip (+8.63→-4.54) (train=+8.63 held_pnl=-25.4%)
  · price_channel_with_atr: sign-flip (+9.97→-5.24) (train=+9.97 held_pnl=-26.1%)

  Sweep #112 PASS candidates: 0


========== SWEEP #113 (seed=155) ==========

  · donchian_raw: sign-flip (+11.86→-1.89) (train=+11.86 held_pnl=-6.9%)
  · rsi_mean_reversion: sign-flip (+35.03→-6.20) (train=+35.03 held_pnl=-36.6%)
  · bollinger_breakout: sign-flip (+13.49→-5.97) (train=+13.49 held_pnl=-21.3%)
  · bollinger_mr: sign-flip (+9.26→-4.28) (train=+9.26 held_pnl=-15.8%)
  · macd_momentum: train_fail s=-999.00 (train=+nan held_pnl=+0.0%)
  · atr_squeeze_breakout: sign-flip (+33.90→-9.73) (train=+33.90 held_pnl=-37.5%)
  · momentum_n_consec: sign-flip (+10.12→-4.77) (train=+10.12 held_pnl=-23.0%)
  · volume_breakout: sign-flip (+8.74→-0.70) (train=+8.74 held_pnl=-2.1%)
  · ema_crossover: sign-flip (+7.70→-6.67) (train=+7.70 held_pnl=-34.5%)
  · price_channel_with_atr: sign-flip (+8.62→-3.79) (train=+8.62 held_pnl=-13.6%)

  Sweep #113 PASS candidates: 0


========== SWEEP #114 (seed=156) ==========

  · donchian_raw: sign-flip (+11.72→-1.61) (train=+11.72 held_pnl=-5.6%)
  · rsi_mean_reversion: sign-flip (+57.09→-7.85) (train=+57.09 held_pnl=-37.4%)
  · bollinger_breakout: sign-flip (+11.11→-2.33) (train=+11.11 held_pnl=-11.6%)
  · bollinger_mr: sign-flip (+11.98→-4.90) (train=+11.98 held_pnl=-15.5%)
  · macd_momentum: train_fail s=-999.00 (train=+nan held_pnl=+0.0%)
  · atr_squeeze_breakout: sign-flip (+32.04→-8.61) (train=+32.04 held_pnl=-14.8%)
  · momentum_n_consec: sign-flip (+8.36→-4.37) (train=+8.36 held_pnl=-29.9%)
  · volume_breakout: sign-flip (+9.38→-4.94) (train=+9.38 held_pnl=-13.7%)
  · ema_crossover: sign-flip (+8.78→-3.37) (train=+8.78 held_pnl=-15.2%)
  · price_channel_with_atr: sign-flip (+9.53→-4.20) (train=+9.53 held_pnl=-17.2%)

  Sweep #114 PASS candidates: 0


========== SWEEP #115 (seed=157) ==========

  · donchian_raw: sign-flip (+11.69→-5.69) (train=+11.69 held_pnl=-23.9%)
  · rsi_mean_reversion: sign-flip (+21.66→-11.68) (train=+21.66 held_pnl=-39.8%)
  · bollinger_breakout: sign-flip (+12.85→-2.36) (train=+12.85 held_pnl=-12.3%)
  · bollinger_mr: sign-flip (+9.24→-0.41) (train=+9.24 held_pnl=-2.2%)
  · macd_momentum: train_fail s=-999.00 (train=+nan held_pnl=+0.0%)
  · atr_squeeze_breakout: sign-flip (+31.10→-8.61) (train=+31.10 held_pnl=-32.2%)
  · momentum_n_consec: sign-flip (+8.14→-3.91) (train=+8.14 held_pnl=-25.7%)
  · volume_breakout: PnL fail (+5.2% < 10.0%) (train=+8.74 held_pnl=+5.2%)
  · ema_crossover: sign-flip (+7.22→-4.25) (train=+7.22 held_pnl=-22.5%)
  · price_channel_with_atr: sign-flip (+8.94→-4.74) (train=+8.94 held_pnl=-27.8%)

  Sweep #115 PASS candidates: 0


========== SWEEP #116 (seed=158) ==========

  · donchian_raw: sign-flip (+11.09→-4.30) (train=+11.09 held_pnl=-16.4%)
  · rsi_mean_reversion: sign-flip (+71.81→-8.30) (train=+71.81 held_pnl=-38.3%)
  · bollinger_breakout: sign-flip (+15.13→-5.28) (train=+15.13 held_pnl=-20.1%)
  · bollinger_mr: sign-flip (+8.01→-1.43) (train=+8.01 held_pnl=-5.3%)
  · macd_momentum: train_fail s=-999.00 (train=+nan held_pnl=+0.0%)
  · atr_squeeze_breakout: sign-flip (+29.56→-9.89) (train=+29.56 held_pnl=-38.1%)
  · momentum_n_consec: sign-flip (+12.33→-6.51) (train=+12.33 held_pnl=-30.1%)
  · volume_breakout: sign-flip (+9.84→-0.46) (train=+9.84 held_pnl=-2.2%)
  · ema_crossover: sign-flip (+8.18→-3.11) (train=+8.18 held_pnl=-12.5%)
  · price_channel_with_atr: sign-flip (+10.71→-6.10) (train=+10.71 held_pnl=-26.0%)

  Sweep #116 PASS candidates: 0


========== SWEEP #117 (seed=159) ==========

  · donchian_raw: sign-flip (+10.86→-1.12) (train=+10.86 held_pnl=-3.9%)
  · rsi_mean_reversion: sign-flip (+15.27→-5.10) (train=+15.27 held_pnl=-31.0%)
  · bollinger_breakout: sign-flip (+15.81→-2.30) (train=+15.81 held_pnl=-11.9%)
  · bollinger_mr: sign-flip (+11.91→-6.36) (train=+11.91 held_pnl=-23.6%)
  · macd_momentum: train_fail s=-999.00 (train=+nan held_pnl=+0.0%)
  · atr_squeeze_breakout: sign-flip (+30.54→-5.97) (train=+30.54 held_pnl=-10.2%)
  · momentum_n_consec: sign-flip (+14.44→-6.37) (train=+14.44 held_pnl=-28.5%)
  · volume_breakout: sign-flip (+8.04→-3.81) (train=+8.04 held_pnl=-16.0%)
  · ema_crossover: sign-flip (+8.32→-4.12) (train=+8.32 held_pnl=-22.1%)
  · price_channel_with_atr: sign-flip (+9.70→-3.32) (train=+9.70 held_pnl=-9.9%)

  Sweep #117 PASS candidates: 0


========== SWEEP #118 (seed=160) ==========

  · donchian_raw: sign-flip (+11.64→-6.27) (train=+11.64 held_pnl=-25.9%)
  · rsi_mean_reversion: sign-flip (+71.66→-12.89) (train=+71.66 held_pnl=-30.6%)
  · bollinger_breakout: sign-flip (+13.90→-3.13) (train=+13.90 held_pnl=-12.1%)
  · bollinger_mr: sign-flip (+10.36→-4.09) (train=+10.36 held_pnl=-14.6%)
  · macd_momentum: train_fail s=-999.00 (train=+nan held_pnl=+0.0%)
  · atr_squeeze_breakout: sign-flip (+32.81→-8.40) (train=+32.81 held_pnl=-16.3%)
  · momentum_n_consec: sign-flip (+13.48→-6.59) (train=+13.48 held_pnl=-30.4%)
  · volume_breakout: sign-flip (+9.93→-2.87) (train=+9.93 held_pnl=-11.1%)
  · ema_crossover: sign-flip (+8.78→-3.37) (train=+8.78 held_pnl=-15.2%)
  · price_channel_with_atr: sign-flip (+9.16→-4.36) (train=+9.16 held_pnl=-25.4%)

  Sweep #118 PASS candidates: 0


========== SWEEP #119 (seed=161) ==========

  · donchian_raw: sign-flip (+12.22→-6.83) (train=+12.22 held_pnl=-24.3%)
  · rsi_mean_reversion: sign-flip (+36.95→-5.95) (train=+36.95 held_pnl=-45.4%)
  · bollinger_breakout: sign-flip (+13.02→-3.07) (train=+13.02 held_pnl=-9.4%)
  · bollinger_mr: sign-flip (+7.96→-3.29) (train=+7.96 held_pnl=-12.2%)
  · macd_momentum: train_fail s=-999.00 (train=+nan held_pnl=+0.0%)
  · atr_squeeze_breakout: sign-flip (+31.11→-10.29) (train=+31.11 held_pnl=-40.0%)
  · momentum_n_consec: sign-flip (+14.65→-6.26) (train=+14.65 held_pnl=-27.6%)
  · volume_breakout: sign-flip (+10.00→-5.06) (train=+10.00 held_pnl=-14.4%)
  · ema_crossover: sign-flip (+8.37→-4.30) (train=+8.37 held_pnl=-25.2%)
  · price_channel_with_atr: sign-flip (+10.29→-4.83) (train=+10.29 held_pnl=-27.3%)

  Sweep #119 PASS candidates: 0


========== SWEEP #120 (seed=162) ==========

  · donchian_raw: sign-flip (+12.18→-6.83) (train=+12.18 held_pnl=-24.3%)
  · rsi_mean_reversion: sign-flip (+6.53→-7.93) (train=+6.53 held_pnl=-33.3%)
  · bollinger_breakout: sign-flip (+14.55→-0.31) (train=+14.55 held_pnl=-1.1%)
  · bollinger_mr: sign-flip (+6.05→-1.80) (train=+6.05 held_pnl=-9.9%)
  · macd_momentum: train_fail s=-999.00 (train=+nan held_pnl=+0.0%)
  · atr_squeeze_breakout: sign-flip (+29.52→-9.27) (train=+29.52 held_pnl=-37.6%)
  · momentum_n_consec: sign-flip (+13.83→-6.77) (train=+13.83 held_pnl=-29.9%)
  · volume_breakout: sign-flip (+7.59→-4.73) (train=+7.59 held_pnl=-19.9%)
  · ema_crossover: sign-flip (+8.74→-3.62) (train=+8.74 held_pnl=-18.3%)
  · price_channel_with_atr: sign-flip (+11.81→-5.71) (train=+11.81 held_pnl=-23.9%)

  Sweep #120 PASS candidates: 0


========== SWEEP #121 (seed=163) ==========

  · donchian_raw: sign-flip (+12.17→-6.83) (train=+12.17 held_pnl=-24.3%)
  · rsi_mean_reversion: sign-flip (+6.10→-5.01) (train=+6.10 held_pnl=-43.9%)
  · bollinger_breakout: sign-flip (+15.31→-2.73) (train=+15.31 held_pnl=-13.6%)
  · bollinger_mr: sign-flip (+5.97→-2.39) (train=+5.97 held_pnl=-14.4%)
  · macd_momentum: train_fail s=-999.00 (train=+nan held_pnl=+0.0%)
  · atr_squeeze_breakout: sign-flip (+32.12→-10.48) (train=+32.12 held_pnl=-17.1%)
  · momentum_n_consec: sign-flip (+14.08→-6.41) (train=+14.08 held_pnl=-32.4%)
  · volume_breakout: sign-flip (+9.85→-1.33) (train=+9.85 held_pnl=-4.0%)
  · ema_crossover: sign-flip (+8.78→-3.37) (train=+8.78 held_pnl=-15.2%)
  · price_channel_with_atr: sign-flip (+10.12→-6.22) (train=+10.12 held_pnl=-26.2%)

  Sweep #121 PASS candidates: 0


========== SWEEP #122 (seed=164) ==========

  · donchian_raw: sign-flip (+11.78→-1.96) (train=+11.78 held_pnl=-7.2%)
  · rsi_mean_reversion: sign-flip (+15.95→-6.70) (train=+15.95 held_pnl=-35.9%)
  · bollinger_breakout: sign-flip (+14.89→-9.31) (train=+14.89 held_pnl=-31.8%)
  · bollinger_mr: sign-flip (+9.01→-3.76) (train=+9.01 held_pnl=-15.8%)
  · macd_momentum: train_fail s=-999.00 (train=+nan held_pnl=+0.0%)
  · atr_squeeze_breakout: sign-flip (+28.27→-4.76) (train=+28.27 held_pnl=-10.5%)
  · momentum_n_consec: sign-flip (+8.83→-5.28) (train=+8.83 held_pnl=-30.8%)
  · volume_breakout: sign-flip (+9.21→-2.21) (train=+9.21 held_pnl=-6.7%)
  · ema_crossover: sign-flip (+8.24→-4.74) (train=+8.24 held_pnl=-21.1%)
  · price_channel_with_atr: sign-flip (+8.86→-4.77) (train=+8.86 held_pnl=-27.2%)

  Sweep #122 PASS candidates: 0


========== SWEEP #123 (seed=165) ==========

  · donchian_raw: sign-flip (+11.52→-6.83) (train=+11.52 held_pnl=-24.3%)
  · rsi_mean_reversion: sign-flip (+20.51→-9.33) (train=+20.51 held_pnl=-34.7%)
  · bollinger_breakout: sign-flip (+13.79→-3.22) (train=+13.79 held_pnl=-12.6%)
  · bollinger_mr: sign-flip (+13.37→-4.62) (train=+13.37 held_pnl=-16.4%)
  · macd_momentum: train_fail s=-999.00 (train=+nan held_pnl=+0.0%)
  · atr_squeeze_breakout: sign-flip (+29.89→-7.01) (train=+29.89 held_pnl=-9.3%)
  · momentum_n_consec: sign-flip (+9.80→-5.56) (train=+9.80 held_pnl=-30.9%)
  · volume_breakout: sign-flip (+11.89→-3.49) (train=+11.89 held_pnl=-9.7%)
  · ema_crossover: sign-flip (+7.57→-4.12) (train=+7.57 held_pnl=-22.1%)
  · price_channel_with_atr: sign-flip (+10.92→-6.23) (train=+10.92 held_pnl=-27.0%)

  Sweep #123 PASS candidates: 0


========== SWEEP #124 (seed=166) ==========

  · donchian_raw: sign-flip (+11.69→-1.94) (train=+11.69 held_pnl=-7.1%)
  · rsi_mean_reversion: sign-flip (+52.12→-7.37) (train=+52.12 held_pnl=-43.7%)
  · bollinger_breakout: sign-flip (+14.68→-2.33) (train=+14.68 held_pnl=-9.1%)
  · bollinger_mr: PnL fail (+3.3% < 10.0%) (train=+8.60 held_pnl=+3.3%)
  · macd_momentum: train_fail s=-999.00 (train=+nan held_pnl=+0.0%)
  · atr_squeeze_breakout: sign-flip (+32.48→-9.65) (train=+32.48 held_pnl=-15.3%)
  · momentum_n_consec: PnL fail (+1.8% < 10.0%) (train=+9.66 held_pnl=+1.8%)
  · volume_breakout: PnL fail (+6.6% < 10.0%) (train=+10.39 held_pnl=+6.6%)
  · ema_crossover: sign-flip (+7.21→-6.35) (train=+7.21 held_pnl=-33.0%)
  · price_channel_with_atr: sign-flip (+9.10→-2.90) (train=+9.10 held_pnl=-8.3%)

  Sweep #124 PASS candidates: 0


========== SWEEP #125 (seed=167) ==========

  · donchian_raw: sign-flip (+11.50→-6.13) (train=+11.50 held_pnl=-24.3%)
  · rsi_mean_reversion: sign-flip (+19.47→-5.93) (train=+19.47 held_pnl=-37.0%)
  · bollinger_breakout: sign-flip (+29.24→-0.12) (train=+29.24 held_pnl=-0.4%)
  · bollinger_mr: sign-flip (+11.42→-1.16) (train=+11.42 held_pnl=-4.4%)
  · macd_momentum: train_fail s=-999.00 (train=+nan held_pnl=+0.0%)
  · atr_squeeze_breakout: sign-flip (+28.30→-7.53) (train=+28.30 held_pnl=-26.9%)
  · momentum_n_consec: sign-flip (+11.79→-6.34) (train=+11.79 held_pnl=-28.3%)
  · volume_breakout: sign-flip (+7.78→-1.27) (train=+7.78 held_pnl=-4.1%)
  · ema_crossover: sign-flip (+8.78→-3.37) (train=+8.78 held_pnl=-15.2%)
  · price_channel_with_atr: sign-flip (+11.91→-5.73) (train=+11.91 held_pnl=-23.8%)

  Sweep #125 PASS candidates: 0


========== SWEEP #126 (seed=168) ==========

  · donchian_raw: sign-flip (+11.17→-6.83) (train=+11.17 held_pnl=-24.3%)
  · rsi_mean_reversion: sign-flip (+59.21→-6.41) (train=+59.21 held_pnl=-26.3%)
  · bollinger_breakout: sign-flip (+14.56→-1.92) (train=+14.56 held_pnl=-9.4%)
  · bollinger_mr: sign-flip (+7.98→-2.52) (train=+7.98 held_pnl=-12.8%)
  · macd_momentum: train_fail s=-999.00 (train=+nan held_pnl=+0.0%)
  · atr_squeeze_breakout: sign-flip (+27.34→-11.31) (train=+27.34 held_pnl=-42.7%)
  · momentum_n_consec: sign-flip (+12.52→-6.56) (train=+12.52 held_pnl=-29.9%)
  · volume_breakout: sign-flip (+10.71→-1.78) (train=+10.71 held_pnl=-8.9%)
  · ema_crossover: sign-flip (+7.97→-3.42) (train=+7.97 held_pnl=-15.2%)
  · price_channel_with_atr: sign-flip (+10.74→-5.79) (train=+10.74 held_pnl=-25.4%)

  Sweep #126 PASS candidates: 0


========== SWEEP #127 (seed=169) ==========

  · donchian_raw: sign-flip (+10.98→-1.10) (train=+10.98 held_pnl=-3.8%)
  · rsi_mean_reversion: sign-flip (+13.86→-2.40) (train=+13.86 held_pnl=-14.5%)
  · bollinger_breakout: sign-flip (+13.51→-2.48) (train=+13.51 held_pnl=-13.1%)
  · bollinger_mr: sign-flip (+9.26→-0.83) (train=+9.26 held_pnl=-4.4%)
  · macd_momentum: train_fail s=-999.00 (train=+nan held_pnl=+0.0%)
  · atr_squeeze_breakout: sign-flip (+28.63→-7.65) (train=+28.63 held_pnl=-14.5%)
  · momentum_n_consec: sign-flip (+10.78→-4.78) (train=+10.78 held_pnl=-23.6%)
  · volume_breakout: sign-flip (+8.90→-0.96) (train=+8.90 held_pnl=-2.9%)
  · ema_crossover: sign-flip (+7.97→-6.35) (train=+7.97 held_pnl=-33.0%)
  · price_channel_with_atr: sign-flip (+10.87→-5.72) (train=+10.87 held_pnl=-23.8%)

  Sweep #127 PASS candidates: 0


========== SWEEP #128 (seed=170) ==========

  · donchian_raw: sign-flip (+11.74→-5.70) (train=+11.74 held_pnl=-24.4%)
  · rsi_mean_reversion: sign-flip (+8.22→-9.86) (train=+8.22 held_pnl=-35.3%)
  · bollinger_breakout: sign-flip (+14.94→-2.95) (train=+14.94 held_pnl=-11.0%)
  · bollinger_mr: sign-flip (+11.56→-1.49) (train=+11.56 held_pnl=-5.6%)
  · macd_momentum: train_fail s=-999.00 (train=+nan held_pnl=+0.0%)
  · atr_squeeze_breakout: sign-flip (+32.38→-8.57) (train=+32.38 held_pnl=-14.2%)
  · momentum_n_consec: sign-flip (+9.10→-4.24) (train=+9.10 held_pnl=-28.9%)
  · volume_breakout: sign-flip (+10.15→-4.18) (train=+10.15 held_pnl=-14.3%)
  · ema_crossover: sign-flip (+8.63→-4.54) (train=+8.63 held_pnl=-25.4%)
  · price_channel_with_atr: sign-flip (+9.14→-0.84) (train=+9.14 held_pnl=-2.7%)

  Sweep #128 PASS candidates: 0


========== SWEEP #129 (seed=171) ==========

  · donchian_raw: sign-flip (+10.01→-3.79) (train=+10.01 held_pnl=-15.8%)
  · rsi_mean_reversion: sign-flip (+72.14→-14.58) (train=+72.14 held_pnl=-36.3%)
  · bollinger_breakout: sign-flip (+13.09→-3.71) (train=+13.09 held_pnl=-19.6%)
  · bollinger_mr: sign-flip (+11.33→-2.50) (train=+11.33 held_pnl=-8.1%)
  · macd_momentum: train_fail s=-999.00 (train=+nan held_pnl=+0.0%)
  · atr_squeeze_breakout: sign-flip (+34.44→-9.54) (train=+34.44 held_pnl=-39.3%)
  · momentum_n_consec: sign-flip (+9.08→-4.56) (train=+9.08 held_pnl=-31.4%)
  · volume_breakout: sign-flip (+8.31→-2.17) (train=+8.31 held_pnl=-10.4%)
  · ema_crossover: sign-flip (+8.09→-3.55) (train=+8.09 held_pnl=-15.2%)
  · price_channel_with_atr: sign-flip (+9.49→-5.68) (train=+9.49 held_pnl=-25.0%)

  Sweep #129 PASS candidates: 0


========== SWEEP #130 (seed=172) ==========

  · donchian_raw: sign-flip (+9.97→-3.25) (train=+9.97 held_pnl=-12.0%)
  · rsi_mean_reversion: sign-flip (+37.64→-7.73) (train=+37.64 held_pnl=-36.1%)
  · bollinger_breakout: sign-flip (+13.21→-1.39) (train=+13.21 held_pnl=-4.6%)
  · bollinger_mr: sign-flip (+8.15→-2.54) (train=+8.15 held_pnl=-11.3%)
  · macd_momentum: train_fail s=-999.00 (train=+nan held_pnl=+0.0%)
  · atr_squeeze_breakout: sign-flip (+30.93→-8.63) (train=+30.93 held_pnl=-16.4%)
  · momentum_n_consec: sign-flip (+13.20→-6.29) (train=+13.20 held_pnl=-28.5%)
  · volume_breakout: sign-flip (+8.79→-5.64) (train=+8.79 held_pnl=-16.6%)
  · ema_crossover: sign-flip (+8.63→-4.54) (train=+8.63 held_pnl=-25.4%)
  · price_channel_with_atr: sign-flip (+10.83→-6.13) (train=+10.83 held_pnl=-25.4%)

  Sweep #130 PASS candidates: 0


========== SWEEP #131 (seed=173) ==========

  · donchian_raw: sign-flip (+11.81→-3.10) (train=+11.81 held_pnl=-11.2%)
  · rsi_mean_reversion: sign-flip (+10.76→-6.28) (train=+10.76 held_pnl=-40.8%)
  · bollinger_breakout: sign-flip (+14.15→-6.78) (train=+14.15 held_pnl=-22.6%)
  · bollinger_mr: sign-flip (+10.37→-1.92) (train=+10.37 held_pnl=-8.3%)
  · macd_momentum: train_fail s=-999.00 (train=+nan held_pnl=+0.0%)
  · atr_squeeze_breakout: sign-flip (+31.05→-10.86) (train=+31.05 held_pnl=-24.2%)
  · momentum_n_consec: sign-flip (+9.26→-6.44) (train=+9.26 held_pnl=-33.9%)
  · volume_breakout: PnL fail (+6.3% < 10.0%) (train=+8.57 held_pnl=+6.3%)
  · ema_crossover: sign-flip (+8.37→-4.30) (train=+8.37 held_pnl=-25.2%)
  · price_channel_with_atr: sign-flip (+9.56→-7.84) (train=+9.56 held_pnl=-33.2%)

  Sweep #131 PASS candidates: 0


========== SWEEP #132 (seed=174) ==========

  · donchian_raw: sign-flip (+11.45→-6.83) (train=+11.45 held_pnl=-24.3%)
  · rsi_mean_reversion: sign-flip (+60.70→-5.37) (train=+60.70 held_pnl=-28.1%)
  · bollinger_breakout: sign-flip (+27.13→-0.33) (train=+27.13 held_pnl=-0.9%)
  · bollinger_mr: sign-flip (+11.60→-0.48) (train=+11.60 held_pnl=-1.8%)
  · macd_momentum: train_fail s=-999.00 (train=+nan held_pnl=+0.0%)
  · atr_squeeze_breakout: sign-flip (+32.62→-11.43) (train=+32.62 held_pnl=-32.7%)
  · momentum_n_consec: PnL fail (+1.9% < 10.0%) (train=+9.62 held_pnl=+1.9%)
  · volume_breakout: sign-flip (+10.63→-7.25) (train=+10.63 held_pnl=-31.9%)
  · ema_crossover: sign-flip (+8.63→-4.42) (train=+8.63 held_pnl=-26.9%)
  · price_channel_with_atr: sign-flip (+8.65→-2.82) (train=+8.65 held_pnl=-8.6%)

  Sweep #132 PASS candidates: 0


========== SWEEP #133 (seed=175) ==========

  · donchian_raw: sign-flip (+10.44→-2.83) (train=+10.44 held_pnl=-10.2%)
  · rsi_mean_reversion: sign-flip (+23.93→-6.74) (train=+23.93 held_pnl=-23.2%)
  · bollinger_breakout: sign-flip (+14.30→-6.34) (train=+14.30 held_pnl=-21.8%)
  · bollinger_mr: sign-flip (+8.42→-2.24) (train=+8.42 held_pnl=-9.4%)
  · macd_momentum: train_fail s=-999.00 (train=+nan held_pnl=+0.0%)
  · atr_squeeze_breakout: sign-flip (+33.75→-10.17) (train=+33.75 held_pnl=-39.0%)
  · momentum_n_consec: sign-flip (+10.58→-5.38) (train=+10.58 held_pnl=-27.6%)
  · volume_breakout: sign-flip (+8.05→-1.54) (train=+8.05 held_pnl=-4.2%)
  · ema_crossover: sign-flip (+7.97→-6.35) (train=+7.97 held_pnl=-33.0%)
  · price_channel_with_atr: sign-flip (+11.74→-5.70) (train=+11.74 held_pnl=-23.9%)

  Sweep #133 PASS candidates: 0


========== SWEEP #134 (seed=176) ==========

  · donchian_raw: sign-flip (+9.43→-1.68) (train=+9.43 held_pnl=-4.9%)
  · rsi_mean_reversion: sign-flip (+49.33→-8.21) (train=+49.33 held_pnl=-37.2%)
  · bollinger_breakout: sign-flip (+14.02→-6.25) (train=+14.02 held_pnl=-22.1%)
  · bollinger_mr: sign-flip (+10.33→-1.26) (train=+10.33 held_pnl=-4.9%)
  · macd_momentum: train_fail s=-999.00 (train=+nan held_pnl=+0.0%)
  · atr_squeeze_breakout: sign-flip (+33.84→-11.10) (train=+33.84 held_pnl=-29.5%)
  · momentum_n_consec: sign-flip (+14.57→-6.34) (train=+14.57 held_pnl=-28.1%)
  ★ volume_breakout: PASS held-out Sharpe=6.63 PnL=+14.2% ★
  · ema_crossover: sign-flip (+7.97→-3.42) (train=+7.97 held_pnl=-15.2%)
  · price_channel_with_atr: sign-flip (+10.14→-4.32) (train=+10.14 held_pnl=-25.4%)

  Sweep #134 PASS candidates: 1
    volume_breakout: train Sharpe=10.91 → held-out PnL=+14.2%
      params: atr_period=10_atr_stop_mult=3.1609_exit_lookback_n=8_lookback_n=9_vol_mult=1.3367_vol_window=10

  ★ PASS #1 в sweep #134 (продолжаем continuous)


========== SWEEP #135 (seed=177) ==========

  · donchian_raw: sign-flip (+11.82→-3.40) (train=+11.82 held_pnl=-12.9%)
  · rsi_mean_reversion: sign-flip (+3.39→-2.06) (train=+3.39 held_pnl=-18.2%)
  · bollinger_breakout: PnL fail (+0.6% < 10.0%) (train=+26.63 held_pnl=+0.6%)
  · bollinger_mr: PnL fail (+0.9% < 10.0%) (train=+11.38 held_pnl=+0.9%)
  · macd_momentum: train_fail s=-999.00 (train=+nan held_pnl=+0.0%)
  · atr_squeeze_breakout: sign-flip (+28.46→-7.87) (train=+28.46 held_pnl=-26.9%)
  · momentum_n_consec: sign-flip (+8.91→-4.30) (train=+8.91 held_pnl=-27.7%)
  · volume_breakout: sign-flip (+9.06→-3.38) (train=+9.06 held_pnl=-9.8%)
  · ema_crossover: sign-flip (+7.28→-4.28) (train=+7.28 held_pnl=-20.6%)
  · price_channel_with_atr: sign-flip (+9.70→-4.88) (train=+9.70 held_pnl=-21.2%)

  Sweep #135 PASS candidates: 0


========== SWEEP #136 (seed=178) ==========

  · donchian_raw: sign-flip (+11.67→-5.00) (train=+11.67 held_pnl=-19.5%)
  · rsi_mean_reversion: sign-flip (+10.25→-3.98) (train=+10.25 held_pnl=-29.0%)
  · bollinger_breakout: sign-flip (+13.10→-1.96) (train=+13.10 held_pnl=-10.3%)
  · bollinger_mr: sign-flip (+12.07→-1.99) (train=+12.07 held_pnl=-7.8%)
  · macd_momentum: train_fail s=-999.00 (train=+nan held_pnl=+0.0%)
  · atr_squeeze_breakout: sign-flip (+31.33→-7.21) (train=+31.33 held_pnl=-18.0%)
  · momentum_n_consec: sign-flip (+10.39→-5.59) (train=+10.39 held_pnl=-26.6%)
  · volume_breakout: sign-flip (+8.97→-3.23) (train=+8.97 held_pnl=-9.9%)
  · ema_crossover: sign-flip (+7.56→-5.61) (train=+7.56 held_pnl=-28.7%)
  · price_channel_with_atr: sign-flip (+10.04→-6.25) (train=+10.04 held_pnl=-26.7%)

  Sweep #136 PASS candidates: 0


========== SWEEP #137 (seed=179) ==========

  · donchian_raw: sign-flip (+9.56→-1.85) (train=+9.56 held_pnl=-5.7%)
  · rsi_mean_reversion: sign-flip (+59.34→-3.24) (train=+59.34 held_pnl=-23.5%)
  · bollinger_breakout: sign-flip (+27.13→-2.60) (train=+27.13 held_pnl=-7.9%)
  · bollinger_mr: sign-flip (+11.11→-4.94) (train=+11.11 held_pnl=-18.0%)
  · macd_momentum: train_fail s=-999.00 (train=+nan held_pnl=+0.0%)
  · atr_squeeze_breakout: sign-flip (+30.22→-8.23) (train=+30.22 held_pnl=-37.0%)
  · momentum_n_consec: sign-flip (+10.22→-5.75) (train=+10.22 held_pnl=-27.8%)
  · volume_breakout: sign-flip (+9.32→-5.75) (train=+9.32 held_pnl=-25.2%)
  · ema_crossover: sign-flip (+8.78→-3.37) (train=+8.78 held_pnl=-15.2%)
  · price_channel_with_atr: sign-flip (+10.00→-5.73) (train=+10.00 held_pnl=-25.0%)

  Sweep #137 PASS candidates: 0


========== SWEEP #138 (seed=180) ==========

  · donchian_raw: sign-flip (+10.24→-7.78) (train=+10.24 held_pnl=-27.3%)
  · rsi_mean_reversion: sign-flip (+30.63→-4.15) (train=+30.63 held_pnl=-39.7%)
  · bollinger_breakout: sign-flip (+13.52→-5.31) (train=+13.52 held_pnl=-19.4%)
  · bollinger_mr: PnL fail (+0.5% < 10.0%) (train=+11.30 held_pnl=+0.5%)
  · macd_momentum: train_fail s=-999.00 (train=+nan held_pnl=+0.0%)
  · atr_squeeze_breakout: sign-flip (+31.14→-10.11) (train=+31.14 held_pnl=-43.9%)
  · momentum_n_consec: sign-flip (+10.36→-5.52) (train=+10.36 held_pnl=-28.6%)
  · volume_breakout: sign-flip (+10.58→-2.45) (train=+10.58 held_pnl=-7.4%)
  · ema_crossover: sign-flip (+7.80→-2.73) (train=+7.80 held_pnl=-10.6%)
  · price_channel_with_atr: sign-flip (+10.31→-4.38) (train=+10.31 held_pnl=-24.9%)

  Sweep #138 PASS candidates: 0


========== SWEEP #139 (seed=181) ==========

  · donchian_raw: sign-flip (+9.85→-3.07) (train=+9.85 held_pnl=-11.4%)
  · rsi_mean_reversion: sign-flip (+10.00→-2.83) (train=+10.00 held_pnl=-25.4%)
  · bollinger_breakout: sign-flip (+14.48→-5.98) (train=+14.48 held_pnl=-22.9%)
  · bollinger_mr: sign-flip (+11.30→-0.08) (train=+11.30 held_pnl=-0.3%)
  · macd_momentum: train_fail s=-999.00 (train=+nan held_pnl=+0.0%)
  · atr_squeeze_breakout: sign-flip (+28.16→-8.08) (train=+28.16 held_pnl=-35.7%)
  · momentum_n_consec: sign-flip (+12.99→-6.85) (train=+12.99 held_pnl=-30.7%)
  · volume_breakout: sign-flip (+9.06→-3.96) (train=+9.06 held_pnl=-10.7%)
  · ema_crossover: sign-flip (+8.74→-3.69) (train=+8.74 held_pnl=-17.2%)
  · price_channel_with_atr: sign-flip (+10.96→-6.19) (train=+10.96 held_pnl=-26.2%)

  Sweep #139 PASS candidates: 0


========== SWEEP #140 (seed=182) ==========

  · donchian_raw: sign-flip (+10.81→-6.00) (train=+10.81 held_pnl=-25.0%)
  · rsi_mean_reversion: sign-flip (+10.68→-1.87) (train=+10.68 held_pnl=-13.9%)
  · bollinger_breakout: sign-flip (+15.03→-5.14) (train=+15.03 held_pnl=-16.7%)
  · bollinger_mr: sign-flip (+9.14→-2.18) (train=+9.14 held_pnl=-7.8%)
  · macd_momentum: train_fail s=-999.00 (train=+nan held_pnl=+0.0%)
  · atr_squeeze_breakout: sign-flip (+32.22→-8.86) (train=+32.22 held_pnl=-33.1%)
  · momentum_n_consec: sign-flip (+10.65→-5.31) (train=+10.65 held_pnl=-24.5%)
  · volume_breakout: sign-flip (+7.43→-3.01) (train=+7.43 held_pnl=-15.4%)
  · ema_crossover: sign-flip (+8.74→-3.69) (train=+8.74 held_pnl=-17.2%)
  · price_channel_with_atr: sign-flip (+9.28→-3.51) (train=+9.28 held_pnl=-11.3%)

  Sweep #140 PASS candidates: 0


========== SWEEP #141 (seed=183) ==========

  · donchian_raw: sign-flip (+12.31→-6.83) (train=+12.31 held_pnl=-24.3%)
  · rsi_mean_reversion: sign-flip (+9.87→-4.47) (train=+9.87 held_pnl=-29.2%)
  · bollinger_breakout: sign-flip (+13.74→-3.26) (train=+13.74 held_pnl=-16.6%)
  · bollinger_mr: sign-flip (+6.27→-0.72) (train=+6.27 held_pnl=-4.7%)
  · macd_momentum: train_fail s=-999.00 (train=+nan held_pnl=+0.0%)
  · atr_squeeze_breakout: sign-flip (+29.32→-11.46) (train=+29.32 held_pnl=-42.8%)
  · momentum_n_consec: sign-flip (+9.55→-4.96) (train=+9.55 held_pnl=-24.7%)
  · volume_breakout: sign-flip (+9.80→-4.71) (train=+9.80 held_pnl=-26.7%)
  · ema_crossover: sign-flip (+7.40→-4.25) (train=+7.40 held_pnl=-22.5%)
  · price_channel_with_atr: sign-flip (+11.20→-5.79) (train=+11.20 held_pnl=-23.5%)

  Sweep #141 PASS candidates: 0


========== SWEEP #142 (seed=184) ==========

  · donchian_raw: sign-flip (+11.00→-4.07) (train=+11.00 held_pnl=-15.9%)
  · rsi_mean_reversion: sign-flip (+62.06→-7.53) (train=+62.06 held_pnl=-34.5%)
  · bollinger_breakout: sign-flip (+12.89→-1.44) (train=+12.89 held_pnl=-6.7%)
  · bollinger_mr: sign-flip (+10.03→-1.82) (train=+10.03 held_pnl=-7.9%)
  · macd_momentum: train_fail s=-999.00 (train=+nan held_pnl=+0.0%)
  · atr_squeeze_breakout: sign-flip (+26.69→-7.50) (train=+26.69 held_pnl=-18.9%)
  · momentum_n_consec: sign-flip (+8.72→-4.79) (train=+8.72 held_pnl=-29.8%)
  · volume_breakout: sign-flip (+9.49→-3.95) (train=+9.49 held_pnl=-16.8%)
  · ema_crossover: sign-flip (+7.73→-5.16) (train=+7.73 held_pnl=-20.8%)
  · price_channel_with_atr: sign-flip (+11.80→-5.71) (train=+11.80 held_pnl=-23.9%)

  Sweep #142 PASS candidates: 0


========== SWEEP #143 (seed=185) ==========

  · donchian_raw: sign-flip (+11.71→-1.61) (train=+11.71 held_pnl=-5.6%)
  · rsi_mean_reversion: sign-flip (+74.13→-11.74) (train=+74.13 held_pnl=-40.8%)
  · bollinger_breakout: sign-flip (+13.79→-2.80) (train=+13.79 held_pnl=-9.2%)
  · bollinger_mr: PnL fail (+2.2% < 10.0%) (train=+11.44 held_pnl=+2.2%)
  · macd_momentum: train_fail s=-999.00 (train=+nan held_pnl=+0.0%)
  · atr_squeeze_breakout: sign-flip (+31.25→-9.39) (train=+31.25 held_pnl=-42.5%)
  · momentum_n_consec: sign-flip (+9.64→-4.90) (train=+9.64 held_pnl=-29.6%)
  · volume_breakout: sign-flip (+7.47→-3.19) (train=+7.47 held_pnl=-9.8%)
  · ema_crossover: sign-flip (+8.00→-4.61) (train=+8.00 held_pnl=-31.1%)
  · price_channel_with_atr: sign-flip (+9.92→-8.24) (train=+9.92 held_pnl=-34.8%)

  Sweep #143 PASS candidates: 0


========== SWEEP #144 (seed=186) ==========

  · donchian_raw: sign-flip (+11.79→-1.77) (train=+11.79 held_pnl=-6.5%)
  · rsi_mean_reversion: sign-flip (+66.37→-7.56) (train=+66.37 held_pnl=-42.3%)
  · bollinger_breakout: sign-flip (+12.99→-4.43) (train=+12.99 held_pnl=-13.4%)
  · bollinger_mr: PnL fail (+0.4% < 10.0%) (train=+12.03 held_pnl=+0.4%)
  · macd_momentum: train_fail s=-999.00 (train=+nan held_pnl=+0.0%)
  · atr_squeeze_breakout: sign-flip (+32.12→-8.79) (train=+32.12 held_pnl=-34.5%)
  · momentum_n_consec: sign-flip (+11.04→-6.32) (train=+11.04 held_pnl=-31.7%)
  · volume_breakout: sign-flip (+9.86→-4.39) (train=+9.86 held_pnl=-16.0%)
  · ema_crossover: sign-flip (+8.78→-3.37) (train=+8.78 held_pnl=-15.2%)
  · price_channel_with_atr: sign-flip (+9.01→-0.82) (train=+9.01 held_pnl=-2.7%)

  Sweep #144 PASS candidates: 0


========== SWEEP #145 (seed=187) ==========

  · donchian_raw: sign-flip (+11.15→-1.02) (train=+11.15 held_pnl=-3.5%)
  · rsi_mean_reversion: sign-flip (+50.33→-8.74) (train=+50.33 held_pnl=-45.0%)
  · bollinger_breakout: sign-flip (+15.31→-1.72) (train=+15.31 held_pnl=-8.8%)
  · bollinger_mr: sign-flip (+10.87→-1.01) (train=+10.87 held_pnl=-4.0%)
  · macd_momentum: train_fail s=-999.00 (train=+nan held_pnl=+0.0%)
  · atr_squeeze_breakout: sign-flip (+30.82→-10.14) (train=+30.82 held_pnl=-34.3%)
  · momentum_n_consec: sign-flip (+14.09→-6.41) (train=+14.09 held_pnl=-32.3%)
  · volume_breakout: sign-flip (+10.05→-4.51) (train=+10.05 held_pnl=-12.7%)
  · ema_crossover: sign-flip (+7.97→-4.25) (train=+7.97 held_pnl=-22.5%)
  · price_channel_with_atr: sign-flip (+9.73→-6.10) (train=+9.73 held_pnl=-26.5%)

  Sweep #145 PASS candidates: 0


========== SWEEP #146 (seed=188) ==========

  · donchian_raw: sign-flip (+10.67→-2.90) (train=+10.67 held_pnl=-10.5%)
  · rsi_mean_reversion: sign-flip (+65.18→-7.97) (train=+65.18 held_pnl=-26.4%)
  · bollinger_breakout: sign-flip (+28.33→-1.17) (train=+28.33 held_pnl=-3.4%)
  · bollinger_mr: sign-flip (+8.09→-1.28) (train=+8.09 held_pnl=-4.3%)
  · macd_momentum: train_fail s=-999.00 (train=+nan held_pnl=+0.0%)
  · atr_squeeze_breakout: sign-flip (+27.63→-9.95) (train=+27.63 held_pnl=-42.3%)
  · momentum_n_consec: sign-flip (+14.17→-6.80) (train=+14.17 held_pnl=-30.9%)
  · volume_breakout: sign-flip (+7.88→-1.32) (train=+7.88 held_pnl=-3.5%)
  · ema_crossover: sign-flip (+7.97→-4.25) (train=+7.97 held_pnl=-22.5%)
  · price_channel_with_atr: sign-flip (+9.24→-2.23) (train=+9.24 held_pnl=-10.3%)

  Sweep #146 PASS candidates: 0


========== SWEEP #147 (seed=189) ==========

  · donchian_raw: sign-flip (+11.84→-1.91) (train=+11.84 held_pnl=-7.0%)
  · rsi_mean_reversion: sign-flip (+10.15→-3.36) (train=+10.15 held_pnl=-21.9%)
  · bollinger_breakout: sign-flip (+13.09→-6.89) (train=+13.09 held_pnl=-25.6%)
  · bollinger_mr: sign-flip (+8.36→-3.33) (train=+8.36 held_pnl=-10.7%)
  · macd_momentum: train_fail s=-999.00 (train=+nan held_pnl=+0.0%)
  · atr_squeeze_breakout: sign-flip (+30.15→-7.07) (train=+30.15 held_pnl=-11.5%)
  · momentum_n_consec: sign-flip (+10.07→-5.22) (train=+10.07 held_pnl=-24.2%)
  · volume_breakout: sign-flip (+10.21→-5.92) (train=+10.21 held_pnl=-26.2%)
  · ema_crossover: sign-flip (+7.07→-4.52) (train=+7.07 held_pnl=-21.3%)
  · price_channel_with_atr: sign-flip (+10.75→-4.58) (train=+10.75 held_pnl=-17.8%)

  Sweep #147 PASS candidates: 0


========== SWEEP #148 (seed=190) ==========

  · donchian_raw: sign-flip (+11.64→-5.00) (train=+11.64 held_pnl=-19.7%)
  · rsi_mean_reversion: sign-flip (+82.72→-14.45) (train=+82.72 held_pnl=-33.9%)
  · bollinger_breakout: sign-flip (+11.76→-0.89) (train=+11.76 held_pnl=-4.5%)
  · bollinger_mr: sign-flip (+12.16→-2.19) (train=+12.16 held_pnl=-6.4%)
  · macd_momentum: train_fail s=-999.00 (train=+nan held_pnl=+0.0%)
  · atr_squeeze_breakout: sign-flip (+33.01→-10.19) (train=+33.01 held_pnl=-24.5%)
  · momentum_n_consec: sign-flip (+8.52→-4.09) (train=+8.52 held_pnl=-25.8%)
  · volume_breakout: sign-flip (+11.29→-3.14) (train=+11.29 held_pnl=-8.7%)
  · ema_crossover: sign-flip (+9.02→-4.74) (train=+9.02 held_pnl=-21.1%)
  · price_channel_with_atr: sign-flip (+9.85→-6.12) (train=+9.85 held_pnl=-26.2%)

  Sweep #148 PASS candidates: 0


========== SWEEP #149 (seed=191) ==========

  · donchian_raw: sign-flip (+10.63→-2.76) (train=+10.63 held_pnl=-10.1%)
  · rsi_mean_reversion: sign-flip (+10.49→-3.46) (train=+10.49 held_pnl=-12.1%)
  · bollinger_breakout: sign-flip (+12.39→-3.65) (train=+12.39 held_pnl=-14.8%)
  · bollinger_mr: sign-flip (+13.11→-1.33) (train=+13.11 held_pnl=-4.9%)
  · macd_momentum: train_fail s=-999.00 (train=+nan held_pnl=+0.0%)
  · atr_squeeze_breakout: sign-flip (+29.93→-6.82) (train=+29.93 held_pnl=-10.3%)
  · momentum_n_consec: sign-flip (+10.97→-4.36) (train=+10.97 held_pnl=-21.6%)
  · volume_breakout: sign-flip (+9.33→-5.68) (train=+9.33 held_pnl=-24.0%)
  · ema_crossover: sign-flip (+9.02→-4.74) (train=+9.02 held_pnl=-21.1%)
  · price_channel_with_atr: sign-flip (+10.57→-4.72) (train=+10.57 held_pnl=-20.8%)

  Sweep #149 PASS candidates: 0


========== SWEEP #150 (seed=192) ==========

  · donchian_raw: sign-flip (+10.87→-2.06) (train=+10.87 held_pnl=-7.2%)
  · rsi_mean_reversion: sign-flip (+19.51→-7.76) (train=+19.51 held_pnl=-28.3%)
  · bollinger_breakout: sign-flip (+29.31→-1.19) (train=+29.31 held_pnl=-2.9%)
  · bollinger_mr: PnL fail (+2.0% < 10.0%) (train=+11.99 held_pnl=+2.0%)
  · macd_momentum: train_fail s=-999.00 (train=+nan held_pnl=+0.0%)
  · atr_squeeze_breakout: sign-flip (+28.06→-8.06) (train=+28.06 held_pnl=-12.5%)
  · momentum_n_consec: sign-flip (+10.45→-5.65) (train=+10.45 held_pnl=-28.1%)
  · volume_breakout: sign-flip (+8.21→-2.75) (train=+8.21 held_pnl=-12.0%)
  · ema_crossover: sign-flip (+8.74→-3.53) (train=+8.74 held_pnl=-19.1%)
  · price_channel_with_atr: sign-flip (+9.33→-1.97) (train=+9.33 held_pnl=-9.8%)

  Sweep #150 PASS candidates: 0


========== SWEEP #151 (seed=193) ==========

  · donchian_raw: sign-flip (+10.99→-3.82) (train=+10.99 held_pnl=-14.5%)
  · rsi_mean_reversion: sign-flip (+20.24→-3.58) (train=+20.24 held_pnl=-20.4%)
  · bollinger_breakout: sign-flip (+12.35→-1.63) (train=+12.35 held_pnl=-7.0%)
  · bollinger_mr: sign-flip (+9.05→-0.31) (train=+9.05 held_pnl=-1.5%)
  · macd_momentum: train_fail s=-999.00 (train=+nan held_pnl=+0.0%)
  · atr_squeeze_breakout: sign-flip (+32.19→-6.88) (train=+32.19 held_pnl=-13.5%)
  · momentum_n_consec: sign-flip (+10.02→-4.77) (train=+10.02 held_pnl=-28.5%)
  · volume_breakout: sign-flip (+8.14→-1.05) (train=+8.14 held_pnl=-4.9%)
  · ema_crossover: sign-flip (+8.78→-3.37) (train=+8.78 held_pnl=-15.2%)
  · price_channel_with_atr: sign-flip (+9.15→-4.32) (train=+9.15 held_pnl=-25.5%)

  Sweep #151 PASS candidates: 0


========== SWEEP #152 (seed=194) ==========

  · donchian_raw: sign-flip (+11.80→-1.93) (train=+11.80 held_pnl=-7.1%)
  · rsi_mean_reversion: sign-flip (+20.31→-4.55) (train=+20.31 held_pnl=-37.1%)
  · bollinger_breakout: sign-flip (+14.32→-5.39) (train=+14.32 held_pnl=-29.0%)
  · bollinger_mr: sign-flip (+11.72→-0.71) (train=+11.72 held_pnl=-2.3%)
  · macd_momentum: train_fail s=-999.00 (train=+nan held_pnl=+0.0%)
  · atr_squeeze_breakout: sign-flip (+30.31→-6.29) (train=+30.31 held_pnl=-26.0%)
  · momentum_n_consec: sign-flip (+9.87→-5.92) (train=+9.87 held_pnl=-29.6%)
  · volume_breakout: sign-flip (+8.20→-1.82) (train=+8.20 held_pnl=-5.9%)
  · ema_crossover: sign-flip (+8.18→-7.85) (train=+8.18 held_pnl=-34.2%)
  · price_channel_with_atr: sign-flip (+10.49→-4.73) (train=+10.49 held_pnl=-20.8%)

  Sweep #152 PASS candidates: 0


========== SWEEP #153 (seed=195) ==========

  · donchian_raw: sign-flip (+11.71→-4.99) (train=+11.71 held_pnl=-19.2%)
  · rsi_mean_reversion: sign-flip (+9.92→-3.29) (train=+9.92 held_pnl=-18.9%)
  · bollinger_breakout: sign-flip (+27.08→-0.10) (train=+27.08 held_pnl=-0.3%)
  · bollinger_mr: sign-flip (+8.63→-1.83) (train=+8.63 held_pnl=-9.3%)
  · macd_momentum: train_fail s=-999.00 (train=+nan held_pnl=+0.0%)
  · atr_squeeze_breakout: sign-flip (+32.12→-7.93) (train=+32.12 held_pnl=-14.1%)
  · momentum_n_consec: sign-flip (+9.77→-6.06) (train=+9.77 held_pnl=-30.7%)
  · volume_breakout: PnL fail (+4.7% < 10.0%) (train=+9.89 held_pnl=+4.7%)
  · ema_crossover: sign-flip (+8.78→-3.37) (train=+8.78 held_pnl=-15.2%)
  · price_channel_with_atr: sign-flip (+8.34→-4.19) (train=+8.34 held_pnl=-20.3%)

  Sweep #153 PASS candidates: 0


========== SWEEP #154 (seed=196) ==========

  · donchian_raw: sign-flip (+11.19→-6.26) (train=+11.19 held_pnl=-26.1%)
  · rsi_mean_reversion: sign-flip (+94.23→-6.52) (train=+94.23 held_pnl=-48.6%)
  · bollinger_breakout: sign-flip (+12.47→-5.08) (train=+12.47 held_pnl=-20.7%)
  · bollinger_mr: sign-flip (+7.69→-0.84) (train=+7.69 held_pnl=-3.4%)
  · macd_momentum: train_fail s=-999.00 (train=+nan held_pnl=+0.0%)
  · atr_squeeze_breakout: sign-flip (+35.18→-8.79) (train=+35.18 held_pnl=-28.5%)
  · momentum_n_consec: PnL fail (+1.5% < 10.0%) (train=+9.08 held_pnl=+1.5%)
  · volume_breakout: sign-flip (+8.87→-3.78) (train=+8.87 held_pnl=-9.9%)
  · ema_crossover: sign-flip (+7.00→-3.32) (train=+7.00 held_pnl=-18.5%)
  · price_channel_with_atr: sign-flip (+10.72→-5.82) (train=+10.72 held_pnl=-25.5%)

  Sweep #154 PASS candidates: 0


========== SWEEP #155 (seed=197) ==========

  · donchian_raw: sign-flip (+12.27→-6.83) (train=+12.27 held_pnl=-24.3%)
  · rsi_mean_reversion: sign-flip (+28.83→-7.07) (train=+28.83 held_pnl=-27.2%)
  · bollinger_breakout: sign-flip (+13.03→-0.63) (train=+13.03 held_pnl=-3.2%)
  · bollinger_mr: sign-flip (+8.77→-1.98) (train=+8.77 held_pnl=-7.9%)
  · macd_momentum: train_fail s=-999.00 (train=+nan held_pnl=+0.0%)
  · atr_squeeze_breakout: sign-flip (+28.55→-6.95) (train=+28.55 held_pnl=-11.9%)
  · momentum_n_consec: sign-flip (+9.73→-4.55) (train=+9.73 held_pnl=-27.5%)
  ★ volume_breakout: PASS held-out Sharpe=5.52 PnL=+13.2% ★
  · ema_crossover: sign-flip (+8.62→-3.48) (train=+8.62 held_pnl=-18.1%)
  · price_channel_with_atr: sign-flip (+8.71→-2.00) (train=+8.71 held_pnl=-10.0%)

  Sweep #155 PASS candidates: 1
    volume_breakout: train Sharpe=11.68 → held-out PnL=+13.2%
      params: atr_period=11_atr_stop_mult=3.0733_exit_lookback_n=8_lookback_n=9_vol_mult=1.3198_vol_window=13

  ★ PASS #2 в sweep #155 (продолжаем continuous)


========== SWEEP #156 (seed=198) ==========

  · donchian_raw: sign-flip (+11.01→-3.33) (train=+11.01 held_pnl=-12.5%)
  · rsi_mean_reversion: sign-flip (+82.01→-4.06) (train=+82.01 held_pnl=-19.9%)
  · bollinger_breakout: sign-flip (+14.91→-7.59) (train=+14.91 held_pnl=-33.3%)
  · bollinger_mr: sign-flip (+10.32→-3.00) (train=+10.32 held_pnl=-10.7%)
  · macd_momentum: train_fail s=-999.00 (train=+nan held_pnl=+0.0%)
  · atr_squeeze_breakout: sign-flip (+32.65→-10.40) (train=+32.65 held_pnl=-42.8%)
  · momentum_n_consec: sign-flip (+10.21→-4.81) (train=+10.21 held_pnl=-23.7%)
  · volume_breakout: sign-flip (+9.40→-2.77) (train=+9.40 held_pnl=-6.9%)
  · ema_crossover: sign-flip (+8.62→-3.55) (train=+8.62 held_pnl=-16.8%)
  · price_channel_with_atr: sign-flip (+9.37→-1.24) (train=+9.37 held_pnl=-4.0%)

  Sweep #156 PASS candidates: 0


========== SWEEP #157 (seed=199) ==========

  · donchian_raw: sign-flip (+11.80→-1.96) (train=+11.80 held_pnl=-7.2%)
  · rsi_mean_reversion: sign-flip (+15.05→-8.91) (train=+15.05 held_pnl=-25.5%)
  · bollinger_breakout: sign-flip (+14.79→-4.32) (train=+14.79 held_pnl=-16.1%)
  · bollinger_mr: sign-flip (+9.95→-2.31) (train=+9.95 held_pnl=-8.9%)
  · macd_momentum: train_fail s=-999.00 (train=+nan held_pnl=+0.0%)
  · atr_squeeze_breakout: sign-flip (+28.46→-9.76) (train=+28.46 held_pnl=-14.2%)
  · momentum_n_consec: PnL fail (+2.0% < 10.0%) (train=+9.59 held_pnl=+2.0%)
  · volume_breakout: sign-flip (+8.49→-4.54) (train=+8.49 held_pnl=-12.4%)
  · ema_crossover: sign-flip (+7.43→-5.09) (train=+7.43 held_pnl=-22.3%)
  · price_channel_with_atr: sign-flip (+9.34→-3.12) (train=+9.34 held_pnl=-14.9%)

  Sweep #157 PASS candidates: 0


========== SWEEP #158 (seed=200) ==========

  · donchian_raw: sign-flip (+10.62→-2.62) (train=+10.62 held_pnl=-9.1%)
  · rsi_mean_reversion: sign-flip (+41.94→-14.52) (train=+41.94 held_pnl=-39.9%)
  · bollinger_breakout: sign-flip (+12.78→-3.16) (train=+12.78 held_pnl=-17.2%)
  · bollinger_mr: sign-flip (+10.57→-0.94) (train=+10.57 held_pnl=-3.2%)
  · macd_momentum: train_fail s=-999.00 (train=+nan held_pnl=+0.0%)
  · atr_squeeze_breakout: sign-flip (+34.19→-8.22) (train=+34.19 held_pnl=-16.6%)
  · momentum_n_consec: sign-flip (+13.77→-6.38) (train=+13.77 held_pnl=-32.0%)
  · volume_breakout: sign-flip (+9.46→-4.78) (train=+9.46 held_pnl=-15.0%)
  · ema_crossover: sign-flip (+8.78→-3.37) (train=+8.78 held_pnl=-15.2%)
  · price_channel_with_atr: sign-flip (+11.03→-5.76) (train=+11.03 held_pnl=-23.9%)

  Sweep #158 PASS candidates: 0


========== SWEEP #159 (seed=201) ==========

  · donchian_raw: sign-flip (+11.37→-6.14) (train=+11.37 held_pnl=-24.3%)
  · rsi_mean_reversion: sign-flip (+18.92→-5.58) (train=+18.92 held_pnl=-26.9%)
  · bollinger_breakout: sign-flip (+12.49→-0.77) (train=+12.49 held_pnl=-4.0%)
  · bollinger_mr: sign-flip (+10.79→-1.51) (train=+10.79 held_pnl=-4.6%)
  · macd_momentum: train_fail s=-999.00 (train=+nan held_pnl=+0.0%)
  · atr_squeeze_breakout: sign-flip (+27.58→-7.33) (train=+27.58 held_pnl=-19.2%)
  · momentum_n_consec: sign-flip (+11.52→-7.35) (train=+11.52 held_pnl=-33.1%)
  · volume_breakout: sign-flip (+10.43→-2.60) (train=+10.43 held_pnl=-9.6%)
  · ema_crossover: sign-flip (+6.96→-5.13) (train=+6.96 held_pnl=-37.8%)
  · price_channel_with_atr: sign-flip (+9.05→-0.90) (train=+9.05 held_pnl=-3.1%)

  Sweep #159 PASS candidates: 0


========== SWEEP #160 (seed=202) ==========

  · donchian_raw: sign-flip (+10.66→-2.83) (train=+10.66 held_pnl=-10.2%)
  · rsi_mean_reversion: sign-flip (+72.46→-6.58) (train=+72.46 held_pnl=-47.8%)
  · bollinger_breakout: sign-flip (+30.02→-0.22) (train=+30.02 held_pnl=-0.6%)
  · bollinger_mr: sign-flip (+10.22→-3.11) (train=+10.22 held_pnl=-10.2%)
  · macd_momentum: train_fail s=-999.00 (train=+nan held_pnl=+0.0%)
  · atr_squeeze_breakout: sign-flip (+30.56→-7.07) (train=+30.56 held_pnl=-9.4%)
  · momentum_n_consec: sign-flip (+10.26→-5.59) (train=+10.26 held_pnl=-26.6%)
  · volume_breakout: sign-flip (+8.46→-4.52) (train=+8.46 held_pnl=-18.4%)
  · ema_crossover: sign-flip (+7.95→-4.51) (train=+7.95 held_pnl=-26.0%)
  · price_channel_with_atr: sign-flip (+10.19→-6.11) (train=+10.19 held_pnl=-26.1%)

  Sweep #160 PASS candidates: 0


========== SWEEP #161 (seed=203) ==========

  · donchian_raw: sign-flip (+10.10→-4.34) (train=+10.10 held_pnl=-25.5%)
  · rsi_mean_reversion: sign-flip (+35.84→-2.45) (train=+35.84 held_pnl=-12.7%)
  · bollinger_breakout: sign-flip (+24.06→-0.04) (train=+24.06 held_pnl=-0.1%)
  · bollinger_mr: sign-flip (+8.02→-3.23) (train=+8.02 held_pnl=-14.1%)
  · macd_momentum: train_fail s=-999.00 (train=+nan held_pnl=+0.0%)
  · atr_squeeze_breakout: sign-flip (+28.49→-8.81) (train=+28.49 held_pnl=-35.5%)
  · momentum_n_consec: sign-flip (+10.41→-5.10) (train=+10.41 held_pnl=-25.9%)
  · volume_breakout: sign-flip (+7.80→-4.81) (train=+7.80 held_pnl=-20.1%)
  · ema_crossover: sign-flip (+8.23→-5.09) (train=+8.23 held_pnl=-22.3%)
  · price_channel_with_atr: sign-flip (+11.74→-5.70) (train=+11.74 held_pnl=-23.9%)

  Sweep #161 PASS candidates: 0


========== SWEEP #162 (seed=204) ==========

  · donchian_raw: sign-flip (+10.66→-5.68) (train=+10.66 held_pnl=-24.0%)
  · rsi_mean_reversion: sign-flip (+15.62→-3.32) (train=+15.62 held_pnl=-14.8%)
  · bollinger_breakout: sign-flip (+15.66→-2.09) (train=+15.66 held_pnl=-7.1%)
  · bollinger_mr: sign-flip (+11.42→-8.87) (train=+11.42 held_pnl=-26.9%)
  · macd_momentum: train_fail s=-999.00 (train=+nan held_pnl=+0.0%)
  · atr_squeeze_breakout: sign-flip (+29.29→-9.09) (train=+29.29 held_pnl=-41.1%)
  · momentum_n_consec: sign-flip (+10.48→-5.44) (train=+10.48 held_pnl=-25.5%)
  · volume_breakout: sign-flip (+10.99→-5.76) (train=+10.99 held_pnl=-20.9%)
  · ema_crossover: sign-flip (+7.68→-2.97) (train=+7.68 held_pnl=-16.8%)
  · price_channel_with_atr: sign-flip (+11.81→-5.72) (train=+11.81 held_pnl=-24.4%)

  Sweep #162 PASS candidates: 0


========== SWEEP #163 (seed=205) ==========

  · donchian_raw: sign-flip (+10.80→-2.06) (train=+10.80 held_pnl=-7.2%)
  · rsi_mean_reversion: sign-flip (+32.33→-6.75) (train=+32.33 held_pnl=-47.1%)
  · bollinger_breakout: sign-flip (+14.07→-4.95) (train=+14.07 held_pnl=-20.7%)
  · bollinger_mr: sign-flip (+11.51→-0.64) (train=+11.51 held_pnl=-2.4%)
  · macd_momentum: train_fail s=-999.00 (train=+nan held_pnl=+0.0%)
  · atr_squeeze_breakout: sign-flip (+31.25→-8.47) (train=+31.25 held_pnl=-11.9%)
  · momentum_n_consec: PnL fail (+1.4% < 10.0%) (train=+9.04 held_pnl=+1.4%)
  · volume_breakout: sign-flip (+9.73→-2.81) (train=+9.73 held_pnl=-11.0%)
  · ema_crossover: sign-flip (+9.02→-4.74) (train=+9.02 held_pnl=-21.1%)
  · price_channel_with_atr: sign-flip (+8.55→-5.07) (train=+8.55 held_pnl=-19.8%)

  Sweep #163 PASS candidates: 0


========== SWEEP #164 (seed=206) ==========

  · donchian_raw: sign-flip (+10.34→-3.68) (train=+10.34 held_pnl=-14.0%)
  · rsi_mean_reversion: sign-flip (+80.16→-5.25) (train=+80.16 held_pnl=-23.2%)
  · bollinger_breakout: sign-flip (+13.46→-2.14) (train=+13.46 held_pnl=-11.0%)
  · bollinger_mr: sign-flip (+8.38→-4.41) (train=+8.38 held_pnl=-16.4%)
  · macd_momentum: train_fail s=-999.00 (train=+nan held_pnl=+0.0%)
  · atr_squeeze_breakout: sign-flip (+27.79→-9.16) (train=+27.79 held_pnl=-40.7%)
  · momentum_n_consec: PnL fail (+1.8% < 10.0%) (train=+9.61 held_pnl=+1.8%)
  · volume_breakout: sign-flip (+9.13→-5.59) (train=+9.13 held_pnl=-20.2%)
  · ema_crossover: sign-flip (+7.58→-2.73) (train=+7.58 held_pnl=-10.6%)
  · price_channel_with_atr: sign-flip (+12.22→-6.23) (train=+12.22 held_pnl=-25.9%)

  Sweep #164 PASS candidates: 0


========== SWEEP #165 (seed=207) ==========

  · donchian_raw: sign-flip (+11.01→-2.41) (train=+11.01 held_pnl=-9.0%)
  · rsi_mean_reversion: sign-flip (+19.29→-8.78) (train=+19.29 held_pnl=-44.2%)
  · bollinger_breakout: sign-flip (+13.92→-0.62) (train=+13.92 held_pnl=-3.2%)
  · bollinger_mr: sign-flip (+11.76→-4.40) (train=+11.76 held_pnl=-15.5%)
  · macd_momentum: train_fail s=-999.00 (train=+nan held_pnl=+0.0%)
  · atr_squeeze_breakout: sign-flip (+27.98→-11.52) (train=+27.98 held_pnl=-39.4%)
  · momentum_n_consec: sign-flip (+12.75→-6.44) (train=+12.75 held_pnl=-32.6%)
  · volume_breakout: sign-flip (+6.99→-1.87) (train=+6.99 held_pnl=-8.7%)
  · ema_crossover: sign-flip (+8.41→-4.54) (train=+8.41 held_pnl=-25.4%)
  · price_channel_with_atr: sign-flip (+10.88→-5.96) (train=+10.88 held_pnl=-25.7%)

  Sweep #165 PASS candidates: 0


========== SWEEP #166 (seed=208) ==========

  · donchian_raw: sign-flip (+11.20→-6.83) (train=+11.20 held_pnl=-24.3%)
  · rsi_mean_reversion: sign-flip (+43.19→-12.81) (train=+43.19 held_pnl=-35.8%)
  · bollinger_breakout: sign-flip (+13.26→-4.03) (train=+13.26 held_pnl=-17.1%)
  · bollinger_mr: sign-flip (+10.84→-0.63) (train=+10.84 held_pnl=-2.4%)
  · macd_momentum: train_fail s=-999.00 (train=+nan held_pnl=+0.0%)
  · atr_squeeze_breakout: sign-flip (+35.12→-9.59) (train=+35.12 held_pnl=-18.7%)
  · momentum_n_consec: sign-flip (+7.59→-5.20) (train=+7.59 held_pnl=-28.2%)
  · volume_breakout: PnL fail (+4.7% < 10.0%) (train=+8.08 held_pnl=+4.7%)
  · ema_crossover: sign-flip (+8.32→-4.12) (train=+8.32 held_pnl=-22.1%)
  · price_channel_with_atr: sign-flip (+10.22→-4.41) (train=+10.22 held_pnl=-25.1%)

  Sweep #166 PASS candidates: 0


========== SWEEP #167 (seed=209) ==========

  · donchian_raw: sign-flip (+10.96→-3.82) (train=+10.96 held_pnl=-14.5%)
  · rsi_mean_reversion: sign-flip (+12.64→-9.76) (train=+12.64 held_pnl=-24.2%)
  · bollinger_breakout: sign-flip (+14.00→-2.57) (train=+14.00 held_pnl=-9.4%)
  · bollinger_mr: sign-flip (+8.82→-4.64) (train=+8.82 held_pnl=-16.8%)
  · macd_momentum: train_fail s=-999.00 (train=+nan held_pnl=+0.0%)
  · atr_squeeze_breakout: sign-flip (+33.42→-10.62) (train=+33.42 held_pnl=-17.5%)
  · momentum_n_consec: sign-flip (+10.11→-5.10) (train=+10.11 held_pnl=-29.6%)
  · volume_breakout: sign-flip (+10.03→-1.53) (train=+10.03 held_pnl=-4.6%)
  · ema_crossover: sign-flip (+6.30→-5.23) (train=+6.30 held_pnl=-37.4%)
  · price_channel_with_atr: sign-flip (+7.92→-5.33) (train=+7.92 held_pnl=-17.5%)

  Sweep #167 PASS candidates: 0


========== SWEEP #168 (seed=210) ==========

  · donchian_raw: sign-flip (+12.17→-6.83) (train=+12.17 held_pnl=-24.3%)
  · rsi_mean_reversion: sign-flip (+29.71→-6.80) (train=+29.71 held_pnl=-46.3%)
  · bollinger_breakout: sign-flip (+14.25→-4.34) (train=+14.25 held_pnl=-18.0%)
  · bollinger_mr: sign-flip (+11.98→-5.13) (train=+11.98 held_pnl=-16.6%)
  · macd_momentum: train_fail s=-999.00 (train=+nan held_pnl=+0.0%)
  · atr_squeeze_breakout: sign-flip (+30.97→-6.98) (train=+30.97 held_pnl=-12.9%)
  · momentum_n_consec: sign-flip (+14.55→-6.32) (train=+14.55 held_pnl=-28.1%)
  · volume_breakout: sign-flip (+8.47→-6.44) (train=+8.47 held_pnl=-31.7%)
  · ema_crossover: sign-flip (+8.32→-4.12) (train=+8.32 held_pnl=-22.1%)
  · price_channel_with_atr: sign-flip (+11.99→-6.18) (train=+11.99 held_pnl=-25.5%)

  Sweep #168 PASS candidates: 0


========== SWEEP #169 (seed=211) ==========

  · donchian_raw: sign-flip (+10.45→-6.14) (train=+10.45 held_pnl=-24.3%)
  · rsi_mean_reversion: sign-flip (+8.41→-4.07) (train=+8.41 held_pnl=-26.5%)
  · bollinger_breakout: sign-flip (+13.52→-2.50) (train=+13.52 held_pnl=-13.2%)
  · bollinger_mr: sign-flip (+10.22→-2.71) (train=+10.22 held_pnl=-8.8%)
  · macd_momentum: train_fail s=-999.00 (train=+nan held_pnl=+0.0%)
  · atr_squeeze_breakout: sign-flip (+31.61→-9.98) (train=+31.61 held_pnl=-37.1%)
  · momentum_n_consec: sign-flip (+10.39→-5.52) (train=+10.39 held_pnl=-27.7%)
  · volume_breakout: sign-flip (+10.65→-4.11) (train=+10.65 held_pnl=-16.0%)
  · ema_crossover: sign-flip (+7.93→-4.05) (train=+7.93 held_pnl=-21.7%)
  · price_channel_with_atr: sign-flip (+9.37→-4.90) (train=+9.37 held_pnl=-21.2%)

  Sweep #169 PASS candidates: 0


========== SWEEP #170 (seed=212) ==========

  · donchian_raw: sign-flip (+9.42→-3.35) (train=+9.42 held_pnl=-13.0%)
  · rsi_mean_reversion: sign-flip (+82.36→-6.96) (train=+82.36 held_pnl=-36.1%)
  · bollinger_breakout: sign-flip (+14.18→-0.84) (train=+14.18 held_pnl=-4.3%)
  · bollinger_mr: sign-flip (+10.82→-0.98) (train=+10.82 held_pnl=-3.9%)
  · macd_momentum: train_fail s=-999.00 (train=+nan held_pnl=+0.0%)
  · atr_squeeze_breakout: sign-flip (+29.02→-9.51) (train=+29.02 held_pnl=-52.1%)
  · momentum_n_consec: sign-flip (+10.64→-4.70) (train=+10.64 held_pnl=-24.0%)
  · volume_breakout: sign-flip (+8.22→-5.72) (train=+8.22 held_pnl=-23.8%)
  · ema_crossover: sign-flip (+8.63→-4.54) (train=+8.63 held_pnl=-25.4%)
  · price_channel_with_atr: sign-flip (+10.29→-4.83) (train=+10.29 held_pnl=-27.3%)

  Sweep #170 PASS candidates: 0


========== SWEEP #171 (seed=213) ==========

  · donchian_raw: sign-flip (+11.15→-4.64) (train=+11.15 held_pnl=-18.3%)
  · rsi_mean_reversion: sign-flip (+21.65→-9.53) (train=+21.65 held_pnl=-31.3%)
  · bollinger_breakout: sign-flip (+13.71→-4.91) (train=+13.71 held_pnl=-16.5%)
  · bollinger_mr: sign-flip (+11.06→-3.14) (train=+11.06 held_pnl=-9.4%)
  · macd_momentum: train_fail s=-999.00 (train=+nan held_pnl=+0.0%)
  · atr_squeeze_breakout: sign-flip (+31.39→-11.49) (train=+31.39 held_pnl=-37.5%)
  · momentum_n_consec: sign-flip (+9.34→-4.34) (train=+9.34 held_pnl=-29.2%)
  · volume_breakout: sign-flip (+9.34→-2.51) (train=+9.34 held_pnl=-9.7%)
  · ema_crossover: sign-flip (+8.78→-3.37) (train=+8.78 held_pnl=-15.2%)
  · price_channel_with_atr: sign-flip (+8.58→-4.40) (train=+8.58 held_pnl=-13.2%)

  Sweep #171 PASS candidates: 0


========== SWEEP #172 (seed=214) ==========

  · donchian_raw: sign-flip (+8.94→-1.73) (train=+8.94 held_pnl=-6.6%)
  · rsi_mean_reversion: sign-flip (+16.69→-2.67) (train=+16.69 held_pnl=-14.7%)
  · bollinger_breakout: sign-flip (+27.30→-0.32) (train=+27.30 held_pnl=-0.9%)
  · bollinger_mr: sign-flip (+10.71→-1.15) (train=+10.71 held_pnl=-4.6%)
  · macd_momentum: train_fail s=-999.00 (train=+nan held_pnl=+0.0%)
  · atr_squeeze_breakout: sign-flip (+30.90→-6.95) (train=+30.90 held_pnl=-25.7%)
  · momentum_n_consec: PnL fail (+2.9% < 10.0%) (train=+8.04 held_pnl=+2.9%)
  ★ volume_breakout: PASS held-out Sharpe=8.88 PnL=+17.5% ★
  · ema_crossover: sign-flip (+7.45→-3.43) (train=+7.45 held_pnl=-14.1%)
  · price_channel_with_atr: sign-flip (+8.73→-1.95) (train=+8.73 held_pnl=-9.6%)

  Sweep #172 PASS candidates: 1
    volume_breakout: train Sharpe=11.45 → held-out PnL=+17.5%
      params: atr_period=8_atr_stop_mult=2.6329_exit_lookback_n=8_lookback_n=9_vol_mult=1.3038_vol_window=11

  ★ PASS #3 в sweep #172 (продолжаем continuous)


========== SWEEP #173 (seed=215) ==========

  · donchian_raw: sign-flip (+10.93→-5.75) (train=+10.93 held_pnl=-24.1%)
  · rsi_mean_reversion: sign-flip (+11.60→-6.59) (train=+11.60 held_pnl=-39.1%)
  · bollinger_breakout: sign-flip (+14.18→-2.90) (train=+14.18 held_pnl=-14.7%)
  · bollinger_mr: sign-flip (+8.93→-1.37) (train=+8.93 held_pnl=-5.4%)
  · macd_momentum: train_fail s=-999.00 (train=+nan held_pnl=+0.0%)
  · atr_squeeze_breakout: sign-flip (+26.98→-4.12) (train=+26.98 held_pnl=-5.7%)
  · momentum_n_consec: sign-flip (+13.77→-6.38) (train=+13.77 held_pnl=-32.0%)
  · volume_breakout: sign-flip (+7.76→-1.65) (train=+7.76 held_pnl=-6.1%)
  · ema_crossover: sign-flip (+8.37→-4.30) (train=+8.37 held_pnl=-25.2%)
  · price_channel_with_atr: sign-flip (+10.01→-4.66) (train=+10.01 held_pnl=-26.7%)

  Sweep #173 PASS candidates: 0


========== SWEEP #174 (seed=216) ==========

  · donchian_raw: sign-flip (+12.46→-6.83) (train=+12.46 held_pnl=-24.3%)
  · rsi_mean_reversion: sign-flip (+10.29→-4.24) (train=+10.29 held_pnl=-28.9%)
  · bollinger_breakout: sign-flip (+12.85→-7.83) (train=+12.85 held_pnl=-31.7%)
  · bollinger_mr: sign-flip (+8.90→-3.93) (train=+8.90 held_pnl=-16.1%)
  · macd_momentum: train_fail s=-999.00 (train=+nan held_pnl=+0.0%)
  · atr_squeeze_breakout: sign-flip (+29.66→-7.69) (train=+29.66 held_pnl=-14.8%)
  · momentum_n_consec: sign-flip (+12.86→-6.92) (train=+12.86 held_pnl=-31.3%)
  · volume_breakout: sign-flip (+9.42→-0.59) (train=+9.42 held_pnl=-2.8%)
  · ema_crossover: sign-flip (+7.83→-4.54) (train=+7.83 held_pnl=-32.9%)
  · price_channel_with_atr: sign-flip (+11.98→-5.76) (train=+11.98 held_pnl=-24.1%)

  Sweep #174 PASS candidates: 0


========== SWEEP #175 (seed=217) ==========

  · donchian_raw: sign-flip (+9.76→-1.85) (train=+9.76 held_pnl=-6.7%)
  · rsi_mean_reversion: sign-flip (+14.89→-5.17) (train=+14.89 held_pnl=-32.9%)
  · bollinger_breakout: sign-flip (+14.76→-4.39) (train=+14.76 held_pnl=-16.5%)
  · bollinger_mr: sign-flip (+8.52→-2.13) (train=+8.52 held_pnl=-8.1%)
  · macd_momentum: train_fail s=-999.00 (train=+nan held_pnl=+0.0%)
  · atr_squeeze_breakout: sign-flip (+31.78→-7.58) (train=+31.78 held_pnl=-10.4%)
  · momentum_n_consec: sign-flip (+10.69→-6.20) (train=+10.69 held_pnl=-30.1%)
  · volume_breakout: sign-flip (+9.32→-1.74) (train=+9.32 held_pnl=-8.4%)
  · ema_crossover: sign-flip (+8.24→-4.74) (train=+8.24 held_pnl=-21.1%)
  · price_channel_with_atr: sign-flip (+11.18→-6.26) (train=+11.18 held_pnl=-26.1%)

  Sweep #175 PASS candidates: 0


========== SWEEP #176 (seed=218) ==========

  · donchian_raw: sign-flip (+11.67→-6.27) (train=+11.67 held_pnl=-25.8%)
  · rsi_mean_reversion: sign-flip (+16.17→-3.02) (train=+16.17 held_pnl=-13.2%)
  · bollinger_breakout: sign-flip (+14.00→-5.05) (train=+14.00 held_pnl=-18.6%)
  · bollinger_mr: sign-flip (+12.11→-7.06) (train=+12.11 held_pnl=-22.3%)
  · macd_momentum: train_fail s=-999.00 (train=+nan held_pnl=+0.0%)
  · atr_squeeze_breakout: sign-flip (+33.89→-7.60) (train=+33.89 held_pnl=-17.9%)
  · momentum_n_consec: sign-flip (+9.12→-4.31) (train=+9.12 held_pnl=-29.6%)
  · volume_breakout: sign-flip (+9.23→-5.25) (train=+9.23 held_pnl=-14.3%)
  · ema_crossover: sign-flip (+8.63→-4.54) (train=+8.63 held_pnl=-25.4%)
  · price_channel_with_atr: sign-flip (+10.37→-0.79) (train=+10.37 held_pnl=-2.5%)

  Sweep #176 PASS candidates: 0


========== SWEEP #177 (seed=219) ==========

  · donchian_raw: sign-flip (+10.11→-1.58) (train=+10.11 held_pnl=-5.7%)
  · rsi_mean_reversion: PnL fail (+3.7% < 10.0%) (train=+8.00 held_pnl=+3.7%)
  · bollinger_breakout: PnL fail (+1.7% < 10.0%) (train=+30.17 held_pnl=+1.7%)
  · bollinger_mr: sign-flip (+10.29→-1.87) (train=+10.29 held_pnl=-5.6%)
  · macd_momentum: train_fail s=-999.00 (train=+nan held_pnl=+0.0%)
  · atr_squeeze_breakout: sign-flip (+29.39→-7.10) (train=+29.39 held_pnl=-11.4%)
  · momentum_n_consec: sign-flip (+10.52→-4.22) (train=+10.52 held_pnl=-20.4%)
  · volume_breakout: PnL fail (+1.9% < 10.0%) (train=+12.76 held_pnl=+1.9%)
  · ema_crossover: sign-flip (+7.63→-4.30) (train=+7.63 held_pnl=-25.2%)
  · price_channel_with_atr: sign-flip (+11.69→-5.68) (train=+11.69 held_pnl=-24.4%)

  Sweep #177 PASS candidates: 0


========== SWEEP #178 (seed=220) ==========

  · donchian_raw: sign-flip (+10.95→-2.38) (train=+10.95 held_pnl=-8.7%)
  · rsi_mean_reversion: sign-flip (+55.24→-6.55) (train=+55.24 held_pnl=-43.9%)
  · bollinger_breakout: sign-flip (+13.42→-3.97) (train=+13.42 held_pnl=-16.0%)
  · bollinger_mr: sign-flip (+8.62→-3.20) (train=+8.62 held_pnl=-14.8%)
  · macd_momentum: train_fail s=-999.00 (train=+nan held_pnl=+0.0%)
  · atr_squeeze_breakout: sign-flip (+28.59→-9.28) (train=+28.59 held_pnl=-32.4%)
  · momentum_n_consec: sign-flip (+9.32→-4.79) (train=+9.32 held_pnl=-23.1%)
  · volume_breakout: sign-flip (+8.48→-3.44) (train=+8.48 held_pnl=-16.9%)
  · ema_crossover: sign-flip (+8.23→-5.09) (train=+8.23 held_pnl=-22.3%)
  · price_channel_with_atr: sign-flip (+10.22→-4.96) (train=+10.22 held_pnl=-25.3%)

  Sweep #178 PASS candidates: 0


========== SWEEP #179 (seed=221) ==========

  · donchian_raw: sign-flip (+11.90→-5.74) (train=+11.90 held_pnl=-23.8%)
  · rsi_mean_reversion: sign-flip (+38.47→-6.11) (train=+38.47 held_pnl=-33.5%)
  · bollinger_breakout: sign-flip (+13.04→-1.59) (train=+13.04 held_pnl=-7.7%)
  · bollinger_mr: sign-flip (+10.88→-1.76) (train=+10.88 held_pnl=-7.2%)
  · macd_momentum: train_fail s=-999.00 (train=+nan held_pnl=+0.0%)
  · atr_squeeze_breakout: sign-flip (+32.65→-9.87) (train=+32.65 held_pnl=-38.3%)
  · momentum_n_consec: PnL fail (+1.4% < 10.0%) (train=+9.60 held_pnl=+1.4%)
  · volume_breakout: sign-flip (+8.41→-3.68) (train=+8.41 held_pnl=-11.3%)
  · ema_crossover: sign-flip (+9.02→-4.74) (train=+9.02 held_pnl=-21.1%)
  · price_channel_with_atr: sign-flip (+8.70→-5.47) (train=+8.70 held_pnl=-17.2%)

  Sweep #179 PASS candidates: 0


========== SWEEP #180 (seed=222) ==========

  · donchian_raw: sign-flip (+11.85→-5.71) (train=+11.85 held_pnl=-24.1%)
  · rsi_mean_reversion: sign-flip (+24.69→-15.23) (train=+24.69 held_pnl=-42.1%)
  · bollinger_breakout: sign-flip (+13.70→-5.25) (train=+13.70 held_pnl=-18.1%)
  · bollinger_mr: sign-flip (+9.93→-3.38) (train=+9.93 held_pnl=-10.6%)
  · macd_momentum: train_fail s=-999.00 (train=+nan held_pnl=+0.0%)
  · atr_squeeze_breakout: sign-flip (+28.93→-8.19) (train=+28.93 held_pnl=-15.4%)
  · momentum_n_consec: sign-flip (+10.57→-4.95) (train=+10.57 held_pnl=-24.3%)
  · volume_breakout: PnL fail (+1.6% < 10.0%) (train=+8.71 held_pnl=+1.6%)
  · ema_crossover: sign-flip (+7.97→-3.42) (train=+7.97 held_pnl=-15.2%)
  · price_channel_with_atr: sign-flip (+9.38→-2.66) (train=+9.38 held_pnl=-7.6%)

  Sweep #180 PASS candidates: 0


========== SWEEP #181 (seed=223) ==========

  · donchian_raw: sign-flip (+11.70→-5.68) (train=+11.70 held_pnl=-24.4%)
  · rsi_mean_reversion: sign-flip (+88.31→-6.88) (train=+88.31 held_pnl=-49.0%)
  · bollinger_breakout: sign-flip (+13.21→-1.70) (train=+13.21 held_pnl=-8.7%)
  · bollinger_mr: sign-flip (+11.93→-0.80) (train=+11.93 held_pnl=-2.9%)
  · macd_momentum: train_fail s=-999.00 (train=+nan held_pnl=+0.0%)
  · atr_squeeze_breakout: sign-flip (+31.10→-5.17) (train=+31.10 held_pnl=-13.9%)
  · momentum_n_consec: sign-flip (+9.06→-5.34) (train=+9.06 held_pnl=-27.3%)
  ★ volume_breakout: PASS held-out Sharpe=5.39 PnL=+13.6% ★
  · ema_crossover: sign-flip (+8.74→-3.59) (train=+8.74 held_pnl=-18.5%)
  · price_channel_with_atr: sign-flip (+10.86→-6.13) (train=+10.86 held_pnl=-26.1%)

  Sweep #181 PASS candidates: 1
    volume_breakout: train Sharpe=9.10 → held-out PnL=+13.6%
      params: atr_period=16_atr_stop_mult=3.0867_exit_lookback_n=9_lookback_n=10_vol_mult=1.3874_vol_window=11

  ★ PASS #4 в sweep #181 (продолжаем continuous)


========== SWEEP #182 (seed=224) ==========

  · donchian_raw: sign-flip (+11.05→-3.81) (train=+11.05 held_pnl=-14.8%)
  · rsi_mean_reversion: sign-flip (+16.46→-4.74) (train=+16.46 held_pnl=-40.5%)
  · bollinger_breakout: sign-flip (+13.81→-2.33) (train=+13.81 held_pnl=-12.2%)
  · bollinger_mr: sign-flip (+7.77→-0.90) (train=+7.77 held_pnl=-3.9%)
  · macd_momentum: train_fail s=-999.00 (train=+nan held_pnl=+0.0%)
  · atr_squeeze_breakout: sign-flip (+34.59→-7.10) (train=+34.59 held_pnl=-16.3%)
  · momentum_n_consec: sign-flip (+13.96→-6.76) (train=+13.96 held_pnl=-30.7%)
  · volume_breakout: PnL fail (+4.7% < 10.0%) (train=+8.75 held_pnl=+4.7%)
  · ema_crossover: sign-flip (+7.87→-3.49) (train=+7.87 held_pnl=-18.0%)
  · price_channel_with_atr: sign-flip (+12.10→-6.24) (train=+12.10 held_pnl=-26.4%)

  Sweep #182 PASS candidates: 0


========== SWEEP #183 (seed=225) ==========

  · donchian_raw: sign-flip (+11.83→-1.91) (train=+11.83 held_pnl=-7.0%)
  · rsi_mean_reversion: sign-flip (+76.61→-7.43) (train=+76.61 held_pnl=-53.3%)
  · bollinger_breakout: sign-flip (+14.14→-4.70) (train=+14.14 held_pnl=-17.8%)
  · bollinger_mr: sign-flip (+10.36→-7.30) (train=+10.36 held_pnl=-17.5%)
  · macd_momentum: train_fail s=-999.00 (train=+nan held_pnl=+0.0%)
  · atr_squeeze_breakout: sign-flip (+31.99→-7.65) (train=+31.99 held_pnl=-14.3%)
  · momentum_n_consec: sign-flip (+8.10→-4.20) (train=+8.10 held_pnl=-26.8%)
  ★ volume_breakout: PASS held-out Sharpe=3.86 PnL=+10.2% ★
  · ema_crossover: sign-flip (+6.93→-6.93) (train=+6.93 held_pnl=-37.4%)
  · price_channel_with_atr: sign-flip (+10.34→-0.59) (train=+10.34 held_pnl=-1.9%)

  Sweep #183 PASS candidates: 1
    volume_breakout: train Sharpe=10.58 → held-out PnL=+10.2%
      params: atr_period=12_atr_stop_mult=2.9879_exit_lookback_n=9_lookback_n=10_vol_mult=1.3688_vol_window=14

  ★ PASS #5 в sweep #183 (продолжаем continuous)


========== SWEEP #184 (seed=226) ==========

  · donchian_raw: sign-flip (+11.11→-6.83) (train=+11.11 held_pnl=-24.3%)
  · rsi_mean_reversion: sign-flip (+77.93→-8.08) (train=+77.93 held_pnl=-38.1%)
  · bollinger_breakout: sign-flip (+12.57→-2.70) (train=+12.57 held_pnl=-14.0%)
  · bollinger_mr: sign-flip (+7.63→-4.72) (train=+7.63 held_pnl=-16.2%)
  · macd_momentum: train_fail s=-999.00 (train=+nan held_pnl=+0.0%)
  · atr_squeeze_breakout: sign-flip (+27.48→-10.47) (train=+27.48 held_pnl=-42.0%)
  · momentum_n_consec: sign-flip (+9.45→-5.11) (train=+9.45 held_pnl=-32.8%)
  · volume_breakout: sign-flip (+7.53→-0.65) (train=+7.53 held_pnl=-3.1%)
  · ema_crossover: sign-flip (+8.63→-4.39) (train=+8.63 held_pnl=-27.1%)
  · price_channel_with_atr: sign-flip (+10.50→-4.75) (train=+10.50 held_pnl=-19.5%)

  Sweep #184 PASS candidates: 0


========== SWEEP #185 (seed=227) ==========

  · donchian_raw: sign-flip (+11.10→-6.23) (train=+11.10 held_pnl=-25.9%)
  · rsi_mean_reversion: sign-flip (+8.16→-5.47) (train=+8.16 held_pnl=-23.8%)
  · bollinger_breakout: sign-flip (+13.90→-5.31) (train=+13.90 held_pnl=-27.7%)
  · bollinger_mr: sign-flip (+12.19→-2.48) (train=+12.19 held_pnl=-8.3%)
  · macd_momentum: train_fail s=-999.00 (train=+nan held_pnl=+0.0%)
  · atr_squeeze_breakout: sign-flip (+30.93→-6.74) (train=+30.93 held_pnl=-12.1%)
  · momentum_n_consec: sign-flip (+14.50→-6.32) (train=+14.50 held_pnl=-28.1%)
  · volume_breakout: sign-flip (+8.45→-0.19) (train=+8.45 held_pnl=-0.6%)
  · ema_crossover: sign-flip (+8.78→-3.37) (train=+8.78 held_pnl=-15.2%)
  · price_channel_with_atr: sign-flip (+8.01→-0.61) (train=+8.01 held_pnl=-1.9%)

  Sweep #185 PASS candidates: 0


========== SWEEP #186 (seed=228) ==========

  · donchian_raw: sign-flip (+10.24→-2.89) (train=+10.24 held_pnl=-10.6%)
  · rsi_mean_reversion: sign-flip (+28.56→-3.28) (train=+28.56 held_pnl=-14.1%)
  · bollinger_breakout: sign-flip (+11.87→-3.72) (train=+11.87 held_pnl=-16.8%)
  · bollinger_mr: sign-flip (+11.25→-0.14) (train=+11.25 held_pnl=-0.5%)
  · macd_momentum: train_fail s=-999.00 (train=+nan held_pnl=+0.0%)
  · atr_squeeze_breakout: sign-flip (+32.82→-8.36) (train=+32.82 held_pnl=-16.8%)
  · momentum_n_consec: sign-flip (+9.55→-5.35) (train=+9.55 held_pnl=-28.0%)
  · volume_breakout: sign-flip (+9.22→-1.07) (train=+9.22 held_pnl=-2.6%)
  · ema_crossover: sign-flip (+8.74→-3.61) (train=+8.74 held_pnl=-18.4%)
  · price_channel_with_atr: sign-flip (+11.02→-6.02) (train=+11.02 held_pnl=-26.4%)

  Sweep #186 PASS candidates: 0


========== SWEEP #187 (seed=229) ==========

  · donchian_raw: sign-flip (+11.67→-5.65) (train=+11.67 held_pnl=-24.4%)
  · rsi_mean_reversion: sign-flip (+11.49→-6.88) (train=+11.49 held_pnl=-30.3%)
  · bollinger_breakout: sign-flip (+28.14→-2.62) (train=+28.14 held_pnl=-7.9%)
  · bollinger_mr: sign-flip (+8.50→-1.88) (train=+8.50 held_pnl=-8.1%)
  · macd_momentum: train_fail s=-999.00 (train=+nan held_pnl=+0.0%)
  · atr_squeeze_breakout: sign-flip (+34.70→-9.14) (train=+34.70 held_pnl=-16.4%)
  · momentum_n_consec: sign-flip (+14.06→-6.74) (train=+14.06 held_pnl=-30.1%)
  · volume_breakout: sign-flip (+9.19→-3.79) (train=+9.19 held_pnl=-11.8%)
  · ema_crossover: sign-flip (+7.46→-4.22) (train=+7.46 held_pnl=-26.6%)
  · price_channel_with_atr: sign-flip (+10.78→-6.13) (train=+10.78 held_pnl=-26.3%)

  Sweep #187 PASS candidates: 0


========== SWEEP #188 (seed=230) ==========

  · donchian_raw: sign-flip (+11.10→-6.83) (train=+11.10 held_pnl=-24.3%)
  · rsi_mean_reversion: sign-flip (+11.42→-6.54) (train=+11.42 held_pnl=-49.9%)
  · bollinger_breakout: sign-flip (+13.04→-2.87) (train=+13.04 held_pnl=-14.8%)
  · bollinger_mr: sign-flip (+10.01→-5.82) (train=+10.01 held_pnl=-16.7%)
  · macd_momentum: train_fail s=-999.00 (train=+nan held_pnl=+0.0%)
  · atr_squeeze_breakout: sign-flip (+26.76→-9.74) (train=+26.76 held_pnl=-37.6%)
  · momentum_n_consec: sign-flip (+13.88→-6.48) (train=+13.88 held_pnl=-29.3%)
  · volume_breakout: PnL fail (+3.8% < 10.0%) (train=+9.12 held_pnl=+3.8%)
  · ema_crossover: sign-flip (+8.00→-4.57) (train=+8.00 held_pnl=-32.5%)
  · price_channel_with_atr: sign-flip (+11.06→-5.76) (train=+11.06 held_pnl=-23.8%)

  Sweep #188 PASS candidates: 0


========== SWEEP #189 (seed=231) ==========

  · donchian_raw: sign-flip (+11.77→-3.10) (train=+11.77 held_pnl=-11.2%)
  · rsi_mean_reversion: sign-flip (+16.21→-8.90) (train=+16.21 held_pnl=-30.8%)
  · bollinger_breakout: sign-flip (+13.42→-3.82) (train=+13.42 held_pnl=-13.6%)
  · bollinger_mr: sign-flip (+8.09→-0.82) (train=+8.09 held_pnl=-2.9%)
  · macd_momentum: train_fail s=-999.00 (train=+nan held_pnl=+0.0%)
  · atr_squeeze_breakout: sign-flip (+31.12→-6.31) (train=+31.12 held_pnl=-13.4%)
  · momentum_n_consec: sign-flip (+10.35→-4.70) (train=+10.35 held_pnl=-22.9%)
  · volume_breakout: sign-flip (+7.78→-0.38) (train=+7.78 held_pnl=-1.8%)
  · ema_crossover: sign-flip (+9.02→-4.74) (train=+9.02 held_pnl=-21.1%)
  · price_channel_with_atr: sign-flip (+9.46→-1.19) (train=+9.46 held_pnl=-3.8%)

  Sweep #189 PASS candidates: 0


========== SWEEP #190 (seed=232) ==========

  · donchian_raw: sign-flip (+11.80→-3.10) (train=+11.80 held_pnl=-11.2%)
  · rsi_mean_reversion: sign-flip (+64.90→-8.48) (train=+64.90 held_pnl=-30.4%)
  · bollinger_breakout: sign-flip (+11.90→-1.89) (train=+11.90 held_pnl=-9.8%)
  · bollinger_mr: sign-flip (+8.59→-1.59) (train=+8.59 held_pnl=-6.2%)
  · macd_momentum: train_fail s=-999.00 (train=+nan held_pnl=+0.0%)
  · atr_squeeze_breakout: sign-flip (+29.45→-8.63) (train=+29.45 held_pnl=-33.4%)
  · momentum_n_consec: sign-flip (+10.72→-6.85) (train=+10.72 held_pnl=-36.3%)
  · volume_breakout: sign-flip (+7.36→-2.69) (train=+7.36 held_pnl=-8.6%)
  · ema_crossover: sign-flip (+8.00→-5.39) (train=+8.00 held_pnl=-24.6%)
  · price_channel_with_atr: sign-flip (+8.90→-2.24) (train=+8.90 held_pnl=-11.2%)

  Sweep #190 PASS candidates: 0


========== SWEEP #191 (seed=233) ==========

  · donchian_raw: sign-flip (+10.98→-5.76) (train=+10.98 held_pnl=-24.0%)
  · rsi_mean_reversion: sign-flip (+67.56→-8.05) (train=+67.56 held_pnl=-37.5%)
  · bollinger_breakout: sign-flip (+13.34→-4.53) (train=+13.34 held_pnl=-16.6%)
  · bollinger_mr: sign-flip (+11.97→-0.39) (train=+11.97 held_pnl=-1.2%)
  · macd_momentum: train_fail s=-999.00 (train=+nan held_pnl=+0.0%)
  · atr_squeeze_breakout: sign-flip (+28.68→-8.80) (train=+28.68 held_pnl=-13.7%)
  · momentum_n_consec: sign-flip (+9.77→-4.37) (train=+9.77 held_pnl=-21.4%)
  · volume_breakout: sign-flip (+9.93→-4.06) (train=+9.93 held_pnl=-12.0%)
  · ema_crossover: sign-flip (+8.74→-3.69) (train=+8.74 held_pnl=-17.2%)
  · price_channel_with_atr: sign-flip (+10.96→-5.73) (train=+10.96 held_pnl=-23.8%)

  Sweep #191 PASS candidates: 0


========== SWEEP #192 (seed=234) ==========

  · donchian_raw: sign-flip (+10.30→-3.40) (train=+10.30 held_pnl=-12.3%)
  · rsi_mean_reversion: sign-flip (+37.65→-3.47) (train=+37.65 held_pnl=-17.7%)
  · bollinger_breakout: sign-flip (+12.78→-2.70) (train=+12.78 held_pnl=-10.1%)
  · bollinger_mr: sign-flip (+12.26→-4.58) (train=+12.26 held_pnl=-15.9%)
  · macd_momentum: train_fail s=-999.00 (train=+nan held_pnl=+0.0%)
  · atr_squeeze_breakout: sign-flip (+32.10→-8.72) (train=+32.10 held_pnl=-19.1%)
  · momentum_n_consec: sign-flip (+9.64→-5.93) (train=+9.64 held_pnl=-29.9%)
  · volume_breakout: sign-flip (+10.29→-3.96) (train=+10.29 held_pnl=-15.4%)
  · ema_crossover: sign-flip (+7.68→-2.97) (train=+7.68 held_pnl=-16.8%)
  · price_channel_with_atr: sign-flip (+9.98→-4.30) (train=+9.98 held_pnl=-25.4%)

  Sweep #192 PASS candidates: 0


========== SWEEP #193 (seed=235) ==========

  · donchian_raw: sign-flip (+10.97→-2.33) (train=+10.97 held_pnl=-8.5%)
  · rsi_mean_reversion: sign-flip (+41.43→-6.53) (train=+41.43 held_pnl=-35.9%)
  · bollinger_breakout: PnL fail (+0.5% < 10.0%) (train=+23.63 held_pnl=+0.5%)
  · bollinger_mr: sign-flip (+8.02→-1.45) (train=+8.02 held_pnl=-6.7%)
  · macd_momentum: train_fail s=-999.00 (train=+nan held_pnl=+0.0%)
  · atr_squeeze_breakout: sign-flip (+29.35→-4.40) (train=+29.35 held_pnl=-11.3%)
  · momentum_n_consec: sign-flip (+12.40→-6.17) (train=+12.40 held_pnl=-27.9%)
  · volume_breakout: sign-flip (+7.80→-3.08) (train=+7.80 held_pnl=-8.7%)
  · ema_crossover: sign-flip (+7.36→-4.25) (train=+7.36 held_pnl=-22.5%)
  · price_channel_with_atr: sign-flip (+8.45→-2.75) (train=+8.45 held_pnl=-10.4%)

  Sweep #193 PASS candidates: 0


========== SWEEP #194 (seed=236) ==========

  · donchian_raw: sign-flip (+11.74→-5.93) (train=+11.74 held_pnl=-26.1%)
  · rsi_mean_reversion: sign-flip (+7.32→-5.96) (train=+7.32 held_pnl=-46.1%)
  · bollinger_breakout: sign-flip (+13.34→-5.46) (train=+13.34 held_pnl=-20.6%)
  · bollinger_mr: sign-flip (+10.87→-0.41) (train=+10.87 held_pnl=-1.5%)
  · macd_momentum: train_fail s=-999.00 (train=+nan held_pnl=+0.0%)
  · atr_squeeze_breakout: sign-flip (+28.43→-8.03) (train=+28.43 held_pnl=-32.3%)
  · momentum_n_consec: PnL fail (+1.0% < 10.0%) (train=+8.97 held_pnl=+1.0%)
  · volume_breakout: sign-flip (+9.60→-2.36) (train=+9.60 held_pnl=-11.3%)
  · ema_crossover: sign-flip (+7.83→-4.56) (train=+7.83 held_pnl=-32.6%)
  · price_channel_with_atr: sign-flip (+9.14→-2.72) (train=+9.14 held_pnl=-7.9%)

  Sweep #194 PASS candidates: 0


========== SWEEP #195 (seed=237) ==========

  · donchian_raw: sign-flip (+10.66→-5.58) (train=+10.66 held_pnl=-24.7%)
  · rsi_mean_reversion: sign-flip (+15.76→-14.34) (train=+15.76 held_pnl=-34.8%)
  · bollinger_breakout: sign-flip (+14.56→-0.34) (train=+14.56 held_pnl=-1.2%)
  · bollinger_mr: sign-flip (+8.77→-1.06) (train=+8.77 held_pnl=-5.4%)
  · macd_momentum: train_fail s=-999.00 (train=+nan held_pnl=+0.0%)
  · atr_squeeze_breakout: sign-flip (+32.75→-9.44) (train=+32.75 held_pnl=-18.6%)
  · momentum_n_consec: sign-flip (+7.07→-3.43) (train=+7.07 held_pnl=-28.6%)
  · volume_breakout: sign-flip (+9.16→-3.13) (train=+9.16 held_pnl=-9.9%)
  · ema_crossover: sign-flip (+8.00→-4.61) (train=+8.00 held_pnl=-31.1%)
  · price_channel_with_atr: sign-flip (+9.14→-4.91) (train=+9.14 held_pnl=-26.8%)

  Sweep #195 PASS candidates: 0


========== SWEEP #196 (seed=238) ==========

  · donchian_raw: sign-flip (+11.54→-6.12) (train=+11.54 held_pnl=-24.4%)
  · rsi_mean_reversion: sign-flip (+42.34→-3.84) (train=+42.34 held_pnl=-17.5%)
  · bollinger_breakout: sign-flip (+13.80→-2.77) (train=+13.80 held_pnl=-10.3%)
  · bollinger_mr: sign-flip (+11.37→-2.06) (train=+11.37 held_pnl=-6.4%)
  · macd_momentum: train_fail s=-999.00 (train=+nan held_pnl=+0.0%)
  · atr_squeeze_breakout: sign-flip (+29.79→-9.84) (train=+29.79 held_pnl=-39.7%)
  · momentum_n_consec: sign-flip (+10.08→-5.67) (train=+10.08 held_pnl=-27.2%)
  · volume_breakout: PnL fail (+0.8% < 10.0%) (train=+8.92 held_pnl=+0.8%)
  · ema_crossover: sign-flip (+6.99→-4.38) (train=+6.99 held_pnl=-30.8%)
  · price_channel_with_atr: sign-flip (+9.89→-7.38) (train=+9.89 held_pnl=-32.5%)

  Sweep #196 PASS candidates: 0


========== SWEEP #197 (seed=239) ==========

  · donchian_raw: sign-flip (+11.92→-3.40) (train=+11.92 held_pnl=-13.2%)
  · rsi_mean_reversion: sign-flip (+60.55→-7.91) (train=+60.55 held_pnl=-37.9%)
  · bollinger_breakout: sign-flip (+12.09→-2.67) (train=+12.09 held_pnl=-14.0%)
  · bollinger_mr: sign-flip (+11.00→-5.09) (train=+11.00 held_pnl=-15.0%)
  · macd_momentum: train_fail s=-999.00 (train=+nan held_pnl=+0.0%)
  · atr_squeeze_breakout: sign-flip (+34.32→-8.88) (train=+34.32 held_pnl=-18.7%)
  · momentum_n_consec: sign-flip (+12.90→-6.38) (train=+12.90 held_pnl=-32.1%)
  · volume_breakout: sign-flip (+8.91→-1.82) (train=+8.91 held_pnl=-8.7%)
  · ema_crossover: sign-flip (+9.02→-4.74) (train=+9.02 held_pnl=-21.1%)
  · price_channel_with_atr: sign-flip (+11.07→-5.78) (train=+11.07 held_pnl=-23.9%)

  Sweep #197 PASS candidates: 0


========== SWEEP #198 (seed=240) ==========

  · donchian_raw: sign-flip (+10.56→-4.32) (train=+10.56 held_pnl=-16.7%)
  · rsi_mean_reversion: sign-flip (+14.56→-4.33) (train=+14.56 held_pnl=-28.6%)
  · bollinger_breakout: sign-flip (+13.18→-4.53) (train=+13.18 held_pnl=-15.0%)
  · bollinger_mr: sign-flip (+12.08→-3.44) (train=+12.08 held_pnl=-10.2%)
  · macd_momentum: train_fail s=-999.00 (train=+nan held_pnl=+0.0%)
  · atr_squeeze_breakout: sign-flip (+34.76→-8.70) (train=+34.76 held_pnl=-18.0%)
  · momentum_n_consec: sign-flip (+14.12→-6.75) (train=+14.12 held_pnl=-30.0%)
  · volume_breakout: sign-flip (+8.30→-4.39) (train=+8.30 held_pnl=-18.8%)
  · ema_crossover: sign-flip (+8.63→-4.54) (train=+8.63 held_pnl=-25.4%)
  · price_channel_with_atr: sign-flip (+7.94→-1.67) (train=+7.94 held_pnl=-8.4%)

  Sweep #198 PASS candidates: 0


========== SWEEP #199 (seed=241) ==========

  · donchian_raw: sign-flip (+11.22→-6.83) (train=+11.22 held_pnl=-24.3%)
  · rsi_mean_reversion: sign-flip (+39.25→-15.79) (train=+39.25 held_pnl=-39.2%)
  · bollinger_breakout: sign-flip (+11.85→-2.47) (train=+11.85 held_pnl=-12.7%)
  · bollinger_mr: sign-flip (+10.70→-1.19) (train=+10.70 held_pnl=-4.8%)
  · macd_momentum: train_fail s=-999.00 (train=+nan held_pnl=+0.0%)
  · atr_squeeze_breakout: sign-flip (+31.09→-7.88) (train=+31.09 held_pnl=-15.3%)
  · momentum_n_consec: sign-flip (+9.21→-5.49) (train=+9.21 held_pnl=-28.8%)
  · volume_breakout: sign-flip (+10.21→-5.04) (train=+10.21 held_pnl=-17.0%)
  · ema_crossover: sign-flip (+9.02→-4.74) (train=+9.02 held_pnl=-21.1%)
  · price_channel_with_atr: sign-flip (+8.92→-2.21) (train=+8.92 held_pnl=-7.3%)

  Sweep #199 PASS candidates: 0


========== SWEEP #200 (seed=242) ==========

  · donchian_raw: sign-flip (+12.22→-6.83) (train=+12.22 held_pnl=-24.3%)
  · rsi_mean_reversion: sign-flip (+19.11→-8.88) (train=+19.11 held_pnl=-44.6%)
  · bollinger_breakout: sign-flip (+27.72→-2.62) (train=+27.72 held_pnl=-8.8%)
  · bollinger_mr: sign-flip (+10.55→-6.88) (train=+10.55 held_pnl=-19.7%)
  · macd_momentum: train_fail s=-999.00 (train=+nan held_pnl=+0.0%)
  · atr_squeeze_breakout: sign-flip (+31.35→-9.18) (train=+31.35 held_pnl=-19.6%)
  · momentum_n_consec: sign-flip (+12.96→-6.87) (train=+12.96 held_pnl=-30.9%)
  · volume_breakout: PnL fail (+4.2% < 10.0%) (train=+8.61 held_pnl=+4.2%)
  · ema_crossover: sign-flip (+7.34→-4.60) (train=+7.34 held_pnl=-31.7%)
  · price_channel_with_atr: sign-flip (+10.25→-0.87) (train=+10.25 held_pnl=-2.8%)

  Sweep #200 PASS candidates: 0


========== SWEEP #201 (seed=243) ==========

  · donchian_raw: sign-flip (+10.31→-3.54) (train=+10.31 held_pnl=-12.8%)
  · rsi_mean_reversion: sign-flip (+75.04→-5.60) (train=+75.04 held_pnl=-29.1%)
  · bollinger_breakout: sign-flip (+14.41→-5.07) (train=+14.41 held_pnl=-17.3%)
  · bollinger_mr: PnL fail (+0.8% < 10.0%) (train=+11.32 held_pnl=+0.8%)
  · macd_momentum: train_fail s=-999.00 (train=+nan held_pnl=+0.0%)
  · atr_squeeze_breakout: sign-flip (+31.74→-7.63) (train=+31.74 held_pnl=-14.2%)
  · momentum_n_consec: sign-flip (+13.98→-6.58) (train=+13.98 held_pnl=-29.3%)
  · volume_breakout: sign-flip (+10.56→-2.65) (train=+10.56 held_pnl=-7.1%)
  · ema_crossover: sign-flip (+8.32→-4.12) (train=+8.32 held_pnl=-22.1%)
  · price_channel_with_atr: sign-flip (+9.26→-3.41) (train=+9.26 held_pnl=-10.6%)

  Sweep #201 PASS candidates: 0


========== SWEEP #202 (seed=244) ==========

  · donchian_raw: sign-flip (+11.99→-5.75) (train=+11.99 held_pnl=-23.9%)
  · rsi_mean_reversion: sign-flip (+11.85→-12.05) (train=+11.85 held_pnl=-46.2%)
  · bollinger_breakout: sign-flip (+15.09→-3.20) (train=+15.09 held_pnl=-12.0%)
  · bollinger_mr: sign-flip (+8.92→-1.78) (train=+8.92 held_pnl=-8.2%)
  · macd_momentum: train_fail s=-999.00 (train=+nan held_pnl=+0.0%)
  · atr_squeeze_breakout: sign-flip (+29.62→-6.25) (train=+29.62 held_pnl=-16.8%)
  · momentum_n_consec: sign-flip (+7.63→-4.35) (train=+7.63 held_pnl=-24.8%)
  · volume_breakout: sign-flip (+10.52→-1.78) (train=+10.52 held_pnl=-5.4%)
  · ema_crossover: sign-flip (+8.37→-4.30) (train=+8.37 held_pnl=-25.2%)
  · price_channel_with_atr: sign-flip (+9.06→-2.23) (train=+9.06 held_pnl=-9.2%)

  Sweep #202 PASS candidates: 0


========== SWEEP #203 (seed=245) ==========

  · donchian_raw: sign-flip (+10.99→-3.54) (train=+10.99 held_pnl=-12.8%)
  · rsi_mean_reversion: sign-flip (+5.93→-3.90) (train=+5.93 held_pnl=-18.5%)
  · bollinger_breakout: sign-flip (+13.35→-2.40) (train=+13.35 held_pnl=-12.1%)
  · bollinger_mr: sign-flip (+12.26→-6.31) (train=+12.26 held_pnl=-21.1%)
  · macd_momentum: train_fail s=-999.00 (train=+nan held_pnl=+0.0%)
  · atr_squeeze_breakout: sign-flip (+33.06→-8.74) (train=+33.06 held_pnl=-34.9%)
  · momentum_n_consec: PnL fail (+1.9% < 10.0%) (train=+9.62 held_pnl=+1.9%)
  · volume_breakout: sign-flip (+9.36→-3.44) (train=+9.36 held_pnl=-9.5%)
  · ema_crossover: sign-flip (+7.90→-3.98) (train=+7.90 held_pnl=-18.8%)
  · price_channel_with_atr: sign-flip (+10.58→-4.69) (train=+10.58 held_pnl=-19.1%)

  Sweep #203 PASS candidates: 0


========== SWEEP #204 (seed=246) ==========

  · donchian_raw: sign-flip (+11.52→-5.13) (train=+11.52 held_pnl=-20.0%)
  · rsi_mean_reversion: sign-flip (+96.56→-7.42) (train=+96.56 held_pnl=-36.7%)
  · bollinger_breakout: sign-flip (+14.25→-0.48) (train=+14.25 held_pnl=-1.7%)
  · bollinger_mr: sign-flip (+11.02→-3.26) (train=+11.02 held_pnl=-10.0%)
  · macd_momentum: train_fail s=-999.00 (train=+nan held_pnl=+0.0%)
  · atr_squeeze_breakout: sign-flip (+29.35→-5.87) (train=+29.35 held_pnl=-9.9%)
  · momentum_n_consec: PnL fail (+0.8% < 10.0%) (train=+8.87 held_pnl=+0.8%)
  · volume_breakout: sign-flip (+11.96→-4.40) (train=+11.96 held_pnl=-13.7%)
  · ema_crossover: sign-flip (+8.78→-3.37) (train=+8.78 held_pnl=-15.2%)
  · price_channel_with_atr: sign-flip (+8.89→-0.57) (train=+8.89 held_pnl=-1.8%)

  Sweep #204 PASS candidates: 0


========== SWEEP #205 (seed=247) ==========

  · donchian_raw: sign-flip (+10.90→-2.41) (train=+10.90 held_pnl=-8.9%)
  · rsi_mean_reversion: sign-flip (+7.44→-5.67) (train=+7.44 held_pnl=-52.5%)
  · bollinger_breakout: sign-flip (+12.21→-1.57) (train=+12.21 held_pnl=-7.9%)
  · bollinger_mr: sign-flip (+11.98→-6.33) (train=+11.98 held_pnl=-20.0%)
  · macd_momentum: train_fail s=-999.00 (train=+nan held_pnl=+0.0%)
  · atr_squeeze_breakout: sign-flip (+30.54→-6.00) (train=+30.54 held_pnl=-15.4%)
  · momentum_n_consec: sign-flip (+13.55→-6.55) (train=+13.55 held_pnl=-29.6%)
  · volume_breakout: PnL fail (+4.2% < 10.0%) (train=+9.90 held_pnl=+4.2%)
  · ema_crossover: sign-flip (+9.02→-4.74) (train=+9.02 held_pnl=-21.1%)
  · price_channel_with_atr: sign-flip (+8.09→-1.33) (train=+8.09 held_pnl=-4.5%)

  Sweep #205 PASS candidates: 0


========== SWEEP #206 (seed=248) ==========

  · donchian_raw: sign-flip (+10.56→-2.38) (train=+10.56 held_pnl=-8.8%)
  · rsi_mean_reversion: sign-flip (+11.68→-7.59) (train=+11.68 held_pnl=-32.0%)
  · bollinger_breakout: sign-flip (+12.82→-3.90) (train=+12.82 held_pnl=-14.4%)
  · bollinger_mr: sign-flip (+7.04→-3.70) (train=+7.04 held_pnl=-17.3%)
  · macd_momentum: train_fail s=-999.00 (train=+nan held_pnl=+0.0%)
  · atr_squeeze_breakout: sign-flip (+31.45→-7.49) (train=+31.45 held_pnl=-10.2%)
  · momentum_n_consec: sign-flip (+8.65→-4.55) (train=+8.65 held_pnl=-31.1%)
  · volume_breakout: sign-flip (+9.30→-1.43) (train=+9.30 held_pnl=-4.7%)
  · ema_crossover: sign-flip (+8.40→-4.38) (train=+8.40 held_pnl=-27.2%)
  · price_channel_with_atr: sign-flip (+11.78→-5.70) (train=+11.78 held_pnl=-24.2%)

  Sweep #206 PASS candidates: 0


========== SWEEP #207 (seed=249) ==========

  · donchian_raw: sign-flip (+11.14→-4.16) (train=+11.14 held_pnl=-16.3%)
  · rsi_mean_reversion: sign-flip (+16.59→-6.25) (train=+16.59 held_pnl=-29.2%)
  · bollinger_breakout: sign-flip (+15.11→-0.58) (train=+15.11 held_pnl=-2.9%)
  · bollinger_mr: sign-flip (+10.50→-7.30) (train=+10.50 held_pnl=-21.5%)
  · macd_momentum: train_fail s=-999.00 (train=+nan held_pnl=+0.0%)
  · atr_squeeze_breakout: sign-flip (+30.48→-6.20) (train=+30.48 held_pnl=-24.4%)
  · momentum_n_consec: sign-flip (+10.15→-5.93) (train=+10.15 held_pnl=-32.7%)
  · volume_breakout: PnL fail (+1.4% < 10.0%) (train=+7.78 held_pnl=+1.4%)
  · ema_crossover: sign-flip (+8.37→-4.30) (train=+8.37 held_pnl=-25.2%)
  · price_channel_with_atr: sign-flip (+11.13→-6.18) (train=+11.13 held_pnl=-26.0%)

  Sweep #207 PASS candidates: 0


========== SWEEP #208 (seed=250) ==========

  · donchian_raw: sign-flip (+10.95→-3.54) (train=+10.95 held_pnl=-12.8%)
  · rsi_mean_reversion: sign-flip (+17.41→-5.74) (train=+17.41 held_pnl=-37.3%)
  · bollinger_breakout: sign-flip (+14.47→-4.37) (train=+14.47 held_pnl=-15.1%)
  · bollinger_mr: sign-flip (+8.48→-1.51) (train=+8.48 held_pnl=-6.4%)
  · macd_momentum: train_fail s=-999.00 (train=+nan held_pnl=+0.0%)
  · atr_squeeze_breakout: sign-flip (+28.59→-8.87) (train=+28.59 held_pnl=-34.3%)
  · momentum_n_consec: sign-flip (+12.71→-6.48) (train=+12.71 held_pnl=-32.9%)
  · volume_breakout: sign-flip (+10.85→-5.94) (train=+10.85 held_pnl=-22.9%)
  · ema_crossover: sign-flip (+8.00→-4.56) (train=+8.00 held_pnl=-32.6%)
  · price_channel_with_atr: sign-flip (+9.95→-5.87) (train=+9.95 held_pnl=-25.9%)

  Sweep #208 PASS candidates: 0


========== SWEEP #209 (seed=251) ==========

  · donchian_raw: sign-flip (+11.35→-6.83) (train=+11.35 held_pnl=-24.3%)
  · rsi_mean_reversion: sign-flip (+17.56→-14.79) (train=+17.56 held_pnl=-42.0%)
  · bollinger_breakout: sign-flip (+13.87→-2.90) (train=+13.87 held_pnl=-9.8%)
  · bollinger_mr: sign-flip (+8.52→-4.22) (train=+8.52 held_pnl=-20.5%)
  · macd_momentum: train_fail s=-999.00 (train=+nan held_pnl=+0.0%)
  · atr_squeeze_breakout: sign-flip (+32.42→-10.05) (train=+32.42 held_pnl=-21.1%)
  · momentum_n_consec: sign-flip (+8.23→-3.83) (train=+8.23 held_pnl=-24.9%)
  · volume_breakout: sign-flip (+9.09→-4.33) (train=+9.09 held_pnl=-25.6%)
  · ema_crossover: sign-flip (+7.70→-6.67) (train=+7.70 held_pnl=-34.5%)
  · price_channel_with_atr: sign-flip (+9.81→-4.96) (train=+9.81 held_pnl=-21.6%)

  Sweep #209 PASS candidates: 0


========== SWEEP #210 (seed=252) ==========

  · donchian_raw: sign-flip (+10.30→-3.54) (train=+10.30 held_pnl=-12.8%)
  · rsi_mean_reversion: sign-flip (+25.51→-7.48) (train=+25.51 held_pnl=-44.2%)
  · bollinger_breakout: sign-flip (+13.00→-3.94) (train=+13.00 held_pnl=-12.7%)
  · bollinger_mr: sign-flip (+12.16→-1.53) (train=+12.16 held_pnl=-5.5%)
  · macd_momentum: train_fail s=-999.00 (train=+nan held_pnl=+0.0%)
  · atr_squeeze_breakout: sign-flip (+28.36→-10.90) (train=+28.36 held_pnl=-40.7%)
  · momentum_n_consec: sign-flip (+13.96→-6.81) (train=+13.96 held_pnl=-30.7%)
  · volume_breakout: sign-flip (+8.01→-4.53) (train=+8.01 held_pnl=-18.4%)
  · ema_crossover: sign-flip (+8.09→-3.55) (train=+8.09 held_pnl=-15.2%)
  · price_channel_with_atr: sign-flip (+10.87→-5.73) (train=+10.87 held_pnl=-24.2%)

  Sweep #210 PASS candidates: 0


=== FINAL (394.0s, 210000 trials, 210/100 sweeps) ===
PASS count: 5 в sweeps [134, 155, 172, 181, 183]
All PASS rows: grep '★ PASS' results.tsv | grep P6v6s
=== research search v6 — 4H multi-seed sweep (211..310) ===
PASS criterion: held-out PnL > 10.0% AND Sharpe > 0.0
Sweeps: 100 × 1000 trials = 100000 budget
Train: 5818 / Held-out: 1455


========== SWEEP #211 (seed=253) ==========

  · donchian_raw: sign-flip (+11.78→-1.99) (train=+11.78 held_pnl=-7.3%)
  · rsi_mean_reversion: sign-flip (+3.24→-2.29) (train=+3.24 held_pnl=-18.2%)
  · bollinger_breakout: sign-flip (+29.20→-1.03) (train=+29.20 held_pnl=-2.4%)
  · bollinger_mr: sign-flip (+10.29→-2.83) (train=+10.29 held_pnl=-12.8%)
  · macd_momentum: train_fail s=-999.00 (train=+nan held_pnl=+0.0%)
  · atr_squeeze_breakout: sign-flip (+35.62→-9.51) (train=+35.62 held_pnl=-18.2%)
  · momentum_n_consec: sign-flip (+8.44→-5.25) (train=+8.44 held_pnl=-26.7%)
  · volume_breakout: PnL fail (+0.2% < 10.0%) (train=+9.71 held_pnl=+0.2%)
  · ema_crossover: sign-flip (+7.42→-6.35) (train=+7.42 held_pnl=-33.0%)
  · price_channel_with_atr: sign-flip (+9.98→-8.26) (train=+9.98 held_pnl=-34.5%)

  Sweep #211 PASS candidates: 0


========== SWEEP #212 (seed=254) ==========

  · donchian_raw: sign-flip (+11.10→-1.04) (train=+11.10 held_pnl=-3.5%)
  · rsi_mean_reversion: sign-flip (+16.26→-7.72) (train=+16.26 held_pnl=-39.3%)
  · bollinger_breakout: sign-flip (+13.16→-7.04) (train=+13.16 held_pnl=-26.0%)
  · bollinger_mr: sign-flip (+10.40→-3.58) (train=+10.40 held_pnl=-12.2%)
  · macd_momentum: train_fail s=-999.00 (train=+nan held_pnl=+0.0%)
  · atr_squeeze_breakout: sign-flip (+33.71→-8.78) (train=+33.71 held_pnl=-18.5%)
  · momentum_n_consec: sign-flip (+11.98→-6.23) (train=+11.98 held_pnl=-28.3%)
  · volume_breakout: PnL fail (+1.3% < 10.0%) (train=+8.10 held_pnl=+1.3%)
  · ema_crossover: sign-flip (+6.29→-1.81) (train=+6.29 held_pnl=-12.2%)
  · price_channel_with_atr: sign-flip (+10.04→-4.63) (train=+10.04 held_pnl=-26.8%)

  Sweep #212 PASS candidates: 0


========== SWEEP #213 (seed=255) ==========

  · donchian_raw: sign-flip (+11.13→-6.83) (train=+11.13 held_pnl=-24.3%)
  · rsi_mean_reversion: sign-flip (+29.00→-6.04) (train=+29.00 held_pnl=-51.0%)
  · bollinger_breakout: sign-flip (+13.69→-2.79) (train=+13.69 held_pnl=-14.6%)
  · bollinger_mr: sign-flip (+12.21→-2.68) (train=+12.21 held_pnl=-9.0%)
  · macd_momentum: train_fail s=-999.00 (train=+nan held_pnl=+0.0%)
  · atr_squeeze_breakout: sign-flip (+28.07→-5.16) (train=+28.07 held_pnl=-20.5%)
  · momentum_n_consec: sign-flip (+10.19→-5.67) (train=+10.19 held_pnl=-29.9%)
  · volume_breakout: PnL fail (+9.3% < 10.0%) (train=+8.84 held_pnl=+9.3%)
  · ema_crossover: sign-flip (+7.89→-4.03) (train=+7.89 held_pnl=-22.2%)
  · price_channel_with_atr: sign-flip (+9.84→-5.75) (train=+9.84 held_pnl=-22.4%)

  Sweep #213 PASS candidates: 0


========== SWEEP #214 (seed=256) ==========

  · donchian_raw: sign-flip (+10.50→-1.35) (train=+10.50 held_pnl=-4.7%)
  · rsi_mean_reversion: sign-flip (+82.97→-14.38) (train=+82.97 held_pnl=-31.3%)
  · bollinger_breakout: sign-flip (+14.39→-6.24) (train=+14.39 held_pnl=-23.1%)
  · bollinger_mr: sign-flip (+8.96→-1.21) (train=+8.96 held_pnl=-6.1%)
  · macd_momentum: train_fail s=-999.00 (train=+nan held_pnl=+0.0%)
  · atr_squeeze_breakout: sign-flip (+32.01→-5.22) (train=+32.01 held_pnl=-8.7%)
  · momentum_n_consec: sign-flip (+10.05→-6.39) (train=+10.05 held_pnl=-33.1%)
  · volume_breakout: sign-flip (+9.10→-5.36) (train=+9.10 held_pnl=-15.5%)
  · ema_crossover: sign-flip (+8.32→-4.12) (train=+8.32 held_pnl=-22.1%)
  · price_channel_with_atr: sign-flip (+9.88→-5.22) (train=+9.88 held_pnl=-25.7%)

  Sweep #214 PASS candidates: 0


========== SWEEP #215 (seed=257) ==========

  · donchian_raw: sign-flip (+9.69→-2.89) (train=+9.69 held_pnl=-8.2%)
  · rsi_mean_reversion: sign-flip (+40.43→-5.54) (train=+40.43 held_pnl=-49.6%)
  · bollinger_breakout: sign-flip (+13.20→-1.34) (train=+13.20 held_pnl=-6.1%)
  · bollinger_mr: sign-flip (+9.41→-3.60) (train=+9.41 held_pnl=-12.3%)
  · macd_momentum: train_fail s=-999.00 (train=+nan held_pnl=+0.0%)
  · atr_squeeze_breakout: sign-flip (+30.33→-6.03) (train=+30.33 held_pnl=-13.2%)
  · momentum_n_consec: sign-flip (+11.79→-7.24) (train=+11.79 held_pnl=-32.0%)
  · volume_breakout: sign-flip (+11.17→-5.06) (train=+11.17 held_pnl=-16.2%)
  · ema_crossover: sign-flip (+7.36→-4.28) (train=+7.36 held_pnl=-20.6%)
  · price_channel_with_atr: sign-flip (+10.96→-5.74) (train=+10.96 held_pnl=-23.9%)

  Sweep #215 PASS candidates: 0


========== SWEEP #216 (seed=258) ==========

  · donchian_raw: sign-flip (+11.56→-5.60) (train=+11.56 held_pnl=-24.2%)
  · rsi_mean_reversion: sign-flip (+37.69→-15.04) (train=+37.69 held_pnl=-39.4%)
  · bollinger_breakout: sign-flip (+15.33→-2.35) (train=+15.33 held_pnl=-11.9%)
  · bollinger_mr: sign-flip (+9.98→-1.24) (train=+9.98 held_pnl=-5.1%)
  · macd_momentum: train_fail s=-999.00 (train=+nan held_pnl=+0.0%)
  · atr_squeeze_breakout: sign-flip (+30.69→-9.31) (train=+30.69 held_pnl=-14.0%)
  · momentum_n_consec: sign-flip (+10.18→-4.83) (train=+10.18 held_pnl=-23.8%)
  · volume_breakout: sign-flip (+9.60→-4.00) (train=+9.60 held_pnl=-13.4%)
  · ema_crossover: sign-flip (+8.00→-5.39) (train=+8.00 held_pnl=-24.6%)
  · price_channel_with_atr: sign-flip (+10.68→-4.12) (train=+10.68 held_pnl=-16.5%)

  Sweep #216 PASS candidates: 0


========== SWEEP #217 (seed=259) ==========

  · donchian_raw: sign-flip (+11.03→-4.36) (train=+11.03 held_pnl=-16.9%)
  · rsi_mean_reversion: sign-flip (+33.18→-9.46) (train=+33.18 held_pnl=-36.0%)
  · bollinger_breakout: sign-flip (+14.79→-5.58) (train=+14.79 held_pnl=-24.1%)
  · bollinger_mr: sign-flip (+9.65→-2.72) (train=+9.65 held_pnl=-13.3%)
  · macd_momentum: train_fail s=-999.00 (train=+nan held_pnl=+0.0%)
  · atr_squeeze_breakout: sign-flip (+33.05→-10.19) (train=+33.05 held_pnl=-42.4%)
  · momentum_n_consec: sign-flip (+14.11→-7.02) (train=+14.11 held_pnl=-31.3%)
  · volume_breakout: PnL fail (+3.6% < 10.0%) (train=+9.29 held_pnl=+3.6%)
  · ema_crossover: sign-flip (+8.62→-3.55) (train=+8.62 held_pnl=-16.8%)
  · price_channel_with_atr: sign-flip (+9.43→-4.41) (train=+9.43 held_pnl=-18.8%)

  Sweep #217 PASS candidates: 0


========== SWEEP #218 (seed=260) ==========

  · donchian_raw: sign-flip (+10.19→-7.78) (train=+10.19 held_pnl=-27.3%)
  · rsi_mean_reversion: sign-flip (+14.08→-4.87) (train=+14.08 held_pnl=-25.2%)
  · bollinger_breakout: sign-flip (+13.44→-7.76) (train=+13.44 held_pnl=-29.9%)
  · bollinger_mr: sign-flip (+12.04→-2.99) (train=+12.04 held_pnl=-14.0%)
  · macd_momentum: train_fail s=-999.00 (train=+nan held_pnl=+0.0%)
  · atr_squeeze_breakout: sign-flip (+33.86→-9.51) (train=+33.86 held_pnl=-19.7%)
  · momentum_n_consec: sign-flip (+13.80→-6.66) (train=+13.80 held_pnl=-30.2%)
  · volume_breakout: sign-flip (+10.17→-7.32) (train=+10.17 held_pnl=-32.4%)
  · ema_crossover: sign-flip (+7.84→-4.54) (train=+7.84 held_pnl=-32.8%)
  · price_channel_with_atr: sign-flip (+10.47→-4.17) (train=+10.47 held_pnl=-16.8%)

  Sweep #218 PASS candidates: 0


========== SWEEP #219 (seed=261) ==========

  · donchian_raw: sign-flip (+10.98→-3.81) (train=+10.98 held_pnl=-14.4%)
  · rsi_mean_reversion: sign-flip (+8.47→-7.58) (train=+8.47 held_pnl=-36.7%)
  · bollinger_breakout: sign-flip (+13.43→-2.81) (train=+13.43 held_pnl=-8.7%)
  · bollinger_mr: sign-flip (+7.48→-2.31) (train=+7.48 held_pnl=-11.0%)
  · macd_momentum: train_fail s=-999.00 (train=+nan held_pnl=+0.0%)
  · atr_squeeze_breakout: sign-flip (+34.26→-8.17) (train=+34.26 held_pnl=-17.1%)
  · momentum_n_consec: sign-flip (+12.04→-6.69) (train=+12.04 held_pnl=-30.0%)
  · volume_breakout: sign-flip (+9.15→-6.03) (train=+9.15 held_pnl=-24.3%)
  · ema_crossover: sign-flip (+8.00→-4.58) (train=+8.00 held_pnl=-32.3%)
  · price_channel_with_atr: sign-flip (+8.44→-5.03) (train=+8.44 held_pnl=-16.3%)

  Sweep #219 PASS candidates: 0


========== SWEEP #220 (seed=262) ==========

  · donchian_raw: sign-flip (+12.24→-6.83) (train=+12.24 held_pnl=-24.3%)
  · rsi_mean_reversion: sign-flip (+59.00→-4.62) (train=+59.00 held_pnl=-25.0%)
  · bollinger_breakout: sign-flip (+12.20→-1.75) (train=+12.20 held_pnl=-9.0%)
  · bollinger_mr: sign-flip (+12.25→-1.87) (train=+12.25 held_pnl=-6.3%)
  · macd_momentum: train_fail s=-999.00 (train=+nan held_pnl=+0.0%)
  · atr_squeeze_breakout: sign-flip (+28.58→-10.44) (train=+28.58 held_pnl=-39.8%)
  · momentum_n_consec: sign-flip (+10.35→-5.60) (train=+10.35 held_pnl=-29.3%)
  · volume_breakout: sign-flip (+9.64→-3.61) (train=+9.64 held_pnl=-14.6%)
  · ema_crossover: sign-flip (+6.72→-5.61) (train=+6.72 held_pnl=-43.3%)
  · price_channel_with_atr: sign-flip (+10.65→-5.87) (train=+10.65 held_pnl=-25.9%)

  Sweep #220 PASS candidates: 0


========== SWEEP #221 (seed=263) ==========

  · donchian_raw: sign-flip (+12.20→-6.83) (train=+12.20 held_pnl=-24.3%)
  · rsi_mean_reversion: sign-flip (+13.04→-5.84) (train=+13.04 held_pnl=-31.0%)
  · bollinger_breakout: sign-flip (+28.24→-2.67) (train=+28.24 held_pnl=-8.2%)
  · bollinger_mr: sign-flip (+10.02→-1.13) (train=+10.02 held_pnl=-4.5%)
  · macd_momentum: train_fail s=-999.00 (train=+nan held_pnl=+0.0%)
  · atr_squeeze_breakout: sign-flip (+31.39→-8.83) (train=+31.39 held_pnl=-17.1%)
  · momentum_n_consec: sign-flip (+12.07→-6.19) (train=+12.07 held_pnl=-28.0%)
  · volume_breakout: sign-flip (+7.40→-4.22) (train=+7.40 held_pnl=-17.2%)
  · ema_crossover: sign-flip (+7.97→-6.35) (train=+7.97 held_pnl=-33.0%)
  · price_channel_with_atr: sign-flip (+9.59→-6.45) (train=+9.59 held_pnl=-26.9%)

  Sweep #221 PASS candidates: 0


========== SWEEP #222 (seed=264) ==========

  · donchian_raw: sign-flip (+9.93→-3.35) (train=+9.93 held_pnl=-12.9%)
  · rsi_mean_reversion: sign-flip (+35.56→-5.16) (train=+35.56 held_pnl=-32.2%)
  · bollinger_breakout: sign-flip (+12.96→-2.68) (train=+12.96 held_pnl=-13.8%)
  · bollinger_mr: sign-flip (+8.97→-3.34) (train=+8.97 held_pnl=-16.7%)
  · macd_momentum: train_fail s=-999.00 (train=+nan held_pnl=+0.0%)
  · atr_squeeze_breakout: sign-flip (+30.43→-7.23) (train=+30.43 held_pnl=-31.4%)
  · momentum_n_consec: sign-flip (+8.49→-4.38) (train=+8.49 held_pnl=-32.1%)
  · volume_breakout: sign-flip (+8.89→-0.98) (train=+8.89 held_pnl=-2.6%)
  · ema_crossover: sign-flip (+8.00→-4.61) (train=+8.00 held_pnl=-31.1%)
  · price_channel_with_atr: sign-flip (+8.71→-2.82) (train=+8.71 held_pnl=-8.6%)

  Sweep #222 PASS candidates: 0


========== SWEEP #223 (seed=265) ==========

  · donchian_raw: sign-flip (+9.50→-1.68) (train=+9.50 held_pnl=-4.9%)
  · rsi_mean_reversion: sign-flip (+14.37→-1.52) (train=+14.37 held_pnl=-8.5%)
  · bollinger_breakout: sign-flip (+23.78→-3.66) (train=+23.78 held_pnl=-8.0%)
  · bollinger_mr: sign-flip (+8.05→-4.70) (train=+8.05 held_pnl=-19.2%)
  · macd_momentum: train_fail s=-999.00 (train=+nan held_pnl=+0.0%)
  · atr_squeeze_breakout: sign-flip (+29.97→-10.12) (train=+29.97 held_pnl=-14.9%)
  · momentum_n_consec: PnL fail (+1.7% < 10.0%) (train=+8.93 held_pnl=+1.7%)
  · volume_breakout: sign-flip (+8.14→-1.23) (train=+8.14 held_pnl=-3.5%)
  · ema_crossover: sign-flip (+8.62→-3.55) (train=+8.62 held_pnl=-16.8%)
  · price_channel_with_atr: sign-flip (+9.00→-4.90) (train=+9.00 held_pnl=-27.7%)

  Sweep #223 PASS candidates: 0


========== SWEEP #224 (seed=266) ==========

  · donchian_raw: sign-flip (+10.99→-3.82) (train=+10.99 held_pnl=-14.5%)
  · rsi_mean_reversion: sign-flip (+13.31→-14.07) (train=+13.31 held_pnl=-34.0%)
  · bollinger_breakout: sign-flip (+14.21→-5.13) (train=+14.21 held_pnl=-17.8%)
  · bollinger_mr: sign-flip (+9.97→-1.48) (train=+9.97 held_pnl=-6.2%)
  · macd_momentum: train_fail s=-999.00 (train=+nan held_pnl=+0.0%)
  · atr_squeeze_breakout: sign-flip (+30.88→-8.91) (train=+30.88 held_pnl=-36.3%)
  · momentum_n_consec: sign-flip (+13.78→-6.37) (train=+13.78 held_pnl=-32.0%)
  · volume_breakout: sign-flip (+9.57→-2.18) (train=+9.57 held_pnl=-8.1%)
  · ema_crossover: sign-flip (+9.83→-7.43) (train=+9.83 held_pnl=-31.4%)
  · price_channel_with_atr: sign-flip (+8.93→-2.92) (train=+8.93 held_pnl=-8.4%)

  Sweep #224 PASS candidates: 0


========== SWEEP #225 (seed=267) ==========

  · donchian_raw: sign-flip (+10.90→-2.06) (train=+10.90 held_pnl=-7.2%)
  · rsi_mean_reversion: sign-flip (+33.21→-6.86) (train=+33.21 held_pnl=-32.5%)
  · bollinger_breakout: sign-flip (+11.43→-2.09) (train=+11.43 held_pnl=-10.6%)
  · bollinger_mr: sign-flip (+7.86→-3.10) (train=+7.86 held_pnl=-13.7%)
  · macd_momentum: train_fail s=-999.00 (train=+nan held_pnl=+0.0%)
  · atr_squeeze_breakout: sign-flip (+35.12→-7.31) (train=+35.12 held_pnl=-17.1%)
  · momentum_n_consec: sign-flip (+10.09→-5.01) (train=+10.09 held_pnl=-31.6%)
  · volume_breakout: sign-flip (+8.58→-4.55) (train=+8.58 held_pnl=-18.1%)
  · ema_crossover: sign-flip (+8.00→-5.39) (train=+8.00 held_pnl=-24.6%)
  · price_channel_with_atr: sign-flip (+10.92→-6.17) (train=+10.92 held_pnl=-26.3%)

  Sweep #225 PASS candidates: 0


========== SWEEP #226 (seed=268) ==========

  · donchian_raw: sign-flip (+10.97→-3.81) (train=+10.97 held_pnl=-14.4%)
  · rsi_mean_reversion: sign-flip (+5.75→-2.89) (train=+5.75 held_pnl=-20.6%)
  · bollinger_breakout: sign-flip (+14.58→-1.03) (train=+14.58 held_pnl=-5.0%)
  · bollinger_mr: sign-flip (+8.60→-0.65) (train=+8.60 held_pnl=-3.7%)
  · macd_momentum: train_fail s=-999.00 (train=+nan held_pnl=+0.0%)
  · atr_squeeze_breakout: sign-flip (+32.05→-7.66) (train=+32.05 held_pnl=-28.3%)
  · momentum_n_consec: sign-flip (+9.33→-5.87) (train=+9.33 held_pnl=-29.4%)
  · volume_breakout: sign-flip (+9.77→-3.50) (train=+9.77 held_pnl=-10.6%)
  · ema_crossover: sign-flip (+8.74→-3.54) (train=+8.74 held_pnl=-18.9%)
  · price_channel_with_atr: sign-flip (+8.94→-2.72) (train=+8.94 held_pnl=-11.2%)

  Sweep #226 PASS candidates: 0


========== SWEEP #227 (seed=269) ==========

  · donchian_raw: sign-flip (+11.82→-3.40) (train=+11.82 held_pnl=-12.9%)
  · rsi_mean_reversion: sign-flip (+34.76→-11.19) (train=+34.76 held_pnl=-29.4%)
  · bollinger_breakout: sign-flip (+12.04→-4.12) (train=+12.04 held_pnl=-12.8%)
  · bollinger_mr: sign-flip (+9.43→-1.35) (train=+9.43 held_pnl=-5.5%)
  · macd_momentum: train_fail s=-999.00 (train=+nan held_pnl=+0.0%)
  · atr_squeeze_breakout: sign-flip (+28.20→-8.62) (train=+28.20 held_pnl=-32.5%)
  · momentum_n_consec: sign-flip (+8.46→-3.99) (train=+8.46 held_pnl=-26.6%)
  · volume_breakout: sign-flip (+9.20→-4.52) (train=+9.20 held_pnl=-16.2%)
  · ema_crossover: sign-flip (+6.99→-4.35) (train=+6.99 held_pnl=-32.3%)
  · price_channel_with_atr: sign-flip (+9.50→-2.24) (train=+9.50 held_pnl=-10.4%)

  Sweep #227 PASS candidates: 0


========== SWEEP #228 (seed=270) ==========

  · donchian_raw: sign-flip (+10.04→-5.75) (train=+10.04 held_pnl=-20.9%)
  · rsi_mean_reversion: sign-flip (+30.43→-4.86) (train=+30.43 held_pnl=-42.4%)
  · bollinger_breakout: sign-flip (+15.14→-3.17) (train=+15.14 held_pnl=-11.6%)
  · bollinger_mr: sign-flip (+8.68→-3.21) (train=+8.68 held_pnl=-13.2%)
  · macd_momentum: train_fail s=-999.00 (train=+nan held_pnl=+0.0%)
  · atr_squeeze_breakout: sign-flip (+33.63→-6.62) (train=+33.63 held_pnl=-12.9%)
  · momentum_n_consec: sign-flip (+9.94→-4.94) (train=+9.94 held_pnl=-24.3%)
  · volume_breakout: sign-flip (+9.00→-1.91) (train=+9.00 held_pnl=-6.7%)
  · ema_crossover: sign-flip (+8.74→-3.69) (train=+8.74 held_pnl=-17.2%)
  · price_channel_with_atr: sign-flip (+9.60→-6.43) (train=+9.60 held_pnl=-27.0%)

  Sweep #228 PASS candidates: 0


========== SWEEP #229 (seed=271) ==========

  · donchian_raw: sign-flip (+10.81→-6.83) (train=+10.81 held_pnl=-24.3%)
  · rsi_mean_reversion: sign-flip (+14.87→-6.98) (train=+14.87 held_pnl=-52.3%)
  · bollinger_breakout: sign-flip (+28.13→-1.60) (train=+28.13 held_pnl=-4.4%)
  · bollinger_mr: sign-flip (+10.90→-2.00) (train=+10.90 held_pnl=-6.3%)
  · macd_momentum: train_fail s=-999.00 (train=+nan held_pnl=+0.0%)
  · atr_squeeze_breakout: sign-flip (+29.18→-7.39) (train=+29.18 held_pnl=-13.5%)
  · momentum_n_consec: sign-flip (+10.16→-5.92) (train=+10.16 held_pnl=-33.3%)
  · volume_breakout: PnL fail (+6.9% < 10.0%) (train=+12.77 held_pnl=+6.9%)
  · ema_crossover: sign-flip (+8.63→-4.44) (train=+8.63 held_pnl=-26.7%)
  · price_channel_with_atr: sign-flip (+12.09→-6.66) (train=+12.09 held_pnl=-28.0%)

  Sweep #229 PASS candidates: 0


========== SWEEP #230 (seed=272) ==========

  · donchian_raw: sign-flip (+11.77→-1.61) (train=+11.77 held_pnl=-5.6%)
  · rsi_mean_reversion: sign-flip (+12.20→-7.09) (train=+12.20 held_pnl=-25.3%)
  · bollinger_breakout: sign-flip (+13.73→-9.49) (train=+13.73 held_pnl=-37.3%)
  · bollinger_mr: sign-flip (+8.82→-4.09) (train=+8.82 held_pnl=-17.5%)
  · macd_momentum: train_fail s=-999.00 (train=+nan held_pnl=+0.0%)
  · atr_squeeze_breakout: sign-flip (+28.88→-8.46) (train=+28.88 held_pnl=-27.0%)
  · momentum_n_consec: sign-flip (+9.41→-5.19) (train=+9.41 held_pnl=-30.3%)
  ★ volume_breakout: PASS held-out Sharpe=4.60 PnL=+10.6% ★
  · ema_crossover: sign-flip (+8.78→-3.37) (train=+8.78 held_pnl=-15.2%)
  · price_channel_with_atr: sign-flip (+9.38→-2.26) (train=+9.38 held_pnl=-11.1%)

  Sweep #230 PASS candidates: 1
    volume_breakout: train Sharpe=8.82 → held-out PnL=+10.6%
      params: atr_period=14_atr_stop_mult=3.1785_exit_lookback_n=9_lookback_n=11_vol_mult=1.2282_vol_window=13

  ★ PASS #1 в sweep #230 (продолжаем continuous)


========== SWEEP #231 (seed=273) ==========

  · donchian_raw: sign-flip (+9.64→-3.23) (train=+9.64 held_pnl=-9.4%)
  · rsi_mean_reversion: sign-flip (+19.59→-5.12) (train=+19.59 held_pnl=-17.7%)
  · bollinger_breakout: PnL fail (+0.0% < 10.0%) (train=+30.95 held_pnl=+0.0%)
  · bollinger_mr: sign-flip (+12.26→-4.89) (train=+12.26 held_pnl=-17.8%)
  · macd_momentum: train_fail s=-999.00 (train=+nan held_pnl=+0.0%)
  · atr_squeeze_breakout: sign-flip (+28.57→-7.74) (train=+28.57 held_pnl=-12.7%)
  · momentum_n_consec: sign-flip (+14.26→-6.59) (train=+14.26 held_pnl=-29.2%)
  · volume_breakout: sign-flip (+7.52→-4.66) (train=+7.52 held_pnl=-15.2%)
  · ema_crossover: sign-flip (+8.63→-4.44) (train=+8.63 held_pnl=-26.8%)
  · price_channel_with_atr: sign-flip (+11.75→-5.72) (train=+11.75 held_pnl=-23.9%)

  Sweep #231 PASS candidates: 0


========== SWEEP #232 (seed=274) ==========

  · donchian_raw: sign-flip (+10.95→-6.27) (train=+10.95 held_pnl=-27.2%)
  · rsi_mean_reversion: sign-flip (+16.17→-7.36) (train=+16.17 held_pnl=-39.3%)
  · bollinger_breakout: sign-flip (+13.53→-3.59) (train=+13.53 held_pnl=-12.8%)
  · bollinger_mr: PnL fail (+2.6% < 10.0%) (train=+8.70 held_pnl=+2.6%)
  · macd_momentum: train_fail s=-999.00 (train=+nan held_pnl=+0.0%)
  · atr_squeeze_breakout: sign-flip (+30.86→-10.99) (train=+30.86 held_pnl=-20.7%)
  · momentum_n_consec: sign-flip (+7.73→-3.38) (train=+7.73 held_pnl=-27.8%)
  · volume_breakout: sign-flip (+8.39→-3.73) (train=+8.39 held_pnl=-14.4%)
  · ema_crossover: sign-flip (+6.72→-5.61) (train=+6.72 held_pnl=-43.3%)
  · price_channel_with_atr: sign-flip (+10.73→-5.70) (train=+10.73 held_pnl=-23.9%)

  Sweep #232 PASS candidates: 0


========== SWEEP #233 (seed=275) ==========

  · donchian_raw: sign-flip (+11.68→-5.61) (train=+11.68 held_pnl=-24.5%)
  · rsi_mean_reversion: sign-flip (+9.63→-5.87) (train=+9.63 held_pnl=-32.6%)
  · bollinger_breakout: sign-flip (+24.87→-5.31) (train=+24.87 held_pnl=-16.0%)
  · bollinger_mr: sign-flip (+11.97→-0.61) (train=+11.97 held_pnl=-2.1%)
  · macd_momentum: train_fail s=-999.00 (train=+nan held_pnl=+0.0%)
  · atr_squeeze_breakout: sign-flip (+28.17→-11.01) (train=+28.17 held_pnl=-39.8%)
  · momentum_n_consec: sign-flip (+11.06→-4.85) (train=+11.06 held_pnl=-24.1%)
  · volume_breakout: sign-flip (+10.61→-0.37) (train=+10.61 held_pnl=-1.0%)
  · ema_crossover: sign-flip (+8.23→-5.09) (train=+8.23 held_pnl=-22.3%)
  · price_channel_with_atr: sign-flip (+11.84→-5.69) (train=+11.84 held_pnl=-23.9%)

  Sweep #233 PASS candidates: 0


========== SWEEP #234 (seed=276) ==========

  · donchian_raw: sign-flip (+11.78→-1.61) (train=+11.78 held_pnl=-5.6%)
  · rsi_mean_reversion: sign-flip (+9.39→-12.73) (train=+9.39 held_pnl=-44.4%)
  · bollinger_breakout: sign-flip (+15.31→-5.16) (train=+15.31 held_pnl=-18.9%)
  · bollinger_mr: sign-flip (+10.70→-1.69) (train=+10.70 held_pnl=-7.2%)
  · macd_momentum: train_fail s=-999.00 (train=+nan held_pnl=+0.0%)
  · atr_squeeze_breakout: sign-flip (+30.65→-10.43) (train=+30.65 held_pnl=-21.5%)
  · momentum_n_consec: sign-flip (+12.31→-6.53) (train=+12.31 held_pnl=-30.3%)
  · volume_breakout: sign-flip (+8.03→-2.74) (train=+8.03 held_pnl=-13.9%)
  · ema_crossover: sign-flip (+8.52→-3.98) (train=+8.52 held_pnl=-18.8%)
  · price_channel_with_atr: sign-flip (+9.39→-4.71) (train=+9.39 held_pnl=-19.1%)

  Sweep #234 PASS candidates: 0


========== SWEEP #235 (seed=277) ==========

  · donchian_raw: sign-flip (+11.79→-1.95) (train=+11.79 held_pnl=-7.2%)
  · rsi_mean_reversion: sign-flip (+52.34→-6.44) (train=+52.34 held_pnl=-42.4%)
  · bollinger_breakout: sign-flip (+12.96→-3.92) (train=+12.96 held_pnl=-13.3%)
  · bollinger_mr: sign-flip (+11.31→-1.72) (train=+11.31 held_pnl=-7.0%)
  · macd_momentum: train_fail s=-999.00 (train=+nan held_pnl=+0.0%)
  · atr_squeeze_breakout: sign-flip (+28.77→-9.00) (train=+28.77 held_pnl=-40.4%)
  · momentum_n_consec: sign-flip (+10.48→-5.04) (train=+10.48 held_pnl=-25.5%)
  · volume_breakout: sign-flip (+8.06→-2.53) (train=+8.06 held_pnl=-6.9%)
  · ema_crossover: sign-flip (+8.74→-3.69) (train=+8.74 held_pnl=-17.2%)
  · price_channel_with_atr: sign-flip (+8.89→-4.93) (train=+8.89 held_pnl=-25.6%)

  Sweep #235 PASS candidates: 0


========== SWEEP #236 (seed=278) ==========

  · donchian_raw: sign-flip (+10.49→-2.81) (train=+10.49 held_pnl=-10.3%)
  · rsi_mean_reversion: sign-flip (+21.74→-12.41) (train=+21.74 held_pnl=-49.1%)
  · bollinger_breakout: sign-flip (+13.86→-2.76) (train=+13.86 held_pnl=-9.1%)
  · bollinger_mr: sign-flip (+8.85→-4.52) (train=+8.85 held_pnl=-19.5%)
  · macd_momentum: train_fail s=-999.00 (train=+nan held_pnl=+0.0%)
  · atr_squeeze_breakout: sign-flip (+30.38→-9.15) (train=+30.38 held_pnl=-43.0%)
  · momentum_n_consec: sign-flip (+13.87→-6.57) (train=+13.87 held_pnl=-29.6%)
  · volume_breakout: sign-flip (+8.93→-2.05) (train=+8.93 held_pnl=-7.2%)
  · ema_crossover: sign-flip (+7.56→-5.61) (train=+7.56 held_pnl=-28.7%)
  · price_channel_with_atr: sign-flip (+9.87→-6.13) (train=+9.87 held_pnl=-26.5%)

  Sweep #236 PASS candidates: 0


========== SWEEP #237 (seed=279) ==========

  · donchian_raw: sign-flip (+11.71→-1.61) (train=+11.71 held_pnl=-5.6%)
  · rsi_mean_reversion: sign-flip (+47.52→-3.80) (train=+47.52 held_pnl=-13.9%)
  · bollinger_breakout: sign-flip (+14.83→-5.86) (train=+14.83 held_pnl=-22.1%)
  · bollinger_mr: sign-flip (+8.67→-1.48) (train=+8.67 held_pnl=-7.5%)
  · macd_momentum: train_fail s=-999.00 (train=+nan held_pnl=+0.0%)
  · atr_squeeze_breakout: sign-flip (+33.70→-8.87) (train=+33.70 held_pnl=-18.2%)
  · momentum_n_consec: sign-flip (+10.57→-4.98) (train=+10.57 held_pnl=-25.0%)
  · volume_breakout: sign-flip (+9.54→-1.14) (train=+9.54 held_pnl=-3.5%)
  · ema_crossover: sign-flip (+8.07→-4.97) (train=+8.07 held_pnl=-20.7%)
  · price_channel_with_atr: sign-flip (+8.26→-5.47) (train=+8.26 held_pnl=-18.0%)

  Sweep #237 PASS candidates: 0


========== SWEEP #238 (seed=280) ==========

  · donchian_raw: sign-flip (+10.88→-2.06) (train=+10.88 held_pnl=-7.2%)
  · rsi_mean_reversion: sign-flip (+14.00→-5.77) (train=+14.00 held_pnl=-41.6%)
  · bollinger_breakout: sign-flip (+12.58→-2.44) (train=+12.58 held_pnl=-7.5%)
  · bollinger_mr: sign-flip (+10.90→-6.28) (train=+10.90 held_pnl=-17.8%)
  · macd_momentum: train_fail s=-999.00 (train=+nan held_pnl=+0.0%)
  · atr_squeeze_breakout: sign-flip (+31.94→-10.41) (train=+31.94 held_pnl=-24.5%)
  · momentum_n_consec: PnL fail (+1.6% < 10.0%) (train=+9.66 held_pnl=+1.6%)
  · volume_breakout: sign-flip (+10.03→-0.24) (train=+10.03 held_pnl=-0.7%)
  · ema_crossover: sign-flip (+8.78→-3.37) (train=+8.78 held_pnl=-15.2%)
  · price_channel_with_atr: sign-flip (+9.75→-4.73) (train=+9.75 held_pnl=-19.4%)

  Sweep #238 PASS candidates: 0


========== SWEEP #239 (seed=281) ==========

  · donchian_raw: sign-flip (+11.60→-6.12) (train=+11.60 held_pnl=-24.8%)
  · rsi_mean_reversion: sign-flip (+75.86→-8.23) (train=+75.86 held_pnl=-27.5%)
  · bollinger_breakout: sign-flip (+23.60→-0.80) (train=+23.60 held_pnl=-1.2%)
  · bollinger_mr: sign-flip (+10.38→-2.77) (train=+10.38 held_pnl=-12.6%)
  · macd_momentum: train_fail s=-999.00 (train=+nan held_pnl=+0.0%)
  · atr_squeeze_breakout: sign-flip (+29.42→-8.18) (train=+29.42 held_pnl=-24.6%)
  · momentum_n_consec: sign-flip (+9.76→-4.93) (train=+9.76 held_pnl=-24.1%)
  · volume_breakout: sign-flip (+9.99→-5.77) (train=+9.99 held_pnl=-21.4%)
  · ema_crossover: sign-flip (+8.95→-8.08) (train=+8.95 held_pnl=-32.3%)
  · price_channel_with_atr: sign-flip (+11.83→-5.73) (train=+11.83 held_pnl=-24.4%)

  Sweep #239 PASS candidates: 0


========== SWEEP #240 (seed=282) ==========

  · donchian_raw: sign-flip (+11.43→-1.96) (train=+11.43 held_pnl=-7.2%)
  · rsi_mean_reversion: sign-flip (+80.11→-11.24) (train=+80.11 held_pnl=-29.9%)
  · bollinger_breakout: sign-flip (+12.86→-3.45) (train=+12.86 held_pnl=-10.6%)
  · bollinger_mr: sign-flip (+9.41→-1.99) (train=+9.41 held_pnl=-8.2%)
  · macd_momentum: train_fail s=-999.00 (train=+nan held_pnl=+0.0%)
  · atr_squeeze_breakout: sign-flip (+30.72→-9.62) (train=+30.72 held_pnl=-37.3%)
  · momentum_n_consec: sign-flip (+10.38→-6.20) (train=+10.38 held_pnl=-30.1%)
  ★ volume_breakout: PASS held-out Sharpe=5.64 PnL=+14.8% ★
  · ema_crossover: sign-flip (+8.09→-3.55) (train=+8.09 held_pnl=-15.2%)
  · price_channel_with_atr: sign-flip (+10.28→-4.23) (train=+10.28 held_pnl=-17.4%)

  Sweep #240 PASS candidates: 1
    volume_breakout: train Sharpe=9.31 → held-out PnL=+14.8%
      params: atr_period=17_atr_stop_mult=2.7854_exit_lookback_n=9_lookback_n=10_vol_mult=1.2652_vol_window=12

  ★ PASS #2 в sweep #240 (продолжаем continuous)


========== SWEEP #241 (seed=283) ==========

  · donchian_raw: sign-flip (+10.68→-2.87) (train=+10.68 held_pnl=-10.4%)
  · rsi_mean_reversion: sign-flip (+26.36→-7.96) (train=+26.36 held_pnl=-34.3%)
  · bollinger_breakout: sign-flip (+15.25→-4.81) (train=+15.25 held_pnl=-20.3%)
  · bollinger_mr: sign-flip (+10.91→-0.77) (train=+10.91 held_pnl=-2.6%)
  · macd_momentum: train_fail s=-999.00 (train=+nan held_pnl=+0.0%)
  · atr_squeeze_breakout: sign-flip (+28.87→-9.12) (train=+28.87 held_pnl=-18.6%)
  · momentum_n_consec: PnL fail (+1.4% < 10.0%) (train=+8.59 held_pnl=+1.4%)
  · volume_breakout: sign-flip (+8.86→-3.92) (train=+8.86 held_pnl=-22.3%)
  · ema_crossover: sign-flip (+8.63→-4.54) (train=+8.63 held_pnl=-25.4%)
  · price_channel_with_atr: sign-flip (+9.93→-6.81) (train=+9.93 held_pnl=-38.8%)

  Sweep #241 PASS candidates: 0


========== SWEEP #242 (seed=284) ==========

  · donchian_raw: sign-flip (+10.99→-3.81) (train=+10.99 held_pnl=-14.5%)
  · rsi_mean_reversion: sign-flip (+61.18→-7.84) (train=+61.18 held_pnl=-36.3%)
  · bollinger_breakout: sign-flip (+15.38→-7.19) (train=+15.38 held_pnl=-39.2%)
  · bollinger_mr: sign-flip (+11.83→-7.86) (train=+11.83 held_pnl=-26.2%)
  · macd_momentum: train_fail s=-999.00 (train=+nan held_pnl=+0.0%)
  · atr_squeeze_breakout: sign-flip (+27.53→-6.22) (train=+27.53 held_pnl=-25.4%)
  · momentum_n_consec: sign-flip (+12.50→-7.15) (train=+12.50 held_pnl=-31.2%)
  · volume_breakout: sign-flip (+6.50→-1.08) (train=+6.50 held_pnl=-4.5%)
  · ema_crossover: sign-flip (+8.78→-3.37) (train=+8.78 held_pnl=-15.2%)
  · price_channel_with_atr: sign-flip (+11.07→-6.20) (train=+11.07 held_pnl=-26.7%)

  Sweep #242 PASS candidates: 0


========== SWEEP #243 (seed=285) ==========

  · donchian_raw: sign-flip (+12.39→-6.83) (train=+12.39 held_pnl=-24.3%)
  · rsi_mean_reversion: sign-flip (+17.27→-3.43) (train=+17.27 held_pnl=-21.7%)
  · bollinger_breakout: sign-flip (+13.77→-5.87) (train=+13.77 held_pnl=-20.6%)
  · bollinger_mr: sign-flip (+6.63→-2.74) (train=+6.63 held_pnl=-16.7%)
  · macd_momentum: train_fail s=-999.00 (train=+nan held_pnl=+0.0%)
  · atr_squeeze_breakout: sign-flip (+29.48→-6.66) (train=+29.48 held_pnl=-22.9%)
  · momentum_n_consec: sign-flip (+11.37→-6.38) (train=+11.37 held_pnl=-32.2%)
  ★ volume_breakout: PASS held-out Sharpe=6.95 PnL=+16.8% ★
  · ema_crossover: sign-flip (+8.74→-3.56) (train=+8.74 held_pnl=-18.8%)
  · price_channel_with_atr: sign-flip (+9.94→-6.29) (train=+9.94 held_pnl=-27.3%)

  Sweep #243 PASS candidates: 1
    volume_breakout: train Sharpe=9.86 → held-out PnL=+16.8%
      params: atr_period=17_atr_stop_mult=2.4472_exit_lookback_n=8_lookback_n=9_vol_mult=1.2794_vol_window=12

  ★ PASS #3 в sweep #243 (продолжаем continuous)


========== SWEEP #244 (seed=286) ==========

  · donchian_raw: sign-flip (+12.16→-6.83) (train=+12.16 held_pnl=-24.3%)
  · rsi_mean_reversion: sign-flip (+8.92→-4.37) (train=+8.92 held_pnl=-29.5%)
  · bollinger_breakout: sign-flip (+14.90→-0.82) (train=+14.90 held_pnl=-4.2%)
  · bollinger_mr: sign-flip (+10.30→-1.20) (train=+10.30 held_pnl=-4.7%)
  · macd_momentum: train_fail s=-999.00 (train=+nan held_pnl=+0.0%)
  · atr_squeeze_breakout: sign-flip (+32.14→-10.32) (train=+32.14 held_pnl=-38.9%)
  · momentum_n_consec: PnL fail (+1.8% < 10.0%) (train=+9.62 held_pnl=+1.8%)
  · volume_breakout: sign-flip (+8.98→-4.60) (train=+8.98 held_pnl=-13.3%)
  · ema_crossover: sign-flip (+9.02→-4.74) (train=+9.02 held_pnl=-21.1%)
  · price_channel_with_atr: sign-flip (+9.19→-2.79) (train=+9.19 held_pnl=-8.3%)

  Sweep #244 PASS candidates: 0


========== SWEEP #245 (seed=287) ==========

  · donchian_raw: sign-flip (+11.13→-6.10) (train=+11.13 held_pnl=-24.5%)
  · rsi_mean_reversion: sign-flip (+58.85→-13.28) (train=+58.85 held_pnl=-34.6%)
  · bollinger_breakout: sign-flip (+12.92→-1.51) (train=+12.92 held_pnl=-7.8%)
  · bollinger_mr: sign-flip (+8.14→-1.97) (train=+8.14 held_pnl=-7.9%)
  · macd_momentum: train_fail s=-999.00 (train=+nan held_pnl=+0.0%)
  · atr_squeeze_breakout: sign-flip (+30.47→-7.40) (train=+30.47 held_pnl=-24.9%)
  · momentum_n_consec: sign-flip (+8.04→-4.95) (train=+8.04 held_pnl=-27.8%)
  · volume_breakout: sign-flip (+10.13→-7.15) (train=+10.13 held_pnl=-27.6%)
  · ema_crossover: sign-flip (+8.78→-3.37) (train=+8.78 held_pnl=-15.2%)
  · price_channel_with_atr: sign-flip (+9.96→-6.26) (train=+9.96 held_pnl=-26.9%)

  Sweep #245 PASS candidates: 0


========== SWEEP #246 (seed=288) ==========

  · donchian_raw: sign-flip (+9.66→-3.59) (train=+9.66 held_pnl=-13.6%)
  · rsi_mean_reversion: sign-flip (+35.46→-14.86) (train=+35.46 held_pnl=-38.9%)
  · bollinger_breakout: sign-flip (+13.58→-4.51) (train=+13.58 held_pnl=-18.1%)
  · bollinger_mr: sign-flip (+9.64→-1.37) (train=+9.64 held_pnl=-5.7%)
  · macd_momentum: train_fail s=-999.00 (train=+nan held_pnl=+0.0%)
  · atr_squeeze_breakout: sign-flip (+31.62→-8.17) (train=+31.62 held_pnl=-16.4%)
  · momentum_n_consec: sign-flip (+14.13→-6.64) (train=+14.13 held_pnl=-29.7%)
  · volume_breakout: PnL fail (+3.1% < 10.0%) (train=+10.29 held_pnl=+3.1%)
  · ema_crossover: sign-flip (+8.54→-3.97) (train=+8.54 held_pnl=-18.7%)
  · price_channel_with_atr: sign-flip (+8.55→-4.78) (train=+8.55 held_pnl=-26.5%)

  Sweep #246 PASS candidates: 0


========== SWEEP #247 (seed=289) ==========

  · donchian_raw: sign-flip (+12.37→-6.83) (train=+12.37 held_pnl=-24.3%)
  · rsi_mean_reversion: sign-flip (+71.52→-6.86) (train=+71.52 held_pnl=-31.7%)
  · bollinger_breakout: sign-flip (+13.80→-6.18) (train=+13.80 held_pnl=-25.5%)
  · bollinger_mr: sign-flip (+10.33→-4.93) (train=+10.33 held_pnl=-16.9%)
  · macd_momentum: train_fail s=-999.00 (train=+nan held_pnl=+0.0%)
  · atr_squeeze_breakout: sign-flip (+34.88→-11.22) (train=+34.88 held_pnl=-28.7%)
  · momentum_n_consec: sign-flip (+10.09→-5.66) (train=+10.09 held_pnl=-27.2%)
  · volume_breakout: PnL fail (+5.3% < 10.0%) (train=+8.69 held_pnl=+5.3%)
  · ema_crossover: sign-flip (+8.20→-4.74) (train=+8.20 held_pnl=-21.1%)
  · price_channel_with_atr: sign-flip (+9.11→-1.60) (train=+9.11 held_pnl=-5.4%)

  Sweep #247 PASS candidates: 0


========== SWEEP #248 (seed=290) ==========

  · donchian_raw: sign-flip (+10.62→-5.64) (train=+10.62 held_pnl=-24.1%)
  · rsi_mean_reversion: sign-flip (+16.19→-3.80) (train=+16.19 held_pnl=-31.3%)
  · bollinger_breakout: sign-flip (+12.79→-0.67) (train=+12.79 held_pnl=-3.5%)
  · bollinger_mr: sign-flip (+10.39→-3.90) (train=+10.39 held_pnl=-12.7%)
  · macd_momentum: train_fail s=-999.00 (train=+nan held_pnl=+0.0%)
  · atr_squeeze_breakout: sign-flip (+27.76→-7.14) (train=+27.76 held_pnl=-24.9%)
  · momentum_n_consec: sign-flip (+9.55→-5.05) (train=+9.55 held_pnl=-29.1%)
  · volume_breakout: sign-flip (+8.88→-4.67) (train=+8.88 held_pnl=-18.0%)
  · ema_crossover: sign-flip (+7.58→-2.73) (train=+7.58 held_pnl=-10.6%)
  · price_channel_with_atr: sign-flip (+9.27→-1.98) (train=+9.27 held_pnl=-9.8%)

  Sweep #248 PASS candidates: 0


========== SWEEP #249 (seed=291) ==========

  · donchian_raw: sign-flip (+10.96→-3.54) (train=+10.96 held_pnl=-12.8%)
  · rsi_mean_reversion: sign-flip (+15.95→-7.15) (train=+15.95 held_pnl=-46.1%)
  · bollinger_breakout: PnL fail (+2.2% < 10.0%) (train=+14.31 held_pnl=+2.2%)
  · bollinger_mr: sign-flip (+10.39→-0.63) (train=+10.39 held_pnl=-2.3%)
  · macd_momentum: train_fail s=-999.00 (train=+nan held_pnl=+0.0%)
  · atr_squeeze_breakout: sign-flip (+32.62→-10.39) (train=+32.62 held_pnl=-21.2%)
  · momentum_n_consec: sign-flip (+10.34→-5.38) (train=+10.34 held_pnl=-26.9%)
  · volume_breakout: sign-flip (+11.52→-2.24) (train=+11.52 held_pnl=-7.0%)
  · ema_crossover: sign-flip (+7.68→-2.97) (train=+7.68 held_pnl=-16.8%)
  · price_channel_with_atr: sign-flip (+12.21→-6.25) (train=+12.21 held_pnl=-26.0%)

  Sweep #249 PASS candidates: 0


========== SWEEP #250 (seed=292) ==========

  · donchian_raw: sign-flip (+11.80→-1.95) (train=+11.80 held_pnl=-7.2%)
  · rsi_mean_reversion: sign-flip (+59.84→-8.12) (train=+59.84 held_pnl=-38.7%)
  · bollinger_breakout: sign-flip (+12.34→-1.62) (train=+12.34 held_pnl=-8.2%)
  · bollinger_mr: sign-flip (+8.80→-4.75) (train=+8.80 held_pnl=-17.4%)
  · macd_momentum: train_fail s=-999.00 (train=+nan held_pnl=+0.0%)
  · atr_squeeze_breakout: sign-flip (+33.73→-5.24) (train=+33.73 held_pnl=-19.9%)
  · momentum_n_consec: sign-flip (+10.08→-5.72) (train=+10.08 held_pnl=-27.9%)
  · volume_breakout: sign-flip (+11.05→-2.56) (train=+11.05 held_pnl=-8.5%)
  · ema_crossover: sign-flip (+8.74→-3.69) (train=+8.74 held_pnl=-17.2%)
  · price_channel_with_atr: sign-flip (+8.90→-0.90) (train=+8.90 held_pnl=-3.1%)

  Sweep #250 PASS candidates: 0


========== SWEEP #251 (seed=293) ==========

  · donchian_raw: sign-flip (+10.60→-6.05) (train=+10.60 held_pnl=-26.5%)
  · rsi_mean_reversion: sign-flip (+56.55→-5.43) (train=+56.55 held_pnl=-20.3%)
  · bollinger_breakout: sign-flip (+14.07→-4.18) (train=+14.07 held_pnl=-14.8%)
  · bollinger_mr: sign-flip (+11.22→-0.26) (train=+11.22 held_pnl=-0.9%)
  · macd_momentum: train_fail s=-999.00 (train=+nan held_pnl=+0.0%)
  · atr_squeeze_breakout: sign-flip (+34.40→-6.29) (train=+34.40 held_pnl=-10.6%)
  · momentum_n_consec: sign-flip (+7.49→-2.96) (train=+7.49 held_pnl=-23.8%)
  · volume_breakout: sign-flip (+8.73→-3.77) (train=+8.73 held_pnl=-12.1%)
  · ema_crossover: sign-flip (+8.25→-4.74) (train=+8.25 held_pnl=-21.1%)
  · price_channel_with_atr: sign-flip (+7.48→-2.32) (train=+7.48 held_pnl=-10.5%)

  Sweep #251 PASS candidates: 0


========== SWEEP #252 (seed=294) ==========

  · donchian_raw: sign-flip (+10.71→-5.70) (train=+10.71 held_pnl=-23.9%)
  · rsi_mean_reversion: sign-flip (+38.50→-7.66) (train=+38.50 held_pnl=-35.5%)
  · bollinger_breakout: insufficient n=4 (train=+27.09 held_pnl=+8.4%)
  · bollinger_mr: sign-flip (+8.17→-2.68) (train=+8.17 held_pnl=-10.1%)
  · macd_momentum: train_fail s=-999.00 (train=+nan held_pnl=+0.0%)
  · atr_squeeze_breakout: sign-flip (+28.13→-3.81) (train=+28.13 held_pnl=-8.3%)
  · momentum_n_consec: sign-flip (+13.97→-6.85) (train=+13.97 held_pnl=-30.6%)
  · volume_breakout: sign-flip (+8.07→-0.05) (train=+8.07 held_pnl=-0.2%)
  · ema_crossover: sign-flip (+9.02→-4.74) (train=+9.02 held_pnl=-21.1%)
  · price_channel_with_atr: sign-flip (+8.53→-2.24) (train=+8.53 held_pnl=-7.7%)

  Sweep #252 PASS candidates: 0


========== SWEEP #253 (seed=295) ==========

  · donchian_raw: sign-flip (+12.19→-6.83) (train=+12.19 held_pnl=-24.3%)
  · rsi_mean_reversion: sign-flip (+13.18→-6.08) (train=+13.18 held_pnl=-39.8%)
  · bollinger_breakout: sign-flip (+13.75→-2.85) (train=+13.75 held_pnl=-9.5%)
  · bollinger_mr: sign-flip (+11.87→-0.07) (train=+11.87 held_pnl=-0.2%)
  · macd_momentum: train_fail s=-999.00 (train=+nan held_pnl=+0.0%)
  · atr_squeeze_breakout: sign-flip (+26.23→-8.32) (train=+26.23 held_pnl=-24.9%)
  · momentum_n_consec: sign-flip (+9.87→-5.73) (train=+9.87 held_pnl=-32.1%)
  · volume_breakout: sign-flip (+9.30→-5.10) (train=+9.30 held_pnl=-21.3%)
  · ema_crossover: sign-flip (+8.23→-5.09) (train=+8.23 held_pnl=-22.3%)
  · price_channel_with_atr: sign-flip (+11.06→-5.77) (train=+11.06 held_pnl=-23.9%)

  Sweep #253 PASS candidates: 0


========== SWEEP #254 (seed=296) ==========

  · donchian_raw: sign-flip (+11.27→-6.83) (train=+11.27 held_pnl=-24.3%)
  · rsi_mean_reversion: sign-flip (+11.82→-5.23) (train=+11.82 held_pnl=-43.6%)
  · bollinger_breakout: sign-flip (+13.96→-3.05) (train=+13.96 held_pnl=-16.1%)
  · bollinger_mr: sign-flip (+8.45→-2.36) (train=+8.45 held_pnl=-12.6%)
  · macd_momentum: train_fail s=-999.00 (train=+nan held_pnl=+0.0%)
  · atr_squeeze_breakout: sign-flip (+29.29→-9.94) (train=+29.29 held_pnl=-35.4%)
  · momentum_n_consec: sign-flip (+11.08→-6.29) (train=+11.08 held_pnl=-31.5%)
  · volume_breakout: sign-flip (+8.91→-0.88) (train=+8.91 held_pnl=-3.0%)
  · ema_crossover: sign-flip (+8.37→-4.30) (train=+8.37 held_pnl=-25.2%)
  · price_channel_with_atr: sign-flip (+8.57→-0.98) (train=+8.57 held_pnl=-3.3%)

  Sweep #254 PASS candidates: 0


========== SWEEP #255 (seed=297) ==========

  · donchian_raw: sign-flip (+10.56→-3.82) (train=+10.56 held_pnl=-14.5%)
  · rsi_mean_reversion: sign-flip (+11.52→-6.21) (train=+11.52 held_pnl=-40.9%)
  · bollinger_breakout: sign-flip (+15.33→-2.69) (train=+15.33 held_pnl=-9.7%)
  · bollinger_mr: sign-flip (+8.69→-4.07) (train=+8.69 held_pnl=-13.3%)
  · macd_momentum: train_fail s=-999.00 (train=+nan held_pnl=+0.0%)
  · atr_squeeze_breakout: sign-flip (+35.19→-9.48) (train=+35.19 held_pnl=-39.7%)
  · momentum_n_consec: sign-flip (+8.90→-4.06) (train=+8.90 held_pnl=-26.7%)
  · volume_breakout: sign-flip (+9.14→-5.07) (train=+9.14 held_pnl=-17.1%)
  · ema_crossover: sign-flip (+7.90→-3.50) (train=+7.90 held_pnl=-17.8%)
  · price_channel_with_atr: sign-flip (+10.03→-6.73) (train=+10.03 held_pnl=-38.9%)

  Sweep #255 PASS candidates: 0


========== SWEEP #256 (seed=298) ==========

  · donchian_raw: sign-flip (+10.90→-2.39) (train=+10.90 held_pnl=-8.8%)
  · rsi_mean_reversion: sign-flip (+26.59→-6.00) (train=+26.59 held_pnl=-43.4%)
  · bollinger_breakout: sign-flip (+13.70→-1.88) (train=+13.70 held_pnl=-6.4%)
  · bollinger_mr: sign-flip (+8.78→-1.51) (train=+8.78 held_pnl=-7.9%)
  · macd_momentum: train_fail s=-999.00 (train=+nan held_pnl=+0.0%)
  · atr_squeeze_breakout: sign-flip (+31.27→-9.04) (train=+31.27 held_pnl=-16.6%)
  · momentum_n_consec: sign-flip (+12.19→-6.14) (train=+12.19 held_pnl=-27.5%)
  · volume_breakout: sign-flip (+6.98→-3.70) (train=+6.98 held_pnl=-13.7%)
  · ema_crossover: sign-flip (+8.78→-3.37) (train=+8.78 held_pnl=-15.2%)
  · price_channel_with_atr: sign-flip (+11.12→-6.31) (train=+11.12 held_pnl=-27.9%)

  Sweep #256 PASS candidates: 0


========== SWEEP #257 (seed=299) ==========

  · donchian_raw: sign-flip (+11.36→-1.61) (train=+11.36 held_pnl=-5.6%)
  · rsi_mean_reversion: sign-flip (+22.69→-3.78) (train=+22.69 held_pnl=-22.0%)
  · bollinger_breakout: sign-flip (+16.16→-2.79) (train=+16.16 held_pnl=-9.9%)
  · bollinger_mr: sign-flip (+9.70→-1.15) (train=+9.70 held_pnl=-4.6%)
  · macd_momentum: train_fail s=-999.00 (train=+nan held_pnl=+0.0%)
  · atr_squeeze_breakout: sign-flip (+29.81→-6.23) (train=+29.81 held_pnl=-11.1%)
  · momentum_n_consec: sign-flip (+9.68→-5.26) (train=+9.68 held_pnl=-27.1%)
  · volume_breakout: sign-flip (+10.16→-3.51) (train=+10.16 held_pnl=-10.2%)
  · ema_crossover: sign-flip (+7.90→-4.01) (train=+7.90 held_pnl=-22.1%)
  · price_channel_with_atr: sign-flip (+11.23→-4.85) (train=+11.23 held_pnl=-20.8%)

  Sweep #257 PASS candidates: 0


========== SWEEP #258 (seed=300) ==========

  · donchian_raw: sign-flip (+11.87→-3.35) (train=+11.87 held_pnl=-12.6%)
  · rsi_mean_reversion: sign-flip (+52.49→-5.88) (train=+52.49 held_pnl=-51.3%)
  · bollinger_breakout: sign-flip (+12.26→-2.64) (train=+12.26 held_pnl=-13.9%)
  · bollinger_mr: sign-flip (+11.99→-2.98) (train=+11.99 held_pnl=-9.6%)
  · macd_momentum: train_fail s=-999.00 (train=+nan held_pnl=+0.0%)
  · atr_squeeze_breakout: sign-flip (+29.07→-9.72) (train=+29.07 held_pnl=-41.3%)
  · momentum_n_consec: sign-flip (+10.45→-5.00) (train=+10.45 held_pnl=-25.3%)
  · volume_breakout: sign-flip (+8.19→-3.51) (train=+8.19 held_pnl=-17.4%)
  · ema_crossover: sign-flip (+9.83→-7.43) (train=+9.83 held_pnl=-31.4%)
  · price_channel_with_atr: sign-flip (+10.16→-4.41) (train=+10.16 held_pnl=-25.4%)

  Sweep #258 PASS candidates: 0


========== SWEEP #259 (seed=301) ==========

  · donchian_raw: sign-flip (+11.47→-3.37) (train=+11.47 held_pnl=-13.1%)
  · rsi_mean_reversion: sign-flip (+59.19→-5.78) (train=+59.19 held_pnl=-22.1%)
  · bollinger_breakout: sign-flip (+31.42→-1.23) (train=+31.42 held_pnl=-3.1%)
  · bollinger_mr: sign-flip (+10.45→-0.68) (train=+10.45 held_pnl=-2.3%)
  · macd_momentum: train_fail s=-999.00 (train=+nan held_pnl=+0.0%)
  · atr_squeeze_breakout: sign-flip (+32.59→-10.16) (train=+32.59 held_pnl=-16.8%)
  · momentum_n_consec: sign-flip (+11.76→-6.37) (train=+11.76 held_pnl=-28.4%)
  · volume_breakout: sign-flip (+9.73→-2.66) (train=+9.73 held_pnl=-7.3%)
  · ema_crossover: sign-flip (+8.78→-4.01) (train=+8.78 held_pnl=-19.0%)
  · price_channel_with_atr: sign-flip (+9.62→-6.46) (train=+9.62 held_pnl=-26.9%)

  Sweep #259 PASS candidates: 0


========== SWEEP #260 (seed=302) ==========

  · donchian_raw: sign-flip (+10.34→-3.69) (train=+10.34 held_pnl=-14.1%)
  · rsi_mean_reversion: sign-flip (+17.50→-7.12) (train=+17.50 held_pnl=-49.2%)
  · bollinger_breakout: PnL fail (+0.8% < 10.0%) (train=+31.07 held_pnl=+0.8%)
  · bollinger_mr: sign-flip (+10.71→-0.33) (train=+10.71 held_pnl=-1.1%)
  · macd_momentum: train_fail s=-999.00 (train=+nan held_pnl=+0.0%)
  · atr_squeeze_breakout: sign-flip (+29.44→-4.89) (train=+29.44 held_pnl=-6.9%)
  · momentum_n_consec: sign-flip (+8.47→-5.69) (train=+8.47 held_pnl=-31.8%)
  · volume_breakout: sign-flip (+9.35→-3.48) (train=+9.35 held_pnl=-10.6%)
  · ema_crossover: sign-flip (+8.78→-3.37) (train=+8.78 held_pnl=-15.2%)
  · price_channel_with_atr: sign-flip (+9.89→-6.13) (train=+9.89 held_pnl=-26.5%)

  Sweep #260 PASS candidates: 0


========== SWEEP #261 (seed=303) ==========

  · donchian_raw: sign-flip (+10.91→-5.27) (train=+10.91 held_pnl=-21.4%)
  · rsi_mean_reversion: sign-flip (+24.05→-9.66) (train=+24.05 held_pnl=-33.6%)
  · bollinger_breakout: sign-flip (+14.84→-2.97) (train=+14.84 held_pnl=-15.2%)
  · bollinger_mr: sign-flip (+9.44→-2.10) (train=+9.44 held_pnl=-8.8%)
  · macd_momentum: train_fail s=-999.00 (train=+nan held_pnl=+0.0%)
  · atr_squeeze_breakout: sign-flip (+30.54→-8.50) (train=+30.54 held_pnl=-29.1%)
  · momentum_n_consec: sign-flip (+10.12→-4.77) (train=+10.12 held_pnl=-23.0%)
  · volume_breakout: sign-flip (+8.43→-2.03) (train=+8.43 held_pnl=-7.9%)
  · ema_crossover: sign-flip (+8.63→-4.43) (train=+8.63 held_pnl=-26.8%)
  · price_channel_with_atr: sign-flip (+11.05→-6.24) (train=+11.05 held_pnl=-26.5%)

  Sweep #261 PASS candidates: 0


========== SWEEP #262 (seed=304) ==========

  · donchian_raw: sign-flip (+10.56→-2.62) (train=+10.56 held_pnl=-9.1%)
  · rsi_mean_reversion: sign-flip (+24.18→-4.24) (train=+24.18 held_pnl=-27.7%)
  · bollinger_breakout: sign-flip (+13.55→-3.54) (train=+13.55 held_pnl=-14.3%)
  · bollinger_mr: sign-flip (+12.21→-1.18) (train=+12.21 held_pnl=-4.1%)
  · macd_momentum: train_fail s=-999.00 (train=+nan held_pnl=+0.0%)
  · atr_squeeze_breakout: sign-flip (+32.39→-9.48) (train=+32.39 held_pnl=-31.9%)
  · momentum_n_consec: sign-flip (+10.52→-6.32) (train=+10.52 held_pnl=-32.7%)
  · volume_breakout: PnL fail (+3.7% < 10.0%) (train=+7.92 held_pnl=+3.7%)
  · ema_crossover: sign-flip (+7.97→-4.25) (train=+7.97 held_pnl=-22.5%)
  · price_channel_with_atr: sign-flip (+9.57→-4.88) (train=+9.57 held_pnl=-20.9%)

  Sweep #262 PASS candidates: 0


========== SWEEP #263 (seed=305) ==========

  · donchian_raw: sign-flip (+12.39→-6.83) (train=+12.39 held_pnl=-24.3%)
  · rsi_mean_reversion: sign-flip (+10.38→-2.97) (train=+10.38 held_pnl=-15.9%)
  · bollinger_breakout: PnL fail (+3.7% < 10.0%) (train=+25.95 held_pnl=+3.7%)
  · bollinger_mr: sign-flip (+11.68→-0.54) (train=+11.68 held_pnl=-1.9%)
  · macd_momentum: train_fail s=-999.00 (train=+nan held_pnl=+0.0%)
  · atr_squeeze_breakout: sign-flip (+30.13→-9.96) (train=+30.13 held_pnl=-37.7%)
  · momentum_n_consec: sign-flip (+9.43→-5.33) (train=+9.43 held_pnl=-26.7%)
  · volume_breakout: sign-flip (+8.49→-2.39) (train=+8.49 held_pnl=-10.7%)
  · ema_crossover: sign-flip (+7.68→-2.97) (train=+7.68 held_pnl=-16.8%)
  · price_channel_with_atr: sign-flip (+8.67→-4.86) (train=+8.67 held_pnl=-21.0%)

  Sweep #263 PASS candidates: 0


========== SWEEP #264 (seed=306) ==========

  · donchian_raw: sign-flip (+11.03→-5.77) (train=+11.03 held_pnl=-23.9%)
  · rsi_mean_reversion: sign-flip (+14.76→-9.08) (train=+14.76 held_pnl=-29.3%)
  · bollinger_breakout: sign-flip (+14.83→-5.30) (train=+14.83 held_pnl=-20.2%)
  · bollinger_mr: sign-flip (+8.71→-3.68) (train=+8.71 held_pnl=-16.9%)
  · macd_momentum: train_fail s=-999.00 (train=+nan held_pnl=+0.0%)
  · atr_squeeze_breakout: sign-flip (+32.35→-6.57) (train=+32.35 held_pnl=-16.4%)
  · momentum_n_consec: sign-flip (+10.05→-4.83) (train=+10.05 held_pnl=-23.4%)
  · volume_breakout: sign-flip (+9.38→-4.91) (train=+9.38 held_pnl=-17.5%)
  · ema_crossover: sign-flip (+6.84→-5.23) (train=+6.84 held_pnl=-37.5%)
  · price_channel_with_atr: sign-flip (+11.79→-5.71) (train=+11.79 held_pnl=-23.9%)

  Sweep #264 PASS candidates: 0


========== SWEEP #265 (seed=307) ==========

  · donchian_raw: sign-flip (+11.91→-7.21) (train=+11.91 held_pnl=-31.9%)
  · rsi_mean_reversion: sign-flip (+20.78→-2.40) (train=+20.78 held_pnl=-15.9%)
  · bollinger_breakout: sign-flip (+15.27→-0.50) (train=+15.27 held_pnl=-2.5%)
  · bollinger_mr: sign-flip (+10.33→-1.30) (train=+10.33 held_pnl=-5.0%)
  · macd_momentum: train_fail s=-999.00 (train=+nan held_pnl=+0.0%)
  · atr_squeeze_breakout: sign-flip (+32.42→-10.87) (train=+32.42 held_pnl=-27.1%)
  · momentum_n_consec: PnL fail (+1.1% < 10.0%) (train=+9.62 held_pnl=+1.1%)
  · volume_breakout: sign-flip (+9.29→-1.34) (train=+9.29 held_pnl=-5.8%)
  · ema_crossover: sign-flip (+8.62→-3.55) (train=+8.62 held_pnl=-16.8%)
  · price_channel_with_atr: sign-flip (+8.61→-3.27) (train=+8.61 held_pnl=-9.9%)

  Sweep #265 PASS candidates: 0


========== SWEEP #266 (seed=308) ==========

  · donchian_raw: sign-flip (+11.75→-1.99) (train=+11.75 held_pnl=-7.3%)
  · rsi_mean_reversion: sign-flip (+68.45→-15.08) (train=+68.45 held_pnl=-37.6%)
  · bollinger_breakout: sign-flip (+12.91→-0.13) (train=+12.91 held_pnl=-0.4%)
  · bollinger_mr: sign-flip (+12.24→-4.01) (train=+12.24 held_pnl=-13.2%)
  · macd_momentum: train_fail s=-999.00 (train=+nan held_pnl=+0.0%)
  · atr_squeeze_breakout: sign-flip (+30.46→-7.99) (train=+30.46 held_pnl=-31.9%)
  · momentum_n_consec: sign-flip (+13.89→-6.91) (train=+13.89 held_pnl=-31.1%)
  · volume_breakout: sign-flip (+9.65→-4.28) (train=+9.65 held_pnl=-14.7%)
  · ema_crossover: sign-flip (+7.43→-6.35) (train=+7.43 held_pnl=-33.0%)
  · price_channel_with_atr: sign-flip (+8.93→-3.57) (train=+8.93 held_pnl=-10.4%)

  Sweep #266 PASS candidates: 0


========== SWEEP #267 (seed=309) ==========

  · donchian_raw: sign-flip (+11.19→-1.92) (train=+11.19 held_pnl=-7.0%)
  · rsi_mean_reversion: sign-flip (+73.99→-10.69) (train=+73.99 held_pnl=-36.8%)
  · bollinger_breakout: sign-flip (+15.54→-1.40) (train=+15.54 held_pnl=-7.0%)
  · bollinger_mr: sign-flip (+9.37→-5.16) (train=+9.37 held_pnl=-19.3%)
  · macd_momentum: train_fail s=-999.00 (train=+nan held_pnl=+0.0%)
  · atr_squeeze_breakout: sign-flip (+31.59→-7.10) (train=+31.59 held_pnl=-12.9%)
  · momentum_n_consec: sign-flip (+11.59→-7.35) (train=+11.59 held_pnl=-32.9%)
  · volume_breakout: sign-flip (+8.54→-1.70) (train=+8.54 held_pnl=-7.5%)
  · ema_crossover: sign-flip (+8.78→-3.37) (train=+8.78 held_pnl=-15.2%)
  · price_channel_with_atr: sign-flip (+11.09→-5.78) (train=+11.09 held_pnl=-23.7%)

  Sweep #267 PASS candidates: 0


========== SWEEP #268 (seed=310) ==========

  · donchian_raw: sign-flip (+10.97→-1.10) (train=+10.97 held_pnl=-3.8%)
  · rsi_mean_reversion: sign-flip (+49.24→-5.48) (train=+49.24 held_pnl=-45.6%)
  · bollinger_breakout: sign-flip (+13.41→-2.76) (train=+13.41 held_pnl=-14.7%)
  · bollinger_mr: PnL fail (+0.1% < 10.0%) (train=+11.28 held_pnl=+0.1%)
  · macd_momentum: train_fail s=-999.00 (train=+nan held_pnl=+0.0%)
  · atr_squeeze_breakout: sign-flip (+31.84→-9.18) (train=+31.84 held_pnl=-39.4%)
  · momentum_n_consec: sign-flip (+10.03→-4.85) (train=+10.03 held_pnl=-23.6%)
  · volume_breakout: PnL fail (+10.0% < 10.0%) (train=+7.92 held_pnl=+10.0%)
  · ema_crossover: sign-flip (+8.78→-3.37) (train=+8.78 held_pnl=-15.2%)
  · price_channel_with_atr: sign-flip (+10.54→-4.16) (train=+10.54 held_pnl=-16.9%)

  Sweep #268 PASS candidates: 0


========== SWEEP #269 (seed=311) ==========

  · donchian_raw: sign-flip (+11.04→-3.74) (train=+11.04 held_pnl=-14.0%)
  · rsi_mean_reversion: sign-flip (+10.28→-5.98) (train=+10.28 held_pnl=-36.3%)
  · bollinger_breakout: sign-flip (+15.09→-6.96) (train=+15.09 held_pnl=-27.8%)
  · bollinger_mr: sign-flip (+8.88→-1.53) (train=+8.88 held_pnl=-6.8%)
  · macd_momentum: train_fail s=-999.00 (train=+nan held_pnl=+0.0%)
  · atr_squeeze_breakout: sign-flip (+28.02→-7.97) (train=+28.02 held_pnl=-32.9%)
  · momentum_n_consec: sign-flip (+13.46→-6.23) (train=+13.46 held_pnl=-27.6%)
  · volume_breakout: sign-flip (+9.72→-1.18) (train=+9.72 held_pnl=-4.0%)
  · ema_crossover: sign-flip (+8.62→-3.55) (train=+8.62 held_pnl=-16.8%)
  · price_channel_with_atr: sign-flip (+11.00→-6.18) (train=+11.00 held_pnl=-26.1%)

  Sweep #269 PASS candidates: 0


========== SWEEP #270 (seed=312) ==========

  · donchian_raw: sign-flip (+10.22→-0.65) (train=+10.22 held_pnl=-2.0%)
  · rsi_mean_reversion: sign-flip (+15.59→-6.48) (train=+15.59 held_pnl=-30.7%)
  · bollinger_breakout: sign-flip (+12.85→-2.60) (train=+12.85 held_pnl=-13.9%)
  · bollinger_mr: sign-flip (+12.06→-0.51) (train=+12.06 held_pnl=-1.8%)
  · macd_momentum: train_fail s=-999.00 (train=+nan held_pnl=+0.0%)
  · atr_squeeze_breakout: sign-flip (+31.35→-9.49) (train=+31.35 held_pnl=-28.9%)
  · momentum_n_consec: sign-flip (+8.63→-4.60) (train=+8.63 held_pnl=-30.5%)
  · volume_breakout: sign-flip (+7.11→-1.67) (train=+7.11 held_pnl=-8.2%)
  · ema_crossover: sign-flip (+8.74→-3.57) (train=+8.74 held_pnl=-18.7%)
  · price_channel_with_atr: sign-flip (+7.33→-4.03) (train=+7.33 held_pnl=-12.7%)

  Sweep #270 PASS candidates: 0


========== SWEEP #271 (seed=313) ==========

  · donchian_raw: sign-flip (+9.29→-1.68) (train=+9.29 held_pnl=-4.9%)
  · rsi_mean_reversion: sign-flip (+34.61→-8.09) (train=+34.61 held_pnl=-37.0%)
  · bollinger_breakout: sign-flip (+11.12→-5.77) (train=+11.12 held_pnl=-25.7%)
  · bollinger_mr: sign-flip (+9.02→-1.51) (train=+9.02 held_pnl=-7.7%)
  · macd_momentum: train_fail s=-999.00 (train=+nan held_pnl=+0.0%)
  · atr_squeeze_breakout: sign-flip (+28.48→-7.79) (train=+28.48 held_pnl=-24.2%)
  · momentum_n_consec: sign-flip (+9.54→-4.98) (train=+9.54 held_pnl=-24.9%)
  · volume_breakout: PnL fail (+3.1% < 10.0%) (train=+8.46 held_pnl=+3.1%)
  · ema_crossover: sign-flip (+7.89→-4.28) (train=+7.89 held_pnl=-20.6%)
  · price_channel_with_atr: sign-flip (+9.15→-0.73) (train=+9.15 held_pnl=-2.4%)

  Sweep #271 PASS candidates: 0


========== SWEEP #272 (seed=314) ==========

  · donchian_raw: sign-flip (+9.20→-3.43) (train=+9.20 held_pnl=-12.5%)
  · rsi_mean_reversion: sign-flip (+13.84→-4.13) (train=+13.84 held_pnl=-27.4%)
  · bollinger_breakout: sign-flip (+14.40→-3.11) (train=+14.40 held_pnl=-9.5%)
  · bollinger_mr: sign-flip (+10.73→-5.93) (train=+10.73 held_pnl=-19.7%)
  · macd_momentum: train_fail s=-999.00 (train=+nan held_pnl=+0.0%)
  · atr_squeeze_breakout: sign-flip (+33.19→-10.43) (train=+33.19 held_pnl=-24.6%)
  · momentum_n_consec: sign-flip (+8.88→-5.24) (train=+8.88 held_pnl=-30.5%)
  · volume_breakout: sign-flip (+12.20→-2.63) (train=+12.20 held_pnl=-7.3%)
  · ema_crossover: sign-flip (+8.78→-3.37) (train=+8.78 held_pnl=-15.2%)
  · price_channel_with_atr: sign-flip (+8.26→-4.63) (train=+8.26 held_pnl=-13.9%)

  Sweep #272 PASS candidates: 0


========== SWEEP #273 (seed=315) ==========

  · donchian_raw: sign-flip (+11.81→-1.89) (train=+11.81 held_pnl=-6.9%)
  · rsi_mean_reversion: sign-flip (+51.39→-6.16) (train=+51.39 held_pnl=-28.6%)
  · bollinger_breakout: sign-flip (+15.73→-0.89) (train=+15.73 held_pnl=-4.5%)
  · bollinger_mr: sign-flip (+9.11→-0.31) (train=+9.11 held_pnl=-1.5%)
  · macd_momentum: train_fail s=-999.00 (train=+nan held_pnl=+0.0%)
  · atr_squeeze_breakout: sign-flip (+35.03→-8.76) (train=+35.03 held_pnl=-17.9%)
  · momentum_n_consec: sign-flip (+13.91→-6.88) (train=+13.91 held_pnl=-30.5%)
  · volume_breakout: sign-flip (+7.72→-3.66) (train=+7.72 held_pnl=-13.2%)
  · ema_crossover: sign-flip (+7.97→-4.25) (train=+7.97 held_pnl=-22.5%)
  · price_channel_with_atr: sign-flip (+9.70→-4.16) (train=+9.70 held_pnl=-16.7%)

  Sweep #273 PASS candidates: 0


========== SWEEP #274 (seed=316) ==========

  · donchian_raw: sign-flip (+11.79→-1.61) (train=+11.79 held_pnl=-5.6%)
  · rsi_mean_reversion: sign-flip (+20.66→-3.06) (train=+20.66 held_pnl=-10.8%)
  · bollinger_breakout: sign-flip (+15.83→-2.15) (train=+15.83 held_pnl=-10.9%)
  · bollinger_mr: sign-flip (+12.17→-2.63) (train=+12.17 held_pnl=-9.8%)
  · macd_momentum: train_fail s=-999.00 (train=+nan held_pnl=+0.0%)
  · atr_squeeze_breakout: sign-flip (+30.75→-7.45) (train=+30.75 held_pnl=-11.2%)
  · momentum_n_consec: sign-flip (+10.62→-5.35) (train=+10.62 held_pnl=-27.3%)
  · volume_breakout: sign-flip (+9.88→-2.94) (train=+9.88 held_pnl=-7.7%)
  · ema_crossover: sign-flip (+7.97→-6.35) (train=+7.97 held_pnl=-33.0%)
  · price_channel_with_atr: sign-flip (+7.94→-3.48) (train=+7.94 held_pnl=-11.3%)

  Sweep #274 PASS candidates: 0


========== SWEEP #275 (seed=317) ==========

  · donchian_raw: sign-flip (+11.72→-1.61) (train=+11.72 held_pnl=-5.6%)
  · rsi_mean_reversion: sign-flip (+63.36→-7.10) (train=+63.36 held_pnl=-51.4%)
  · bollinger_breakout: sign-flip (+14.25→-5.26) (train=+14.25 held_pnl=-18.2%)
  · bollinger_mr: PnL fail (+1.4% < 10.0%) (train=+11.96 held_pnl=+1.4%)
  · macd_momentum: train_fail s=-999.00 (train=+nan held_pnl=+0.0%)
  · atr_squeeze_breakout: sign-flip (+30.78→-6.57) (train=+30.78 held_pnl=-12.4%)
  · momentum_n_consec: sign-flip (+12.13→-6.52) (train=+12.13 held_pnl=-29.4%)
  · volume_breakout: sign-flip (+6.79→-3.74) (train=+6.79 held_pnl=-20.1%)
  · ema_crossover: sign-flip (+8.23→-5.09) (train=+8.23 held_pnl=-22.3%)
  · price_channel_with_atr: sign-flip (+10.13→-6.22) (train=+10.13 held_pnl=-25.9%)

  Sweep #275 PASS candidates: 0


========== SWEEP #276 (seed=318) ==========

  · donchian_raw: sign-flip (+11.64→-5.62) (train=+11.64 held_pnl=-24.1%)
  · rsi_mean_reversion: sign-flip (+63.96→-6.84) (train=+63.96 held_pnl=-49.6%)
  · bollinger_breakout: sign-flip (+14.61→-5.40) (train=+14.61 held_pnl=-20.5%)
  · bollinger_mr: sign-flip (+11.66→-6.90) (train=+11.66 held_pnl=-21.3%)
  · macd_momentum: train_fail s=-999.00 (train=+nan held_pnl=+0.0%)
  · atr_squeeze_breakout: sign-flip (+33.28→-7.67) (train=+33.28 held_pnl=-16.6%)
  · momentum_n_consec: sign-flip (+10.14→-5.70) (train=+10.14 held_pnl=-30.2%)
  · volume_breakout: sign-flip (+9.60→-3.68) (train=+9.60 held_pnl=-11.6%)
  · ema_crossover: sign-flip (+8.00→-4.61) (train=+8.00 held_pnl=-31.1%)
  · price_channel_with_atr: sign-flip (+8.88→-0.98) (train=+8.88 held_pnl=-3.2%)

  Sweep #276 PASS candidates: 0


========== SWEEP #277 (seed=319) ==========

  · donchian_raw: sign-flip (+10.44→-6.83) (train=+10.44 held_pnl=-24.3%)
  · rsi_mean_reversion: sign-flip (+3.24→-2.29) (train=+3.24 held_pnl=-18.2%)
  · bollinger_breakout: sign-flip (+27.86→-0.66) (train=+27.86 held_pnl=-1.7%)
  · bollinger_mr: sign-flip (+11.79→-1.89) (train=+11.79 held_pnl=-5.9%)
  · macd_momentum: train_fail s=-999.00 (train=+nan held_pnl=+0.0%)
  · atr_squeeze_breakout: sign-flip (+29.45→-11.00) (train=+29.45 held_pnl=-19.0%)
  · momentum_n_consec: sign-flip (+10.60→-5.49) (train=+10.60 held_pnl=-25.9%)
  · volume_breakout: PnL fail (+6.2% < 10.0%) (train=+7.22 held_pnl=+6.2%)
  · ema_crossover: sign-flip (+8.62→-3.55) (train=+8.62 held_pnl=-16.8%)
  · price_channel_with_atr: sign-flip (+10.84→-5.72) (train=+10.84 held_pnl=-24.4%)

  Sweep #277 PASS candidates: 0


========== SWEEP #278 (seed=320) ==========

  · donchian_raw: sign-flip (+10.93→-3.81) (train=+10.93 held_pnl=-14.5%)
  · rsi_mean_reversion: sign-flip (+23.33→-7.29) (train=+23.33 held_pnl=-18.6%)
  · bollinger_breakout: sign-flip (+12.75→-1.71) (train=+12.75 held_pnl=-8.5%)
  · bollinger_mr: sign-flip (+8.62→-1.24) (train=+8.62 held_pnl=-6.4%)
  · macd_momentum: train_fail s=-999.00 (train=+nan held_pnl=+0.0%)
  · atr_squeeze_breakout: sign-flip (+32.77→-8.68) (train=+32.77 held_pnl=-16.3%)
  · momentum_n_consec: sign-flip (+10.04→-6.05) (train=+10.04 held_pnl=-33.6%)
  · volume_breakout: sign-flip (+8.16→-4.69) (train=+8.16 held_pnl=-27.0%)
  · ema_crossover: sign-flip (+7.97→-4.25) (train=+7.97 held_pnl=-22.5%)
  · price_channel_with_atr: sign-flip (+9.08→-4.92) (train=+9.08 held_pnl=-26.6%)

  Sweep #278 PASS candidates: 0


========== SWEEP #279 (seed=321) ==========

  · donchian_raw: sign-flip (+11.51→-5.13) (train=+11.51 held_pnl=-19.9%)
  · rsi_mean_reversion: sign-flip (+48.86→-4.58) (train=+48.86 held_pnl=-18.7%)
  · bollinger_breakout: sign-flip (+13.64→-2.96) (train=+13.64 held_pnl=-10.3%)
  · bollinger_mr: sign-flip (+9.20→-1.82) (train=+9.20 held_pnl=-9.4%)
  · macd_momentum: train_fail s=-999.00 (train=+nan held_pnl=+0.0%)
  · atr_squeeze_breakout: sign-flip (+32.56→-11.17) (train=+32.56 held_pnl=-25.3%)
  · momentum_n_consec: sign-flip (+9.67→-4.38) (train=+9.67 held_pnl=-21.8%)
  · volume_breakout: sign-flip (+12.34→-2.70) (train=+12.34 held_pnl=-7.3%)
  · ema_crossover: sign-flip (+8.78→-3.37) (train=+8.78 held_pnl=-15.2%)
  · price_channel_with_atr: sign-flip (+12.00→-6.21) (train=+12.00 held_pnl=-26.3%)

  Sweep #279 PASS candidates: 0


========== SWEEP #280 (seed=322) ==========

  · donchian_raw: sign-flip (+11.84→-2.07) (train=+11.84 held_pnl=-7.9%)
  · rsi_mean_reversion: sign-flip (+7.94→-4.03) (train=+7.94 held_pnl=-27.1%)
  · bollinger_breakout: sign-flip (+16.53→-0.66) (train=+16.53 held_pnl=-3.3%)
  · bollinger_mr: sign-flip (+8.75→-1.08) (train=+8.75 held_pnl=-5.7%)
  · macd_momentum: train_fail s=-999.00 (train=+nan held_pnl=+0.0%)
  · atr_squeeze_breakout: sign-flip (+29.40→-7.79) (train=+29.40 held_pnl=-12.7%)
  · momentum_n_consec: sign-flip (+9.54→-5.59) (train=+9.54 held_pnl=-30.1%)
  · volume_breakout: sign-flip (+10.85→-5.21) (train=+10.85 held_pnl=-20.8%)
  · ema_crossover: sign-flip (+7.09→-4.34) (train=+7.09 held_pnl=-29.2%)
  · price_channel_with_atr: sign-flip (+8.75→-5.99) (train=+8.75 held_pnl=-19.1%)

  Sweep #280 PASS candidates: 0


========== SWEEP #281 (seed=323) ==========

  · donchian_raw: sign-flip (+12.26→-6.83) (train=+12.26 held_pnl=-24.3%)
  · rsi_mean_reversion: sign-flip (+11.61→-2.85) (train=+11.61 held_pnl=-14.0%)
  · bollinger_breakout: sign-flip (+26.62→-1.35) (train=+26.62 held_pnl=-4.0%)
  · bollinger_mr: PnL fail (+4.0% < 10.0%) (train=+10.82 held_pnl=+4.0%)
  · macd_momentum: train_fail s=-999.00 (train=+nan held_pnl=+0.0%)
  · atr_squeeze_breakout: sign-flip (+31.42→-8.93) (train=+31.42 held_pnl=-17.8%)
  · momentum_n_consec: sign-flip (+12.12→-6.17) (train=+12.12 held_pnl=-27.8%)
  · volume_breakout: sign-flip (+9.40→-4.07) (train=+9.40 held_pnl=-12.1%)
  · ema_crossover: sign-flip (+8.63→-4.42) (train=+8.63 held_pnl=-26.9%)
  · price_channel_with_atr: sign-flip (+9.27→-0.92) (train=+9.27 held_pnl=-3.1%)

  Sweep #281 PASS candidates: 0


========== SWEEP #282 (seed=324) ==========

  · donchian_raw: sign-flip (+11.76→-3.10) (train=+11.76 held_pnl=-11.2%)
  · rsi_mean_reversion: sign-flip (+33.90→-14.21) (train=+33.90 held_pnl=-37.6%)
  · bollinger_breakout: sign-flip (+15.39→-2.19) (train=+15.39 held_pnl=-11.1%)
  · bollinger_mr: sign-flip (+10.76→-1.01) (train=+10.76 held_pnl=-4.0%)
  · macd_momentum: train_fail s=-999.00 (train=+nan held_pnl=+0.0%)
  · atr_squeeze_breakout: sign-flip (+27.72→-8.58) (train=+27.72 held_pnl=-37.7%)
  · momentum_n_consec: sign-flip (+7.22→-3.31) (train=+7.22 held_pnl=-26.0%)
  · volume_breakout: PnL fail (+4.9% < 10.0%) (train=+10.41 held_pnl=+4.9%)
  · ema_crossover: sign-flip (+7.00→-3.32) (train=+7.00 held_pnl=-18.5%)
  · price_channel_with_atr: sign-flip (+8.40→-3.33) (train=+8.40 held_pnl=-10.2%)

  Sweep #282 PASS candidates: 0


========== SWEEP #283 (seed=325) ==========

  · donchian_raw: sign-flip (+11.60→-5.12) (train=+11.60 held_pnl=-19.8%)
  · rsi_mean_reversion: sign-flip (+29.35→-4.53) (train=+29.35 held_pnl=-33.8%)
  · bollinger_breakout: sign-flip (+15.31→-4.05) (train=+15.31 held_pnl=-13.5%)
  · bollinger_mr: sign-flip (+9.96→-1.35) (train=+9.96 held_pnl=-4.7%)
  · macd_momentum: train_fail s=-999.00 (train=+nan held_pnl=+0.0%)
  · atr_squeeze_breakout: sign-flip (+32.35→-10.32) (train=+32.35 held_pnl=-39.7%)
  · momentum_n_consec: sign-flip (+12.19→-6.57) (train=+12.19 held_pnl=-29.9%)
  · volume_breakout: sign-flip (+8.24→-0.16) (train=+8.24 held_pnl=-0.7%)
  · ema_crossover: sign-flip (+8.63→-4.54) (train=+8.63 held_pnl=-25.4%)
  · price_channel_with_atr: sign-flip (+10.27→-6.09) (train=+10.27 held_pnl=-26.4%)

  Sweep #283 PASS candidates: 0


========== SWEEP #284 (seed=326) ==========

  · donchian_raw: sign-flip (+11.60→-5.77) (train=+11.60 held_pnl=-23.4%)
  · rsi_mean_reversion: sign-flip (+49.49→-3.42) (train=+49.49 held_pnl=-26.3%)
  · bollinger_breakout: sign-flip (+14.72→-5.23) (train=+14.72 held_pnl=-19.3%)
  · bollinger_mr: sign-flip (+11.55→-2.90) (train=+11.55 held_pnl=-8.4%)
  · macd_momentum: train_fail s=-999.00 (train=+nan held_pnl=+0.0%)
  · atr_squeeze_breakout: sign-flip (+34.24→-11.30) (train=+34.24 held_pnl=-22.7%)
  · momentum_n_consec: sign-flip (+8.44→-5.32) (train=+8.44 held_pnl=-28.7%)
  · volume_breakout: sign-flip (+7.77→-4.66) (train=+7.77 held_pnl=-13.2%)
  · ema_crossover: sign-flip (+7.97→-6.35) (train=+7.97 held_pnl=-33.0%)
  · price_channel_with_atr: sign-flip (+9.68→-4.67) (train=+9.68 held_pnl=-20.9%)

  Sweep #284 PASS candidates: 0


========== SWEEP #285 (seed=327) ==========

  · donchian_raw: sign-flip (+11.53→-5.13) (train=+11.53 held_pnl=-20.0%)
  · rsi_mean_reversion: sign-flip (+16.18→-2.82) (train=+16.18 held_pnl=-11.9%)
  · bollinger_breakout: sign-flip (+13.58→-0.70) (train=+13.58 held_pnl=-3.6%)
  · bollinger_mr: sign-flip (+10.67→-0.57) (train=+10.67 held_pnl=-2.0%)
  · macd_momentum: train_fail s=-999.00 (train=+nan held_pnl=+0.0%)
  · atr_squeeze_breakout: sign-flip (+28.84→-9.68) (train=+28.84 held_pnl=-44.1%)
  · momentum_n_consec: sign-flip (+9.67→-5.74) (train=+9.67 held_pnl=-32.0%)
  · volume_breakout: sign-flip (+8.94→-3.03) (train=+8.94 held_pnl=-12.7%)
  · ema_crossover: sign-flip (+9.02→-4.74) (train=+9.02 held_pnl=-21.1%)
  · price_channel_with_atr: sign-flip (+8.91→-0.90) (train=+8.91 held_pnl=-3.0%)

  Sweep #285 PASS candidates: 0


========== SWEEP #286 (seed=328) ==========

  · donchian_raw: sign-flip (+10.83→-2.06) (train=+10.83 held_pnl=-7.2%)
  · rsi_mean_reversion: sign-flip (+92.62→-12.17) (train=+92.62 held_pnl=-43.2%)
  · bollinger_breakout: sign-flip (+14.72→-3.38) (train=+14.72 held_pnl=-12.3%)
  · bollinger_mr: sign-flip (+7.43→-1.65) (train=+7.43 held_pnl=-6.8%)
  · macd_momentum: train_fail s=-999.00 (train=+nan held_pnl=+0.0%)
  · atr_squeeze_breakout: sign-flip (+32.53→-11.22) (train=+32.53 held_pnl=-37.8%)
  · momentum_n_consec: sign-flip (+14.03→-7.01) (train=+14.03 held_pnl=-31.6%)
  · volume_breakout: PnL fail (+0.4% < 10.0%) (train=+8.48 held_pnl=+0.4%)
  · ema_crossover: sign-flip (+7.50→-2.97) (train=+7.50 held_pnl=-16.8%)
  · price_channel_with_atr: sign-flip (+10.20→-4.31) (train=+10.20 held_pnl=-17.7%)

  Sweep #286 PASS candidates: 0


========== SWEEP #287 (seed=329) ==========

  · donchian_raw: sign-flip (+10.03→-1.52) (train=+10.03 held_pnl=-5.4%)
  · rsi_mean_reversion: sign-flip (+9.36→-8.42) (train=+9.36 held_pnl=-38.0%)
  · bollinger_breakout: sign-flip (+14.95→-5.31) (train=+14.95 held_pnl=-18.8%)
  · bollinger_mr: sign-flip (+10.65→-0.56) (train=+10.65 held_pnl=-1.9%)
  · macd_momentum: train_fail s=-999.00 (train=+nan held_pnl=+0.0%)
  · atr_squeeze_breakout: sign-flip (+33.43→-11.10) (train=+33.43 held_pnl=-23.5%)
  · momentum_n_consec: sign-flip (+13.93→-7.06) (train=+13.93 held_pnl=-32.2%)
  · volume_breakout: sign-flip (+9.38→-3.90) (train=+9.38 held_pnl=-12.0%)
  · ema_crossover: sign-flip (+9.83→-7.43) (train=+9.83 held_pnl=-31.4%)
  · price_channel_with_atr: sign-flip (+10.97→-7.32) (train=+10.97 held_pnl=-32.2%)

  Sweep #287 PASS candidates: 0


========== SWEEP #288 (seed=330) ==========

  · donchian_raw: sign-flip (+9.90→-1.78) (train=+9.90 held_pnl=-6.2%)
  · rsi_mean_reversion: sign-flip (+13.41→-4.39) (train=+13.41 held_pnl=-36.7%)
  · bollinger_breakout: sign-flip (+24.92→-0.20) (train=+24.92 held_pnl=-0.5%)
  · bollinger_mr: sign-flip (+11.48→-1.47) (train=+11.48 held_pnl=-4.3%)
  · macd_momentum: train_fail s=-999.00 (train=+nan held_pnl=+0.0%)
  · atr_squeeze_breakout: sign-flip (+30.61→-9.47) (train=+30.61 held_pnl=-45.1%)
  · momentum_n_consec: sign-flip (+12.43→-6.16) (train=+12.43 held_pnl=-27.8%)
  · volume_breakout: sign-flip (+10.59→-3.45) (train=+10.59 held_pnl=-9.8%)
  · ema_crossover: sign-flip (+8.74→-3.54) (train=+8.74 held_pnl=-19.0%)
  · price_channel_with_atr: sign-flip (+9.01→-2.76) (train=+9.01 held_pnl=-8.2%)

  Sweep #288 PASS candidates: 0


========== SWEEP #289 (seed=331) ==========

  · donchian_raw: sign-flip (+10.95→-2.06) (train=+10.95 held_pnl=-7.2%)
  · rsi_mean_reversion: sign-flip (+29.84→-6.77) (train=+29.84 held_pnl=-34.1%)
  · bollinger_breakout: sign-flip (+13.46→-4.15) (train=+13.46 held_pnl=-13.0%)
  · bollinger_mr: sign-flip (+7.91→-1.93) (train=+7.91 held_pnl=-8.5%)
  · macd_momentum: train_fail s=-999.00 (train=+nan held_pnl=+0.0%)
  · atr_squeeze_breakout: sign-flip (+33.89→-8.50) (train=+33.89 held_pnl=-17.5%)
  · momentum_n_consec: sign-flip (+9.42→-4.74) (train=+9.42 held_pnl=-31.2%)
  · volume_breakout: sign-flip (+8.77→-0.62) (train=+8.77 held_pnl=-1.7%)
  · ema_crossover: sign-flip (+7.97→-4.25) (train=+7.97 held_pnl=-22.5%)
  · price_channel_with_atr: sign-flip (+9.33→-1.24) (train=+9.33 held_pnl=-4.1%)

  Sweep #289 PASS candidates: 0


========== SWEEP #290 (seed=332) ==========

  · donchian_raw: sign-flip (+10.91→-2.55) (train=+10.91 held_pnl=-9.8%)
  · rsi_mean_reversion: sign-flip (+4.62→-4.66) (train=+4.62 held_pnl=-40.3%)
  · bollinger_breakout: sign-flip (+14.66→-5.37) (train=+14.66 held_pnl=-20.9%)
  · bollinger_mr: sign-flip (+11.44→-0.86) (train=+11.44 held_pnl=-3.2%)
  · macd_momentum: train_fail s=-999.00 (train=+nan held_pnl=+0.0%)
  · atr_squeeze_breakout: sign-flip (+29.39→-8.75) (train=+29.39 held_pnl=-30.3%)
  · momentum_n_consec: sign-flip (+12.19→-6.69) (train=+12.19 held_pnl=-29.6%)
  · volume_breakout: sign-flip (+8.71→-3.01) (train=+8.71 held_pnl=-11.3%)
  · ema_crossover: sign-flip (+8.51→-4.00) (train=+8.51 held_pnl=-18.9%)
  · price_channel_with_atr: sign-flip (+7.75→-3.57) (train=+7.75 held_pnl=-17.3%)

  Sweep #290 PASS candidates: 0


========== SWEEP #291 (seed=333) ==========

  · donchian_raw: sign-flip (+11.83→-3.10) (train=+11.83 held_pnl=-11.2%)
  · rsi_mean_reversion: sign-flip (+79.92→-4.34) (train=+79.92 held_pnl=-22.0%)
  · bollinger_breakout: sign-flip (+24.75→-0.96) (train=+24.75 held_pnl=-2.3%)
  · bollinger_mr: sign-flip (+9.94→-3.19) (train=+9.94 held_pnl=-13.6%)
  · macd_momentum: train_fail s=-999.00 (train=+nan held_pnl=+0.0%)
  · atr_squeeze_breakout: sign-flip (+31.02→-10.61) (train=+31.02 held_pnl=-40.9%)
  · momentum_n_consec: sign-flip (+14.08→-6.72) (train=+14.08 held_pnl=-30.2%)
  · volume_breakout: sign-flip (+9.97→-3.51) (train=+9.97 held_pnl=-14.0%)
  · ema_crossover: sign-flip (+9.02→-4.74) (train=+9.02 held_pnl=-21.1%)
  · price_channel_with_atr: sign-flip (+12.05→-5.76) (train=+12.05 held_pnl=-23.8%)

  Sweep #291 PASS candidates: 0


========== SWEEP #292 (seed=334) ==========

  · donchian_raw: sign-flip (+10.55→-2.87) (train=+10.55 held_pnl=-10.4%)
  · rsi_mean_reversion: sign-flip (+5.89→-6.10) (train=+5.89 held_pnl=-48.2%)
  · bollinger_breakout: sign-flip (+14.26→-1.25) (train=+14.26 held_pnl=-6.2%)
  · bollinger_mr: sign-flip (+10.78→-0.83) (train=+10.78 held_pnl=-3.2%)
  · macd_momentum: train_fail s=-999.00 (train=+nan held_pnl=+0.0%)
  · atr_squeeze_breakout: sign-flip (+29.94→-6.98) (train=+29.94 held_pnl=-9.2%)
  · momentum_n_consec: sign-flip (+14.04→-6.70) (train=+14.04 held_pnl=-30.2%)
  · volume_breakout: sign-flip (+8.82→-5.46) (train=+8.82 held_pnl=-25.9%)
  · ema_crossover: sign-flip (+8.28→-4.74) (train=+8.28 held_pnl=-21.1%)
  · price_channel_with_atr: sign-flip (+8.29→-2.42) (train=+8.29 held_pnl=-11.5%)

  Sweep #292 PASS candidates: 0


========== SWEEP #293 (seed=335) ==========

  · donchian_raw: sign-flip (+11.53→-3.33) (train=+11.53 held_pnl=-12.5%)
  · rsi_mean_reversion: sign-flip (+30.85→-7.19) (train=+30.85 held_pnl=-37.5%)
  · bollinger_breakout: sign-flip (+14.88→-5.02) (train=+14.88 held_pnl=-19.3%)
  · bollinger_mr: sign-flip (+8.91→-1.14) (train=+8.91 held_pnl=-5.9%)
  · macd_momentum: train_fail s=-999.00 (train=+nan held_pnl=+0.0%)
  · atr_squeeze_breakout: sign-flip (+31.01→-5.16) (train=+31.01 held_pnl=-19.4%)
  · momentum_n_consec: sign-flip (+10.84→-3.96) (train=+10.84 held_pnl=-20.1%)
  · volume_breakout: sign-flip (+8.47→-3.42) (train=+8.47 held_pnl=-16.5%)
  · ema_crossover: sign-flip (+7.89→-4.28) (train=+7.89 held_pnl=-20.6%)
  · price_channel_with_atr: sign-flip (+9.50→-1.56) (train=+9.50 held_pnl=-5.6%)

  Sweep #293 PASS candidates: 0


========== SWEEP #294 (seed=336) ==========

  · donchian_raw: sign-flip (+10.87→-2.06) (train=+10.87 held_pnl=-7.2%)
  · rsi_mean_reversion: sign-flip (+17.29→-6.98) (train=+17.29 held_pnl=-53.2%)
  · bollinger_breakout: sign-flip (+13.57→-2.75) (train=+13.57 held_pnl=-14.4%)
  · bollinger_mr: sign-flip (+11.16→-4.60) (train=+11.16 held_pnl=-13.5%)
  · macd_momentum: train_fail s=-999.00 (train=+nan held_pnl=+0.0%)
  · atr_squeeze_breakout: sign-flip (+31.42→-6.42) (train=+31.42 held_pnl=-12.1%)
  · momentum_n_consec: sign-flip (+10.53→-5.00) (train=+10.53 held_pnl=-25.2%)
  · volume_breakout: PnL fail (+3.6% < 10.0%) (train=+9.12 held_pnl=+3.6%)
  · ema_crossover: sign-flip (+7.97→-4.25) (train=+7.97 held_pnl=-22.5%)
  · price_channel_with_atr: sign-flip (+9.82→-5.65) (train=+9.82 held_pnl=-24.0%)

  Sweep #294 PASS candidates: 0


========== SWEEP #295 (seed=337) ==========

  · donchian_raw: sign-flip (+11.00→-3.78) (train=+11.00 held_pnl=-14.2%)
  · rsi_mean_reversion: sign-flip (+6.54→-4.05) (train=+6.54 held_pnl=-22.1%)
  · bollinger_breakout: sign-flip (+14.86→-4.36) (train=+14.86 held_pnl=-14.0%)
  · bollinger_mr: sign-flip (+10.40→-6.84) (train=+10.40 held_pnl=-29.6%)
  · macd_momentum: train_fail s=-999.00 (train=+nan held_pnl=+0.0%)
  · atr_squeeze_breakout: sign-flip (+32.85→-11.89) (train=+32.85 held_pnl=-20.1%)
  · momentum_n_consec: sign-flip (+9.89→-5.89) (train=+9.89 held_pnl=-29.2%)
  · volume_breakout: PnL fail (+3.1% < 10.0%) (train=+10.83 held_pnl=+3.1%)
  · ema_crossover: sign-flip (+8.62→-3.47) (train=+8.62 held_pnl=-18.2%)
  · price_channel_with_atr: sign-flip (+9.03→-4.78) (train=+9.03 held_pnl=-20.2%)

  Sweep #295 PASS candidates: 0


========== SWEEP #296 (seed=338) ==========

  · donchian_raw: sign-flip (+10.80→-2.79) (train=+10.80 held_pnl=-9.9%)
  · rsi_mean_reversion: sign-flip (+19.12→-7.67) (train=+19.12 held_pnl=-19.7%)
  · bollinger_breakout: sign-flip (+12.28→-1.59) (train=+12.28 held_pnl=-8.1%)
  · bollinger_mr: sign-flip (+9.02→-0.97) (train=+9.02 held_pnl=-5.1%)
  · macd_momentum: train_fail s=-999.00 (train=+nan held_pnl=+0.0%)
  · atr_squeeze_breakout: sign-flip (+35.60→-10.26) (train=+35.60 held_pnl=-30.5%)
  · momentum_n_consec: sign-flip (+10.65→-4.92) (train=+10.65 held_pnl=-24.5%)
  · volume_breakout: sign-flip (+10.92→-0.41) (train=+10.92 held_pnl=-1.0%)
  · ema_crossover: sign-flip (+8.63→-4.54) (train=+8.63 held_pnl=-25.4%)
  · price_channel_with_atr: sign-flip (+8.62→-2.70) (train=+8.62 held_pnl=-10.2%)

  Sweep #296 PASS candidates: 0


========== SWEEP #297 (seed=339) ==========

  · donchian_raw: sign-flip (+10.69→-1.54) (train=+10.69 held_pnl=-5.5%)
  · rsi_mean_reversion: sign-flip (+10.71→-3.94) (train=+10.71 held_pnl=-29.1%)
  · bollinger_breakout: sign-flip (+14.95→-4.35) (train=+14.95 held_pnl=-21.5%)
  · bollinger_mr: sign-flip (+7.68→-0.35) (train=+7.68 held_pnl=-1.4%)
  · macd_momentum: train_fail s=-999.00 (train=+nan held_pnl=+0.0%)
  · atr_squeeze_breakout: sign-flip (+30.79→-9.79) (train=+30.79 held_pnl=-48.4%)
  · momentum_n_consec: PnL fail (+0.9% < 10.0%) (train=+8.61 held_pnl=+0.9%)
  · volume_breakout: sign-flip (+9.14→-1.79) (train=+9.14 held_pnl=-8.4%)
  · ema_crossover: sign-flip (+8.37→-4.19) (train=+8.37 held_pnl=-27.0%)
  · price_channel_with_atr: sign-flip (+8.84→-5.39) (train=+8.84 held_pnl=-26.7%)

  Sweep #297 PASS candidates: 0


========== SWEEP #298 (seed=340) ==========

  · donchian_raw: sign-flip (+10.58→-2.37) (train=+10.58 held_pnl=-8.7%)
  · rsi_mean_reversion: sign-flip (+29.12→-7.41) (train=+29.12 held_pnl=-44.6%)
  · bollinger_breakout: sign-flip (+14.01→-2.87) (train=+14.01 held_pnl=-14.2%)
  · bollinger_mr: sign-flip (+8.77→-1.66) (train=+8.77 held_pnl=-9.5%)
  · macd_momentum: train_fail s=-999.00 (train=+nan held_pnl=+0.0%)
  · atr_squeeze_breakout: sign-flip (+31.55→-7.81) (train=+31.55 held_pnl=-14.5%)
  · momentum_n_consec: sign-flip (+8.45→-5.65) (train=+8.45 held_pnl=-31.4%)
  · volume_breakout: sign-flip (+9.79→-4.59) (train=+9.79 held_pnl=-18.5%)
  · ema_crossover: sign-flip (+8.23→-5.09) (train=+8.23 held_pnl=-22.3%)
  · price_channel_with_atr: sign-flip (+8.60→-0.76) (train=+8.60 held_pnl=-2.5%)

  Sweep #298 PASS candidates: 0


========== SWEEP #299 (seed=341) ==========

  · donchian_raw: sign-flip (+11.01→-3.86) (train=+11.01 held_pnl=-15.1%)
  · rsi_mean_reversion: sign-flip (+74.87→-14.11) (train=+74.87 held_pnl=-38.0%)
  · bollinger_breakout: sign-flip (+27.81→-2.76) (train=+27.81 held_pnl=-8.5%)
  · bollinger_mr: sign-flip (+11.80→-0.46) (train=+11.80 held_pnl=-1.6%)
  · macd_momentum: train_fail s=-999.00 (train=+nan held_pnl=+0.0%)
  · atr_squeeze_breakout: sign-flip (+27.92→-9.54) (train=+27.92 held_pnl=-34.2%)
  · momentum_n_consec: sign-flip (+10.35→-5.11) (train=+10.35 held_pnl=-32.6%)
  · volume_breakout: PnL fail (+5.0% < 10.0%) (train=+11.17 held_pnl=+5.0%)
  · ema_crossover: sign-flip (+8.74→-3.64) (train=+8.74 held_pnl=-18.0%)
  · price_channel_with_atr: sign-flip (+10.87→-6.15) (train=+10.87 held_pnl=-25.9%)

  Sweep #299 PASS candidates: 0


========== SWEEP #300 (seed=342) ==========

  · donchian_raw: sign-flip (+10.88→-4.10) (train=+10.88 held_pnl=-14.7%)
  · rsi_mean_reversion: sign-flip (+26.52→-12.43) (train=+26.52 held_pnl=-29.2%)
  · bollinger_breakout: sign-flip (+15.91→-2.07) (train=+15.91 held_pnl=-7.1%)
  · bollinger_mr: sign-flip (+10.85→-2.21) (train=+10.85 held_pnl=-7.1%)
  · macd_momentum: train_fail s=-999.00 (train=+nan held_pnl=+0.0%)
  · atr_squeeze_breakout: sign-flip (+34.10→-8.91) (train=+34.10 held_pnl=-13.6%)
  · momentum_n_consec: sign-flip (+10.59→-4.95) (train=+10.59 held_pnl=-24.8%)
  · volume_breakout: sign-flip (+10.61→-1.32) (train=+10.61 held_pnl=-6.2%)
  · ema_crossover: sign-flip (+8.74→-3.69) (train=+8.74 held_pnl=-17.2%)
  · price_channel_with_atr: sign-flip (+8.95→-1.67) (train=+8.95 held_pnl=-5.7%)

  Sweep #300 PASS candidates: 0


========== SWEEP #301 (seed=343) ==========

  · donchian_raw: sign-flip (+10.32→-6.83) (train=+10.32 held_pnl=-24.3%)
  · rsi_mean_reversion: sign-flip (+30.83→-5.18) (train=+30.83 held_pnl=-28.4%)
  · bollinger_breakout: sign-flip (+15.06→-1.88) (train=+15.06 held_pnl=-6.9%)
  · bollinger_mr: sign-flip (+10.32→-2.89) (train=+10.32 held_pnl=-10.2%)
  · macd_momentum: train_fail s=-999.00 (train=+nan held_pnl=+0.0%)
  · atr_squeeze_breakout: sign-flip (+27.94→-8.95) (train=+27.94 held_pnl=-38.6%)
  · momentum_n_consec: PnL fail (+2.9% < 10.0%) (train=+8.04 held_pnl=+2.9%)
  · volume_breakout: sign-flip (+10.68→-2.87) (train=+10.68 held_pnl=-9.4%)
  · ema_crossover: sign-flip (+8.18→-3.11) (train=+8.18 held_pnl=-12.5%)
  · price_channel_with_atr: sign-flip (+11.07→-6.21) (train=+11.07 held_pnl=-26.6%)

  Sweep #301 PASS candidates: 0


========== SWEEP #302 (seed=344) ==========

  · donchian_raw: sign-flip (+11.94→-3.39) (train=+11.94 held_pnl=-13.1%)
  · rsi_mean_reversion: sign-flip (+61.76→-14.01) (train=+61.76 held_pnl=-30.3%)
  · bollinger_breakout: sign-flip (+14.20→-4.80) (train=+14.20 held_pnl=-19.7%)
  · bollinger_mr: sign-flip (+9.57→-1.31) (train=+9.57 held_pnl=-5.2%)
  · macd_momentum: train_fail s=-999.00 (train=+nan held_pnl=+0.0%)
  · atr_squeeze_breakout: sign-flip (+30.39→-8.46) (train=+30.39 held_pnl=-15.2%)
  · momentum_n_consec: sign-flip (+7.97→-4.31) (train=+7.97 held_pnl=-30.7%)
  · volume_breakout: sign-flip (+8.91→-4.08) (train=+8.91 held_pnl=-18.6%)
  · ema_crossover: sign-flip (+8.62→-3.55) (train=+8.62 held_pnl=-16.8%)
  · price_channel_with_atr: sign-flip (+9.67→-6.25) (train=+9.67 held_pnl=-24.6%)

  Sweep #302 PASS candidates: 0


========== SWEEP #303 (seed=345) ==========

  · donchian_raw: sign-flip (+11.26→-6.83) (train=+11.26 held_pnl=-24.3%)
  · rsi_mean_reversion: sign-flip (+54.55→-5.33) (train=+54.55 held_pnl=-39.0%)
  · bollinger_breakout: sign-flip (+26.67→-1.32) (train=+26.67 held_pnl=-3.9%)
  · bollinger_mr: sign-flip (+10.97→-0.73) (train=+10.97 held_pnl=-2.3%)
  · macd_momentum: train_fail s=-999.00 (train=+nan held_pnl=+0.0%)
  · atr_squeeze_breakout: sign-flip (+32.38→-8.33) (train=+32.38 held_pnl=-34.7%)
  · momentum_n_consec: sign-flip (+10.28→-5.19) (train=+10.28 held_pnl=-26.7%)
  · volume_breakout: sign-flip (+9.14→-3.37) (train=+9.14 held_pnl=-9.6%)
  · ema_crossover: sign-flip (+7.58→-2.73) (train=+7.58 held_pnl=-10.6%)
  · price_channel_with_atr: sign-flip (+8.73→-2.76) (train=+8.73 held_pnl=-8.2%)

  Sweep #303 PASS candidates: 0


========== SWEEP #304 (seed=346) ==========

  · donchian_raw: sign-flip (+11.71→-3.10) (train=+11.71 held_pnl=-11.2%)
  · rsi_mean_reversion: sign-flip (+52.10→-4.84) (train=+52.10 held_pnl=-41.6%)
  · bollinger_breakout: PnL fail (+5.6% < 10.0%) (train=+35.27 held_pnl=+5.6%)
  · bollinger_mr: sign-flip (+8.46→-2.62) (train=+8.46 held_pnl=-8.3%)
  · macd_momentum: train_fail s=-999.00 (train=+nan held_pnl=+0.0%)
  · atr_squeeze_breakout: sign-flip (+32.51→-10.79) (train=+32.51 held_pnl=-17.6%)
  · momentum_n_consec: sign-flip (+11.68→-7.30) (train=+11.68 held_pnl=-32.5%)
  · volume_breakout: sign-flip (+9.31→-1.43) (train=+9.31 held_pnl=-6.6%)
  · ema_crossover: sign-flip (+7.89→-4.28) (train=+7.89 held_pnl=-20.6%)
  · price_channel_with_atr: sign-flip (+9.92→-4.69) (train=+9.92 held_pnl=-26.9%)

  Sweep #304 PASS candidates: 0


========== SWEEP #305 (seed=347) ==========

  · donchian_raw: sign-flip (+11.62→-5.64) (train=+11.62 held_pnl=-24.5%)
  · rsi_mean_reversion: sign-flip (+7.65→-4.60) (train=+7.65 held_pnl=-30.4%)
  · bollinger_breakout: sign-flip (+13.04→-3.83) (train=+13.04 held_pnl=-14.7%)
  · bollinger_mr: sign-flip (+9.68→-1.09) (train=+9.68 held_pnl=-4.5%)
  · macd_momentum: train_fail s=-999.00 (train=+nan held_pnl=+0.0%)
  · atr_squeeze_breakout: sign-flip (+28.63→-8.12) (train=+28.63 held_pnl=-31.2%)
  · momentum_n_consec: sign-flip (+13.84→-6.63) (train=+13.84 held_pnl=-30.0%)
  · volume_breakout: sign-flip (+9.85→-4.69) (train=+9.85 held_pnl=-14.2%)
  · ema_crossover: sign-flip (+8.00→-5.39) (train=+8.00 held_pnl=-24.6%)
  · price_channel_with_atr: sign-flip (+10.11→-0.94) (train=+10.11 held_pnl=-3.1%)

  Sweep #305 PASS candidates: 0


========== SWEEP #306 (seed=348) ==========

  · donchian_raw: sign-flip (+12.33→-6.83) (train=+12.33 held_pnl=-24.3%)
  · rsi_mean_reversion: sign-flip (+42.89→-14.71) (train=+42.89 held_pnl=-39.1%)
  · bollinger_breakout: sign-flip (+15.79→-2.06) (train=+15.79 held_pnl=-10.4%)
  · bollinger_mr: sign-flip (+8.86→-4.18) (train=+8.86 held_pnl=-14.6%)
  · macd_momentum: train_fail s=-999.00 (train=+nan held_pnl=+0.0%)
  · atr_squeeze_breakout: sign-flip (+29.57→-5.40) (train=+29.57 held_pnl=-9.3%)
  · momentum_n_consec: sign-flip (+13.55→-6.54) (train=+13.55 held_pnl=-30.0%)
  · volume_breakout: sign-flip (+8.24→-0.85) (train=+8.24 held_pnl=-3.8%)
  · ema_crossover: sign-flip (+7.95→-3.00) (train=+7.95 held_pnl=-13.4%)
  · price_channel_with_atr: sign-flip (+9.29→-2.72) (train=+9.29 held_pnl=-7.9%)

  Sweep #306 PASS candidates: 0


========== SWEEP #307 (seed=349) ==========

  · donchian_raw: sign-flip (+11.79→-1.95) (train=+11.79 held_pnl=-7.2%)
  · rsi_mean_reversion: sign-flip (+29.00→-3.51) (train=+29.00 held_pnl=-18.6%)
  · bollinger_breakout: sign-flip (+14.63→-1.74) (train=+14.63 held_pnl=-6.4%)
  · bollinger_mr: sign-flip (+10.80→-0.15) (train=+10.80 held_pnl=-0.5%)
  · macd_momentum: train_fail s=-999.00 (train=+nan held_pnl=+0.0%)
  · atr_squeeze_breakout: sign-flip (+35.14→-8.34) (train=+35.14 held_pnl=-16.5%)
  · momentum_n_consec: sign-flip (+10.66→-4.84) (train=+10.66 held_pnl=-24.0%)
  · volume_breakout: sign-flip (+10.86→-2.05) (train=+10.86 held_pnl=-6.1%)
  · ema_crossover: sign-flip (+8.78→-3.37) (train=+8.78 held_pnl=-15.2%)
  · price_channel_with_atr: sign-flip (+9.78→-3.12) (train=+9.78 held_pnl=-9.2%)

  Sweep #307 PASS candidates: 0


========== SWEEP #308 (seed=350) ==========

  · donchian_raw: sign-flip (+9.78→-2.00) (train=+9.78 held_pnl=-7.1%)
  · rsi_mean_reversion: PnL fail (+3.8% < 10.0%) (train=+16.43 held_pnl=+3.8%)
  · bollinger_breakout: sign-flip (+13.45→-0.82) (train=+13.45 held_pnl=-4.2%)
  · bollinger_mr: sign-flip (+8.55→-4.56) (train=+8.55 held_pnl=-16.8%)
  · macd_momentum: train_fail s=-999.00 (train=+nan held_pnl=+0.0%)
  · atr_squeeze_breakout: sign-flip (+28.09→-8.41) (train=+28.09 held_pnl=-32.6%)
  · momentum_n_consec: sign-flip (+10.22→-5.96) (train=+10.22 held_pnl=-34.8%)
  · volume_breakout: sign-flip (+7.60→-4.51) (train=+7.60 held_pnl=-17.8%)
  · ema_crossover: sign-flip (+7.89→-4.28) (train=+7.89 held_pnl=-20.6%)
  · price_channel_with_atr: sign-flip (+9.64→-4.19) (train=+9.64 held_pnl=-16.8%)

  Sweep #308 PASS candidates: 0


========== SWEEP #309 (seed=351) ==========

  · donchian_raw: sign-flip (+11.65→-5.00) (train=+11.65 held_pnl=-19.6%)
  · rsi_mean_reversion: sign-flip (+13.09→-8.53) (train=+13.09 held_pnl=-34.2%)
  · bollinger_breakout: sign-flip (+14.49→-1.93) (train=+14.49 held_pnl=-7.0%)
  · bollinger_mr: sign-flip (+12.08→-3.20) (train=+12.08 held_pnl=-9.8%)
  · macd_momentum: train_fail s=-999.00 (train=+nan held_pnl=+0.0%)
  · atr_squeeze_breakout: sign-flip (+41.78→-6.51) (train=+41.78 held_pnl=-12.3%)
  · momentum_n_consec: sign-flip (+9.77→-5.19) (train=+9.77 held_pnl=-26.6%)
  · volume_breakout: PnL fail (+6.8% < 10.0%) (train=+10.05 held_pnl=+6.8%)
  · ema_crossover: sign-flip (+7.24→-6.35) (train=+7.24 held_pnl=-33.0%)
  · price_channel_with_atr: sign-flip (+10.87→-5.70) (train=+10.87 held_pnl=-23.9%)

  Sweep #309 PASS candidates: 0


========== SWEEP #310 (seed=352) ==========

  · donchian_raw: sign-flip (+10.81→-2.06) (train=+10.81 held_pnl=-7.2%)
  · rsi_mean_reversion: sign-flip (+29.05→-14.72) (train=+29.05 held_pnl=-32.7%)
  · bollinger_breakout: sign-flip (+15.06→-7.32) (train=+15.06 held_pnl=-38.5%)
  · bollinger_mr: PnL fail (+3.9% < 10.0%) (train=+8.25 held_pnl=+3.9%)
  · macd_momentum: train_fail s=-999.00 (train=+nan held_pnl=+0.0%)
  · atr_squeeze_breakout: sign-flip (+27.71→-8.68) (train=+27.71 held_pnl=-37.5%)
  · momentum_n_consec: sign-flip (+13.85→-6.59) (train=+13.85 held_pnl=-29.8%)
  · volume_breakout: sign-flip (+8.59→-1.48) (train=+8.59 held_pnl=-6.7%)
  · ema_crossover: sign-flip (+8.78→-3.37) (train=+8.78 held_pnl=-15.2%)
  · price_channel_with_atr: sign-flip (+9.27→-4.93) (train=+9.27 held_pnl=-26.8%)

  Sweep #310 PASS candidates: 0


=== FINAL (387.0s, 310000 trials, 310/100 sweeps) ===
PASS count: 3 в sweeps [230, 240, 243]
All PASS rows: grep '★ PASS' results.tsv | grep P6v6s
=== research search v6 — 4H multi-seed sweep (311..410) ===
PASS criterion: held-out PnL > 10.0% AND Sharpe > 0.0
Sweeps: 100 × 1000 trials = 100000 budget
Train: 5818 / Held-out: 1455


========== SWEEP #311 (seed=353) ==========

  · donchian_raw: sign-flip (+9.84→-4.92) (train=+9.84 held_pnl=-25.4%)
  · rsi_mean_reversion: sign-flip (+20.94→-7.70) (train=+20.94 held_pnl=-30.5%)
  · bollinger_breakout: sign-flip (+15.05→-7.24) (train=+15.05 held_pnl=-37.5%)
  · bollinger_mr: sign-flip (+7.85→-5.75) (train=+7.85 held_pnl=-19.1%)
  · macd_momentum: train_fail s=-999.00 (train=+nan held_pnl=+0.0%)
  · atr_squeeze_breakout: sign-flip (+34.54→-4.96) (train=+34.54 held_pnl=-15.6%)
  · momentum_n_consec: sign-flip (+9.81→-6.05) (train=+9.81 held_pnl=-31.4%)
  · volume_breakout: sign-flip (+6.47→-1.95) (train=+6.47 held_pnl=-8.7%)
  · ema_crossover: sign-flip (+7.88→-4.19) (train=+7.88 held_pnl=-21.7%)
  · price_channel_with_atr: sign-flip (+9.76→-4.68) (train=+9.76 held_pnl=-19.0%)

  Sweep #311 PASS candidates: 0


========== SWEEP #312 (seed=354) ==========

  · donchian_raw: sign-flip (+11.65→-6.14) (train=+11.65 held_pnl=-24.3%)
  · rsi_mean_reversion: sign-flip (+3.24→-2.29) (train=+3.24 held_pnl=-18.2%)
  · bollinger_breakout: sign-flip (+13.51→-2.91) (train=+13.51 held_pnl=-15.5%)
  · bollinger_mr: sign-flip (+12.24→-7.32) (train=+12.24 held_pnl=-24.7%)
  · macd_momentum: train_fail s=-999.00 (train=+nan held_pnl=+0.0%)
  · atr_squeeze_breakout: sign-flip (+34.75→-8.63) (train=+34.75 held_pnl=-16.3%)
  · momentum_n_consec: sign-flip (+11.63→-7.18) (train=+11.63 held_pnl=-31.8%)
  · volume_breakout: sign-flip (+10.44→-6.12) (train=+10.44 held_pnl=-26.3%)
  · ema_crossover: sign-flip (+8.09→-4.20) (train=+8.09 held_pnl=-18.9%)
  · price_channel_with_atr: sign-flip (+11.00→-6.18) (train=+11.00 held_pnl=-26.1%)

  Sweep #312 PASS candidates: 0


========== SWEEP #313 (seed=355) ==========

  · donchian_raw: sign-flip (+11.31→-6.13) (train=+11.31 held_pnl=-24.3%)
  · rsi_mean_reversion: sign-flip (+20.77→-11.86) (train=+20.77 held_pnl=-41.1%)
  · bollinger_breakout: sign-flip (+15.08→-4.98) (train=+15.08 held_pnl=-17.3%)
  · bollinger_mr: sign-flip (+10.77→-5.25) (train=+10.77 held_pnl=-18.9%)
  · macd_momentum: train_fail s=-999.00 (train=+nan held_pnl=+0.0%)
  · atr_squeeze_breakout: sign-flip (+31.89→-8.90) (train=+31.89 held_pnl=-13.8%)
  · momentum_n_consec: sign-flip (+10.33→-5.49) (train=+10.33 held_pnl=-26.0%)
  · volume_breakout: sign-flip (+8.11→-3.01) (train=+8.11 held_pnl=-14.2%)
  · ema_crossover: sign-flip (+8.63→-4.47) (train=+8.63 held_pnl=-26.4%)
  · price_channel_with_atr: sign-flip (+11.14→-5.77) (train=+11.14 held_pnl=-23.6%)

  Sweep #313 PASS candidates: 0


========== SWEEP #314 (seed=356) ==========

  · donchian_raw: sign-flip (+10.66→-2.91) (train=+10.66 held_pnl=-10.6%)
  · rsi_mean_reversion: sign-flip (+10.96→-4.75) (train=+10.96 held_pnl=-30.3%)
  · bollinger_breakout: sign-flip (+14.82→-4.47) (train=+14.82 held_pnl=-15.7%)
  · bollinger_mr: sign-flip (+9.76→-0.40) (train=+9.76 held_pnl=-1.5%)
  · macd_momentum: train_fail s=-999.00 (train=+nan held_pnl=+0.0%)
  · atr_squeeze_breakout: sign-flip (+32.84→-6.16) (train=+32.84 held_pnl=-9.4%)
  · momentum_n_consec: sign-flip (+14.36→-6.46) (train=+14.36 held_pnl=-29.1%)
  · volume_breakout: sign-flip (+11.87→-4.30) (train=+11.87 held_pnl=-17.2%)
  · ema_crossover: sign-flip (+8.52→-3.99) (train=+8.52 held_pnl=-18.9%)
  · price_channel_with_atr: sign-flip (+10.11→-4.23) (train=+10.11 held_pnl=-17.1%)

  Sweep #314 PASS candidates: 0


========== SWEEP #315 (seed=357) ==========

  · donchian_raw: sign-flip (+10.90→-2.75) (train=+10.90 held_pnl=-9.7%)
  · rsi_mean_reversion: PnL fail (+5.6% < 10.0%) (train=+5.84 held_pnl=+5.6%)
  · bollinger_breakout: sign-flip (+14.98→-5.43) (train=+14.98 held_pnl=-20.0%)
  · bollinger_mr: sign-flip (+12.01→-0.04) (train=+12.01 held_pnl=-0.1%)
  · macd_momentum: train_fail s=-999.00 (train=+nan held_pnl=+0.0%)
  · atr_squeeze_breakout: sign-flip (+30.49→-9.24) (train=+30.49 held_pnl=-26.6%)
  · momentum_n_consec: PnL fail (+3.2% < 10.0%) (train=+8.07 held_pnl=+3.2%)
  · volume_breakout: sign-flip (+7.58→-4.05) (train=+7.58 held_pnl=-12.5%)
  · ema_crossover: sign-flip (+7.34→-4.28) (train=+7.34 held_pnl=-20.6%)
  · price_channel_with_atr: sign-flip (+11.34→-4.58) (train=+11.34 held_pnl=-17.9%)

  Sweep #315 PASS candidates: 0


========== SWEEP #316 (seed=358) ==========

  · donchian_raw: sign-flip (+10.41→-3.08) (train=+10.41 held_pnl=-10.9%)
  · rsi_mean_reversion: sign-flip (+54.06→-6.84) (train=+54.06 held_pnl=-44.1%)
  · bollinger_breakout: sign-flip (+15.45→-2.03) (train=+15.45 held_pnl=-10.2%)
  · bollinger_mr: sign-flip (+8.20→-1.84) (train=+8.20 held_pnl=-6.3%)
  · macd_momentum: train_fail s=-999.00 (train=+nan held_pnl=+0.0%)
  · atr_squeeze_breakout: sign-flip (+28.18→-9.32) (train=+28.18 held_pnl=-34.9%)
  · momentum_n_consec: PnL fail (+1.4% < 10.0%) (train=+9.64 held_pnl=+1.4%)
  · volume_breakout: sign-flip (+9.11→-4.64) (train=+9.11 held_pnl=-18.7%)
  · ema_crossover: sign-flip (+8.38→-3.11) (train=+8.38 held_pnl=-12.5%)
  · price_channel_with_atr: sign-flip (+10.11→-6.18) (train=+10.11 held_pnl=-26.6%)

  Sweep #316 PASS candidates: 0


========== SWEEP #317 (seed=359) ==========

  · donchian_raw: sign-flip (+10.89→-6.25) (train=+10.89 held_pnl=-27.0%)
  · rsi_mean_reversion: sign-flip (+41.81→-14.04) (train=+41.81 held_pnl=-31.8%)
  · bollinger_breakout: sign-flip (+15.11→-7.48) (train=+15.11 held_pnl=-39.1%)
  · bollinger_mr: sign-flip (+8.53→-1.54) (train=+8.53 held_pnl=-6.9%)
  · macd_momentum: train_fail s=-999.00 (train=+nan held_pnl=+0.0%)
  · atr_squeeze_breakout: sign-flip (+34.03→-11.75) (train=+34.03 held_pnl=-24.2%)
  · momentum_n_consec: sign-flip (+12.17→-7.23) (train=+12.17 held_pnl=-32.0%)
  · volume_breakout: sign-flip (+10.57→-7.93) (train=+10.57 held_pnl=-26.1%)
  · ema_crossover: sign-flip (+8.74→-3.69) (train=+8.74 held_pnl=-17.2%)
  · price_channel_with_atr: sign-flip (+11.87→-5.69) (train=+11.87 held_pnl=-23.9%)

  Sweep #317 PASS candidates: 0


========== SWEEP #318 (seed=360) ==========

  · donchian_raw: sign-flip (+10.16→-4.82) (train=+10.16 held_pnl=-27.9%)
  · rsi_mean_reversion: sign-flip (+49.13→-6.47) (train=+49.13 held_pnl=-27.3%)
  · bollinger_breakout: sign-flip (+15.34→-2.12) (train=+15.34 held_pnl=-10.7%)
  · bollinger_mr: sign-flip (+11.66→-0.69) (train=+11.66 held_pnl=-3.0%)
  · macd_momentum: train_fail s=-999.00 (train=+nan held_pnl=+0.0%)
  · atr_squeeze_breakout: sign-flip (+27.21→-5.19) (train=+27.21 held_pnl=-16.8%)
  · momentum_n_consec: sign-flip (+11.05→-6.31) (train=+11.05 held_pnl=-31.8%)
  · volume_breakout: sign-flip (+8.97→-0.52) (train=+8.97 held_pnl=-1.3%)
  · ema_crossover: sign-flip (+8.78→-3.37) (train=+8.78 held_pnl=-15.2%)
  · price_channel_with_atr: sign-flip (+9.28→-1.97) (train=+9.28 held_pnl=-9.8%)

  Sweep #318 PASS candidates: 0


========== SWEEP #319 (seed=361) ==========

  · donchian_raw: sign-flip (+10.91→-4.10) (train=+10.91 held_pnl=-14.7%)
  · rsi_mean_reversion: sign-flip (+8.98→-1.98) (train=+8.98 held_pnl=-10.1%)
  · bollinger_breakout: sign-flip (+13.78→-2.10) (train=+13.78 held_pnl=-11.1%)
  · bollinger_mr: sign-flip (+6.16→-2.39) (train=+6.16 held_pnl=-14.4%)
  · macd_momentum: train_fail s=-999.00 (train=+nan held_pnl=+0.0%)
  · atr_squeeze_breakout: sign-flip (+30.92→-7.86) (train=+30.92 held_pnl=-15.1%)
  · momentum_n_consec: sign-flip (+10.62→-5.33) (train=+10.62 held_pnl=-27.2%)
  · volume_breakout: sign-flip (+6.79→-1.87) (train=+6.79 held_pnl=-9.0%)
  · ema_crossover: sign-flip (+6.96→-5.13) (train=+6.96 held_pnl=-37.8%)
  · price_channel_with_atr: sign-flip (+11.82→-5.69) (train=+11.82 held_pnl=-23.9%)

  Sweep #319 PASS candidates: 0


========== SWEEP #320 (seed=362) ==========

  · donchian_raw: sign-flip (+10.99→-3.54) (train=+10.99 held_pnl=-12.8%)
  · rsi_mean_reversion: sign-flip (+26.08→-3.39) (train=+26.08 held_pnl=-22.0%)
  · bollinger_breakout: sign-flip (+24.89→-5.00) (train=+24.89 held_pnl=-15.6%)
  · bollinger_mr: sign-flip (+10.84→-1.16) (train=+10.84 held_pnl=-4.6%)
  · macd_momentum: train_fail s=-999.00 (train=+nan held_pnl=+0.0%)
  · atr_squeeze_breakout: sign-flip (+26.05→-3.59) (train=+26.05 held_pnl=-7.3%)
  · momentum_n_consec: sign-flip (+10.35→-5.67) (train=+10.35 held_pnl=-27.2%)
  · volume_breakout: sign-flip (+10.12→-2.94) (train=+10.12 held_pnl=-12.8%)
  · ema_crossover: sign-flip (+7.70→-6.67) (train=+7.70 held_pnl=-34.5%)
  · price_channel_with_atr: sign-flip (+10.63→-4.75) (train=+10.63 held_pnl=-19.6%)

  Sweep #320 PASS candidates: 0


========== SWEEP #321 (seed=363) ==========

  · donchian_raw: sign-flip (+12.12→-5.77) (train=+12.12 held_pnl=-23.6%)
  · rsi_mean_reversion: sign-flip (+10.48→-5.67) (train=+10.48 held_pnl=-36.8%)
  · bollinger_breakout: sign-flip (+13.85→-3.01) (train=+13.85 held_pnl=-10.8%)
  · bollinger_mr: sign-flip (+10.90→-6.45) (train=+10.90 held_pnl=-18.7%)
  · macd_momentum: train_fail s=-999.00 (train=+nan held_pnl=+0.0%)
  · atr_squeeze_breakout: sign-flip (+32.27→-8.19) (train=+32.27 held_pnl=-14.8%)
  · momentum_n_consec: sign-flip (+11.05→-6.27) (train=+11.05 held_pnl=-31.2%)
  · volume_breakout: sign-flip (+9.02→-2.40) (train=+9.02 held_pnl=-11.7%)
  · ema_crossover: sign-flip (+8.78→-3.37) (train=+8.78 held_pnl=-15.2%)
  · price_channel_with_atr: sign-flip (+9.23→-1.80) (train=+9.23 held_pnl=-8.9%)

  Sweep #321 PASS candidates: 0


========== SWEEP #322 (seed=364) ==========

  · donchian_raw: sign-flip (+11.80→-3.10) (train=+11.80 held_pnl=-11.2%)
  · rsi_mean_reversion: sign-flip (+21.79→-6.67) (train=+21.79 held_pnl=-44.6%)
  · bollinger_breakout: sign-flip (+14.32→-3.65) (train=+14.32 held_pnl=-12.5%)
  · bollinger_mr: sign-flip (+7.84→-2.17) (train=+7.84 held_pnl=-8.6%)
  · macd_momentum: train_fail s=-999.00 (train=+nan held_pnl=+0.0%)
  · atr_squeeze_breakout: sign-flip (+29.37→-4.31) (train=+29.37 held_pnl=-12.3%)
  · momentum_n_consec: sign-flip (+8.49→-4.18) (train=+8.49 held_pnl=-26.6%)
  · volume_breakout: sign-flip (+7.59→-1.67) (train=+7.59 held_pnl=-5.5%)
  · ema_crossover: sign-flip (+8.23→-5.09) (train=+8.23 held_pnl=-22.3%)
  · price_channel_with_atr: sign-flip (+9.58→-3.36) (train=+9.58 held_pnl=-10.1%)

  Sweep #322 PASS candidates: 0


========== SWEEP #323 (seed=365) ==========

  · donchian_raw: sign-flip (+11.98→-5.72) (train=+11.98 held_pnl=-23.9%)
  · rsi_mean_reversion: sign-flip (+11.04→-5.01) (train=+11.04 held_pnl=-27.4%)
  · bollinger_breakout: sign-flip (+14.65→-8.31) (train=+14.65 held_pnl=-33.8%)
  · bollinger_mr: sign-flip (+9.76→-0.34) (train=+9.76 held_pnl=-1.3%)
  · macd_momentum: train_fail s=-999.00 (train=+nan held_pnl=+0.0%)
  · atr_squeeze_breakout: sign-flip (+32.38→-10.34) (train=+32.38 held_pnl=-41.2%)
  · momentum_n_consec: sign-flip (+10.66→-4.91) (train=+10.66 held_pnl=-24.5%)
  · volume_breakout: sign-flip (+7.95→-2.34) (train=+7.95 held_pnl=-10.5%)
  · ema_crossover: sign-flip (+8.37→-4.23) (train=+8.37 held_pnl=-26.6%)
  · price_channel_with_atr: sign-flip (+10.70→-7.23) (train=+10.70 held_pnl=-31.9%)

  Sweep #323 PASS candidates: 0


========== SWEEP #324 (seed=366) ==========

  · donchian_raw: sign-flip (+11.72→-1.61) (train=+11.72 held_pnl=-5.6%)
  · rsi_mean_reversion: sign-flip (+15.84→-5.26) (train=+15.84 held_pnl=-36.2%)
  · bollinger_breakout: sign-flip (+13.86→-3.19) (train=+13.86 held_pnl=-11.5%)
  · bollinger_mr: sign-flip (+8.49→-2.76) (train=+8.49 held_pnl=-11.7%)
  · macd_momentum: train_fail s=-999.00 (train=+nan held_pnl=+0.0%)
  · atr_squeeze_breakout: sign-flip (+26.62→-7.87) (train=+26.62 held_pnl=-31.3%)
  · momentum_n_consec: sign-flip (+13.47→-6.60) (train=+13.47 held_pnl=-30.5%)
  · volume_breakout: sign-flip (+7.53→-6.98) (train=+7.53 held_pnl=-21.6%)
  · ema_crossover: sign-flip (+7.73→-5.16) (train=+7.73 held_pnl=-20.8%)
  · price_channel_with_atr: sign-flip (+10.86→-6.70) (train=+10.86 held_pnl=-27.3%)

  Sweep #324 PASS candidates: 0


========== SWEEP #325 (seed=367) ==========

  · donchian_raw: sign-flip (+12.32→-6.83) (train=+12.32 held_pnl=-24.3%)
  · rsi_mean_reversion: sign-flip (+37.77→-4.50) (train=+37.77 held_pnl=-20.9%)
  · bollinger_breakout: sign-flip (+13.45→-1.34) (train=+13.45 held_pnl=-6.7%)
  · bollinger_mr: sign-flip (+8.34→-3.98) (train=+8.34 held_pnl=-13.6%)
  · macd_momentum: train_fail s=-999.00 (train=+nan held_pnl=+0.0%)
  · atr_squeeze_breakout: sign-flip (+30.24→-8.75) (train=+30.24 held_pnl=-16.2%)
  · momentum_n_consec: sign-flip (+10.85→-4.77) (train=+10.85 held_pnl=-23.4%)
  · volume_breakout: sign-flip (+8.94→-1.16) (train=+8.94 held_pnl=-3.0%)
  · ema_crossover: sign-flip (+8.32→-4.12) (train=+8.32 held_pnl=-22.1%)
  · price_channel_with_atr: sign-flip (+10.77→-5.74) (train=+10.77 held_pnl=-25.4%)

  Sweep #325 PASS candidates: 0


========== SWEEP #326 (seed=368) ==========

  · donchian_raw: sign-flip (+11.77→-3.10) (train=+11.77 held_pnl=-11.2%)
  · rsi_mean_reversion: sign-flip (+31.64→-8.18) (train=+31.64 held_pnl=-48.4%)
  · bollinger_breakout: sign-flip (+14.29→-4.43) (train=+14.29 held_pnl=-14.5%)
  · bollinger_mr: sign-flip (+11.46→-1.17) (train=+11.46 held_pnl=-4.8%)
  · macd_momentum: train_fail s=-999.00 (train=+nan held_pnl=+0.0%)
  · atr_squeeze_breakout: sign-flip (+34.08→-10.93) (train=+34.08 held_pnl=-22.6%)
  · momentum_n_consec: sign-flip (+12.89→-6.91) (train=+12.89 held_pnl=-31.2%)
  · volume_breakout: sign-flip (+8.98→-3.42) (train=+8.98 held_pnl=-14.9%)
  · ema_crossover: sign-flip (+7.68→-2.97) (train=+7.68 held_pnl=-16.8%)
  · price_channel_with_atr: sign-flip (+10.99→-6.28) (train=+10.99 held_pnl=-26.8%)

  Sweep #326 PASS candidates: 0


========== SWEEP #327 (seed=369) ==========

  · donchian_raw: sign-flip (+12.14→-6.83) (train=+12.14 held_pnl=-24.3%)
  · rsi_mean_reversion: sign-flip (+52.81→-4.93) (train=+52.81 held_pnl=-44.0%)
  · bollinger_breakout: sign-flip (+17.12→-2.60) (train=+17.12 held_pnl=-13.9%)
  · bollinger_mr: sign-flip (+9.34→-2.19) (train=+9.34 held_pnl=-7.3%)
  · macd_momentum: train_fail s=-999.00 (train=+nan held_pnl=+0.0%)
  · atr_squeeze_breakout: sign-flip (+33.85→-7.30) (train=+33.85 held_pnl=-17.2%)
  · momentum_n_consec: sign-flip (+10.39→-6.19) (train=+10.39 held_pnl=-31.0%)
  · volume_breakout: PnL fail (+6.2% < 10.0%) (train=+10.35 held_pnl=+6.2%)
  · ema_crossover: sign-flip (+8.74→-3.69) (train=+8.74 held_pnl=-17.2%)
  · price_channel_with_atr: sign-flip (+11.86→-6.15) (train=+11.86 held_pnl=-25.9%)

  Sweep #327 PASS candidates: 0


========== SWEEP #328 (seed=370) ==========

  · donchian_raw: sign-flip (+11.89→-3.32) (train=+11.89 held_pnl=-12.5%)
  · rsi_mean_reversion: sign-flip (+22.67→-1.28) (train=+22.67 held_pnl=-7.6%)
  · bollinger_breakout: sign-flip (+28.22→-0.83) (train=+28.22 held_pnl=-2.3%)
  · bollinger_mr: sign-flip (+12.11→-7.11) (train=+12.11 held_pnl=-22.6%)
  · macd_momentum: train_fail s=-999.00 (train=+nan held_pnl=+0.0%)
  · atr_squeeze_breakout: sign-flip (+30.14→-7.97) (train=+30.14 held_pnl=-14.4%)
  · momentum_n_consec: sign-flip (+10.45→-5.07) (train=+10.45 held_pnl=-25.7%)
  · volume_breakout: sign-flip (+8.96→-3.08) (train=+8.96 held_pnl=-15.2%)
  · ema_crossover: sign-flip (+7.70→-6.67) (train=+7.70 held_pnl=-34.5%)
  · price_channel_with_atr: sign-flip (+10.95→-6.19) (train=+10.95 held_pnl=-26.4%)

  Sweep #328 PASS candidates: 0


========== SWEEP #329 (seed=371) ==========

  · donchian_raw: sign-flip (+11.66→-5.60) (train=+11.66 held_pnl=-24.2%)
  · rsi_mean_reversion: sign-flip (+8.97→-4.92) (train=+8.97 held_pnl=-30.3%)
  · bollinger_breakout: sign-flip (+29.01→-0.61) (train=+29.01 held_pnl=-1.7%)
  · bollinger_mr: sign-flip (+11.02→-6.05) (train=+11.02 held_pnl=-16.6%)
  · macd_momentum: train_fail s=-999.00 (train=+nan held_pnl=+0.0%)
  · atr_squeeze_breakout: sign-flip (+31.14→-8.95) (train=+31.14 held_pnl=-41.2%)
  · momentum_n_consec: sign-flip (+9.78→-5.83) (train=+9.78 held_pnl=-28.6%)
  · volume_breakout: sign-flip (+8.18→-2.85) (train=+8.18 held_pnl=-8.6%)
  · ema_crossover: sign-flip (+8.62→-3.55) (train=+8.62 held_pnl=-16.8%)
  · price_channel_with_atr: sign-flip (+10.06→-5.24) (train=+10.06 held_pnl=-25.8%)

  Sweep #329 PASS candidates: 0


========== SWEEP #330 (seed=372) ==========

  · donchian_raw: sign-flip (+10.11→-3.22) (train=+10.11 held_pnl=-12.3%)
  · rsi_mean_reversion: sign-flip (+13.08→-5.17) (train=+13.08 held_pnl=-33.6%)
  · bollinger_breakout: sign-flip (+12.86→-5.09) (train=+12.86 held_pnl=-21.7%)
  · bollinger_mr: sign-flip (+9.51→-2.85) (train=+9.51 held_pnl=-9.1%)
  · macd_momentum: train_fail s=-999.00 (train=+nan held_pnl=+0.0%)
  · atr_squeeze_breakout: sign-flip (+28.38→-9.47) (train=+28.38 held_pnl=-45.9%)
  · momentum_n_consec: sign-flip (+14.14→-6.36) (train=+14.14 held_pnl=-28.7%)
  · volume_breakout: sign-flip (+8.83→-2.79) (train=+8.83 held_pnl=-13.3%)
  · ema_crossover: sign-flip (+6.99→-4.36) (train=+6.99 held_pnl=-32.1%)
  · price_channel_with_atr: sign-flip (+8.44→-0.70) (train=+8.44 held_pnl=-2.3%)

  Sweep #330 PASS candidates: 0


========== SWEEP #331 (seed=373) ==========

  · donchian_raw: sign-flip (+10.97→-2.33) (train=+10.97 held_pnl=-8.5%)
  · rsi_mean_reversion: sign-flip (+14.48→-5.45) (train=+14.48 held_pnl=-34.0%)
  · bollinger_breakout: sign-flip (+14.13→-5.13) (train=+14.13 held_pnl=-22.2%)
  · bollinger_mr: sign-flip (+10.03→-2.31) (train=+10.03 held_pnl=-8.7%)
  · macd_momentum: train_fail s=-999.00 (train=+nan held_pnl=+0.0%)
  · atr_squeeze_breakout: sign-flip (+32.86→-9.66) (train=+32.86 held_pnl=-26.1%)
  · momentum_n_consec: sign-flip (+13.23→-6.28) (train=+13.23 held_pnl=-28.3%)
  · volume_breakout: sign-flip (+11.34→-4.70) (train=+11.34 held_pnl=-13.6%)
  · ema_crossover: sign-flip (+8.32→-4.12) (train=+8.32 held_pnl=-22.1%)
  · price_channel_with_atr: sign-flip (+9.75→-7.78) (train=+9.75 held_pnl=-33.0%)

  Sweep #331 PASS candidates: 0


========== SWEEP #332 (seed=374) ==========

  · donchian_raw: sign-flip (+11.43→-1.89) (train=+11.43 held_pnl=-7.0%)
  · rsi_mean_reversion: sign-flip (+31.65→-11.23) (train=+31.65 held_pnl=-41.5%)
  · bollinger_breakout: sign-flip (+15.19→-1.50) (train=+15.19 held_pnl=-7.8%)
  · bollinger_mr: sign-flip (+11.98→-4.92) (train=+11.98 held_pnl=-15.8%)
  · macd_momentum: train_fail s=-999.00 (train=+nan held_pnl=+0.0%)
  · atr_squeeze_breakout: sign-flip (+29.21→-8.56) (train=+29.21 held_pnl=-33.1%)
  · momentum_n_consec: sign-flip (+10.87→-6.42) (train=+10.87 held_pnl=-32.5%)
  · volume_breakout: sign-flip (+8.39→-3.75) (train=+8.39 held_pnl=-9.5%)
  · ema_crossover: sign-flip (+8.32→-4.74) (train=+8.32 held_pnl=-21.1%)
  · price_channel_with_atr: sign-flip (+10.27→-6.09) (train=+10.27 held_pnl=-26.4%)

  Sweep #332 PASS candidates: 0


========== SWEEP #333 (seed=375) ==========

  · donchian_raw: sign-flip (+11.03→-3.74) (train=+11.03 held_pnl=-14.0%)
  · rsi_mean_reversion: sign-flip (+19.64→-5.11) (train=+19.64 held_pnl=-41.7%)
  · bollinger_breakout: sign-flip (+12.95→-1.39) (train=+12.95 held_pnl=-6.4%)
  · bollinger_mr: sign-flip (+11.98→-7.92) (train=+11.98 held_pnl=-27.0%)
  · macd_momentum: train_fail s=-999.00 (train=+nan held_pnl=+0.0%)
  · atr_squeeze_breakout: sign-flip (+30.75→-5.98) (train=+30.75 held_pnl=-19.2%)
  · momentum_n_consec: sign-flip (+10.70→-5.43) (train=+10.70 held_pnl=-25.4%)
  · volume_breakout: sign-flip (+8.49→-3.97) (train=+8.49 held_pnl=-15.5%)
  · ema_crossover: sign-flip (+8.78→-3.37) (train=+8.78 held_pnl=-15.2%)
  · price_channel_with_atr: sign-flip (+9.68→-4.23) (train=+9.68 held_pnl=-17.2%)

  Sweep #333 PASS candidates: 0


========== SWEEP #334 (seed=376) ==========

  · donchian_raw: sign-flip (+11.94→-3.39) (train=+11.94 held_pnl=-13.2%)
  · rsi_mean_reversion: sign-flip (+18.01→-4.68) (train=+18.01 held_pnl=-22.9%)
  · bollinger_breakout: sign-flip (+14.18→-4.63) (train=+14.18 held_pnl=-19.0%)
  · bollinger_mr: sign-flip (+8.94→-3.53) (train=+8.94 held_pnl=-11.6%)
  · macd_momentum: train_fail s=-999.00 (train=+nan held_pnl=+0.0%)
  · atr_squeeze_breakout: sign-flip (+29.98→-7.66) (train=+29.98 held_pnl=-13.3%)
  · momentum_n_consec: sign-flip (+9.76→-5.17) (train=+9.76 held_pnl=-24.1%)
  · volume_breakout: sign-flip (+10.56→-0.10) (train=+10.56 held_pnl=-0.2%)
  · ema_crossover: sign-flip (+8.62→-3.55) (train=+8.62 held_pnl=-16.8%)
  · price_channel_with_atr: sign-flip (+10.92→-6.24) (train=+10.92 held_pnl=-26.9%)

  Sweep #334 PASS candidates: 0


========== SWEEP #335 (seed=377) ==========

  · donchian_raw: sign-flip (+11.83→-3.36) (train=+11.83 held_pnl=-12.7%)
  · rsi_mean_reversion: sign-flip (+8.73→-4.01) (train=+8.73 held_pnl=-32.7%)
  · bollinger_breakout: sign-flip (+16.72→-0.50) (train=+16.72 held_pnl=-2.5%)
  · bollinger_mr: sign-flip (+10.21→-2.16) (train=+10.21 held_pnl=-6.6%)
  · macd_momentum: train_fail s=-999.00 (train=+nan held_pnl=+0.0%)
  · atr_squeeze_breakout: sign-flip (+29.70→-5.90) (train=+29.70 held_pnl=-22.6%)
  · momentum_n_consec: sign-flip (+12.15→-6.60) (train=+12.15 held_pnl=-30.1%)
  · volume_breakout: PnL fail (+0.9% < 10.0%) (train=+9.99 held_pnl=+0.9%)
  · ema_crossover: sign-flip (+8.78→-3.37) (train=+8.78 held_pnl=-15.2%)
  · price_channel_with_atr: sign-flip (+8.37→-2.34) (train=+8.37 held_pnl=-9.9%)

  Sweep #335 PASS candidates: 0


========== SWEEP #336 (seed=378) ==========

  · donchian_raw: sign-flip (+10.43→-1.52) (train=+10.43 held_pnl=-5.2%)
  · rsi_mean_reversion: sign-flip (+14.60→-6.26) (train=+14.60 held_pnl=-41.0%)
  · bollinger_breakout: sign-flip (+13.88→-2.24) (train=+13.88 held_pnl=-8.4%)
  · bollinger_mr: sign-flip (+12.05→-2.94) (train=+12.05 held_pnl=-13.7%)
  · macd_momentum: train_fail s=-999.00 (train=+nan held_pnl=+0.0%)
  · atr_squeeze_breakout: sign-flip (+30.37→-7.74) (train=+30.37 held_pnl=-14.6%)
  · momentum_n_consec: sign-flip (+14.37→-6.46) (train=+14.37 held_pnl=-29.1%)
  · volume_breakout: sign-flip (+10.31→-3.55) (train=+10.31 held_pnl=-10.6%)
  · ema_crossover: sign-flip (+9.02→-4.74) (train=+9.02 held_pnl=-21.1%)
  · price_channel_with_atr: sign-flip (+10.81→-5.72) (train=+10.81 held_pnl=-24.4%)

  Sweep #336 PASS candidates: 0


========== SWEEP #337 (seed=379) ==========

  · donchian_raw: sign-flip (+11.18→-6.06) (train=+11.18 held_pnl=-24.7%)
  · rsi_mean_reversion: sign-flip (+14.59→-1.12) (train=+14.59 held_pnl=-7.1%)
  · bollinger_breakout: sign-flip (+13.89→-1.02) (train=+13.89 held_pnl=-5.0%)
  · bollinger_mr: sign-flip (+8.55→-4.08) (train=+8.55 held_pnl=-14.7%)
  · macd_momentum: train_fail s=-999.00 (train=+nan held_pnl=+0.0%)
  · atr_squeeze_breakout: sign-flip (+30.14→-11.30) (train=+30.14 held_pnl=-43.3%)
  · momentum_n_consec: sign-flip (+9.44→-5.01) (train=+9.44 held_pnl=-25.1%)
  · volume_breakout: sign-flip (+7.61→-3.48) (train=+7.61 held_pnl=-11.2%)
  · ema_crossover: sign-flip (+7.68→-2.97) (train=+7.68 held_pnl=-16.8%)
  · price_channel_with_atr: sign-flip (+10.63→-4.68) (train=+10.63 held_pnl=-19.0%)

  Sweep #337 PASS candidates: 0


========== SWEEP #338 (seed=380) ==========

  · donchian_raw: sign-flip (+11.13→-2.00) (train=+11.13 held_pnl=-7.6%)
  · rsi_mean_reversion: sign-flip (+83.61→-7.82) (train=+83.61 held_pnl=-36.9%)
  · bollinger_breakout: sign-flip (+12.86→-2.02) (train=+12.86 held_pnl=-10.4%)
  · bollinger_mr: sign-flip (+11.12→-3.11) (train=+11.12 held_pnl=-9.2%)
  · macd_momentum: train_fail s=-999.00 (train=+nan held_pnl=+0.0%)
  · atr_squeeze_breakout: sign-flip (+31.70→-7.79) (train=+31.70 held_pnl=-13.1%)
  · momentum_n_consec: sign-flip (+9.75→-6.48) (train=+9.75 held_pnl=-30.0%)
  · volume_breakout: sign-flip (+7.52→-1.49) (train=+7.52 held_pnl=-7.0%)
  · ema_crossover: sign-flip (+8.32→-4.12) (train=+8.32 held_pnl=-22.1%)
  · price_channel_with_atr: sign-flip (+8.33→-2.88) (train=+8.33 held_pnl=-13.7%)

  Sweep #338 PASS candidates: 0


========== SWEEP #339 (seed=381) ==========

  · donchian_raw: sign-flip (+11.71→-1.61) (train=+11.71 held_pnl=-5.6%)
  · rsi_mean_reversion: sign-flip (+29.99→-3.53) (train=+29.99 held_pnl=-15.4%)
  · bollinger_breakout: sign-flip (+15.27→-4.78) (train=+15.27 held_pnl=-20.4%)
  · bollinger_mr: PnL fail (+3.9% < 10.0%) (train=+8.71 held_pnl=+3.9%)
  · macd_momentum: train_fail s=-999.00 (train=+nan held_pnl=+0.0%)
  · atr_squeeze_breakout: sign-flip (+30.34→-7.84) (train=+30.34 held_pnl=-15.2%)
  · momentum_n_consec: sign-flip (+8.64→-4.41) (train=+8.64 held_pnl=-30.5%)
  · volume_breakout: PnL fail (+6.0% < 10.0%) (train=+11.28 held_pnl=+6.0%)
  · ema_crossover: sign-flip (+8.62→-3.55) (train=+8.62 held_pnl=-16.8%)
  · price_channel_with_atr: sign-flip (+7.74→-1.61) (train=+7.74 held_pnl=-7.7%)

  Sweep #339 PASS candidates: 0


========== SWEEP #340 (seed=382) ==========

  · donchian_raw: sign-flip (+11.78→-3.10) (train=+11.78 held_pnl=-11.2%)
  · rsi_mean_reversion: sign-flip (+12.92→-9.54) (train=+12.92 held_pnl=-51.4%)
  · bollinger_breakout: sign-flip (+28.96→-1.82) (train=+28.96 held_pnl=-5.0%)
  · bollinger_mr: sign-flip (+10.50→-0.30) (train=+10.50 held_pnl=-1.1%)
  · macd_momentum: train_fail s=-999.00 (train=+nan held_pnl=+0.0%)
  · atr_squeeze_breakout: sign-flip (+29.63→-8.66) (train=+29.63 held_pnl=-33.1%)
  · momentum_n_consec: sign-flip (+14.73→-6.52) (train=+14.73 held_pnl=-29.4%)
  · volume_breakout: sign-flip (+9.65→-4.25) (train=+9.65 held_pnl=-17.6%)
  · ema_crossover: sign-flip (+6.25→-5.01) (train=+6.25 held_pnl=-44.2%)
  · price_channel_with_atr: sign-flip (+9.39→-4.83) (train=+9.39 held_pnl=-26.9%)

  Sweep #340 PASS candidates: 0


========== SWEEP #341 (seed=383) ==========

  · donchian_raw: sign-flip (+11.52→-5.13) (train=+11.52 held_pnl=-20.1%)
  · rsi_mean_reversion: sign-flip (+17.39→-3.31) (train=+17.39 held_pnl=-17.2%)
  · bollinger_breakout: sign-flip (+13.17→-3.97) (train=+13.17 held_pnl=-14.9%)
  · bollinger_mr: PnL fail (+2.4% < 10.0%) (train=+8.87 held_pnl=+2.4%)
  · macd_momentum: train_fail s=-999.00 (train=+nan held_pnl=+0.0%)
  · atr_squeeze_breakout: sign-flip (+29.35→-9.09) (train=+29.35 held_pnl=-41.4%)
  · momentum_n_consec: sign-flip (+14.17→-6.39) (train=+14.17 held_pnl=-28.8%)
  · volume_breakout: sign-flip (+10.95→-0.49) (train=+10.95 held_pnl=-1.3%)
  · ema_crossover: sign-flip (+8.09→-3.55) (train=+8.09 held_pnl=-15.2%)
  · price_channel_with_atr: sign-flip (+8.71→-1.55) (train=+8.71 held_pnl=-4.9%)

  Sweep #341 PASS candidates: 0


========== SWEEP #342 (seed=384) ==========

  · donchian_raw: sign-flip (+10.01→-5.75) (train=+10.01 held_pnl=-20.9%)
  · rsi_mean_reversion: sign-flip (+34.02→-7.07) (train=+34.02 held_pnl=-35.2%)
  · bollinger_breakout: sign-flip (+13.98→-0.62) (train=+13.98 held_pnl=-3.1%)
  · bollinger_mr: sign-flip (+11.11→-0.61) (train=+11.11 held_pnl=-2.2%)
  · macd_momentum: train_fail s=-999.00 (train=+nan held_pnl=+0.0%)
  · atr_squeeze_breakout: sign-flip (+27.13→-12.29) (train=+27.13 held_pnl=-19.8%)
  · momentum_n_consec: sign-flip (+10.87→-4.70) (train=+10.87 held_pnl=-22.9%)
  · volume_breakout: sign-flip (+9.36→-2.12) (train=+9.36 held_pnl=-9.8%)
  · ema_crossover: sign-flip (+8.63→-4.54) (train=+8.63 held_pnl=-25.4%)
  · price_channel_with_atr: sign-flip (+9.37→-4.89) (train=+9.37 held_pnl=-26.4%)

  Sweep #342 PASS candidates: 0


========== SWEEP #343 (seed=385) ==========

  · donchian_raw: sign-flip (+10.35→-3.40) (train=+10.35 held_pnl=-12.3%)
  · rsi_mean_reversion: sign-flip (+18.60→-8.28) (train=+18.60 held_pnl=-38.2%)
  · bollinger_breakout: sign-flip (+26.37→-0.02) (train=+26.37 held_pnl=-0.0%)
  · bollinger_mr: sign-flip (+8.95→-2.10) (train=+8.95 held_pnl=-9.6%)
  · macd_momentum: train_fail s=-999.00 (train=+nan held_pnl=+0.0%)
  · atr_squeeze_breakout: sign-flip (+30.45→-7.02) (train=+30.45 held_pnl=-16.7%)
  · momentum_n_consec: sign-flip (+8.58→-5.11) (train=+8.58 held_pnl=-28.1%)
  · volume_breakout: sign-flip (+7.96→-2.94) (train=+7.96 held_pnl=-15.3%)
  · ema_crossover: sign-flip (+8.78→-3.37) (train=+8.78 held_pnl=-15.2%)
  · price_channel_with_atr: sign-flip (+8.36→-1.41) (train=+8.36 held_pnl=-6.6%)

  Sweep #343 PASS candidates: 0


========== SWEEP #344 (seed=386) ==========

  · donchian_raw: sign-flip (+10.28→-5.75) (train=+10.28 held_pnl=-20.9%)
  · rsi_mean_reversion: sign-flip (+19.59→-6.84) (train=+19.59 held_pnl=-30.4%)
  · bollinger_breakout: sign-flip (+16.41→-5.60) (train=+16.41 held_pnl=-21.0%)
  · bollinger_mr: sign-flip (+10.81→-2.37) (train=+10.81 held_pnl=-7.8%)
  · macd_momentum: train_fail s=-999.00 (train=+nan held_pnl=+0.0%)
  · atr_squeeze_breakout: sign-flip (+30.44→-10.19) (train=+30.44 held_pnl=-21.3%)
  · momentum_n_consec: PnL fail (+0.7% < 10.0%) (train=+9.61 held_pnl=+0.7%)
  · volume_breakout: sign-flip (+8.01→-2.77) (train=+8.01 held_pnl=-13.4%)
  · ema_crossover: sign-flip (+8.62→-3.42) (train=+8.62 held_pnl=-18.7%)
  · price_channel_with_atr: sign-flip (+11.01→-6.18) (train=+11.01 held_pnl=-25.8%)

  Sweep #344 PASS candidates: 0


========== SWEEP #345 (seed=387) ==========

  · donchian_raw: sign-flip (+12.42→-6.83) (train=+12.42 held_pnl=-24.3%)
  · rsi_mean_reversion: sign-flip (+28.19→-6.14) (train=+28.19 held_pnl=-46.9%)
  · bollinger_breakout: sign-flip (+14.81→-4.49) (train=+14.81 held_pnl=-18.8%)
  · bollinger_mr: sign-flip (+11.06→-5.62) (train=+11.06 held_pnl=-15.7%)
  · macd_momentum: train_fail s=-999.00 (train=+nan held_pnl=+0.0%)
  · atr_squeeze_breakout: sign-flip (+31.36→-8.37) (train=+31.36 held_pnl=-34.4%)
  · momentum_n_consec: sign-flip (+9.71→-5.12) (train=+9.71 held_pnl=-25.7%)
  ★ volume_breakout: PASS held-out Sharpe=4.82 PnL=+11.6% ★
  · ema_crossover: sign-flip (+8.00→-4.61) (train=+8.00 held_pnl=-31.1%)
  · price_channel_with_atr: sign-flip (+12.20→-6.23) (train=+12.20 held_pnl=-26.0%)

  Sweep #345 PASS candidates: 1
    volume_breakout: train Sharpe=10.24 → held-out PnL=+11.6%
      params: atr_period=13_atr_stop_mult=2.734_exit_lookback_n=8_lookback_n=9_vol_mult=1.2594_vol_window=10

  ★ PASS #1 в sweep #345 (продолжаем continuous)


========== SWEEP #346 (seed=388) ==========

  · donchian_raw: sign-flip (+10.10→-0.74) (train=+10.10 held_pnl=-2.3%)
  · rsi_mean_reversion: sign-flip (+75.00→-6.80) (train=+75.00 held_pnl=-36.8%)
  · bollinger_breakout: sign-flip (+13.86→-0.96) (train=+13.86 held_pnl=-3.1%)
  · bollinger_mr: sign-flip (+10.06→-1.50) (train=+10.06 held_pnl=-6.3%)
  · macd_momentum: train_fail s=-999.00 (train=+nan held_pnl=+0.0%)
  · atr_squeeze_breakout: sign-flip (+28.15→-6.23) (train=+28.15 held_pnl=-10.1%)
  · momentum_n_consec: sign-flip (+7.71→-3.39) (train=+7.71 held_pnl=-28.0%)
  · volume_breakout: PnL fail (+9.0% < 10.0%) (train=+8.48 held_pnl=+9.0%)
  · ema_crossover: sign-flip (+8.74→-3.69) (train=+8.74 held_pnl=-17.2%)
  · price_channel_with_atr: sign-flip (+9.01→-2.90) (train=+9.01 held_pnl=-8.3%)

  Sweep #346 PASS candidates: 0


========== SWEEP #347 (seed=389) ==========

  · donchian_raw: sign-flip (+10.91→-1.16) (train=+10.91 held_pnl=-3.9%)
  · rsi_mean_reversion: sign-flip (+20.06→-7.21) (train=+20.06 held_pnl=-33.0%)
  · bollinger_breakout: sign-flip (+12.98→-2.90) (train=+12.98 held_pnl=-10.5%)
  · bollinger_mr: PnL fail (+2.3% < 10.0%) (train=+11.63 held_pnl=+2.3%)
  · macd_momentum: train_fail s=-999.00 (train=+nan held_pnl=+0.0%)
  · atr_squeeze_breakout: sign-flip (+31.74→-5.33) (train=+31.74 held_pnl=-17.1%)
  · momentum_n_consec: sign-flip (+12.98→-6.56) (train=+12.98 held_pnl=-30.3%)
  · volume_breakout: sign-flip (+8.87→-1.90) (train=+8.87 held_pnl=-6.8%)
  · ema_crossover: sign-flip (+7.49→-4.26) (train=+7.49 held_pnl=-26.3%)
  · price_channel_with_atr: sign-flip (+9.26→-2.67) (train=+9.26 held_pnl=-7.7%)

  Sweep #347 PASS candidates: 0


========== SWEEP #348 (seed=390) ==========

  · donchian_raw: sign-flip (+11.19→-3.10) (train=+11.19 held_pnl=-11.2%)
  · rsi_mean_reversion: sign-flip (+13.75→-3.12) (train=+13.75 held_pnl=-15.5%)
  · bollinger_breakout: sign-flip (+15.78→-2.34) (train=+15.78 held_pnl=-12.1%)
  · bollinger_mr: sign-flip (+11.41→-0.42) (train=+11.41 held_pnl=-1.3%)
  · macd_momentum: train_fail s=-999.00 (train=+nan held_pnl=+0.0%)
  · atr_squeeze_breakout: sign-flip (+30.17→-7.03) (train=+30.17 held_pnl=-12.1%)
  · momentum_n_consec: sign-flip (+10.32→-5.06) (train=+10.32 held_pnl=-30.9%)
  · volume_breakout: sign-flip (+10.85→-3.73) (train=+10.85 held_pnl=-11.0%)
  · ema_crossover: sign-flip (+8.78→-3.37) (train=+8.78 held_pnl=-15.2%)
  · price_channel_with_atr: sign-flip (+10.94→-5.73) (train=+10.94 held_pnl=-24.0%)

  Sweep #348 PASS candidates: 0


========== SWEEP #349 (seed=391) ==========

  · donchian_raw: sign-flip (+10.90→-2.42) (train=+10.90 held_pnl=-9.0%)
  · rsi_mean_reversion: sign-flip (+44.27→-6.92) (train=+44.27 held_pnl=-32.3%)
  · bollinger_breakout: sign-flip (+12.87→-0.58) (train=+12.87 held_pnl=-1.8%)
  · bollinger_mr: sign-flip (+10.39→-3.73) (train=+10.39 held_pnl=-14.2%)
  · macd_momentum: train_fail s=-999.00 (train=+nan held_pnl=+0.0%)
  · atr_squeeze_breakout: sign-flip (+29.60→-6.40) (train=+29.60 held_pnl=-21.4%)
  · momentum_n_consec: sign-flip (+10.76→-6.08) (train=+10.76 held_pnl=-29.6%)
  · volume_breakout: sign-flip (+9.10→-4.44) (train=+9.10 held_pnl=-18.1%)
  · ema_crossover: sign-flip (+7.45→-3.43) (train=+7.45 held_pnl=-14.1%)
  · price_channel_with_atr: sign-flip (+10.53→-4.24) (train=+10.53 held_pnl=-17.1%)

  Sweep #349 PASS candidates: 0


========== SWEEP #350 (seed=392) ==========

  · donchian_raw: sign-flip (+12.23→-6.27) (train=+12.23 held_pnl=-25.9%)
  · rsi_mean_reversion: sign-flip (+8.17→-4.99) (train=+8.17 held_pnl=-37.4%)
  · bollinger_breakout: sign-flip (+14.28→-1.45) (train=+14.28 held_pnl=-7.2%)
  · bollinger_mr: sign-flip (+10.45→-4.13) (train=+10.45 held_pnl=-13.3%)
  · macd_momentum: train_fail s=-999.00 (train=+nan held_pnl=+0.0%)
  · atr_squeeze_breakout: sign-flip (+29.15→-9.52) (train=+29.15 held_pnl=-42.5%)
  · momentum_n_consec: sign-flip (+9.50→-5.36) (train=+9.50 held_pnl=-28.0%)
  · volume_breakout: sign-flip (+9.18→-2.92) (train=+9.18 held_pnl=-13.6%)
  · ema_crossover: sign-flip (+8.78→-3.37) (train=+8.78 held_pnl=-15.2%)
  · price_channel_with_atr: sign-flip (+10.88→-5.73) (train=+10.88 held_pnl=-23.8%)

  Sweep #350 PASS candidates: 0


========== SWEEP #351 (seed=393) ==========

  · donchian_raw: sign-flip (+10.62→-2.62) (train=+10.62 held_pnl=-9.1%)
  · rsi_mean_reversion: sign-flip (+9.24→-2.44) (train=+9.24 held_pnl=-17.9%)
  · bollinger_breakout: sign-flip (+16.15→-0.82) (train=+16.15 held_pnl=-4.1%)
  · bollinger_mr: sign-flip (+10.53→-0.30) (train=+10.53 held_pnl=-1.0%)
  · macd_momentum: train_fail s=-999.00 (train=+nan held_pnl=+0.0%)
  · atr_squeeze_breakout: sign-flip (+34.30→-6.51) (train=+34.30 held_pnl=-13.9%)
  · momentum_n_consec: sign-flip (+13.60→-6.49) (train=+13.60 held_pnl=-29.2%)
  · volume_breakout: sign-flip (+7.63→-0.44) (train=+7.63 held_pnl=-1.2%)
  · ema_crossover: sign-flip (+8.63→-4.54) (train=+8.63 held_pnl=-25.4%)
  · price_channel_with_atr: sign-flip (+9.72→-4.90) (train=+9.72 held_pnl=-21.2%)

  Sweep #351 PASS candidates: 0


========== SWEEP #352 (seed=394) ==========

  · donchian_raw: sign-flip (+11.40→-6.13) (train=+11.40 held_pnl=-24.3%)
  · rsi_mean_reversion: sign-flip (+32.45→-7.39) (train=+32.45 held_pnl=-53.5%)
  · bollinger_breakout: sign-flip (+14.18→-4.32) (train=+14.18 held_pnl=-14.6%)
  · bollinger_mr: PnL fail (+0.6% < 10.0%) (train=+8.51 held_pnl=+0.6%)
  · macd_momentum: train_fail s=-999.00 (train=+nan held_pnl=+0.0%)
  · atr_squeeze_breakout: sign-flip (+30.78→-9.88) (train=+30.78 held_pnl=-44.6%)
  · momentum_n_consec: sign-flip (+10.29→-4.75) (train=+10.29 held_pnl=-23.2%)
  · volume_breakout: PnL fail (+6.1% < 10.0%) (train=+9.92 held_pnl=+6.1%)
  · ema_crossover: sign-flip (+8.09→-3.55) (train=+8.09 held_pnl=-15.2%)
  · price_channel_with_atr: sign-flip (+11.12→-6.23) (train=+11.12 held_pnl=-25.8%)

  Sweep #352 PASS candidates: 0


========== SWEEP #353 (seed=395) ==========

  · donchian_raw: sign-flip (+11.70→-1.61) (train=+11.70 held_pnl=-5.6%)
  · rsi_mean_reversion: sign-flip (+26.70→-13.20) (train=+26.70 held_pnl=-33.2%)
  · bollinger_breakout: sign-flip (+12.08→-4.77) (train=+12.08 held_pnl=-14.4%)
  · bollinger_mr: sign-flip (+10.51→-8.24) (train=+10.51 held_pnl=-22.9%)
  · macd_momentum: train_fail s=-999.00 (train=+nan held_pnl=+0.0%)
  · atr_squeeze_breakout: sign-flip (+35.70→-8.39) (train=+35.70 held_pnl=-16.3%)
  · momentum_n_consec: sign-flip (+10.68→-4.34) (train=+10.68 held_pnl=-21.4%)
  · volume_breakout: PnL fail (+1.8% < 10.0%) (train=+9.84 held_pnl=+1.8%)
  · ema_crossover: sign-flip (+8.32→-4.12) (train=+8.32 held_pnl=-22.1%)
  · price_channel_with_atr: sign-flip (+12.10→-6.23) (train=+12.10 held_pnl=-26.4%)

  Sweep #353 PASS candidates: 0


========== SWEEP #354 (seed=396) ==========

  · donchian_raw: sign-flip (+11.45→-6.83) (train=+11.45 held_pnl=-24.3%)
  · rsi_mean_reversion: sign-flip (+29.45→-4.40) (train=+29.45 held_pnl=-21.2%)
  · bollinger_breakout: sign-flip (+13.13→-5.20) (train=+13.13 held_pnl=-24.9%)
  · bollinger_mr: sign-flip (+8.29→-3.25) (train=+8.29 held_pnl=-15.2%)
  · macd_momentum: train_fail s=-999.00 (train=+nan held_pnl=+0.0%)
  · atr_squeeze_breakout: sign-flip (+26.02→-5.42) (train=+26.02 held_pnl=-7.8%)
  · momentum_n_consec: sign-flip (+7.70→-3.31) (train=+7.70 held_pnl=-27.2%)
  · volume_breakout: sign-flip (+9.48→-0.18) (train=+9.48 held_pnl=-0.8%)
  · ema_crossover: sign-flip (+7.58→-2.73) (train=+7.58 held_pnl=-10.6%)
  · price_channel_with_atr: sign-flip (+9.22→-0.73) (train=+9.22 held_pnl=-2.5%)

  Sweep #354 PASS candidates: 0


========== SWEEP #355 (seed=397) ==========

  · donchian_raw: sign-flip (+11.50→-5.63) (train=+11.50 held_pnl=-24.1%)
  · rsi_mean_reversion: sign-flip (+51.22→-6.40) (train=+51.22 held_pnl=-43.1%)
  · bollinger_breakout: sign-flip (+11.88→-0.87) (train=+11.88 held_pnl=-4.6%)
  · bollinger_mr: sign-flip (+8.35→-4.56) (train=+8.35 held_pnl=-16.5%)
  · macd_momentum: train_fail s=-999.00 (train=+nan held_pnl=+0.0%)
  · atr_squeeze_breakout: sign-flip (+36.36→-7.59) (train=+36.36 held_pnl=-26.8%)
  · momentum_n_consec: sign-flip (+13.78→-6.37) (train=+13.78 held_pnl=-31.9%)
  · volume_breakout: sign-flip (+8.35→-3.88) (train=+8.35 held_pnl=-14.5%)
  · ema_crossover: sign-flip (+8.78→-3.37) (train=+8.78 held_pnl=-15.2%)
  · price_channel_with_atr: sign-flip (+10.23→-4.31) (train=+10.23 held_pnl=-25.2%)

  Sweep #355 PASS candidates: 0


========== SWEEP #356 (seed=398) ==========

  · donchian_raw: sign-flip (+10.03→-2.96) (train=+10.03 held_pnl=-10.8%)
  · rsi_mean_reversion: sign-flip (+16.61→-4.09) (train=+16.61 held_pnl=-20.6%)
  · bollinger_breakout: sign-flip (+15.19→-2.33) (train=+15.19 held_pnl=-12.1%)
  · bollinger_mr: sign-flip (+9.10→-2.57) (train=+9.10 held_pnl=-11.3%)
  · macd_momentum: train_fail s=-999.00 (train=+nan held_pnl=+0.0%)
  · atr_squeeze_breakout: sign-flip (+26.51→-4.55) (train=+26.51 held_pnl=-18.0%)
  · momentum_n_consec: sign-flip (+10.75→-6.47) (train=+10.75 held_pnl=-33.5%)
  · volume_breakout: PnL fail (+2.8% < 10.0%) (train=+8.94 held_pnl=+2.8%)
  · ema_crossover: sign-flip (+8.00→-4.61) (train=+8.00 held_pnl=-31.1%)
  · price_channel_with_atr: sign-flip (+10.00→-6.24) (train=+10.00 held_pnl=-27.1%)

  Sweep #356 PASS candidates: 0


========== SWEEP #357 (seed=399) ==========

  · donchian_raw: sign-flip (+9.81→-3.80) (train=+9.81 held_pnl=-15.8%)
  · rsi_mean_reversion: sign-flip (+67.95→-8.27) (train=+67.95 held_pnl=-36.1%)
  · bollinger_breakout: sign-flip (+29.94→-1.92) (train=+29.94 held_pnl=-6.4%)
  · bollinger_mr: sign-flip (+9.45→-4.19) (train=+9.45 held_pnl=-13.9%)
  · macd_momentum: train_fail s=-999.00 (train=+nan held_pnl=+0.0%)
  · atr_squeeze_breakout: sign-flip (+30.50→-7.24) (train=+30.50 held_pnl=-9.8%)
  · momentum_n_consec: sign-flip (+10.26→-5.68) (train=+10.26 held_pnl=-27.3%)
  · volume_breakout: PnL fail (+0.4% < 10.0%) (train=+8.11 held_pnl=+0.4%)
  · ema_crossover: sign-flip (+7.97→-6.35) (train=+7.97 held_pnl=-33.0%)
  · price_channel_with_atr: sign-flip (+11.06→-5.77) (train=+11.06 held_pnl=-24.0%)

  Sweep #357 PASS candidates: 0


========== SWEEP #358 (seed=400) ==========

  · donchian_raw: sign-flip (+11.71→-1.61) (train=+11.71 held_pnl=-5.6%)
  · rsi_mean_reversion: sign-flip (+75.42→-6.16) (train=+75.42 held_pnl=-26.3%)
  · bollinger_breakout: sign-flip (+13.74→-2.57) (train=+13.74 held_pnl=-9.9%)
  · bollinger_mr: sign-flip (+10.40→-2.99) (train=+10.40 held_pnl=-9.5%)
  · macd_momentum: train_fail s=-999.00 (train=+nan held_pnl=+0.0%)
  · atr_squeeze_breakout: sign-flip (+31.51→-8.80) (train=+31.51 held_pnl=-17.8%)
  · momentum_n_consec: sign-flip (+7.74→-3.10) (train=+7.74 held_pnl=-23.9%)
  · volume_breakout: sign-flip (+10.69→-4.52) (train=+10.69 held_pnl=-17.9%)
  · ema_crossover: sign-flip (+8.00→-4.61) (train=+8.00 held_pnl=-31.1%)
  · price_channel_with_atr: sign-flip (+11.75→-5.71) (train=+11.75 held_pnl=-24.4%)

  Sweep #358 PASS candidates: 0


========== SWEEP #359 (seed=401) ==========

  · donchian_raw: sign-flip (+11.85→-3.37) (train=+11.85 held_pnl=-12.8%)
  · rsi_mean_reversion: sign-flip (+12.77→-6.29) (train=+12.77 held_pnl=-45.8%)
  · bollinger_breakout: sign-flip (+15.05→-2.84) (train=+15.05 held_pnl=-11.1%)
  · bollinger_mr: sign-flip (+7.09→-2.90) (train=+7.09 held_pnl=-12.9%)
  · macd_momentum: train_fail s=-999.00 (train=+nan held_pnl=+0.0%)
  · atr_squeeze_breakout: sign-flip (+32.77→-5.57) (train=+32.77 held_pnl=-10.0%)
  · momentum_n_consec: PnL fail (+1.4% < 10.0%) (train=+8.84 held_pnl=+1.4%)
  · volume_breakout: sign-flip (+8.80→-5.26) (train=+8.80 held_pnl=-22.3%)
  · ema_crossover: sign-flip (+8.00→-5.39) (train=+8.00 held_pnl=-24.6%)
  · price_channel_with_atr: sign-flip (+9.56→-3.73) (train=+9.56 held_pnl=-11.6%)

  Sweep #359 PASS candidates: 0


========== SWEEP #360 (seed=402) ==========

  · donchian_raw: sign-flip (+10.71→-5.82) (train=+10.71 held_pnl=-25.6%)
  · rsi_mean_reversion: sign-flip (+59.35→-4.62) (train=+59.35 held_pnl=-23.8%)
  · bollinger_breakout: sign-flip (+13.40→-4.51) (train=+13.40 held_pnl=-15.3%)
  · bollinger_mr: sign-flip (+10.60→-6.58) (train=+10.60 held_pnl=-19.2%)
  · macd_momentum: train_fail s=-999.00 (train=+nan held_pnl=+0.0%)
  · atr_squeeze_breakout: sign-flip (+29.67→-8.57) (train=+29.67 held_pnl=-16.6%)
  · momentum_n_consec: sign-flip (+14.20→-6.36) (train=+14.20 held_pnl=-28.6%)
  · volume_breakout: sign-flip (+9.54→-4.88) (train=+9.54 held_pnl=-21.0%)
  · ema_crossover: sign-flip (+6.35→-5.95) (train=+6.35 held_pnl=-40.8%)
  · price_channel_with_atr: sign-flip (+9.47→-1.19) (train=+9.47 held_pnl=-3.8%)

  Sweep #360 PASS candidates: 0


========== SWEEP #361 (seed=403) ==========

  · donchian_raw: sign-flip (+10.88→-4.10) (train=+10.88 held_pnl=-14.7%)
  · rsi_mean_reversion: sign-flip (+12.10→-3.86) (train=+12.10 held_pnl=-28.9%)
  · bollinger_breakout: sign-flip (+10.55→-2.02) (train=+10.55 held_pnl=-10.2%)
  · bollinger_mr: sign-flip (+12.20→-2.15) (train=+12.20 held_pnl=-8.3%)
  · macd_momentum: train_fail s=-999.00 (train=+nan held_pnl=+0.0%)
  · atr_squeeze_breakout: sign-flip (+31.19→-9.39) (train=+31.19 held_pnl=-40.6%)
  · momentum_n_consec: sign-flip (+14.29→-7.04) (train=+14.29 held_pnl=-31.4%)
  · volume_breakout: sign-flip (+9.46→-2.71) (train=+9.46 held_pnl=-13.4%)
  · ema_crossover: sign-flip (+8.78→-3.37) (train=+8.78 held_pnl=-15.2%)
  · price_channel_with_atr: sign-flip (+11.00→-6.18) (train=+11.00 held_pnl=-26.1%)

  Sweep #361 PASS candidates: 0


========== SWEEP #362 (seed=404) ==========

  · donchian_raw: sign-flip (+10.98→-5.74) (train=+10.98 held_pnl=-23.9%)
  · rsi_mean_reversion: sign-flip (+9.15→-5.06) (train=+9.15 held_pnl=-28.7%)
  · bollinger_breakout: sign-flip (+14.83→-5.13) (train=+14.83 held_pnl=-17.9%)
  · bollinger_mr: sign-flip (+11.82→-0.35) (train=+11.82 held_pnl=-1.1%)
  · macd_momentum: train_fail s=-999.00 (train=+nan held_pnl=+0.0%)
  · atr_squeeze_breakout: sign-flip (+33.33→-11.00) (train=+33.33 held_pnl=-42.7%)
  · momentum_n_consec: sign-flip (+13.82→-6.65) (train=+13.82 held_pnl=-30.1%)
  · volume_breakout: sign-flip (+7.81→-1.51) (train=+7.81 held_pnl=-3.9%)
  · ema_crossover: sign-flip (+8.62→-3.55) (train=+8.62 held_pnl=-16.8%)
  · price_channel_with_atr: sign-flip (+11.99→-5.76) (train=+11.99 held_pnl=-24.1%)

  Sweep #362 PASS candidates: 0


========== SWEEP #363 (seed=405) ==========

  · donchian_raw: sign-flip (+10.12→-5.75) (train=+10.12 held_pnl=-20.9%)
  · rsi_mean_reversion: sign-flip (+50.71→-5.26) (train=+50.71 held_pnl=-46.3%)
  · bollinger_breakout: sign-flip (+14.37→-2.68) (train=+14.37 held_pnl=-13.9%)
  · bollinger_mr: sign-flip (+7.82→-0.95) (train=+7.82 held_pnl=-4.4%)
  · macd_momentum: train_fail s=-999.00 (train=+nan held_pnl=+0.0%)
  · atr_squeeze_breakout: sign-flip (+35.06→-11.85) (train=+35.06 held_pnl=-31.5%)
  · momentum_n_consec: sign-flip (+10.12→-6.17) (train=+10.12 held_pnl=-32.2%)
  · volume_breakout: sign-flip (+8.58→-2.63) (train=+8.58 held_pnl=-8.1%)
  · ema_crossover: sign-flip (+8.18→-3.11) (train=+8.18 held_pnl=-12.5%)
  · price_channel_with_atr: sign-flip (+9.86→-5.80) (train=+9.86 held_pnl=-26.0%)

  Sweep #363 PASS candidates: 0


========== SWEEP #364 (seed=406) ==========

  · donchian_raw: sign-flip (+11.37→-6.83) (train=+11.37 held_pnl=-24.3%)
  · rsi_mean_reversion: sign-flip (+12.00→-6.80) (train=+12.00 held_pnl=-43.6%)
  · bollinger_breakout: sign-flip (+13.39→-2.85) (train=+13.39 held_pnl=-10.1%)
  · bollinger_mr: sign-flip (+10.08→-1.53) (train=+10.08 held_pnl=-5.6%)
  · macd_momentum: train_fail s=-999.00 (train=+nan held_pnl=+0.0%)
  · atr_squeeze_breakout: sign-flip (+31.98→-10.06) (train=+31.98 held_pnl=-19.3%)
  · momentum_n_consec: sign-flip (+10.55→-4.93) (train=+10.55 held_pnl=-24.7%)
  · volume_breakout: sign-flip (+8.21→-5.47) (train=+8.21 held_pnl=-17.5%)
  · ema_crossover: sign-flip (+7.68→-2.97) (train=+7.68 held_pnl=-16.8%)
  · price_channel_with_atr: sign-flip (+9.01→-2.53) (train=+9.01 held_pnl=-8.9%)

  Sweep #364 PASS candidates: 0


========== SWEEP #365 (seed=407) ==========

  · donchian_raw: sign-flip (+12.19→-6.83) (train=+12.19 held_pnl=-24.3%)
  · rsi_mean_reversion: sign-flip (+96.19→-6.40) (train=+96.19 held_pnl=-39.7%)
  · bollinger_breakout: sign-flip (+13.40→-4.93) (train=+13.40 held_pnl=-21.1%)
  · bollinger_mr: sign-flip (+7.91→-3.27) (train=+7.91 held_pnl=-10.4%)
  · macd_momentum: train_fail s=-999.00 (train=+nan held_pnl=+0.0%)
  · atr_squeeze_breakout: sign-flip (+29.29→-7.49) (train=+29.29 held_pnl=-12.0%)
  · momentum_n_consec: sign-flip (+10.75→-4.80) (train=+10.75 held_pnl=-23.8%)
  · volume_breakout: sign-flip (+11.40→-2.20) (train=+11.40 held_pnl=-6.5%)
  · ema_crossover: sign-flip (+8.49→-4.26) (train=+8.49 held_pnl=-20.7%)
  · price_channel_with_atr: sign-flip (+9.89→-4.30) (train=+9.89 held_pnl=-25.6%)

  Sweep #365 PASS candidates: 0


========== SWEEP #366 (seed=408) ==========

  · donchian_raw: sign-flip (+10.53→-6.11) (train=+10.53 held_pnl=-24.5%)
  · rsi_mean_reversion: sign-flip (+77.28→-6.10) (train=+77.28 held_pnl=-45.8%)
  · bollinger_breakout: sign-flip (+28.66→-0.05) (train=+28.66 held_pnl=-0.2%)
  · bollinger_mr: sign-flip (+10.99→-0.23) (train=+10.99 held_pnl=-0.8%)
  · macd_momentum: train_fail s=-999.00 (train=+nan held_pnl=+0.0%)
  · atr_squeeze_breakout: sign-flip (+35.04→-7.67) (train=+35.04 held_pnl=-17.7%)
  · momentum_n_consec: sign-flip (+10.41→-5.58) (train=+10.41 held_pnl=-29.1%)
  · volume_breakout: sign-flip (+7.72→-3.18) (train=+7.72 held_pnl=-16.0%)
  · ema_crossover: sign-flip (+7.56→-5.61) (train=+7.56 held_pnl=-28.7%)
  · price_channel_with_atr: sign-flip (+11.06→-6.19) (train=+11.06 held_pnl=-26.3%)

  Sweep #366 PASS candidates: 0


========== SWEEP #367 (seed=409) ==========

  · donchian_raw: sign-flip (+11.23→-3.40) (train=+11.23 held_pnl=-13.2%)
  · rsi_mean_reversion: sign-flip (+14.22→-5.83) (train=+14.22 held_pnl=-19.0%)
  · bollinger_breakout: sign-flip (+14.90→-5.35) (train=+14.90 held_pnl=-19.2%)
  · bollinger_mr: sign-flip (+8.78→-1.90) (train=+8.78 held_pnl=-10.3%)
  · macd_momentum: train_fail s=-999.00 (train=+nan held_pnl=+0.0%)
  · atr_squeeze_breakout: sign-flip (+33.18→-9.14) (train=+33.18 held_pnl=-18.6%)
  · momentum_n_consec: sign-flip (+10.58→-4.43) (train=+10.58 held_pnl=-21.9%)
  · volume_breakout: sign-flip (+8.18→-3.30) (train=+8.18 held_pnl=-9.9%)
  · ema_crossover: sign-flip (+8.74→-3.69) (train=+8.74 held_pnl=-17.2%)
  · price_channel_with_atr: sign-flip (+10.24→-4.82) (train=+10.24 held_pnl=-27.6%)

  Sweep #367 PASS candidates: 0


========== SWEEP #368 (seed=410) ==========

  · donchian_raw: sign-flip (+10.85→-2.06) (train=+10.85 held_pnl=-7.2%)
  · rsi_mean_reversion: sign-flip (+10.81→-8.13) (train=+10.81 held_pnl=-38.9%)
  · bollinger_breakout: sign-flip (+12.15→-2.26) (train=+12.15 held_pnl=-11.8%)
  · bollinger_mr: sign-flip (+10.82→-2.37) (train=+10.82 held_pnl=-7.8%)
  · macd_momentum: train_fail s=-999.00 (train=+nan held_pnl=+0.0%)
  · atr_squeeze_breakout: sign-flip (+30.96→-10.00) (train=+30.96 held_pnl=-18.1%)
  · momentum_n_consec: sign-flip (+9.66→-4.88) (train=+9.66 held_pnl=-29.4%)
  · volume_breakout: sign-flip (+8.08→-0.89) (train=+8.08 held_pnl=-4.4%)
  · ema_crossover: sign-flip (+8.78→-3.37) (train=+8.78 held_pnl=-15.2%)
  · price_channel_with_atr: sign-flip (+10.84→-6.17) (train=+10.84 held_pnl=-26.6%)

  Sweep #368 PASS candidates: 0


========== SWEEP #369 (seed=411) ==========

  · donchian_raw: sign-flip (+11.26→-1.92) (train=+11.26 held_pnl=-7.1%)
  · rsi_mean_reversion: sign-flip (+18.48→-3.28) (train=+18.48 held_pnl=-20.8%)
  · bollinger_breakout: sign-flip (+15.38→-2.68) (train=+15.38 held_pnl=-13.2%)
  · bollinger_mr: sign-flip (+9.96→-3.81) (train=+9.96 held_pnl=-13.2%)
  · macd_momentum: train_fail s=-999.00 (train=+nan held_pnl=+0.0%)
  · atr_squeeze_breakout: sign-flip (+32.39→-10.46) (train=+32.39 held_pnl=-24.8%)
  · momentum_n_consec: sign-flip (+10.86→-4.50) (train=+10.86 held_pnl=-22.5%)
  · volume_breakout: sign-flip (+9.30→-2.57) (train=+9.30 held_pnl=-11.2%)
  · ema_crossover: sign-flip (+7.97→-6.35) (train=+7.97 held_pnl=-33.0%)
  · price_channel_with_atr: sign-flip (+10.68→-4.73) (train=+10.68 held_pnl=-19.4%)

  Sweep #369 PASS candidates: 0


========== SWEEP #370 (seed=412) ==========

  · donchian_raw: sign-flip (+9.59→-1.68) (train=+9.59 held_pnl=-4.9%)
  · rsi_mean_reversion: sign-flip (+23.02→-9.03) (train=+23.02 held_pnl=-33.6%)
  · bollinger_breakout: sign-flip (+15.94→-2.36) (train=+15.94 held_pnl=-12.3%)
  · bollinger_mr: sign-flip (+13.37→-3.87) (train=+13.37 held_pnl=-13.7%)
  · macd_momentum: train_fail s=-999.00 (train=+nan held_pnl=+0.0%)
  · atr_squeeze_breakout: sign-flip (+33.18→-9.80) (train=+33.18 held_pnl=-15.4%)
  · momentum_n_consec: sign-flip (+9.73→-5.10) (train=+9.73 held_pnl=-25.5%)
  · volume_breakout: sign-flip (+7.80→-1.54) (train=+7.80 held_pnl=-7.0%)
  · ema_crossover: sign-flip (+8.63→-4.54) (train=+8.63 held_pnl=-25.4%)
  · price_channel_with_atr: sign-flip (+8.81→-5.69) (train=+8.81 held_pnl=-17.5%)

  Sweep #370 PASS candidates: 0


========== SWEEP #371 (seed=413) ==========

  · donchian_raw: sign-flip (+11.08→-2.63) (train=+11.08 held_pnl=-9.3%)
  · rsi_mean_reversion: sign-flip (+24.42→-2.75) (train=+24.42 held_pnl=-14.4%)
  · bollinger_breakout: sign-flip (+15.03→-2.31) (train=+15.03 held_pnl=-8.2%)
  · bollinger_mr: sign-flip (+8.14→-3.84) (train=+8.14 held_pnl=-13.6%)
  · macd_momentum: train_fail s=-999.00 (train=+nan held_pnl=+0.0%)
  · atr_squeeze_breakout: sign-flip (+32.58→-9.51) (train=+32.58 held_pnl=-38.8%)
  · momentum_n_consec: sign-flip (+7.98→-4.31) (train=+7.98 held_pnl=-30.6%)
  · volume_breakout: sign-flip (+8.84→-4.43) (train=+8.84 held_pnl=-19.2%)
  · ema_crossover: sign-flip (+8.18→-3.11) (train=+8.18 held_pnl=-12.5%)
  · price_channel_with_atr: sign-flip (+11.08→-6.24) (train=+11.08 held_pnl=-26.6%)

  Sweep #371 PASS candidates: 0


========== SWEEP #372 (seed=414) ==========

  · donchian_raw: sign-flip (+11.54→-5.13) (train=+11.54 held_pnl=-19.9%)
  · rsi_mean_reversion: sign-flip (+30.35→-4.60) (train=+30.35 held_pnl=-37.3%)
  · bollinger_breakout: sign-flip (+13.29→-2.28) (train=+13.29 held_pnl=-11.5%)
  · bollinger_mr: sign-flip (+10.27→-6.12) (train=+10.27 held_pnl=-17.1%)
  · macd_momentum: train_fail s=-999.00 (train=+nan held_pnl=+0.0%)
  · atr_squeeze_breakout: sign-flip (+28.07→-6.61) (train=+28.07 held_pnl=-9.0%)
  · momentum_n_consec: sign-flip (+9.51→-4.73) (train=+9.51 held_pnl=-29.1%)
  · volume_breakout: sign-flip (+8.59→-1.18) (train=+8.59 held_pnl=-3.3%)
  · ema_crossover: sign-flip (+9.02→-4.74) (train=+9.02 held_pnl=-21.1%)
  · price_channel_with_atr: sign-flip (+10.15→-4.51) (train=+10.15 held_pnl=-17.4%)

  Sweep #372 PASS candidates: 0


========== SWEEP #373 (seed=415) ==========

  · donchian_raw: sign-flip (+11.92→-3.31) (train=+11.92 held_pnl=-12.4%)
  · rsi_mean_reversion: sign-flip (+42.83→-6.65) (train=+42.83 held_pnl=-31.9%)
  · bollinger_breakout: sign-flip (+14.60→-5.17) (train=+14.60 held_pnl=-28.0%)
  · bollinger_mr: sign-flip (+12.19→-2.12) (train=+12.19 held_pnl=-7.3%)
  · macd_momentum: train_fail s=-999.00 (train=+nan held_pnl=+0.0%)
  · atr_squeeze_breakout: sign-flip (+32.30→-6.31) (train=+32.30 held_pnl=-13.4%)
  · momentum_n_consec: sign-flip (+12.86→-6.64) (train=+12.86 held_pnl=-30.2%)
  · volume_breakout: sign-flip (+8.90→-5.27) (train=+8.90 held_pnl=-21.9%)
  · ema_crossover: sign-flip (+8.09→-3.55) (train=+8.09 held_pnl=-15.2%)
  · price_channel_with_atr: sign-flip (+8.36→-2.87) (train=+8.36 held_pnl=-9.8%)

  Sweep #373 PASS candidates: 0


========== SWEEP #374 (seed=416) ==========

  · donchian_raw: sign-flip (+12.25→-6.83) (train=+12.25 held_pnl=-24.3%)
  · rsi_mean_reversion: sign-flip (+11.13→-1.58) (train=+11.13 held_pnl=-9.7%)
  · bollinger_breakout: sign-flip (+25.29→-2.36) (train=+25.29 held_pnl=-6.0%)
  · bollinger_mr: sign-flip (+11.56→-0.66) (train=+11.56 held_pnl=-2.5%)
  · macd_momentum: train_fail s=-999.00 (train=+nan held_pnl=+0.0%)
  · atr_squeeze_breakout: sign-flip (+30.41→-8.36) (train=+30.41 held_pnl=-14.8%)
  · momentum_n_consec: sign-flip (+10.14→-5.33) (train=+10.14 held_pnl=-25.7%)
  · volume_breakout: sign-flip (+10.60→-2.65) (train=+10.60 held_pnl=-13.8%)
  · ema_crossover: sign-flip (+7.39→-4.12) (train=+7.39 held_pnl=-22.1%)
  · price_channel_with_atr: sign-flip (+7.72→-1.94) (train=+7.72 held_pnl=-9.5%)

  Sweep #374 PASS candidates: 0


========== SWEEP #375 (seed=417) ==========

  · donchian_raw: sign-flip (+10.89→-4.49) (train=+10.89 held_pnl=-18.8%)
  · rsi_mean_reversion: sign-flip (+15.64→-8.17) (train=+15.64 held_pnl=-36.9%)
  · bollinger_breakout: sign-flip (+13.18→-3.57) (train=+13.18 held_pnl=-12.0%)
  · bollinger_mr: sign-flip (+10.82→-2.06) (train=+10.82 held_pnl=-6.1%)
  · macd_momentum: train_fail s=-999.00 (train=+nan held_pnl=+0.0%)
  · atr_squeeze_breakout: sign-flip (+33.95→-10.12) (train=+33.95 held_pnl=-21.0%)
  · momentum_n_consec: sign-flip (+9.59→-5.09) (train=+9.59 held_pnl=-25.4%)
  ★ volume_breakout: PASS held-out Sharpe=5.21 PnL=+12.2% ★
  · ema_crossover: sign-flip (+8.74→-3.69) (train=+8.74 held_pnl=-17.2%)
  · price_channel_with_atr: sign-flip (+11.95→-6.21) (train=+11.95 held_pnl=-26.4%)

  Sweep #375 PASS candidates: 1
    volume_breakout: train Sharpe=9.44 → held-out PnL=+12.2%
      params: atr_period=18_atr_stop_mult=2.9119_exit_lookback_n=9_lookback_n=10_vol_mult=1.3469_vol_window=16

  ★ PASS #2 в sweep #375 (продолжаем continuous)


========== SWEEP #376 (seed=418) ==========

  · donchian_raw: sign-flip (+12.24→-6.83) (train=+12.24 held_pnl=-24.3%)
  · rsi_mean_reversion: sign-flip (+20.72→-6.04) (train=+20.72 held_pnl=-16.4%)
  · bollinger_breakout: sign-flip (+26.37→-3.85) (train=+26.37 held_pnl=-13.6%)
  · bollinger_mr: sign-flip (+11.98→-5.29) (train=+11.98 held_pnl=-17.5%)
  · macd_momentum: train_fail s=-999.00 (train=+nan held_pnl=+0.0%)
  · atr_squeeze_breakout: sign-flip (+34.63→-11.61) (train=+34.63 held_pnl=-30.0%)
  · momentum_n_consec: sign-flip (+9.06→-6.16) (train=+9.06 held_pnl=-32.6%)
  · volume_breakout: sign-flip (+9.89→-7.00) (train=+9.89 held_pnl=-27.0%)
  · ema_crossover: sign-flip (+8.78→-3.37) (train=+8.78 held_pnl=-15.2%)
  · price_channel_with_atr: sign-flip (+9.66→-5.95) (train=+9.66 held_pnl=-26.3%)

  Sweep #376 PASS candidates: 0


========== SWEEP #377 (seed=419) ==========

  · donchian_raw: sign-flip (+10.28→-3.40) (train=+10.28 held_pnl=-12.3%)
  · rsi_mean_reversion: sign-flip (+31.41→-7.51) (train=+31.41 held_pnl=-54.3%)
  · bollinger_breakout: sign-flip (+27.93→-1.48) (train=+27.93 held_pnl=-3.9%)
  · bollinger_mr: sign-flip (+8.45→-3.04) (train=+8.45 held_pnl=-10.3%)
  · macd_momentum: train_fail s=-999.00 (train=+nan held_pnl=+0.0%)
  · atr_squeeze_breakout: sign-flip (+28.35→-7.37) (train=+28.35 held_pnl=-13.8%)
  · momentum_n_consec: sign-flip (+13.53→-6.57) (train=+13.53 held_pnl=-30.1%)
  · volume_breakout: sign-flip (+10.46→-7.09) (train=+10.46 held_pnl=-21.1%)
  · ema_crossover: sign-flip (+8.00→-4.61) (train=+8.00 held_pnl=-31.1%)
  · price_channel_with_atr: sign-flip (+10.88→-6.25) (train=+10.88 held_pnl=-26.6%)

  Sweep #377 PASS candidates: 0


========== SWEEP #378 (seed=420) ==========

  · donchian_raw: sign-flip (+10.56→-2.62) (train=+10.56 held_pnl=-9.1%)
  · rsi_mean_reversion: sign-flip (+54.30→-7.48) (train=+54.30 held_pnl=-32.7%)
  · bollinger_breakout: sign-flip (+13.23→-2.44) (train=+13.23 held_pnl=-12.7%)
  · bollinger_mr: sign-flip (+10.00→-1.18) (train=+10.00 held_pnl=-4.8%)
  · macd_momentum: train_fail s=-999.00 (train=+nan held_pnl=+0.0%)
  · atr_squeeze_breakout: sign-flip (+31.94→-11.01) (train=+31.94 held_pnl=-18.4%)
  · momentum_n_consec: sign-flip (+10.59→-5.50) (train=+10.59 held_pnl=-26.0%)
  · volume_breakout: PnL fail (+2.9% < 10.0%) (train=+8.52 held_pnl=+2.9%)
  · ema_crossover: sign-flip (+7.33→-6.35) (train=+7.33 held_pnl=-33.0%)
  · price_channel_with_atr: sign-flip (+8.30→-3.61) (train=+8.30 held_pnl=-15.4%)

  Sweep #378 PASS candidates: 0


========== SWEEP #379 (seed=421) ==========

  · donchian_raw: sign-flip (+10.64→-5.63) (train=+10.64 held_pnl=-24.1%)
  · rsi_mean_reversion: sign-flip (+17.43→-4.63) (train=+17.43 held_pnl=-30.0%)
  · bollinger_breakout: sign-flip (+12.78→-2.67) (train=+12.78 held_pnl=-13.8%)
  · bollinger_mr: sign-flip (+10.92→-1.02) (train=+10.92 held_pnl=-3.3%)
  · macd_momentum: train_fail s=-999.00 (train=+nan held_pnl=+0.0%)
  · atr_squeeze_breakout: sign-flip (+32.67→-7.77) (train=+32.67 held_pnl=-13.6%)
  · momentum_n_consec: sign-flip (+11.87→-7.03) (train=+11.87 held_pnl=-30.7%)
  · volume_breakout: sign-flip (+9.07→-2.67) (train=+9.07 held_pnl=-8.5%)
  · ema_crossover: sign-flip (+9.02→-4.74) (train=+9.02 held_pnl=-21.1%)
  · price_channel_with_atr: sign-flip (+10.06→-4.63) (train=+10.06 held_pnl=-26.5%)

  Sweep #379 PASS candidates: 0


========== SWEEP #380 (seed=422) ==========

  · donchian_raw: sign-flip (+12.28→-6.83) (train=+12.28 held_pnl=-24.3%)
  · rsi_mean_reversion: sign-flip (+28.57→-5.54) (train=+28.57 held_pnl=-46.0%)
  · bollinger_breakout: sign-flip (+14.81→-1.56) (train=+14.81 held_pnl=-5.4%)
  · bollinger_mr: sign-flip (+10.80→-1.41) (train=+10.80 held_pnl=-4.2%)
  · macd_momentum: train_fail s=-999.00 (train=+nan held_pnl=+0.0%)
  · atr_squeeze_breakout: sign-flip (+31.40→-11.23) (train=+31.40 held_pnl=-19.1%)
  · momentum_n_consec: sign-flip (+10.32→-4.39) (train=+10.32 held_pnl=-21.6%)
  · volume_breakout: sign-flip (+9.23→-3.97) (train=+9.23 held_pnl=-15.4%)
  · ema_crossover: sign-flip (+6.84→-5.23) (train=+6.84 held_pnl=-37.5%)
  · price_channel_with_atr: sign-flip (+9.91→-4.31) (train=+9.91 held_pnl=-25.5%)

  Sweep #380 PASS candidates: 0


========== SWEEP #381 (seed=423) ==========

  · donchian_raw: sign-flip (+11.08→-4.30) (train=+11.08 held_pnl=-16.4%)
  · rsi_mean_reversion: sign-flip (+30.66→-6.08) (train=+30.66 held_pnl=-28.8%)
  · bollinger_breakout: sign-flip (+14.91→-5.07) (train=+14.91 held_pnl=-18.1%)
  · bollinger_mr: sign-flip (+8.98→-1.46) (train=+8.98 held_pnl=-6.6%)
  · macd_momentum: train_fail s=-999.00 (train=+nan held_pnl=+0.0%)
  · atr_squeeze_breakout: sign-flip (+31.05→-9.87) (train=+31.05 held_pnl=-46.3%)
  · momentum_n_consec: sign-flip (+9.33→-5.09) (train=+9.33 held_pnl=-25.8%)
  · volume_breakout: sign-flip (+9.35→-3.59) (train=+9.35 held_pnl=-11.1%)
  · ema_crossover: sign-flip (+6.50→-5.96) (train=+6.50 held_pnl=-39.4%)
  · price_channel_with_atr: sign-flip (+9.28→-1.98) (train=+9.28 held_pnl=-10.0%)

  Sweep #381 PASS candidates: 0


========== SWEEP #382 (seed=424) ==========

  · donchian_raw: sign-flip (+11.41→-3.10) (train=+11.41 held_pnl=-11.2%)
  · rsi_mean_reversion: sign-flip (+41.06→-6.95) (train=+41.06 held_pnl=-52.4%)
  · bollinger_breakout: sign-flip (+14.03→-3.03) (train=+14.03 held_pnl=-11.2%)
  · bollinger_mr: sign-flip (+9.18→-1.84) (train=+9.18 held_pnl=-7.5%)
  · macd_momentum: train_fail s=-999.00 (train=+nan held_pnl=+0.0%)
  · atr_squeeze_breakout: sign-flip (+32.63→-9.80) (train=+32.63 held_pnl=-19.9%)
  · momentum_n_consec: sign-flip (+10.37→-5.37) (train=+10.37 held_pnl=-26.2%)
  · volume_breakout: sign-flip (+9.80→-6.26) (train=+9.80 held_pnl=-21.4%)
  · ema_crossover: sign-flip (+9.02→-4.74) (train=+9.02 held_pnl=-21.1%)
  · price_channel_with_atr: sign-flip (+8.87→-8.19) (train=+8.87 held_pnl=-35.3%)

  Sweep #382 PASS candidates: 0


========== SWEEP #383 (seed=425) ==========

  · donchian_raw: sign-flip (+12.38→-6.83) (train=+12.38 held_pnl=-24.3%)
  · rsi_mean_reversion: sign-flip (+29.02→-5.50) (train=+29.02 held_pnl=-38.7%)
  · bollinger_breakout: sign-flip (+12.52→-0.54) (train=+12.52 held_pnl=-2.7%)
  · bollinger_mr: sign-flip (+8.98→-3.10) (train=+8.98 held_pnl=-15.2%)
  · macd_momentum: train_fail s=-999.00 (train=+nan held_pnl=+0.0%)
  · atr_squeeze_breakout: sign-flip (+31.71→-12.15) (train=+31.71 held_pnl=-20.6%)
  · momentum_n_consec: sign-flip (+10.87→-4.75) (train=+10.87 held_pnl=-23.3%)
  · volume_breakout: sign-flip (+8.98→-2.41) (train=+8.98 held_pnl=-7.3%)
  · ema_crossover: sign-flip (+6.92→-4.66) (train=+6.92 held_pnl=-23.5%)
  · price_channel_with_atr: sign-flip (+10.99→-6.28) (train=+10.99 held_pnl=-26.8%)

  Sweep #383 PASS candidates: 0


========== SWEEP #384 (seed=426) ==========

  · donchian_raw: sign-flip (+11.81→-2.09) (train=+11.81 held_pnl=-8.0%)
  · rsi_mean_reversion: sign-flip (+62.25→-7.67) (train=+62.25 held_pnl=-34.9%)
  · bollinger_breakout: sign-flip (+15.09→-5.06) (train=+15.09 held_pnl=-21.8%)
  · bollinger_mr: sign-flip (+11.35→-1.11) (train=+11.35 held_pnl=-4.0%)
  · macd_momentum: train_fail s=-999.00 (train=+nan held_pnl=+0.0%)
  · atr_squeeze_breakout: sign-flip (+35.62→-9.67) (train=+35.62 held_pnl=-20.3%)
  · momentum_n_consec: sign-flip (+10.21→-5.40) (train=+10.21 held_pnl=-27.2%)
  · volume_breakout: sign-flip (+9.01→-3.15) (train=+9.01 held_pnl=-16.1%)
  · ema_crossover: sign-flip (+6.22→-5.85) (train=+6.22 held_pnl=-42.9%)
  · price_channel_with_atr: sign-flip (+10.85→-6.16) (train=+10.85 held_pnl=-26.0%)

  Sweep #384 PASS candidates: 0


========== SWEEP #385 (seed=427) ==========

  · donchian_raw: sign-flip (+11.80→-5.72) (train=+11.80 held_pnl=-24.4%)
  · rsi_mean_reversion: sign-flip (+8.18→-4.73) (train=+8.18 held_pnl=-45.3%)
  · bollinger_breakout: sign-flip (+13.36→-1.68) (train=+13.36 held_pnl=-8.9%)
  · bollinger_mr: sign-flip (+8.78→-3.54) (train=+8.78 held_pnl=-14.4%)
  · macd_momentum: train_fail s=-999.00 (train=+nan held_pnl=+0.0%)
  · atr_squeeze_breakout: sign-flip (+29.30→-9.88) (train=+29.30 held_pnl=-32.3%)
  · momentum_n_consec: sign-flip (+14.13→-6.88) (train=+14.13 held_pnl=-30.7%)
  · volume_breakout: sign-flip (+8.74→-1.78) (train=+8.74 held_pnl=-6.1%)
  · ema_crossover: sign-flip (+7.97→-6.35) (train=+7.97 held_pnl=-33.0%)
  · price_channel_with_atr: sign-flip (+11.15→-6.16) (train=+11.15 held_pnl=-26.0%)

  Sweep #385 PASS candidates: 0


========== SWEEP #386 (seed=428) ==========

  · donchian_raw: sign-flip (+11.33→-6.83) (train=+11.33 held_pnl=-24.3%)
  · rsi_mean_reversion: sign-flip (+9.55→-3.47) (train=+9.55 held_pnl=-23.5%)
  · bollinger_breakout: sign-flip (+14.60→-5.29) (train=+14.60 held_pnl=-20.1%)
  · bollinger_mr: sign-flip (+9.76→-3.57) (train=+9.76 held_pnl=-11.4%)
  · macd_momentum: train_fail s=-999.00 (train=+nan held_pnl=+0.0%)
  · atr_squeeze_breakout: sign-flip (+27.79→-8.93) (train=+27.79 held_pnl=-34.1%)
  · momentum_n_consec: sign-flip (+10.14→-4.80) (train=+10.14 held_pnl=-23.5%)
  · volume_breakout: sign-flip (+7.92→-2.12) (train=+7.92 held_pnl=-8.1%)
  · ema_crossover: sign-flip (+8.63→-4.54) (train=+8.63 held_pnl=-25.4%)
  · price_channel_with_atr: sign-flip (+10.82→-6.27) (train=+10.82 held_pnl=-25.8%)

  Sweep #386 PASS candidates: 0


========== SWEEP #387 (seed=429) ==========

  · donchian_raw: sign-flip (+10.37→-2.86) (train=+10.37 held_pnl=-10.4%)
  · rsi_mean_reversion: sign-flip (+4.36→-5.19) (train=+4.36 held_pnl=-49.4%)
  · bollinger_breakout: sign-flip (+14.77→-5.15) (train=+14.77 held_pnl=-19.1%)
  · bollinger_mr: sign-flip (+8.10→-3.13) (train=+8.10 held_pnl=-14.3%)
  · macd_momentum: train_fail s=-999.00 (train=+nan held_pnl=+0.0%)
  · atr_squeeze_breakout: sign-flip (+27.88→-8.96) (train=+27.88 held_pnl=-39.0%)
  · momentum_n_consec: sign-flip (+8.38→-4.15) (train=+8.38 held_pnl=-25.3%)
  · volume_breakout: sign-flip (+9.98→-1.82) (train=+9.98 held_pnl=-5.6%)
  · ema_crossover: sign-flip (+8.63→-4.54) (train=+8.63 held_pnl=-25.4%)
  · price_channel_with_atr: sign-flip (+11.68→-5.68) (train=+11.68 held_pnl=-24.4%)

  Sweep #387 PASS candidates: 0


========== SWEEP #388 (seed=430) ==========

  · donchian_raw: sign-flip (+11.03→-5.77) (train=+11.03 held_pnl=-23.9%)
  · rsi_mean_reversion: sign-flip (+62.33→-7.44) (train=+62.33 held_pnl=-36.8%)
  · bollinger_breakout: sign-flip (+14.06→-5.54) (train=+14.06 held_pnl=-23.6%)
  · bollinger_mr: sign-flip (+11.33→-1.50) (train=+11.33 held_pnl=-5.6%)
  · macd_momentum: train_fail s=-999.00 (train=+nan held_pnl=+0.0%)
  · atr_squeeze_breakout: sign-flip (+32.09→-8.81) (train=+32.09 held_pnl=-19.1%)
  · momentum_n_consec: sign-flip (+10.44→-6.24) (train=+10.44 held_pnl=-31.3%)
  · volume_breakout: sign-flip (+7.97→-4.40) (train=+7.97 held_pnl=-13.9%)
  · ema_crossover: sign-flip (+7.70→-6.67) (train=+7.70 held_pnl=-34.5%)
  · price_channel_with_atr: sign-flip (+10.08→-4.76) (train=+10.08 held_pnl=-27.7%)

  Sweep #388 PASS candidates: 0


========== SWEEP #389 (seed=431) ==========

  · donchian_raw: sign-flip (+11.65→-5.00) (train=+11.65 held_pnl=-19.5%)
  · rsi_mean_reversion: sign-flip (+79.59→-5.31) (train=+79.59 held_pnl=-28.2%)
  · bollinger_breakout: sign-flip (+13.86→-0.92) (train=+13.86 held_pnl=-3.0%)
  · bollinger_mr: sign-flip (+10.57→-0.53) (train=+10.57 held_pnl=-1.8%)
  · macd_momentum: train_fail s=-999.00 (train=+nan held_pnl=+0.0%)
  · atr_squeeze_breakout: sign-flip (+31.97→-7.66) (train=+31.97 held_pnl=-28.2%)
  · momentum_n_consec: PnL fail (+2.1% < 10.0%) (train=+9.62 held_pnl=+2.1%)
  · volume_breakout: sign-flip (+9.44→-3.37) (train=+9.44 held_pnl=-19.1%)
  · ema_crossover: sign-flip (+6.72→-5.61) (train=+6.72 held_pnl=-43.3%)
  · price_channel_with_atr: sign-flip (+10.31→-4.22) (train=+10.31 held_pnl=-17.1%)

  Sweep #389 PASS candidates: 0


========== SWEEP #390 (seed=432) ==========

  · donchian_raw: sign-flip (+10.12→-4.40) (train=+10.12 held_pnl=-25.5%)
  · rsi_mean_reversion: sign-flip (+35.35→-8.29) (train=+35.35 held_pnl=-41.5%)
  · bollinger_breakout: sign-flip (+14.03→-2.86) (train=+14.03 held_pnl=-14.3%)
  · bollinger_mr: sign-flip (+10.08→-6.58) (train=+10.08 held_pnl=-19.0%)
  · macd_momentum: train_fail s=-999.00 (train=+nan held_pnl=+0.0%)
  · atr_squeeze_breakout: sign-flip (+29.76→-8.27) (train=+29.76 held_pnl=-14.7%)
  · momentum_n_consec: sign-flip (+14.61→-6.30) (train=+14.61 held_pnl=-27.9%)
  · volume_breakout: sign-flip (+8.95→-5.81) (train=+8.95 held_pnl=-24.6%)
  · ema_crossover: sign-flip (+8.63→-4.42) (train=+8.63 held_pnl=-26.9%)
  · price_channel_with_atr: sign-flip (+8.39→-5.02) (train=+8.39 held_pnl=-16.4%)

  Sweep #390 PASS candidates: 0


========== SWEEP #391 (seed=433) ==========

  · donchian_raw: sign-flip (+11.68→-5.65) (train=+11.68 held_pnl=-24.0%)
  · rsi_mean_reversion: sign-flip (+4.59→-3.34) (train=+4.59 held_pnl=-27.3%)
  · bollinger_breakout: sign-flip (+17.51→-2.66) (train=+17.51 held_pnl=-14.4%)
  · bollinger_mr: sign-flip (+9.58→-2.26) (train=+9.58 held_pnl=-7.6%)
  · macd_momentum: train_fail s=-999.00 (train=+nan held_pnl=+0.0%)
  · atr_squeeze_breakout: sign-flip (+35.42→-5.58) (train=+35.42 held_pnl=-14.4%)
  · momentum_n_consec: sign-flip (+13.21→-6.36) (train=+13.21 held_pnl=-28.8%)
  · volume_breakout: sign-flip (+11.78→-5.18) (train=+11.78 held_pnl=-20.9%)
  · ema_crossover: sign-flip (+8.63→-4.47) (train=+8.63 held_pnl=-26.5%)
  · price_channel_with_atr: sign-flip (+10.05→-7.46) (train=+10.05 held_pnl=-30.6%)

  Sweep #391 PASS candidates: 0


========== SWEEP #392 (seed=434) ==========

  · donchian_raw: sign-flip (+11.89→-3.34) (train=+11.89 held_pnl=-12.6%)
  · rsi_mean_reversion: sign-flip (+13.83→-14.21) (train=+13.83 held_pnl=-35.2%)
  · bollinger_breakout: sign-flip (+15.22→-2.27) (train=+15.22 held_pnl=-8.6%)
  · bollinger_mr: sign-flip (+11.09→-0.73) (train=+11.09 held_pnl=-2.7%)
  · macd_momentum: train_fail s=-999.00 (train=+nan held_pnl=+0.0%)
  · atr_squeeze_breakout: sign-flip (+28.24→-9.06) (train=+28.24 held_pnl=-14.5%)
  · momentum_n_consec: sign-flip (+10.54→-4.04) (train=+10.54 held_pnl=-20.5%)
  · volume_breakout: sign-flip (+11.81→-2.83) (train=+11.81 held_pnl=-8.1%)
  · ema_crossover: sign-flip (+8.00→-5.39) (train=+8.00 held_pnl=-24.6%)
  · price_channel_with_atr: sign-flip (+8.94→-2.14) (train=+8.94 held_pnl=-6.7%)

  Sweep #392 PASS candidates: 0


========== SWEEP #393 (seed=435) ==========

  · donchian_raw: sign-flip (+11.75→-1.61) (train=+11.75 held_pnl=-5.6%)
  · rsi_mean_reversion: sign-flip (+31.45→-6.90) (train=+31.45 held_pnl=-37.9%)
  · bollinger_breakout: sign-flip (+15.47→-2.02) (train=+15.47 held_pnl=-10.1%)
  · bollinger_mr: sign-flip (+7.91→-3.28) (train=+7.91 held_pnl=-12.2%)
  · macd_momentum: train_fail s=-999.00 (train=+nan held_pnl=+0.0%)
  · atr_squeeze_breakout: sign-flip (+30.50→-6.77) (train=+30.50 held_pnl=-12.6%)
  · momentum_n_consec: sign-flip (+10.30→-5.18) (train=+10.30 held_pnl=-26.6%)
  · volume_breakout: sign-flip (+8.94→-3.96) (train=+8.94 held_pnl=-21.1%)
  · ema_crossover: sign-flip (+8.63→-4.48) (train=+8.63 held_pnl=-26.4%)
  · price_channel_with_atr: sign-flip (+8.51→-2.31) (train=+8.51 held_pnl=-8.1%)

  Sweep #393 PASS candidates: 0


========== SWEEP #394 (seed=436) ==========

  · donchian_raw: sign-flip (+11.93→-3.40) (train=+11.93 held_pnl=-13.2%)
  · rsi_mean_reversion: sign-flip (+8.89→-4.45) (train=+8.89 held_pnl=-30.6%)
  · bollinger_breakout: sign-flip (+13.30→-4.66) (train=+13.30 held_pnl=-16.1%)
  · bollinger_mr: sign-flip (+11.34→-0.79) (train=+11.34 held_pnl=-2.6%)
  · macd_momentum: train_fail s=-999.00 (train=+nan held_pnl=+0.0%)
  · atr_squeeze_breakout: sign-flip (+24.15→-4.89) (train=+24.15 held_pnl=-20.0%)
  · momentum_n_consec: sign-flip (+10.03→-5.77) (train=+10.03 held_pnl=-28.3%)
  ★ volume_breakout: PASS held-out Sharpe=5.80 PnL=+13.9% ★
  · ema_crossover: sign-flip (+8.78→-3.37) (train=+8.78 held_pnl=-15.2%)
  · price_channel_with_atr: sign-flip (+10.08→-4.16) (train=+10.08 held_pnl=-17.0%)

  Sweep #394 PASS candidates: 1
    volume_breakout: train Sharpe=8.67 → held-out PnL=+13.9%
      params: atr_period=11_atr_stop_mult=2.8684_exit_lookback_n=9_lookback_n=11_vol_mult=1.4937_vol_window=11

  ★ PASS #3 в sweep #394 (продолжаем continuous)


========== SWEEP #395 (seed=437) ==========

  · donchian_raw: sign-flip (+11.40→-6.11) (train=+11.40 held_pnl=-24.5%)
  · rsi_mean_reversion: sign-flip (+54.09→-6.07) (train=+54.09 held_pnl=-27.5%)
  · bollinger_breakout: sign-flip (+13.84→-4.69) (train=+13.84 held_pnl=-17.6%)
  · bollinger_mr: sign-flip (+9.03→-1.44) (train=+9.03 held_pnl=-5.3%)
  · macd_momentum: train_fail s=-999.00 (train=+nan held_pnl=+0.0%)
  · atr_squeeze_breakout: sign-flip (+31.59→-9.61) (train=+31.59 held_pnl=-38.6%)
  · momentum_n_consec: sign-flip (+9.99→-5.79) (train=+9.99 held_pnl=-28.5%)
  · volume_breakout: sign-flip (+9.69→-0.20) (train=+9.69 held_pnl=-0.5%)
  · ema_crossover: sign-flip (+9.02→-4.74) (train=+9.02 held_pnl=-21.1%)
  · price_channel_with_atr: sign-flip (+10.19→-6.11) (train=+10.19 held_pnl=-26.1%)

  Sweep #395 PASS candidates: 0


========== SWEEP #396 (seed=438) ==========

  · donchian_raw: sign-flip (+11.80→-3.10) (train=+11.80 held_pnl=-11.2%)
  · rsi_mean_reversion: sign-flip (+27.07→-6.23) (train=+27.07 held_pnl=-41.6%)
  · bollinger_breakout: sign-flip (+14.79→-4.47) (train=+14.79 held_pnl=-15.8%)
  · bollinger_mr: sign-flip (+6.11→-2.23) (train=+6.11 held_pnl=-13.0%)
  · macd_momentum: train_fail s=-999.00 (train=+nan held_pnl=+0.0%)
  · atr_squeeze_breakout: sign-flip (+28.11→-7.86) (train=+28.11 held_pnl=-30.8%)
  · momentum_n_consec: PnL fail (+2.0% < 10.0%) (train=+9.62 held_pnl=+2.0%)
  · volume_breakout: PnL fail (+0.3% < 10.0%) (train=+8.04 held_pnl=+0.3%)
  · ema_crossover: sign-flip (+8.00→-4.56) (train=+8.00 held_pnl=-32.5%)
  · price_channel_with_atr: sign-flip (+10.03→-6.18) (train=+10.03 held_pnl=-26.6%)

  Sweep #396 PASS candidates: 0


========== SWEEP #397 (seed=439) ==========

  · donchian_raw: sign-flip (+11.17→-6.24) (train=+11.17 held_pnl=-26.2%)
  · rsi_mean_reversion: sign-flip (+19.61→-3.67) (train=+19.61 held_pnl=-19.7%)
  · bollinger_breakout: sign-flip (+14.84→-5.88) (train=+14.84 held_pnl=-21.7%)
  · bollinger_mr: sign-flip (+10.32→-1.73) (train=+10.32 held_pnl=-6.3%)
  · macd_momentum: train_fail s=-999.00 (train=+nan held_pnl=+0.0%)
  · atr_squeeze_breakout: sign-flip (+29.63→-8.68) (train=+29.63 held_pnl=-33.4%)
  · momentum_n_consec: sign-flip (+10.62→-4.94) (train=+10.62 held_pnl=-24.7%)
  ★ volume_breakout: PASS held-out Sharpe=7.06 PnL=+16.5% ★
  · ema_crossover: sign-flip (+8.78→-3.37) (train=+8.78 held_pnl=-15.2%)
  · price_channel_with_atr: sign-flip (+11.12→-5.91) (train=+11.12 held_pnl=-26.4%)

  Sweep #397 PASS candidates: 1
    volume_breakout: train Sharpe=8.32 → held-out PnL=+16.5%
      params: atr_period=11_atr_stop_mult=2.4348_exit_lookback_n=8_lookback_n=9_vol_mult=1.41_vol_window=11

  ★ PASS #4 в sweep #397 (продолжаем continuous)


========== SWEEP #398 (seed=440) ==========

  · donchian_raw: sign-flip (+11.90→-5.74) (train=+11.90 held_pnl=-24.1%)
  · rsi_mean_reversion: sign-flip (+81.76→-7.20) (train=+81.76 held_pnl=-42.5%)
  · bollinger_breakout: sign-flip (+14.03→-3.97) (train=+14.03 held_pnl=-14.7%)
  · bollinger_mr: PnL fail (+2.3% < 10.0%) (train=+11.41 held_pnl=+2.3%)
  · macd_momentum: train_fail s=-999.00 (train=+nan held_pnl=+0.0%)
  · atr_squeeze_breakout: sign-flip (+30.64→-7.66) (train=+30.64 held_pnl=-27.0%)
  · momentum_n_consec: sign-flip (+9.56→-5.21) (train=+9.56 held_pnl=-24.3%)
  · volume_breakout: PnL fail (+9.6% < 10.0%) (train=+9.01 held_pnl=+9.6%)
  · ema_crossover: sign-flip (+8.51→-3.99) (train=+8.51 held_pnl=-18.9%)
  · price_channel_with_atr: sign-flip (+9.91→-4.59) (train=+9.91 held_pnl=-27.1%)

  Sweep #398 PASS candidates: 0


========== SWEEP #399 (seed=441) ==========

  · donchian_raw: sign-flip (+11.79→-1.98) (train=+11.79 held_pnl=-7.3%)
  · rsi_mean_reversion: sign-flip (+29.31→-5.68) (train=+29.31 held_pnl=-33.1%)
  · bollinger_breakout: sign-flip (+11.91→-1.76) (train=+11.91 held_pnl=-8.9%)
  · bollinger_mr: sign-flip (+9.99→-4.14) (train=+9.99 held_pnl=-13.4%)
  · macd_momentum: train_fail s=-999.00 (train=+nan held_pnl=+0.0%)
  · atr_squeeze_breakout: sign-flip (+32.10→-8.32) (train=+32.10 held_pnl=-29.5%)
  · momentum_n_consec: sign-flip (+9.79→-5.30) (train=+9.79 held_pnl=-26.5%)
  · volume_breakout: sign-flip (+7.35→-3.79) (train=+7.35 held_pnl=-12.0%)
  · ema_crossover: sign-flip (+8.32→-4.12) (train=+8.32 held_pnl=-22.1%)
  · price_channel_with_atr: sign-flip (+9.82→-7.80) (train=+9.82 held_pnl=-32.8%)

  Sweep #399 PASS candidates: 0


========== SWEEP #400 (seed=442) ==========

  · donchian_raw: sign-flip (+11.56→-6.13) (train=+11.56 held_pnl=-24.3%)
  · rsi_mean_reversion: sign-flip (+67.57→-8.04) (train=+67.57 held_pnl=-39.4%)
  · bollinger_breakout: sign-flip (+14.03→-1.75) (train=+14.03 held_pnl=-9.4%)
  · bollinger_mr: sign-flip (+11.91→-0.97) (train=+11.91 held_pnl=-3.5%)
  · macd_momentum: train_fail s=-999.00 (train=+nan held_pnl=+0.0%)
  · atr_squeeze_breakout: sign-flip (+33.89→-11.73) (train=+33.89 held_pnl=-24.1%)
  · momentum_n_consec: sign-flip (+10.10→-5.15) (train=+10.10 held_pnl=-33.0%)
  ★ volume_breakout: PASS held-out Sharpe=7.24 PnL=+14.8% ★
  · ema_crossover: sign-flip (+9.02→-4.74) (train=+9.02 held_pnl=-21.1%)
  · price_channel_with_atr: sign-flip (+10.13→-4.81) (train=+10.13 held_pnl=-28.1%)

  Sweep #400 PASS candidates: 1
    volume_breakout: train Sharpe=9.48 → held-out PnL=+14.8%
      params: atr_period=16_atr_stop_mult=3.1344_exit_lookback_n=8_lookback_n=9_vol_mult=1.3855_vol_window=13

  ★ PASS #5 в sweep #400 (продолжаем continuous)


========== SWEEP #401 (seed=443) ==========

  · donchian_raw: sign-flip (+9.95→-1.77) (train=+9.95 held_pnl=-6.4%)
  · rsi_mean_reversion: sign-flip (+30.37→-8.26) (train=+30.37 held_pnl=-28.9%)
  · bollinger_breakout: sign-flip (+14.57→-5.49) (train=+14.57 held_pnl=-19.9%)
  · bollinger_mr: sign-flip (+10.12→-0.56) (train=+10.12 held_pnl=-1.5%)
  · macd_momentum: train_fail s=-999.00 (train=+nan held_pnl=+0.0%)
  · atr_squeeze_breakout: sign-flip (+25.11→-6.55) (train=+25.11 held_pnl=-16.9%)
  · momentum_n_consec: sign-flip (+10.00→-5.71) (train=+10.00 held_pnl=-27.6%)
  · volume_breakout: sign-flip (+8.22→-5.11) (train=+8.22 held_pnl=-17.4%)
  · ema_crossover: sign-flip (+8.00→-5.39) (train=+8.00 held_pnl=-24.6%)
  · price_channel_with_atr: sign-flip (+9.66→-3.22) (train=+9.66 held_pnl=-9.4%)

  Sweep #401 PASS candidates: 0


========== SWEEP #402 (seed=444) ==========

  · donchian_raw: sign-flip (+10.14→-3.20) (train=+10.14 held_pnl=-12.2%)
  · rsi_mean_reversion: sign-flip (+79.67→-3.96) (train=+79.67 held_pnl=-20.5%)
  · bollinger_breakout: sign-flip (+13.53→-6.28) (train=+13.53 held_pnl=-23.9%)
  · bollinger_mr: sign-flip (+11.82→-0.34) (train=+11.82 held_pnl=-1.2%)
  · macd_momentum: train_fail s=-999.00 (train=+nan held_pnl=+0.0%)
  · atr_squeeze_breakout: sign-flip (+32.94→-9.22) (train=+32.94 held_pnl=-18.4%)
  · momentum_n_consec: sign-flip (+13.68→-6.44) (train=+13.68 held_pnl=-29.2%)
  · volume_breakout: sign-flip (+8.13→-1.84) (train=+8.13 held_pnl=-6.3%)
  · ema_crossover: sign-flip (+6.72→-5.61) (train=+6.72 held_pnl=-43.3%)
  · price_channel_with_atr: sign-flip (+9.09→-2.76) (train=+9.09 held_pnl=-8.2%)

  Sweep #402 PASS candidates: 0


========== SWEEP #403 (seed=445) ==========

  · donchian_raw: sign-flip (+10.69→-5.66) (train=+10.69 held_pnl=-24.0%)
  · rsi_mean_reversion: sign-flip (+28.47→-4.12) (train=+28.47 held_pnl=-16.9%)
  · bollinger_breakout: sign-flip (+14.79→-5.59) (train=+14.79 held_pnl=-21.5%)
  · bollinger_mr: sign-flip (+8.80→-1.25) (train=+8.80 held_pnl=-7.9%)
  · macd_momentum: train_fail s=-999.00 (train=+nan held_pnl=+0.0%)
  · atr_squeeze_breakout: sign-flip (+28.77→-5.83) (train=+28.77 held_pnl=-19.9%)
  · momentum_n_consec: sign-flip (+10.33→-4.38) (train=+10.33 held_pnl=-21.5%)
  · volume_breakout: PnL fail (+8.0% < 10.0%) (train=+8.36 held_pnl=+8.0%)
  · ema_crossover: sign-flip (+9.83→-7.43) (train=+9.83 held_pnl=-31.4%)
  · price_channel_with_atr: sign-flip (+11.62→-5.97) (train=+11.62 held_pnl=-26.2%)

  Sweep #403 PASS candidates: 0


========== SWEEP #404 (seed=446) ==========

  · donchian_raw: sign-flip (+10.92→-4.10) (train=+10.92 held_pnl=-14.7%)
  · rsi_mean_reversion: sign-flip (+28.57→-6.95) (train=+28.57 held_pnl=-48.1%)
  · bollinger_breakout: sign-flip (+14.18→-2.14) (train=+14.18 held_pnl=-7.7%)
  · bollinger_mr: sign-flip (+7.55→-4.14) (train=+7.55 held_pnl=-14.4%)
  · macd_momentum: train_fail s=-999.00 (train=+nan held_pnl=+0.0%)
  · atr_squeeze_breakout: sign-flip (+28.54→-7.96) (train=+28.54 held_pnl=-24.8%)
  · momentum_n_consec: sign-flip (+10.10→-6.19) (train=+10.10 held_pnl=-32.3%)
  · volume_breakout: sign-flip (+9.43→-4.83) (train=+9.43 held_pnl=-15.8%)
  · ema_crossover: sign-flip (+7.97→-3.42) (train=+7.97 held_pnl=-15.2%)
  · price_channel_with_atr: sign-flip (+11.84→-7.36) (train=+11.84 held_pnl=-32.4%)

  Sweep #404 PASS candidates: 0


========== SWEEP #405 (seed=447) ==========

  · donchian_raw: sign-flip (+11.62→-5.66) (train=+11.62 held_pnl=-24.0%)
  · rsi_mean_reversion: sign-flip (+19.72→-9.71) (train=+19.72 held_pnl=-38.0%)
  · bollinger_breakout: sign-flip (+14.20→-3.25) (train=+14.20 held_pnl=-12.0%)
  · bollinger_mr: sign-flip (+12.22→-1.96) (train=+12.22 held_pnl=-6.7%)
  · macd_momentum: train_fail s=-999.00 (train=+nan held_pnl=+0.0%)
  · atr_squeeze_breakout: sign-flip (+31.73→-6.53) (train=+31.73 held_pnl=-12.4%)
  · momentum_n_consec: sign-flip (+10.50→-5.32) (train=+10.50 held_pnl=-26.5%)
  · volume_breakout: sign-flip (+10.53→-7.31) (train=+10.53 held_pnl=-32.5%)
  · ema_crossover: sign-flip (+9.02→-4.74) (train=+9.02 held_pnl=-21.1%)
  · price_channel_with_atr: sign-flip (+8.01→-5.30) (train=+8.01 held_pnl=-30.9%)

  Sweep #405 PASS candidates: 0


========== SWEEP #406 (seed=448) ==========

  · donchian_raw: sign-flip (+11.76→-3.10) (train=+11.76 held_pnl=-11.2%)
  · rsi_mean_reversion: sign-flip (+13.48→-12.64) (train=+13.48 held_pnl=-40.4%)
  · bollinger_breakout: PnL fail (+1.2% < 10.0%) (train=+12.43 held_pnl=+1.2%)
  · bollinger_mr: sign-flip (+9.45→-1.97) (train=+9.45 held_pnl=-8.2%)
  · macd_momentum: train_fail s=-999.00 (train=+nan held_pnl=+0.0%)
  · atr_squeeze_breakout: sign-flip (+31.96→-8.27) (train=+31.96 held_pnl=-16.9%)
  · momentum_n_consec: sign-flip (+10.01→-4.25) (train=+10.01 held_pnl=-25.0%)
  · volume_breakout: sign-flip (+7.55→-0.43) (train=+7.55 held_pnl=-1.1%)
  · ema_crossover: sign-flip (+8.00→-4.55) (train=+8.00 held_pnl=-32.7%)
  · price_channel_with_atr: sign-flip (+9.40→-4.81) (train=+9.40 held_pnl=-20.1%)

  Sweep #406 PASS candidates: 0


========== SWEEP #407 (seed=449) ==========

  · donchian_raw: sign-flip (+11.24→-6.83) (train=+11.24 held_pnl=-24.3%)
  · rsi_mean_reversion: sign-flip (+75.10→-14.46) (train=+75.10 held_pnl=-35.1%)
  · bollinger_breakout: sign-flip (+12.86→-2.51) (train=+12.86 held_pnl=-12.9%)
  · bollinger_mr: sign-flip (+10.62→-0.18) (train=+10.62 held_pnl=-0.6%)
  · macd_momentum: train_fail s=-999.00 (train=+nan held_pnl=+0.0%)
  · atr_squeeze_breakout: sign-flip (+31.98→-10.51) (train=+31.98 held_pnl=-24.0%)
  · momentum_n_consec: sign-flip (+8.66→-3.96) (train=+8.66 held_pnl=-26.4%)
  · volume_breakout: sign-flip (+8.91→-2.76) (train=+8.91 held_pnl=-6.8%)
  · ema_crossover: sign-flip (+8.74→-3.69) (train=+8.74 held_pnl=-17.2%)
  · price_channel_with_atr: sign-flip (+9.34→-0.48) (train=+9.34 held_pnl=-1.6%)

  Sweep #407 PASS candidates: 0


========== SWEEP #408 (seed=450) ==========

  · donchian_raw: sign-flip (+10.75→-6.83) (train=+10.75 held_pnl=-24.3%)
  · rsi_mean_reversion: sign-flip (+15.65→-3.16) (train=+15.65 held_pnl=-20.2%)
  · bollinger_breakout: sign-flip (+15.40→-5.10) (train=+15.40 held_pnl=-18.3%)
  · bollinger_mr: sign-flip (+12.19→-1.34) (train=+12.19 held_pnl=-4.7%)
  · macd_momentum: train_fail s=-999.00 (train=+nan held_pnl=+0.0%)
  · atr_squeeze_breakout: sign-flip (+28.56→-6.53) (train=+28.56 held_pnl=-8.9%)
  · momentum_n_consec: sign-flip (+13.97→-6.47) (train=+13.97 held_pnl=-29.8%)
  · volume_breakout: sign-flip (+8.59→-3.86) (train=+8.59 held_pnl=-11.4%)
  · ema_crossover: sign-flip (+8.88→-6.88) (train=+8.88 held_pnl=-31.8%)
  · price_channel_with_atr: sign-flip (+10.24→-6.06) (train=+10.24 held_pnl=-26.1%)

  Sweep #408 PASS candidates: 0


========== SWEEP #409 (seed=451) ==========

  · donchian_raw: sign-flip (+10.81→-5.64) (train=+10.81 held_pnl=-24.2%)
  · rsi_mean_reversion: sign-flip (+11.31→-6.93) (train=+11.31 held_pnl=-37.0%)
  · bollinger_breakout: sign-flip (+15.52→-1.43) (train=+15.52 held_pnl=-7.2%)
  · bollinger_mr: sign-flip (+10.98→-0.68) (train=+10.98 held_pnl=-2.1%)
  · macd_momentum: train_fail s=-999.00 (train=+nan held_pnl=+0.0%)
  · atr_squeeze_breakout: sign-flip (+32.94→-7.72) (train=+32.94 held_pnl=-24.2%)
  · momentum_n_consec: sign-flip (+13.79→-7.01) (train=+13.79 held_pnl=-31.9%)
  · volume_breakout: sign-flip (+10.48→-3.49) (train=+10.48 held_pnl=-11.2%)
  · ema_crossover: sign-flip (+7.89→-4.28) (train=+7.89 held_pnl=-20.6%)
  · price_channel_with_atr: sign-flip (+12.14→-6.66) (train=+12.14 held_pnl=-27.8%)

  Sweep #409 PASS candidates: 0


========== SWEEP #410 (seed=452) ==========

  · donchian_raw: sign-flip (+11.23→-3.36) (train=+11.23 held_pnl=-12.7%)
  · rsi_mean_reversion: sign-flip (+73.76→-6.37) (train=+73.76 held_pnl=-39.2%)
  · bollinger_breakout: sign-flip (+14.41→-3.28) (train=+14.41 held_pnl=-11.7%)
  · bollinger_mr: sign-flip (+10.86→-1.07) (train=+10.86 held_pnl=-4.3%)
  · macd_momentum: train_fail s=-999.00 (train=+nan held_pnl=+0.0%)
  · atr_squeeze_breakout: sign-flip (+32.34→-6.78) (train=+32.34 held_pnl=-12.9%)
  · momentum_n_consec: sign-flip (+9.43→-5.93) (train=+9.43 held_pnl=-29.6%)
  · volume_breakout: sign-flip (+9.67→-3.41) (train=+9.67 held_pnl=-9.1%)
  · ema_crossover: sign-flip (+8.23→-5.09) (train=+8.23 held_pnl=-22.3%)
  · price_channel_with_atr: sign-flip (+9.37→-1.43) (train=+9.37 held_pnl=-4.7%)

  Sweep #410 PASS candidates: 0


=== FINAL (396.3s, 410000 trials, 410/100 sweeps) ===
PASS count: 5 в sweeps [345, 375, 394, 397, 400]
All PASS rows: grep '★ PASS' results.tsv | grep P6v6s
=== research search v6 — 4H multi-seed sweep (411..510) ===
PASS criterion: held-out PnL > 10.0% AND Sharpe > 0.0
Sweeps: 100 × 1000 trials = 100000 budget
Train: 5818 / Held-out: 1455


========== SWEEP #411 (seed=453) ==========

  · donchian_raw: sign-flip (+10.25→-3.21) (train=+10.25 held_pnl=-12.3%)
  · rsi_mean_reversion: sign-flip (+16.34→-7.68) (train=+16.34 held_pnl=-56.9%)
  · bollinger_breakout: sign-flip (+17.12→-2.42) (train=+17.12 held_pnl=-12.6%)
  · bollinger_mr: sign-flip (+11.02→-3.43) (train=+11.02 held_pnl=-10.0%)
  · macd_momentum: train_fail s=-999.00 (train=+nan held_pnl=+0.0%)
  · atr_squeeze_breakout: sign-flip (+29.72→-8.13) (train=+29.72 held_pnl=-13.3%)
  · momentum_n_consec: sign-flip (+11.66→-6.63) (train=+11.66 held_pnl=-29.6%)
  · volume_breakout: sign-flip (+8.33→-2.61) (train=+8.33 held_pnl=-12.4%)
  · ema_crossover: sign-flip (+8.78→-4.01) (train=+8.78 held_pnl=-19.0%)
  · price_channel_with_atr: sign-flip (+11.08→-6.20) (train=+11.08 held_pnl=-26.7%)

  Sweep #411 PASS candidates: 0


========== SWEEP #412 (seed=454) ==========

  · donchian_raw: sign-flip (+10.80→-2.06) (train=+10.80 held_pnl=-7.2%)
  · rsi_mean_reversion: sign-flip (+11.82→-4.03) (train=+11.82 held_pnl=-36.4%)
  · bollinger_breakout: sign-flip (+12.89→-1.68) (train=+12.89 held_pnl=-8.3%)
  · bollinger_mr: sign-flip (+10.76→-6.48) (train=+10.76 held_pnl=-18.8%)
  · macd_momentum: train_fail s=-999.00 (train=+nan held_pnl=+0.0%)
  · atr_squeeze_breakout: sign-flip (+27.00→-8.69) (train=+27.00 held_pnl=-33.5%)
  · momentum_n_consec: sign-flip (+10.62→-4.54) (train=+10.62 held_pnl=-22.5%)
  · volume_breakout: PnL fail (+5.0% < 10.0%) (train=+10.36 held_pnl=+5.0%)
  · ema_crossover: sign-flip (+8.32→-4.12) (train=+8.32 held_pnl=-22.1%)
  · price_channel_with_atr: sign-flip (+9.17→-5.61) (train=+9.17 held_pnl=-22.8%)

  Sweep #412 PASS candidates: 0


========== SWEEP #413 (seed=455) ==========

  · donchian_raw: sign-flip (+11.09→-1.04) (train=+11.09 held_pnl=-3.6%)
  · rsi_mean_reversion: sign-flip (+81.32→-8.05) (train=+81.32 held_pnl=-37.9%)
  · bollinger_breakout: sign-flip (+27.80→-0.34) (train=+27.80 held_pnl=-0.8%)
  · bollinger_mr: sign-flip (+9.27→-2.72) (train=+9.27 held_pnl=-12.1%)
  · macd_momentum: train_fail s=-999.00 (train=+nan held_pnl=+0.0%)
  · atr_squeeze_breakout: sign-flip (+29.56→-4.22) (train=+29.56 held_pnl=-10.6%)
  · momentum_n_consec: sign-flip (+10.03→-5.14) (train=+10.03 held_pnl=-32.9%)
  · volume_breakout: PnL fail (+1.9% < 10.0%) (train=+9.31 held_pnl=+1.9%)
  · ema_crossover: sign-flip (+7.97→-3.42) (train=+7.97 held_pnl=-15.2%)
  · price_channel_with_atr: sign-flip (+9.26→-4.22) (train=+9.26 held_pnl=-16.9%)

  Sweep #413 PASS candidates: 0


========== SWEEP #414 (seed=456) ==========

  · donchian_raw: sign-flip (+11.94→-3.39) (train=+11.94 held_pnl=-13.1%)
  · rsi_mean_reversion: sign-flip (+17.24→-3.57) (train=+17.24 held_pnl=-20.6%)
  · bollinger_breakout: sign-flip (+13.95→-8.00) (train=+13.95 held_pnl=-29.6%)
  · bollinger_mr: sign-flip (+10.84→-5.76) (train=+10.84 held_pnl=-18.2%)
  · macd_momentum: train_fail s=-999.00 (train=+nan held_pnl=+0.0%)
  · atr_squeeze_breakout: sign-flip (+30.74→-10.75) (train=+30.74 held_pnl=-40.0%)
  · momentum_n_consec: sign-flip (+12.06→-6.25) (train=+12.06 held_pnl=-28.3%)
  · volume_breakout: sign-flip (+10.11→-2.14) (train=+10.11 held_pnl=-8.6%)
  · ema_crossover: sign-flip (+7.58→-2.73) (train=+7.58 held_pnl=-10.6%)
  · price_channel_with_atr: sign-flip (+10.59→-6.05) (train=+10.59 held_pnl=-26.5%)

  Sweep #414 PASS candidates: 0


========== SWEEP #415 (seed=457) ==========

  · donchian_raw: sign-flip (+10.75→-2.81) (train=+10.75 held_pnl=-10.0%)
  · rsi_mean_reversion: sign-flip (+71.28→-15.08) (train=+71.28 held_pnl=-37.5%)
  · bollinger_breakout: sign-flip (+14.66→-3.68) (train=+14.66 held_pnl=-12.9%)
  · bollinger_mr: sign-flip (+11.06→-6.21) (train=+11.06 held_pnl=-17.6%)
  · macd_momentum: train_fail s=-999.00 (train=+nan held_pnl=+0.0%)
  · atr_squeeze_breakout: sign-flip (+30.12→-7.36) (train=+30.12 held_pnl=-14.3%)
  · momentum_n_consec: sign-flip (+10.06→-5.30) (train=+10.06 held_pnl=-26.9%)
  · volume_breakout: sign-flip (+11.41→-0.13) (train=+11.41 held_pnl=-0.4%)
  · ema_crossover: sign-flip (+7.84→-4.61) (train=+7.84 held_pnl=-31.1%)
  · price_channel_with_atr: sign-flip (+8.63→-4.86) (train=+8.63 held_pnl=-16.0%)

  Sweep #415 PASS candidates: 0


========== SWEEP #416 (seed=458) ==========

  · donchian_raw: sign-flip (+11.92→-3.30) (train=+11.92 held_pnl=-12.3%)
  · rsi_mean_reversion: sign-flip (+57.17→-6.73) (train=+57.17 held_pnl=-31.6%)
  · bollinger_breakout: sign-flip (+16.53→-0.70) (train=+16.53 held_pnl=-3.6%)
  · bollinger_mr: sign-flip (+11.79→-0.62) (train=+11.79 held_pnl=-2.0%)
  · macd_momentum: train_fail s=-999.00 (train=+nan held_pnl=+0.0%)
  · atr_squeeze_breakout: sign-flip (+24.11→-7.77) (train=+24.11 held_pnl=-19.8%)
  · momentum_n_consec: sign-flip (+10.29→-5.57) (train=+10.29 held_pnl=-26.4%)
  · volume_breakout: sign-flip (+9.50→-4.81) (train=+9.50 held_pnl=-17.9%)
  · ema_crossover: sign-flip (+7.97→-4.25) (train=+7.97 held_pnl=-22.5%)
  · price_channel_with_atr: sign-flip (+11.14→-6.16) (train=+11.14 held_pnl=-26.3%)

  Sweep #416 PASS candidates: 0


========== SWEEP #417 (seed=459) ==========

  · donchian_raw: sign-flip (+11.00→-5.76) (train=+11.00 held_pnl=-24.1%)
  · rsi_mean_reversion: PnL fail (+5.2% < 10.0%) (train=+7.10 held_pnl=+5.2%)
  · bollinger_breakout: sign-flip (+12.73→-1.36) (train=+12.73 held_pnl=-7.0%)
  · bollinger_mr: sign-flip (+8.19→-2.01) (train=+8.19 held_pnl=-10.1%)
  · macd_momentum: train_fail s=-999.00 (train=+nan held_pnl=+0.0%)
  · atr_squeeze_breakout: sign-flip (+30.60→-8.23) (train=+30.60 held_pnl=-31.6%)
  · momentum_n_consec: sign-flip (+14.13→-6.64) (train=+14.13 held_pnl=-29.7%)
  · volume_breakout: sign-flip (+8.68→-3.16) (train=+8.68 held_pnl=-16.5%)
  · ema_crossover: sign-flip (+7.97→-6.35) (train=+7.97 held_pnl=-33.0%)
  · price_channel_with_atr: sign-flip (+9.15→-0.95) (train=+9.15 held_pnl=-3.2%)

  Sweep #417 PASS candidates: 0


========== SWEEP #418 (seed=460) ==========

  · donchian_raw: sign-flip (+11.42→-3.10) (train=+11.42 held_pnl=-11.2%)
  · rsi_mean_reversion: sign-flip (+41.30→-3.26) (train=+41.30 held_pnl=-17.6%)
  · bollinger_breakout: sign-flip (+12.99→-2.45) (train=+12.99 held_pnl=-12.6%)
  · bollinger_mr: sign-flip (+8.08→-1.66) (train=+8.08 held_pnl=-7.7%)
  · macd_momentum: train_fail s=-999.00 (train=+nan held_pnl=+0.0%)
  · atr_squeeze_breakout: sign-flip (+27.08→-8.95) (train=+27.08 held_pnl=-27.3%)
  · momentum_n_consec: sign-flip (+12.61→-7.34) (train=+12.61 held_pnl=-32.5%)
  · volume_breakout: sign-flip (+10.69→-4.30) (train=+10.69 held_pnl=-16.1%)
  · ema_crossover: sign-flip (+8.37→-4.30) (train=+8.37 held_pnl=-25.2%)
  · price_channel_with_atr: sign-flip (+9.72→-7.78) (train=+9.72 held_pnl=-33.3%)

  Sweep #418 PASS candidates: 0


========== SWEEP #419 (seed=461) ==========

  · donchian_raw: sign-flip (+10.96→-3.54) (train=+10.96 held_pnl=-12.8%)
  · rsi_mean_reversion: sign-flip (+41.30→-7.40) (train=+41.30 held_pnl=-44.9%)
  · bollinger_breakout: PnL fail (+0.6% < 10.0%) (train=+29.59 held_pnl=+0.6%)
  · bollinger_mr: sign-flip (+7.46→-4.99) (train=+7.46 held_pnl=-18.6%)
  · macd_momentum: train_fail s=-999.00 (train=+nan held_pnl=+0.0%)
  · atr_squeeze_breakout: sign-flip (+34.31→-11.29) (train=+34.31 held_pnl=-18.5%)
  · momentum_n_consec: sign-flip (+12.30→-7.15) (train=+12.30 held_pnl=-31.4%)
  · volume_breakout: sign-flip (+9.24→-5.13) (train=+9.24 held_pnl=-21.7%)
  · ema_crossover: sign-flip (+7.68→-2.97) (train=+7.68 held_pnl=-16.8%)
  · price_channel_with_atr: sign-flip (+11.21→-4.14) (train=+11.21 held_pnl=-16.2%)

  Sweep #419 PASS candidates: 0


========== SWEEP #420 (seed=462) ==========

  · donchian_raw: sign-flip (+10.99→-4.30) (train=+10.99 held_pnl=-16.0%)
  · rsi_mean_reversion: sign-flip (+47.34→-2.51) (train=+47.34 held_pnl=-15.9%)
  · bollinger_breakout: sign-flip (+14.76→-4.25) (train=+14.76 held_pnl=-14.0%)
  · bollinger_mr: sign-flip (+11.40→-1.05) (train=+11.40 held_pnl=-4.0%)
  · macd_momentum: train_fail s=-999.00 (train=+nan held_pnl=+0.0%)
  · atr_squeeze_breakout: sign-flip (+34.81→-11.81) (train=+34.81 held_pnl=-40.4%)
  · momentum_n_consec: PnL fail (+2.4% < 10.0%) (train=+8.21 held_pnl=+2.4%)
  ★ volume_breakout: PASS held-out Sharpe=4.53 PnL=+10.8% ★
  · ema_crossover: sign-flip (+8.32→-4.12) (train=+8.32 held_pnl=-22.1%)
  · price_channel_with_atr: sign-flip (+8.31→-4.44) (train=+8.31 held_pnl=-13.9%)

  Sweep #420 PASS candidates: 1
    volume_breakout: train Sharpe=8.79 → held-out PnL=+10.8%
      params: atr_period=11_atr_stop_mult=2.6768_exit_lookback_n=8_lookback_n=12_vol_mult=1.4368_vol_window=11

  ★ PASS #1 в sweep #420 (продолжаем continuous)


========== SWEEP #421 (seed=463) ==========

  · donchian_raw: sign-flip (+12.29→-6.83) (train=+12.29 held_pnl=-24.3%)
  · rsi_mean_reversion: sign-flip (+14.47→-9.10) (train=+14.47 held_pnl=-31.4%)
  · bollinger_breakout: sign-flip (+13.88→-6.85) (train=+13.88 held_pnl=-25.0%)
  · bollinger_mr: sign-flip (+11.49→-0.88) (train=+11.49 held_pnl=-3.5%)
  · macd_momentum: train_fail s=-999.00 (train=+nan held_pnl=+0.0%)
  · atr_squeeze_breakout: sign-flip (+27.51→-11.84) (train=+27.51 held_pnl=-43.6%)
  · momentum_n_consec: sign-flip (+10.07→-5.80) (train=+10.07 held_pnl=-28.5%)
  · volume_breakout: sign-flip (+10.05→-1.81) (train=+10.05 held_pnl=-4.7%)
  · ema_crossover: sign-flip (+7.32→-5.39) (train=+7.32 held_pnl=-24.6%)
  · price_channel_with_atr: sign-flip (+9.42→-2.19) (train=+9.42 held_pnl=-10.0%)

  Sweep #421 PASS candidates: 0


========== SWEEP #422 (seed=464) ==========

  · donchian_raw: sign-flip (+10.03→-2.96) (train=+10.03 held_pnl=-11.1%)
  · rsi_mean_reversion: sign-flip (+59.65→-8.09) (train=+59.65 held_pnl=-40.1%)
  · bollinger_breakout: sign-flip (+13.54→-5.04) (train=+13.54 held_pnl=-16.0%)
  · bollinger_mr: sign-flip (+10.71→-7.83) (train=+10.71 held_pnl=-22.1%)
  · macd_momentum: train_fail s=-999.00 (train=+nan held_pnl=+0.0%)
  · atr_squeeze_breakout: sign-flip (+30.77→-9.21) (train=+30.77 held_pnl=-40.9%)
  · momentum_n_consec: sign-flip (+9.82→-6.04) (train=+9.82 held_pnl=-31.3%)
  · volume_breakout: sign-flip (+10.06→-6.10) (train=+10.06 held_pnl=-26.5%)
  · ema_crossover: sign-flip (+6.46→-5.38) (train=+6.46 held_pnl=-38.4%)
  · price_channel_with_atr: sign-flip (+10.22→-4.83) (train=+10.22 held_pnl=-27.6%)

  Sweep #422 PASS candidates: 0


========== SWEEP #423 (seed=465) ==========

  · donchian_raw: sign-flip (+11.23→-6.06) (train=+11.23 held_pnl=-24.7%)
  · rsi_mean_reversion: sign-flip (+23.24→-15.87) (train=+23.24 held_pnl=-37.8%)
  · bollinger_breakout: sign-flip (+14.76→-2.78) (train=+14.76 held_pnl=-11.2%)
  · bollinger_mr: sign-flip (+8.93→-3.94) (train=+8.93 held_pnl=-17.7%)
  · macd_momentum: train_fail s=-999.00 (train=+nan held_pnl=+0.0%)
  · atr_squeeze_breakout: sign-flip (+34.45→-8.02) (train=+34.45 held_pnl=-15.8%)
  · momentum_n_consec: sign-flip (+14.49→-6.38) (train=+14.49 held_pnl=-28.5%)
  · volume_breakout: sign-flip (+10.48→-4.38) (train=+10.48 held_pnl=-13.0%)
  · ema_crossover: sign-flip (+7.89→-4.28) (train=+7.89 held_pnl=-20.6%)
  · price_channel_with_atr: sign-flip (+10.92→-5.74) (train=+10.92 held_pnl=-24.2%)

  Sweep #423 PASS candidates: 0


========== SWEEP #424 (seed=466) ==========

  · donchian_raw: sign-flip (+10.90→-3.54) (train=+10.90 held_pnl=-12.8%)
  · rsi_mean_reversion: sign-flip (+60.41→-13.68) (train=+60.41 held_pnl=-39.1%)
  · bollinger_breakout: sign-flip (+13.72→-3.65) (train=+13.72 held_pnl=-15.1%)
  · bollinger_mr: sign-flip (+11.99→-2.50) (train=+11.99 held_pnl=-10.9%)
  · macd_momentum: train_fail s=-999.00 (train=+nan held_pnl=+0.0%)
  · atr_squeeze_breakout: sign-flip (+30.27→-8.35) (train=+30.27 held_pnl=-35.9%)
  · momentum_n_consec: sign-flip (+9.26→-6.10) (train=+9.26 held_pnl=-32.0%)
  · volume_breakout: sign-flip (+7.08→-3.56) (train=+7.08 held_pnl=-13.7%)
  · ema_crossover: sign-flip (+7.72→-4.01) (train=+7.72 held_pnl=-21.7%)
  · price_channel_with_atr: sign-flip (+9.82→-3.26) (train=+9.82 held_pnl=-9.7%)

  Sweep #424 PASS candidates: 0


========== SWEEP #425 (seed=467) ==========

  · donchian_raw: sign-flip (+11.68→-1.61) (train=+11.68 held_pnl=-5.6%)
  · rsi_mean_reversion: sign-flip (+5.67→-3.41) (train=+5.67 held_pnl=-26.8%)
  · bollinger_breakout: sign-flip (+15.37→-4.64) (train=+15.37 held_pnl=-17.2%)
  · bollinger_mr: sign-flip (+13.37→-4.81) (train=+13.37 held_pnl=-17.9%)
  · macd_momentum: train_fail s=-999.00 (train=+nan held_pnl=+0.0%)
  · atr_squeeze_breakout: sign-flip (+30.10→-7.00) (train=+30.10 held_pnl=-30.1%)
  · momentum_n_consec: PnL fail (+1.3% < 10.0%) (train=+9.01 held_pnl=+1.3%)
  · volume_breakout: PnL fail (+6.7% < 10.0%) (train=+7.71 held_pnl=+6.7%)
  · ema_crossover: sign-flip (+7.40→-4.12) (train=+7.40 held_pnl=-22.1%)
  · price_channel_with_atr: sign-flip (+11.79→-5.72) (train=+11.79 held_pnl=-23.9%)

  Sweep #425 PASS candidates: 0


========== SWEEP #426 (seed=468) ==========

  · donchian_raw: sign-flip (+10.26→-6.07) (train=+10.26 held_pnl=-24.7%)
  · rsi_mean_reversion: sign-flip (+38.41→-7.88) (train=+38.41 held_pnl=-44.0%)
  · bollinger_breakout: sign-flip (+12.90→-2.89) (train=+12.90 held_pnl=-15.3%)
  · bollinger_mr: sign-flip (+8.63→-3.62) (train=+8.63 held_pnl=-15.9%)
  · macd_momentum: train_fail s=-999.00 (train=+nan held_pnl=+0.0%)
  · atr_squeeze_breakout: sign-flip (+32.14→-10.94) (train=+32.14 held_pnl=-22.5%)
  · momentum_n_consec: sign-flip (+10.18→-6.40) (train=+10.18 held_pnl=-32.9%)
  · volume_breakout: PnL fail (+2.1% < 10.0%) (train=+10.97 held_pnl=+2.1%)
  · ema_crossover: sign-flip (+8.63→-4.54) (train=+8.63 held_pnl=-25.4%)
  · price_channel_with_atr: sign-flip (+10.29→-0.83) (train=+10.29 held_pnl=-2.7%)

  Sweep #426 PASS candidates: 0


========== SWEEP #427 (seed=469) ==========

  · donchian_raw: sign-flip (+10.21→-1.70) (train=+10.21 held_pnl=-6.2%)
  · rsi_mean_reversion: sign-flip (+31.05→-14.69) (train=+31.05 held_pnl=-36.3%)
  · bollinger_breakout: sign-flip (+21.79→-0.24) (train=+21.79 held_pnl=-0.6%)
  · bollinger_mr: sign-flip (+8.67→-2.93) (train=+8.67 held_pnl=-12.6%)
  · macd_momentum: train_fail s=-999.00 (train=+nan held_pnl=+0.0%)
  · atr_squeeze_breakout: sign-flip (+29.40→-7.62) (train=+29.40 held_pnl=-12.7%)
  · momentum_n_consec: sign-flip (+8.69→-4.47) (train=+8.69 held_pnl=-29.3%)
  · volume_breakout: sign-flip (+10.99→-2.21) (train=+10.99 held_pnl=-6.2%)
  · ema_crossover: sign-flip (+8.78→-3.37) (train=+8.78 held_pnl=-15.2%)
  · price_channel_with_atr: sign-flip (+10.19→-5.85) (train=+10.19 held_pnl=-26.2%)

  Sweep #427 PASS candidates: 0


========== SWEEP #428 (seed=470) ==========

  · donchian_raw: sign-flip (+9.85→-1.82) (train=+9.85 held_pnl=-6.5%)
  · rsi_mean_reversion: sign-flip (+33.70→-14.79) (train=+33.70 held_pnl=-38.2%)
  · bollinger_breakout: sign-flip (+14.85→-5.19) (train=+14.85 held_pnl=-23.2%)
  · bollinger_mr: sign-flip (+10.45→-1.79) (train=+10.45 held_pnl=-7.6%)
  · macd_momentum: train_fail s=-999.00 (train=+nan held_pnl=+0.0%)
  · atr_squeeze_breakout: sign-flip (+29.03→-6.90) (train=+29.03 held_pnl=-11.3%)
  · momentum_n_consec: sign-flip (+10.83→-5.03) (train=+10.83 held_pnl=-23.7%)
  · volume_breakout: sign-flip (+8.81→-1.38) (train=+8.81 held_pnl=-6.6%)
  · ema_crossover: sign-flip (+8.32→-4.12) (train=+8.32 held_pnl=-22.1%)
  · price_channel_with_atr: sign-flip (+11.25→-5.84) (train=+11.25 held_pnl=-26.3%)

  Sweep #428 PASS candidates: 0


========== SWEEP #429 (seed=471) ==========

  · donchian_raw: sign-flip (+11.71→-5.67) (train=+11.71 held_pnl=-24.0%)
  · rsi_mean_reversion: sign-flip (+49.90→-7.02) (train=+49.90 held_pnl=-54.1%)
  · bollinger_breakout: sign-flip (+14.44→-9.43) (train=+14.44 held_pnl=-36.9%)
  · bollinger_mr: sign-flip (+10.71→-3.74) (train=+10.71 held_pnl=-11.1%)
  · macd_momentum: train_fail s=-999.00 (train=+nan held_pnl=+0.0%)
  · atr_squeeze_breakout: sign-flip (+33.05→-10.54) (train=+33.05 held_pnl=-25.2%)
  · momentum_n_consec: sign-flip (+10.68→-5.39) (train=+10.68 held_pnl=-25.2%)
  · volume_breakout: sign-flip (+9.17→-4.54) (train=+9.17 held_pnl=-14.4%)
  · ema_crossover: sign-flip (+7.97→-6.35) (train=+7.97 held_pnl=-33.0%)
  · price_channel_with_atr: sign-flip (+11.11→-4.63) (train=+11.11 held_pnl=-18.3%)

  Sweep #429 PASS candidates: 0


========== SWEEP #430 (seed=472) ==========

  · donchian_raw: sign-flip (+9.78→-1.45) (train=+9.78 held_pnl=-5.1%)
  · rsi_mean_reversion: sign-flip (+52.78→-4.18) (train=+52.78 held_pnl=-21.9%)
  · bollinger_breakout: sign-flip (+15.45→-2.14) (train=+15.45 held_pnl=-10.9%)
  · bollinger_mr: sign-flip (+10.94→-1.77) (train=+10.94 held_pnl=-5.5%)
  · macd_momentum: train_fail s=-999.00 (train=+nan held_pnl=+0.0%)
  · atr_squeeze_breakout: sign-flip (+32.70→-8.63) (train=+32.70 held_pnl=-38.4%)
  · momentum_n_consec: sign-flip (+9.46→-5.16) (train=+9.46 held_pnl=-30.0%)
  · volume_breakout: sign-flip (+7.84→-0.11) (train=+7.84 held_pnl=-0.3%)
  · ema_crossover: sign-flip (+8.74→-3.69) (train=+8.74 held_pnl=-17.2%)
  · price_channel_with_atr: sign-flip (+10.99→-5.76) (train=+10.99 held_pnl=-24.2%)

  Sweep #430 PASS candidates: 0


========== SWEEP #431 (seed=473) ==========

  · donchian_raw: sign-flip (+10.95→-4.33) (train=+10.95 held_pnl=-16.2%)
  · rsi_mean_reversion: sign-flip (+18.71→-7.26) (train=+18.71 held_pnl=-38.8%)
  · bollinger_breakout: sign-flip (+13.01→-2.85) (train=+13.01 held_pnl=-10.1%)
  · bollinger_mr: sign-flip (+11.57→-3.78) (train=+11.57 held_pnl=-12.8%)
  · macd_momentum: train_fail s=-999.00 (train=+nan held_pnl=+0.0%)
  · atr_squeeze_breakout: sign-flip (+25.89→-7.07) (train=+25.89 held_pnl=-29.4%)
  · momentum_n_consec: sign-flip (+11.84→-6.32) (train=+11.84 held_pnl=-28.1%)
  · volume_breakout: sign-flip (+9.10→-0.22) (train=+9.10 held_pnl=-0.7%)
  · ema_crossover: sign-flip (+8.62→-3.46) (train=+8.62 held_pnl=-18.3%)
  · price_channel_with_atr: sign-flip (+9.49→-4.41) (train=+9.49 held_pnl=-18.7%)

  Sweep #431 PASS candidates: 0


========== SWEEP #432 (seed=474) ==========

  · donchian_raw: sign-flip (+11.14→-6.35) (train=+11.14 held_pnl=-27.0%)
  · rsi_mean_reversion: sign-flip (+6.01→-2.96) (train=+6.01 held_pnl=-22.5%)
  · bollinger_breakout: sign-flip (+14.60→-9.39) (train=+14.60 held_pnl=-36.8%)
  · bollinger_mr: sign-flip (+11.37→-1.24) (train=+11.37 held_pnl=-4.8%)
  · macd_momentum: train_fail s=-999.00 (train=+nan held_pnl=+0.0%)
  · atr_squeeze_breakout: sign-flip (+29.38→-11.02) (train=+29.38 held_pnl=-42.3%)
  · momentum_n_consec: sign-flip (+9.44→-6.00) (train=+9.44 held_pnl=-31.0%)
  · volume_breakout: sign-flip (+9.37→-2.52) (train=+9.37 held_pnl=-9.5%)
  · ema_crossover: sign-flip (+8.32→-4.12) (train=+8.32 held_pnl=-22.1%)
  · price_channel_with_atr: sign-flip (+8.28→-6.87) (train=+8.28 held_pnl=-38.6%)

  Sweep #432 PASS candidates: 0


========== SWEEP #433 (seed=475) ==========

  · donchian_raw: sign-flip (+9.78→-0.95) (train=+9.78 held_pnl=-3.1%)
  · rsi_mean_reversion: sign-flip (+70.56→-6.70) (train=+70.56 held_pnl=-31.1%)
  · bollinger_breakout: sign-flip (+12.84→-5.05) (train=+12.84 held_pnl=-20.4%)
  · bollinger_mr: sign-flip (+7.30→-4.28) (train=+7.30 held_pnl=-15.8%)
  · macd_momentum: train_fail s=-999.00 (train=+nan held_pnl=+0.0%)
  · atr_squeeze_breakout: sign-flip (+30.87→-9.47) (train=+30.87 held_pnl=-38.2%)
  · momentum_n_consec: sign-flip (+13.53→-6.55) (train=+13.53 held_pnl=-30.1%)
  ★ volume_breakout: PASS held-out Sharpe=8.61 PnL=+17.0% ★
  · ema_crossover: sign-flip (+8.74→-3.58) (train=+8.74 held_pnl=-18.7%)
  · price_channel_with_atr: sign-flip (+8.11→-7.51) (train=+8.11 held_pnl=-24.8%)

  Sweep #433 PASS candidates: 1
    volume_breakout: train Sharpe=11.72 → held-out PnL=+17.0%
      params: atr_period=9_atr_stop_mult=2.604_exit_lookback_n=8_lookback_n=9_vol_mult=1.3346_vol_window=11

  ★ PASS #2 в sweep #433 (продолжаем continuous)


========== SWEEP #434 (seed=476) ==========

  · donchian_raw: sign-flip (+11.74→-1.61) (train=+11.74 held_pnl=-5.6%)
  · rsi_mean_reversion: sign-flip (+14.29→-6.72) (train=+14.29 held_pnl=-21.9%)
  · bollinger_breakout: sign-flip (+14.68→-4.72) (train=+14.68 held_pnl=-25.7%)
  · bollinger_mr: sign-flip (+8.67→-1.13) (train=+8.67 held_pnl=-4.3%)
  · macd_momentum: train_fail s=-999.00 (train=+nan held_pnl=+0.0%)
  · atr_squeeze_breakout: sign-flip (+28.43→-8.92) (train=+28.43 held_pnl=-37.9%)
  · momentum_n_consec: sign-flip (+12.45→-7.05) (train=+12.45 held_pnl=-30.7%)
  · volume_breakout: PnL fail (+8.1% < 10.0%) (train=+10.09 held_pnl=+8.1%)
  · ema_crossover: sign-flip (+7.96→-3.97) (train=+7.96 held_pnl=-18.8%)
  · price_channel_with_atr: sign-flip (+9.73→-4.28) (train=+9.73 held_pnl=-17.6%)

  Sweep #434 PASS candidates: 0


========== SWEEP #435 (seed=477) ==========

  · donchian_raw: sign-flip (+11.89→-3.30) (train=+11.89 held_pnl=-12.3%)
  · rsi_mean_reversion: sign-flip (+21.05→-3.22) (train=+21.05 held_pnl=-15.0%)
  · bollinger_breakout: sign-flip (+12.44→-6.72) (train=+12.44 held_pnl=-22.1%)
  · bollinger_mr: sign-flip (+8.17→-1.96) (train=+8.17 held_pnl=-9.8%)
  · macd_momentum: train_fail s=-999.00 (train=+nan held_pnl=+0.0%)
  · atr_squeeze_breakout: sign-flip (+31.18→-7.58) (train=+31.18 held_pnl=-18.6%)
  · momentum_n_consec: sign-flip (+10.25→-4.38) (train=+10.25 held_pnl=-21.5%)
  · volume_breakout: PnL fail (+4.7% < 10.0%) (train=+11.23 held_pnl=+4.7%)
  · ema_crossover: sign-flip (+8.09→-3.55) (train=+8.09 held_pnl=-15.2%)
  · price_channel_with_atr: sign-flip (+12.12→-5.79) (train=+12.12 held_pnl=-23.7%)

  Sweep #435 PASS candidates: 0


========== SWEEP #436 (seed=478) ==========

  · donchian_raw: sign-flip (+12.29→-6.83) (train=+12.29 held_pnl=-24.3%)
  · rsi_mean_reversion: sign-flip (+82.94→-14.41) (train=+82.94 held_pnl=-31.4%)
  · bollinger_breakout: sign-flip (+12.64→-8.11) (train=+12.64 held_pnl=-34.3%)
  · bollinger_mr: sign-flip (+9.92→-1.17) (train=+9.92 held_pnl=-4.7%)
  · macd_momentum: train_fail s=-999.00 (train=+nan held_pnl=+0.0%)
  · atr_squeeze_breakout: sign-flip (+30.89→-7.27) (train=+30.89 held_pnl=-24.8%)
  · momentum_n_consec: sign-flip (+9.52→-4.99) (train=+9.52 held_pnl=-25.0%)
  · volume_breakout: sign-flip (+7.72→-4.21) (train=+7.72 held_pnl=-17.0%)
  · ema_crossover: sign-flip (+7.56→-5.61) (train=+7.56 held_pnl=-28.7%)
  · price_channel_with_atr: sign-flip (+10.18→-4.95) (train=+10.18 held_pnl=-25.4%)

  Sweep #436 PASS candidates: 0


========== SWEEP #437 (seed=479) ==========

  · donchian_raw: sign-flip (+11.13→-6.09) (train=+11.13 held_pnl=-24.5%)
  · rsi_mean_reversion: sign-flip (+12.24→-7.06) (train=+12.24 held_pnl=-40.1%)
  · bollinger_breakout: sign-flip (+28.67→-5.94) (train=+28.67 held_pnl=-18.5%)
  · bollinger_mr: sign-flip (+7.75→-2.06) (train=+7.75 held_pnl=-6.9%)
  · macd_momentum: train_fail s=-999.00 (train=+nan held_pnl=+0.0%)
  · atr_squeeze_breakout: sign-flip (+30.55→-8.92) (train=+30.55 held_pnl=-38.6%)
  · momentum_n_consec: sign-flip (+10.62→-4.37) (train=+10.62 held_pnl=-21.5%)
  · volume_breakout: sign-flip (+7.42→-1.95) (train=+7.42 held_pnl=-6.3%)
  · ema_crossover: sign-flip (+8.37→-4.30) (train=+8.37 held_pnl=-25.2%)
  · price_channel_with_atr: sign-flip (+9.97→-6.18) (train=+9.97 held_pnl=-26.2%)

  Sweep #437 PASS candidates: 0


========== SWEEP #438 (seed=480) ==========

  · donchian_raw: sign-flip (+9.26→-2.66) (train=+9.26 held_pnl=-11.1%)
  · rsi_mean_reversion: sign-flip (+54.58→-5.12) (train=+54.58 held_pnl=-42.6%)
  · bollinger_breakout: sign-flip (+13.94→-1.37) (train=+13.94 held_pnl=-6.9%)
  · bollinger_mr: sign-flip (+7.84→-3.36) (train=+7.84 held_pnl=-10.8%)
  · macd_momentum: train_fail s=-999.00 (train=+nan held_pnl=+0.0%)
  · atr_squeeze_breakout: sign-flip (+30.18→-9.36) (train=+30.18 held_pnl=-20.6%)
  · momentum_n_consec: sign-flip (+9.11→-5.28) (train=+9.11 held_pnl=-26.9%)
  · volume_breakout: sign-flip (+8.36→-0.64) (train=+8.36 held_pnl=-1.5%)
  · ema_crossover: sign-flip (+7.97→-4.25) (train=+7.97 held_pnl=-22.5%)
  · price_channel_with_atr: sign-flip (+11.14→-6.14) (train=+11.14 held_pnl=-26.3%)

  Sweep #438 PASS candidates: 0


========== SWEEP #439 (seed=481) ==========

  · donchian_raw: sign-flip (+10.69→-2.91) (train=+10.69 held_pnl=-10.5%)
  · rsi_mean_reversion: sign-flip (+33.07→-7.12) (train=+33.07 held_pnl=-51.9%)
  · bollinger_breakout: sign-flip (+13.66→-1.76) (train=+13.66 held_pnl=-8.7%)
  · bollinger_mr: sign-flip (+9.89→-3.00) (train=+9.89 held_pnl=-12.5%)
  · macd_momentum: train_fail s=-999.00 (train=+nan held_pnl=+0.0%)
  · atr_squeeze_breakout: sign-flip (+29.89→-8.23) (train=+29.89 held_pnl=-34.1%)
  · momentum_n_consec: sign-flip (+10.13→-5.46) (train=+10.13 held_pnl=-27.0%)
  · volume_breakout: sign-flip (+10.53→-2.45) (train=+10.53 held_pnl=-11.6%)
  · ema_crossover: sign-flip (+7.58→-2.73) (train=+7.58 held_pnl=-10.6%)
  · price_channel_with_atr: sign-flip (+9.49→-1.29) (train=+9.49 held_pnl=-4.5%)

  Sweep #439 PASS candidates: 0


========== SWEEP #440 (seed=482) ==========

  · donchian_raw: sign-flip (+11.75→-1.61) (train=+11.75 held_pnl=-5.6%)
  · rsi_mean_reversion: sign-flip (+82.01→-4.16) (train=+82.01 held_pnl=-16.3%)
  · bollinger_breakout: sign-flip (+12.74→-1.19) (train=+12.74 held_pnl=-6.3%)
  · bollinger_mr: sign-flip (+12.27→-1.76) (train=+12.27 held_pnl=-6.5%)
  · macd_momentum: train_fail s=-999.00 (train=+nan held_pnl=+0.0%)
  · atr_squeeze_breakout: sign-flip (+34.55→-11.06) (train=+34.55 held_pnl=-22.0%)
  · momentum_n_consec: sign-flip (+10.21→-5.41) (train=+10.21 held_pnl=-27.2%)
  · volume_breakout: sign-flip (+8.77→-1.77) (train=+8.77 held_pnl=-8.5%)
  · ema_crossover: sign-flip (+6.15→-4.45) (train=+6.15 held_pnl=-31.2%)
  · price_channel_with_atr: sign-flip (+8.44→-2.31) (train=+8.44 held_pnl=-10.4%)

  Sweep #440 PASS candidates: 0


========== SWEEP #441 (seed=483) ==========

  · donchian_raw: sign-flip (+11.90→-3.41) (train=+11.90 held_pnl=-13.3%)
  · rsi_mean_reversion: sign-flip (+12.71→-6.16) (train=+12.71 held_pnl=-52.4%)
  · bollinger_breakout: PnL fail (+4.7% < 10.0%) (train=+26.13 held_pnl=+4.7%)
  · bollinger_mr: sign-flip (+10.39→-3.11) (train=+10.39 held_pnl=-11.9%)
  · macd_momentum: train_fail s=-999.00 (train=+nan held_pnl=+0.0%)
  · atr_squeeze_breakout: sign-flip (+29.38→-9.22) (train=+29.38 held_pnl=-36.4%)
  · momentum_n_consec: sign-flip (+9.60→-5.91) (train=+9.60 held_pnl=-29.3%)
  · volume_breakout: sign-flip (+8.24→-4.93) (train=+8.24 held_pnl=-14.2%)
  · ema_crossover: sign-flip (+8.78→-3.37) (train=+8.78 held_pnl=-15.2%)
  · price_channel_with_atr: sign-flip (+10.34→-4.63) (train=+10.34 held_pnl=-18.6%)

  Sweep #441 PASS candidates: 0


========== SWEEP #442 (seed=484) ==========

  · donchian_raw: sign-flip (+11.87→-7.70) (train=+11.87 held_pnl=-33.5%)
  · rsi_mean_reversion: sign-flip (+10.23→-6.89) (train=+10.23 held_pnl=-46.2%)
  · bollinger_breakout: sign-flip (+13.60→-6.52) (train=+13.60 held_pnl=-26.1%)
  · bollinger_mr: sign-flip (+11.86→-1.14) (train=+11.86 held_pnl=-3.6%)
  · macd_momentum: train_fail s=-999.00 (train=+nan held_pnl=+0.0%)
  · atr_squeeze_breakout: sign-flip (+33.46→-9.55) (train=+33.46 held_pnl=-42.2%)
  · momentum_n_consec: PnL fail (+0.8% < 10.0%) (train=+9.61 held_pnl=+0.8%)
  · volume_breakout: sign-flip (+10.67→-4.70) (train=+10.67 held_pnl=-18.4%)
  · ema_crossover: sign-flip (+8.63→-4.54) (train=+8.63 held_pnl=-25.4%)
  · price_channel_with_atr: sign-flip (+8.94→-4.80) (train=+8.94 held_pnl=-20.3%)

  Sweep #442 PASS candidates: 0


========== SWEEP #443 (seed=485) ==========

  · donchian_raw: sign-flip (+12.26→-6.83) (train=+12.26 held_pnl=-24.3%)
  · rsi_mean_reversion: sign-flip (+10.89→-2.35) (train=+10.89 held_pnl=-15.1%)
  · bollinger_breakout: sign-flip (+27.39→-0.85) (train=+27.39 held_pnl=-2.4%)
  · bollinger_mr: sign-flip (+8.74→-2.19) (train=+8.74 held_pnl=-8.1%)
  · macd_momentum: train_fail s=-999.00 (train=+nan held_pnl=+0.0%)
  · atr_squeeze_breakout: sign-flip (+32.95→-8.60) (train=+32.95 held_pnl=-37.4%)
  · momentum_n_consec: sign-flip (+12.64→-6.69) (train=+12.64 held_pnl=-29.8%)
  · volume_breakout: sign-flip (+8.91→-1.66) (train=+8.91 held_pnl=-5.3%)
  · ema_crossover: sign-flip (+7.87→-4.13) (train=+7.87 held_pnl=-22.1%)
  · price_channel_with_atr: sign-flip (+10.16→-4.32) (train=+10.16 held_pnl=-17.8%)

  Sweep #443 PASS candidates: 0


========== SWEEP #444 (seed=486) ==========

  · donchian_raw: sign-flip (+11.86→-1.87) (train=+11.86 held_pnl=-6.8%)
  · rsi_mean_reversion: sign-flip (+20.68→-5.43) (train=+20.68 held_pnl=-27.7%)
  · bollinger_breakout: sign-flip (+15.85→-1.50) (train=+15.85 held_pnl=-5.5%)
  · bollinger_mr: sign-flip (+9.12→-4.49) (train=+9.12 held_pnl=-14.9%)
  · macd_momentum: train_fail s=-999.00 (train=+nan held_pnl=+0.0%)
  · atr_squeeze_breakout: sign-flip (+33.33→-9.16) (train=+33.33 held_pnl=-18.0%)
  · momentum_n_consec: sign-flip (+12.06→-6.65) (train=+12.06 held_pnl=-29.8%)
  · volume_breakout: sign-flip (+8.71→-3.99) (train=+8.71 held_pnl=-12.7%)
  · ema_crossover: sign-flip (+8.62→-3.55) (train=+8.62 held_pnl=-16.8%)
  · price_channel_with_atr: PnL fail (+2.5% < 10.0%) (train=+7.61 held_pnl=+2.5%)

  Sweep #444 PASS candidates: 0


========== SWEEP #445 (seed=487) ==========

  · donchian_raw: sign-flip (+11.78→-3.10) (train=+11.78 held_pnl=-11.2%)
  · rsi_mean_reversion: sign-flip (+83.06→-8.41) (train=+83.06 held_pnl=-29.8%)
  · bollinger_breakout: PnL fail (+1.3% < 10.0%) (train=+30.13 held_pnl=+1.3%)
  · bollinger_mr: sign-flip (+11.47→-1.15) (train=+11.47 held_pnl=-4.6%)
  · macd_momentum: train_fail s=-999.00 (train=+nan held_pnl=+0.0%)
  · atr_squeeze_breakout: sign-flip (+32.32→-6.46) (train=+32.32 held_pnl=-26.0%)
  · momentum_n_consec: sign-flip (+9.04→-4.44) (train=+9.04 held_pnl=-30.2%)
  · volume_breakout: sign-flip (+7.42→-1.75) (train=+7.42 held_pnl=-4.8%)
  · ema_crossover: sign-flip (+8.18→-7.85) (train=+8.18 held_pnl=-34.2%)
  · price_channel_with_atr: sign-flip (+10.98→-5.76) (train=+10.98 held_pnl=-24.0%)

  Sweep #445 PASS candidates: 0


========== SWEEP #446 (seed=488) ==========

  · donchian_raw: sign-flip (+11.66→-5.00) (train=+11.66 held_pnl=-19.5%)
  · rsi_mean_reversion: sign-flip (+26.26→-4.17) (train=+26.26 held_pnl=-24.0%)
  · bollinger_breakout: sign-flip (+14.06→-5.47) (train=+14.06 held_pnl=-20.0%)
  · bollinger_mr: sign-flip (+8.65→-3.57) (train=+8.65 held_pnl=-14.3%)
  · macd_momentum: train_fail s=-999.00 (train=+nan held_pnl=+0.0%)
  · atr_squeeze_breakout: sign-flip (+33.09→-10.91) (train=+33.09 held_pnl=-28.2%)
  · momentum_n_consec: PnL fail (+2.9% < 10.0%) (train=+8.04 held_pnl=+2.9%)
  · volume_breakout: sign-flip (+8.12→-3.43) (train=+8.12 held_pnl=-10.9%)
  · ema_crossover: sign-flip (+7.56→-5.61) (train=+7.56 held_pnl=-28.7%)
  · price_channel_with_atr: sign-flip (+8.48→-1.20) (train=+8.48 held_pnl=-4.0%)

  Sweep #446 PASS candidates: 0


========== SWEEP #447 (seed=489) ==========

  · donchian_raw: sign-flip (+10.97→-3.62) (train=+10.97 held_pnl=-13.7%)
  · rsi_mean_reversion: sign-flip (+15.70→-4.88) (train=+15.70 held_pnl=-34.5%)
  · bollinger_breakout: sign-flip (+14.94→-2.92) (train=+14.94 held_pnl=-14.7%)
  · bollinger_mr: sign-flip (+7.27→-3.56) (train=+7.27 held_pnl=-15.9%)
  · macd_momentum: train_fail s=-999.00 (train=+nan held_pnl=+0.0%)
  · atr_squeeze_breakout: sign-flip (+32.64→-6.57) (train=+32.64 held_pnl=-12.7%)
  · momentum_n_consec: sign-flip (+8.21→-5.22) (train=+8.21 held_pnl=-29.1%)
  · volume_breakout: sign-flip (+9.45→-2.21) (train=+9.45 held_pnl=-5.8%)
  · ema_crossover: sign-flip (+7.89→-4.28) (train=+7.89 held_pnl=-20.6%)
  · price_channel_with_atr: sign-flip (+10.58→-2.68) (train=+10.58 held_pnl=-9.5%)

  Sweep #447 PASS candidates: 0


========== SWEEP #448 (seed=490) ==========

  · donchian_raw: sign-flip (+11.02→-3.78) (train=+11.02 held_pnl=-14.3%)
  · rsi_mean_reversion: sign-flip (+59.45→-6.33) (train=+59.45 held_pnl=-33.3%)
  · bollinger_breakout: sign-flip (+13.11→-3.05) (train=+13.11 held_pnl=-9.4%)
  · bollinger_mr: sign-flip (+10.39→-4.42) (train=+10.39 held_pnl=-15.2%)
  · macd_momentum: train_fail s=-999.00 (train=+nan held_pnl=+0.0%)
  · atr_squeeze_breakout: sign-flip (+27.63→-5.54) (train=+27.63 held_pnl=-18.7%)
  · momentum_n_consec: sign-flip (+9.96→-5.41) (train=+9.96 held_pnl=-27.8%)
  · volume_breakout: sign-flip (+9.33→-0.90) (train=+9.33 held_pnl=-2.5%)
  · ema_crossover: sign-flip (+7.89→-4.28) (train=+7.89 held_pnl=-20.6%)
  · price_channel_with_atr: sign-flip (+11.00→-7.41) (train=+11.00 held_pnl=-32.9%)

  Sweep #448 PASS candidates: 0


========== SWEEP #449 (seed=491) ==========

  · donchian_raw: sign-flip (+10.69→-2.99) (train=+10.69 held_pnl=-11.2%)
  · rsi_mean_reversion: sign-flip (+67.99→-8.45) (train=+67.99 held_pnl=-39.8%)
  · bollinger_breakout: sign-flip (+11.34→-0.90) (train=+11.34 held_pnl=-4.6%)
  · bollinger_mr: sign-flip (+11.44→-1.77) (train=+11.44 held_pnl=-5.2%)
  · macd_momentum: train_fail s=-999.00 (train=+nan held_pnl=+0.0%)
  · atr_squeeze_breakout: sign-flip (+33.13→-7.03) (train=+33.13 held_pnl=-16.5%)
  · momentum_n_consec: sign-flip (+9.92→-5.82) (train=+9.92 held_pnl=-28.6%)
  · volume_breakout: sign-flip (+7.49→-3.11) (train=+7.49 held_pnl=-15.2%)
  · ema_crossover: sign-flip (+7.97→-4.25) (train=+7.97 held_pnl=-22.5%)
  · price_channel_with_atr: sign-flip (+9.54→-1.53) (train=+9.54 held_pnl=-5.5%)

  Sweep #449 PASS candidates: 0


========== SWEEP #450 (seed=492) ==========

  · donchian_raw: sign-flip (+11.67→-4.99) (train=+11.67 held_pnl=-19.3%)
  · rsi_mean_reversion: sign-flip (+59.57→-8.15) (train=+59.57 held_pnl=-39.5%)
  · bollinger_breakout: sign-flip (+14.30→-3.69) (train=+14.30 held_pnl=-13.4%)
  · bollinger_mr: sign-flip (+8.62→-3.54) (train=+8.62 held_pnl=-12.6%)
  · macd_momentum: train_fail s=-999.00 (train=+nan held_pnl=+0.0%)
  · atr_squeeze_breakout: sign-flip (+30.32→-6.19) (train=+30.32 held_pnl=-10.7%)
  · momentum_n_consec: sign-flip (+12.21→-6.68) (train=+12.21 held_pnl=-29.5%)
  · volume_breakout: sign-flip (+8.09→-2.78) (train=+8.09 held_pnl=-7.5%)
  · ema_crossover: sign-flip (+8.74→-3.60) (train=+8.74 held_pnl=-18.5%)
  · price_channel_with_atr: sign-flip (+10.33→-4.18) (train=+10.33 held_pnl=-17.3%)

  Sweep #450 PASS candidates: 0


========== SWEEP #451 (seed=493) ==========

  · donchian_raw: sign-flip (+10.58→-5.60) (train=+10.58 held_pnl=-24.2%)
  · rsi_mean_reversion: sign-flip (+38.20→-6.14) (train=+38.20 held_pnl=-34.2%)
  · bollinger_breakout: sign-flip (+14.51→-5.23) (train=+14.51 held_pnl=-18.0%)
  · bollinger_mr: sign-flip (+10.95→-6.68) (train=+10.95 held_pnl=-19.8%)
  · macd_momentum: train_fail s=-999.00 (train=+nan held_pnl=+0.0%)
  · atr_squeeze_breakout: sign-flip (+31.48→-9.26) (train=+31.48 held_pnl=-46.9%)
  · momentum_n_consec: sign-flip (+9.96→-4.82) (train=+9.96 held_pnl=-28.9%)
  · volume_breakout: sign-flip (+9.42→-4.23) (train=+9.42 held_pnl=-10.9%)
  · ema_crossover: sign-flip (+9.83→-7.43) (train=+9.83 held_pnl=-31.4%)
  · price_channel_with_atr: sign-flip (+10.94→-6.17) (train=+10.94 held_pnl=-26.3%)

  Sweep #451 PASS candidates: 0


========== SWEEP #452 (seed=494) ==========

  · donchian_raw: sign-flip (+11.76→-5.63) (train=+11.76 held_pnl=-24.3%)
  · rsi_mean_reversion: sign-flip (+4.82→-2.55) (train=+4.82 held_pnl=-16.0%)
  · bollinger_breakout: sign-flip (+16.82→-5.44) (train=+16.82 held_pnl=-19.5%)
  · bollinger_mr: sign-flip (+9.34→-1.33) (train=+9.34 held_pnl=-5.2%)
  · macd_momentum: train_fail s=-999.00 (train=+nan held_pnl=+0.0%)
  · atr_squeeze_breakout: sign-flip (+33.85→-5.82) (train=+33.85 held_pnl=-15.2%)
  · momentum_n_consec: PnL fail (+2.9% < 10.0%) (train=+8.04 held_pnl=+2.9%)
  · volume_breakout: sign-flip (+7.57→-2.20) (train=+7.57 held_pnl=-9.6%)
  · ema_crossover: sign-flip (+8.78→-3.37) (train=+8.78 held_pnl=-15.2%)
  · price_channel_with_atr: sign-flip (+9.92→-4.93) (train=+9.92 held_pnl=-25.5%)

  Sweep #452 PASS candidates: 0


========== SWEEP #453 (seed=495) ==========

  · donchian_raw: sign-flip (+11.76→-1.61) (train=+11.76 held_pnl=-5.6%)
  · rsi_mean_reversion: sign-flip (+31.45→-14.99) (train=+31.45 held_pnl=-42.7%)
  · bollinger_breakout: sign-flip (+12.03→-2.33) (train=+12.03 held_pnl=-12.0%)
  · bollinger_mr: sign-flip (+7.77→-2.88) (train=+7.77 held_pnl=-9.3%)
  · macd_momentum: train_fail s=-999.00 (train=+nan held_pnl=+0.0%)
  · atr_squeeze_breakout: sign-flip (+26.74→-10.33) (train=+26.74 held_pnl=-38.5%)
  · momentum_n_consec: sign-flip (+10.72→-6.17) (train=+10.72 held_pnl=-29.9%)
  · volume_breakout: sign-flip (+7.85→-1.68) (train=+7.85 held_pnl=-4.6%)
  · ema_crossover: sign-flip (+6.46→-5.32) (train=+6.46 held_pnl=-39.8%)
  · price_channel_with_atr: sign-flip (+10.06→-6.22) (train=+10.06 held_pnl=-26.7%)

  Sweep #453 PASS candidates: 0


========== SWEEP #454 (seed=496) ==========

  · donchian_raw: sign-flip (+11.29→-2.56) (train=+11.29 held_pnl=-9.0%)
  · rsi_mean_reversion: sign-flip (+83.33→-8.37) (train=+83.33 held_pnl=-28.9%)
  · bollinger_breakout: sign-flip (+15.22→-4.17) (train=+15.22 held_pnl=-20.2%)
  · bollinger_mr: sign-flip (+8.04→-3.98) (train=+8.04 held_pnl=-18.8%)
  · macd_momentum: train_fail s=-999.00 (train=+nan held_pnl=+0.0%)
  · atr_squeeze_breakout: sign-flip (+32.67→-5.87) (train=+32.67 held_pnl=-23.3%)
  · momentum_n_consec: sign-flip (+14.18→-6.65) (train=+14.18 held_pnl=-29.6%)
  · volume_breakout: PnL fail (+1.5% < 10.0%) (train=+7.59 held_pnl=+1.5%)
  · ema_crossover: sign-flip (+8.62→-3.55) (train=+8.62 held_pnl=-16.8%)
  · price_channel_with_atr: sign-flip (+9.24→-4.67) (train=+9.24 held_pnl=-19.4%)

  Sweep #454 PASS candidates: 0


========== SWEEP #455 (seed=497) ==========

  · donchian_raw: sign-flip (+11.84→-3.10) (train=+11.84 held_pnl=-11.2%)
  · rsi_mean_reversion: sign-flip (+54.04→-4.47) (train=+54.04 held_pnl=-37.5%)
  · bollinger_breakout: sign-flip (+14.58→-1.53) (train=+14.58 held_pnl=-7.8%)
  · bollinger_mr: sign-flip (+11.00→-3.33) (train=+11.00 held_pnl=-11.7%)
  · macd_momentum: train_fail s=-999.00 (train=+nan held_pnl=+0.0%)
  · atr_squeeze_breakout: sign-flip (+30.15→-9.78) (train=+30.15 held_pnl=-44.1%)
  · momentum_n_consec: sign-flip (+9.47→-5.99) (train=+9.47 held_pnl=-30.4%)
  · volume_breakout: sign-flip (+8.93→-0.03) (train=+8.93 held_pnl=-0.1%)
  · ema_crossover: sign-flip (+7.70→-6.67) (train=+7.70 held_pnl=-34.5%)
  · price_channel_with_atr: sign-flip (+10.86→-6.15) (train=+10.86 held_pnl=-26.0%)

  Sweep #455 PASS candidates: 0


========== SWEEP #456 (seed=498) ==========

  · donchian_raw: sign-flip (+11.72→-3.10) (train=+11.72 held_pnl=-11.2%)
  · rsi_mean_reversion: sign-flip (+35.41→-13.06) (train=+35.41 held_pnl=-34.9%)
  · bollinger_breakout: sign-flip (+14.16→-3.25) (train=+14.16 held_pnl=-10.2%)
  · bollinger_mr: sign-flip (+10.82→-1.31) (train=+10.82 held_pnl=-3.6%)
  · macd_momentum: train_fail s=-999.00 (train=+nan held_pnl=+0.0%)
  · atr_squeeze_breakout: sign-flip (+33.11→-10.11) (train=+33.11 held_pnl=-15.6%)
  · momentum_n_consec: sign-flip (+14.35→-6.52) (train=+14.35 held_pnl=-28.5%)
  · volume_breakout: sign-flip (+10.88→-7.09) (train=+10.88 held_pnl=-27.4%)
  · ema_crossover: sign-flip (+8.00→-4.58) (train=+8.00 held_pnl=-32.2%)
  · price_channel_with_atr: sign-flip (+9.97→-7.19) (train=+9.97 held_pnl=-31.9%)

  Sweep #456 PASS candidates: 0


========== SWEEP #457 (seed=499) ==========

  · donchian_raw: sign-flip (+10.86→-6.83) (train=+10.86 held_pnl=-24.3%)
  · rsi_mean_reversion: sign-flip (+6.42→-4.78) (train=+6.42 held_pnl=-41.5%)
  · bollinger_breakout: sign-flip (+14.14→-1.19) (train=+14.14 held_pnl=-5.7%)
  · bollinger_mr: sign-flip (+8.01→-1.58) (train=+8.01 held_pnl=-7.4%)
  · macd_momentum: train_fail s=-999.00 (train=+nan held_pnl=+0.0%)
  · atr_squeeze_breakout: sign-flip (+28.86→-14.02) (train=+28.86 held_pnl=-25.2%)
  · momentum_n_consec: sign-flip (+11.09→-4.55) (train=+11.09 held_pnl=-22.9%)
  · volume_breakout: sign-flip (+12.14→-2.19) (train=+12.14 held_pnl=-6.0%)
  · ema_crossover: sign-flip (+8.63→-4.44) (train=+8.63 held_pnl=-26.7%)
  · price_channel_with_atr: sign-flip (+11.24→-6.25) (train=+11.24 held_pnl=-25.9%)

  Sweep #457 PASS candidates: 0


========== SWEEP #458 (seed=500) ==========

  · donchian_raw: sign-flip (+10.98→-2.47) (train=+10.98 held_pnl=-9.4%)
  · rsi_mean_reversion: sign-flip (+13.98→-5.45) (train=+13.98 held_pnl=-34.2%)
  · bollinger_breakout: sign-flip (+14.80→-2.61) (train=+14.80 held_pnl=-9.5%)
  · bollinger_mr: sign-flip (+8.28→-3.27) (train=+8.28 held_pnl=-12.4%)
  · macd_momentum: train_fail s=-999.00 (train=+nan held_pnl=+0.0%)
  · atr_squeeze_breakout: sign-flip (+30.83→-10.99) (train=+30.83 held_pnl=-18.0%)
  · momentum_n_consec: sign-flip (+9.16→-4.11) (train=+9.16 held_pnl=-26.0%)
  · volume_breakout: sign-flip (+7.90→-0.98) (train=+7.90 held_pnl=-2.8%)
  · ema_crossover: sign-flip (+8.78→-3.37) (train=+8.78 held_pnl=-15.2%)
  · price_channel_with_atr: sign-flip (+10.52→-4.49) (train=+10.52 held_pnl=-19.2%)

  Sweep #458 PASS candidates: 0


========== SWEEP #459 (seed=501) ==========

  · donchian_raw: sign-flip (+10.85→-2.06) (train=+10.85 held_pnl=-7.2%)
  · rsi_mean_reversion: sign-flip (+65.49→-15.12) (train=+65.49 held_pnl=-38.8%)
  · bollinger_breakout: PnL fail (+2.2% < 10.0%) (train=+30.39 held_pnl=+2.2%)
  · bollinger_mr: sign-flip (+6.72→-1.00) (train=+6.72 held_pnl=-5.4%)
  · macd_momentum: train_fail s=-999.00 (train=+nan held_pnl=+0.0%)
  · atr_squeeze_breakout: sign-flip (+34.31→-7.75) (train=+34.31 held_pnl=-17.0%)
  · momentum_n_consec: sign-flip (+8.76→-3.99) (train=+8.76 held_pnl=-27.5%)
  · volume_breakout: sign-flip (+7.96→-2.74) (train=+7.96 held_pnl=-13.8%)
  · ema_crossover: sign-flip (+7.68→-2.97) (train=+7.68 held_pnl=-16.8%)
  · price_channel_with_atr: sign-flip (+8.85→-5.14) (train=+8.85 held_pnl=-21.0%)

  Sweep #459 PASS candidates: 0


========== SWEEP #460 (seed=502) ==========

  · donchian_raw: sign-flip (+10.09→-1.79) (train=+10.09 held_pnl=-6.6%)
  · rsi_mean_reversion: sign-flip (+9.98→-7.13) (train=+9.98 held_pnl=-42.7%)
  · bollinger_breakout: sign-flip (+27.96→-1.14) (train=+27.96 held_pnl=-3.3%)
  · bollinger_mr: sign-flip (+7.62→-1.79) (train=+7.62 held_pnl=-8.3%)
  · macd_momentum: train_fail s=-999.00 (train=+nan held_pnl=+0.0%)
  · atr_squeeze_breakout: sign-flip (+30.53→-11.45) (train=+30.53 held_pnl=-39.7%)
  · momentum_n_consec: sign-flip (+14.50→-6.34) (train=+14.50 held_pnl=-28.2%)
  · volume_breakout: PnL fail (+1.7% < 10.0%) (train=+8.33 held_pnl=+1.7%)
  · ema_crossover: sign-flip (+8.62→-3.55) (train=+8.62 held_pnl=-16.8%)
  · price_channel_with_atr: sign-flip (+10.77→-5.27) (train=+10.77 held_pnl=-21.3%)

  Sweep #460 PASS candidates: 0


========== SWEEP #461 (seed=503) ==========

  · donchian_raw: sign-flip (+10.67→-2.85) (train=+10.67 held_pnl=-10.3%)
  · rsi_mean_reversion: sign-flip (+59.45→-4.05) (train=+59.45 held_pnl=-31.8%)
  · bollinger_breakout: PnL fail (+1.5% < 10.0%) (train=+32.99 held_pnl=+1.5%)
  · bollinger_mr: sign-flip (+10.26→-1.73) (train=+10.26 held_pnl=-7.0%)
  · macd_momentum: train_fail s=-999.00 (train=+nan held_pnl=+0.0%)
  · atr_squeeze_breakout: sign-flip (+29.68→-8.68) (train=+29.68 held_pnl=-28.5%)
  · momentum_n_consec: sign-flip (+10.29→-5.13) (train=+10.29 held_pnl=-26.2%)
  · volume_breakout: sign-flip (+11.49→-5.72) (train=+11.49 held_pnl=-23.9%)
  · ema_crossover: sign-flip (+8.18→-3.11) (train=+8.18 held_pnl=-12.5%)
  · price_channel_with_atr: sign-flip (+11.25→-6.25) (train=+11.25 held_pnl=-25.9%)

  Sweep #461 PASS candidates: 0


========== SWEEP #462 (seed=504) ==========

  · donchian_raw: sign-flip (+11.51→-5.63) (train=+11.51 held_pnl=-24.1%)
  · rsi_mean_reversion: sign-flip (+13.95→-3.45) (train=+13.95 held_pnl=-29.1%)
  · bollinger_breakout: sign-flip (+13.93→-5.35) (train=+13.93 held_pnl=-19.9%)
  · bollinger_mr: sign-flip (+12.21→-1.45) (train=+12.21 held_pnl=-5.2%)
  · macd_momentum: train_fail s=-999.00 (train=+nan held_pnl=+0.0%)
  · atr_squeeze_breakout: sign-flip (+34.44→-10.64) (train=+34.44 held_pnl=-41.0%)
  · momentum_n_consec: sign-flip (+9.17→-4.13) (train=+9.17 held_pnl=-26.2%)
  · volume_breakout: sign-flip (+8.55→-2.08) (train=+8.55 held_pnl=-6.7%)
  · ema_crossover: sign-flip (+9.02→-4.74) (train=+9.02 held_pnl=-21.1%)
  · price_channel_with_atr: sign-flip (+12.05→-6.21) (train=+12.05 held_pnl=-26.7%)

  Sweep #462 PASS candidates: 0


========== SWEEP #463 (seed=505) ==========

  · donchian_raw: sign-flip (+9.33→-3.35) (train=+9.33 held_pnl=-10.4%)
  · rsi_mean_reversion: sign-flip (+20.28→-4.66) (train=+20.28 held_pnl=-23.7%)
  · bollinger_breakout: sign-flip (+13.77→-1.27) (train=+13.77 held_pnl=-6.4%)
  · bollinger_mr: sign-flip (+8.49→-3.59) (train=+8.49 held_pnl=-14.1%)
  · macd_momentum: train_fail s=-999.00 (train=+nan held_pnl=+0.0%)
  · atr_squeeze_breakout: sign-flip (+27.55→-8.95) (train=+27.55 held_pnl=-43.0%)
  · momentum_n_consec: sign-flip (+14.00→-6.72) (train=+14.00 held_pnl=-30.4%)
  ★ volume_breakout: PASS held-out Sharpe=6.01 PnL=+15.2% ★
  · ema_crossover: sign-flip (+8.00→-4.61) (train=+8.00 held_pnl=-31.1%)
  · price_channel_with_atr: sign-flip (+9.77→-7.81) (train=+9.77 held_pnl=-33.0%)

  Sweep #463 PASS candidates: 1
    volume_breakout: train Sharpe=11.47 → held-out PnL=+15.2%
      params: atr_period=9_atr_stop_mult=2.7193_exit_lookback_n=9_lookback_n=10_vol_mult=1.2724_vol_window=12

  ★ PASS #3 в sweep #463 (продолжаем continuous)


========== SWEEP #464 (seed=506) ==========

  · donchian_raw: sign-flip (+9.50→-1.68) (train=+9.50 held_pnl=-4.9%)
  · rsi_mean_reversion: sign-flip (+12.46→-6.92) (train=+12.46 held_pnl=-55.8%)
  · bollinger_breakout: PnL fail (+5.3% < 10.0%) (train=+34.91 held_pnl=+5.3%)
  · bollinger_mr: sign-flip (+10.94→-1.49) (train=+10.94 held_pnl=-5.9%)
  · macd_momentum: train_fail s=-999.00 (train=+nan held_pnl=+0.0%)
  · atr_squeeze_breakout: sign-flip (+34.49→-7.35) (train=+34.49 held_pnl=-25.7%)
  · momentum_n_consec: sign-flip (+10.18→-5.98) (train=+10.18 held_pnl=-30.3%)
  · volume_breakout: sign-flip (+8.48→-0.94) (train=+8.48 held_pnl=-2.9%)
  · ema_crossover: sign-flip (+7.94→-4.50) (train=+7.94 held_pnl=-26.1%)
  · price_channel_with_atr: sign-flip (+10.80→-4.13) (train=+10.80 held_pnl=-16.2%)

  Sweep #464 PASS candidates: 0


========== SWEEP #465 (seed=507) ==========

  · donchian_raw: sign-flip (+10.24→-1.72) (train=+10.24 held_pnl=-6.3%)
  · rsi_mean_reversion: sign-flip (+57.95→-4.70) (train=+57.95 held_pnl=-34.1%)
  · bollinger_breakout: sign-flip (+14.94→-3.05) (train=+14.94 held_pnl=-16.3%)
  · bollinger_mr: sign-flip (+9.08→-1.12) (train=+9.08 held_pnl=-6.2%)
  · macd_momentum: train_fail s=-999.00 (train=+nan held_pnl=+0.0%)
  · atr_squeeze_breakout: sign-flip (+27.21→-9.01) (train=+27.21 held_pnl=-33.2%)
  · momentum_n_consec: sign-flip (+7.31→-3.62) (train=+7.31 held_pnl=-29.1%)
  · volume_breakout: sign-flip (+9.10→-3.17) (train=+9.10 held_pnl=-11.7%)
  · ema_crossover: sign-flip (+8.63→-4.54) (train=+8.63 held_pnl=-25.4%)
  · price_channel_with_atr: sign-flip (+10.42→-4.20) (train=+10.42 held_pnl=-16.9%)

  Sweep #465 PASS candidates: 0


========== SWEEP #466 (seed=508) ==========

  · donchian_raw: sign-flip (+12.01→-6.20) (train=+12.01 held_pnl=-26.8%)
  · rsi_mean_reversion: sign-flip (+33.16→-11.68) (train=+33.16 held_pnl=-33.1%)
  · bollinger_breakout: sign-flip (+13.21→-5.52) (train=+13.21 held_pnl=-23.1%)
  · bollinger_mr: sign-flip (+10.47→-7.40) (train=+10.47 held_pnl=-22.2%)
  · macd_momentum: train_fail s=-999.00 (train=+nan held_pnl=+0.0%)
  · atr_squeeze_breakout: sign-flip (+29.53→-8.07) (train=+29.53 held_pnl=-14.0%)
  · momentum_n_consec: sign-flip (+7.21→-3.40) (train=+7.21 held_pnl=-27.8%)
  · volume_breakout: sign-flip (+11.64→-4.54) (train=+11.64 held_pnl=-18.9%)
  · ema_crossover: sign-flip (+8.62→-3.55) (train=+8.62 held_pnl=-16.8%)
  · price_channel_with_atr: sign-flip (+9.30→-2.31) (train=+9.30 held_pnl=-11.5%)

  Sweep #466 PASS candidates: 0


========== SWEEP #467 (seed=509) ==========

  · donchian_raw: sign-flip (+10.60→-2.94) (train=+10.60 held_pnl=-10.7%)
  · rsi_mean_reversion: sign-flip (+9.11→-7.32) (train=+9.11 held_pnl=-36.8%)
  · bollinger_breakout: sign-flip (+13.30→-4.34) (train=+13.30 held_pnl=-13.8%)
  · bollinger_mr: sign-flip (+10.63→-2.37) (train=+10.63 held_pnl=-7.6%)
  · macd_momentum: train_fail s=-999.00 (train=+nan held_pnl=+0.0%)
  · atr_squeeze_breakout: sign-flip (+31.30→-9.22) (train=+31.30 held_pnl=-13.1%)
  · momentum_n_consec: sign-flip (+10.48→-5.49) (train=+10.48 held_pnl=-28.3%)
  · volume_breakout: sign-flip (+8.85→-4.23) (train=+8.85 held_pnl=-10.9%)
  · ema_crossover: sign-flip (+9.02→-4.74) (train=+9.02 held_pnl=-21.1%)
  · price_channel_with_atr: sign-flip (+9.26→-4.31) (train=+9.26 held_pnl=-25.2%)

  Sweep #467 PASS candidates: 0


========== SWEEP #468 (seed=510) ==========

  · donchian_raw: sign-flip (+10.74→-0.96) (train=+10.74 held_pnl=-3.2%)
  · rsi_mean_reversion: sign-flip (+88.48→-4.72) (train=+88.48 held_pnl=-22.7%)
  · bollinger_breakout: sign-flip (+15.05→-4.41) (train=+15.05 held_pnl=-15.3%)
  · bollinger_mr: sign-flip (+11.47→-0.86) (train=+11.47 held_pnl=-3.2%)
  · macd_momentum: train_fail s=-999.00 (train=+nan held_pnl=+0.0%)
  · atr_squeeze_breakout: sign-flip (+33.59→-9.94) (train=+33.59 held_pnl=-29.7%)
  · momentum_n_consec: sign-flip (+13.90→-6.46) (train=+13.90 held_pnl=-29.2%)
  · volume_breakout: sign-flip (+8.41→-3.54) (train=+8.41 held_pnl=-15.7%)
  · ema_crossover: sign-flip (+8.37→-4.22) (train=+8.37 held_pnl=-26.7%)
  · price_channel_with_atr: PnL fail (+0.6% < 10.0%) (train=+7.76 held_pnl=+0.6%)

  Sweep #468 PASS candidates: 0


========== SWEEP #469 (seed=511) ==========

  · donchian_raw: sign-flip (+11.79→-1.61) (train=+11.79 held_pnl=-5.6%)
  · rsi_mean_reversion: sign-flip (+19.60→-5.51) (train=+19.60 held_pnl=-17.2%)
  · bollinger_breakout: sign-flip (+14.72→-4.85) (train=+14.72 held_pnl=-16.8%)
  · bollinger_mr: sign-flip (+12.66→-0.69) (train=+12.66 held_pnl=-2.3%)
  · macd_momentum: train_fail s=-999.00 (train=+nan held_pnl=+0.0%)
  · atr_squeeze_breakout: sign-flip (+27.96→-6.97) (train=+27.96 held_pnl=-17.0%)
  · momentum_n_consec: sign-flip (+10.15→-5.51) (train=+10.15 held_pnl=-26.0%)
  · volume_breakout: sign-flip (+8.58→-2.86) (train=+8.58 held_pnl=-7.4%)
  · ema_crossover: sign-flip (+8.74→-3.69) (train=+8.74 held_pnl=-17.2%)
  · price_channel_with_atr: sign-flip (+8.81→-4.80) (train=+8.81 held_pnl=-26.1%)

  Sweep #469 PASS candidates: 0


========== SWEEP #470 (seed=512) ==========

  · donchian_raw: sign-flip (+10.78→-5.71) (train=+10.78 held_pnl=-24.3%)
  · rsi_mean_reversion: sign-flip (+76.88→-6.85) (train=+76.88 held_pnl=-51.1%)
  · bollinger_breakout: sign-flip (+12.75→-2.83) (train=+12.75 held_pnl=-15.6%)
  · bollinger_mr: sign-flip (+9.88→-1.39) (train=+9.88 held_pnl=-4.5%)
  · macd_momentum: train_fail s=-999.00 (train=+nan held_pnl=+0.0%)
  · atr_squeeze_breakout: sign-flip (+35.33→-9.71) (train=+35.33 held_pnl=-18.9%)
  · momentum_n_consec: sign-flip (+10.03→-5.16) (train=+10.03 held_pnl=-25.7%)
  · volume_breakout: sign-flip (+10.79→-3.94) (train=+10.79 held_pnl=-12.1%)
  · ema_crossover: sign-flip (+7.97→-6.35) (train=+7.97 held_pnl=-33.0%)
  · price_channel_with_atr: sign-flip (+8.67→-3.32) (train=+8.67 held_pnl=-10.1%)

  Sweep #470 PASS candidates: 0


========== SWEEP #471 (seed=513) ==========

  · donchian_raw: sign-flip (+10.95→-2.73) (train=+10.95 held_pnl=-9.6%)
  · rsi_mean_reversion: sign-flip (+18.36→-14.05) (train=+18.36 held_pnl=-39.5%)
  · bollinger_breakout: sign-flip (+14.71→-4.61) (train=+14.71 held_pnl=-17.1%)
  · bollinger_mr: sign-flip (+10.85→-2.26) (train=+10.85 held_pnl=-9.6%)
  · macd_momentum: train_fail s=-999.00 (train=+nan held_pnl=+0.0%)
  · atr_squeeze_breakout: sign-flip (+28.27→-10.18) (train=+28.27 held_pnl=-20.0%)
  · momentum_n_consec: sign-flip (+10.34→-5.12) (train=+10.34 held_pnl=-32.7%)
  · volume_breakout: sign-flip (+7.77→-0.49) (train=+7.77 held_pnl=-2.3%)
  · ema_crossover: sign-flip (+8.37→-4.30) (train=+8.37 held_pnl=-25.2%)
  · price_channel_with_atr: sign-flip (+9.94→-5.25) (train=+9.94 held_pnl=-26.1%)

  Sweep #471 PASS candidates: 0


========== SWEEP #472 (seed=514) ==========

  · donchian_raw: sign-flip (+10.69→-2.77) (train=+10.69 held_pnl=-9.9%)
  · rsi_mean_reversion: sign-flip (+11.98→-5.59) (train=+11.98 held_pnl=-38.0%)
  · bollinger_breakout: sign-flip (+13.27→-8.38) (train=+13.27 held_pnl=-30.8%)
  · bollinger_mr: sign-flip (+11.79→-0.04) (train=+11.79 held_pnl=-0.1%)
  · macd_momentum: train_fail s=-999.00 (train=+nan held_pnl=+0.0%)
  · atr_squeeze_breakout: sign-flip (+31.58→-8.02) (train=+31.58 held_pnl=-11.0%)
  · momentum_n_consec: sign-flip (+8.90→-4.95) (train=+8.90 held_pnl=-24.3%)
  · volume_breakout: sign-flip (+7.66→-1.64) (train=+7.66 held_pnl=-5.4%)
  · ema_crossover: sign-flip (+7.93→-3.96) (train=+7.93 held_pnl=-18.7%)
  · price_channel_with_atr: sign-flip (+10.95→-6.19) (train=+10.95 held_pnl=-26.2%)

  Sweep #472 PASS candidates: 0


========== SWEEP #473 (seed=515) ==========

  · donchian_raw: sign-flip (+10.31→-3.11) (train=+10.31 held_pnl=-11.1%)
  · rsi_mean_reversion: sign-flip (+11.67→-3.48) (train=+11.67 held_pnl=-15.1%)
  · bollinger_breakout: sign-flip (+15.49→-2.32) (train=+15.49 held_pnl=-12.1%)
  · bollinger_mr: sign-flip (+8.12→-1.94) (train=+8.12 held_pnl=-8.1%)
  · macd_momentum: train_fail s=-999.00 (train=+nan held_pnl=+0.0%)
  · atr_squeeze_breakout: sign-flip (+31.63→-11.64) (train=+31.63 held_pnl=-19.4%)
  · momentum_n_consec: PnL fail (+1.6% < 10.0%) (train=+8.93 held_pnl=+1.6%)
  · volume_breakout: sign-flip (+11.09→-2.32) (train=+11.09 held_pnl=-7.0%)
  · ema_crossover: sign-flip (+8.32→-4.12) (train=+8.32 held_pnl=-22.1%)
  · price_channel_with_atr: sign-flip (+10.77→-7.76) (train=+10.77 held_pnl=-33.9%)

  Sweep #473 PASS candidates: 0


========== SWEEP #474 (seed=516) ==========

  · donchian_raw: sign-flip (+11.77→-1.61) (train=+11.77 held_pnl=-5.6%)
  · rsi_mean_reversion: sign-flip (+9.10→-3.28) (train=+9.10 held_pnl=-17.4%)
  · bollinger_breakout: sign-flip (+13.69→-5.63) (train=+13.69 held_pnl=-20.9%)
  · bollinger_mr: sign-flip (+11.15→-5.61) (train=+11.15 held_pnl=-15.6%)
  · macd_momentum: train_fail s=-999.00 (train=+nan held_pnl=+0.0%)
  · atr_squeeze_breakout: sign-flip (+29.14→-7.60) (train=+29.14 held_pnl=-25.7%)
  · momentum_n_consec: sign-flip (+12.53→-6.56) (train=+12.53 held_pnl=-29.9%)
  · volume_breakout: sign-flip (+10.36→-2.63) (train=+10.36 held_pnl=-7.0%)
  · ema_crossover: sign-flip (+8.32→-4.12) (train=+8.32 held_pnl=-22.1%)
  · price_channel_with_atr: sign-flip (+9.65→-5.98) (train=+9.65 held_pnl=-26.4%)

  Sweep #474 PASS candidates: 0


========== SWEEP #475 (seed=517) ==========

  · donchian_raw: sign-flip (+11.40→-6.13) (train=+11.40 held_pnl=-24.3%)
  · rsi_mean_reversion: sign-flip (+29.23→-4.20) (train=+29.23 held_pnl=-38.2%)
  · bollinger_breakout: sign-flip (+13.04→-3.41) (train=+13.04 held_pnl=-11.0%)
  · bollinger_mr: sign-flip (+11.88→-1.03) (train=+11.88 held_pnl=-3.2%)
  · macd_momentum: train_fail s=-999.00 (train=+nan held_pnl=+0.0%)
  · atr_squeeze_breakout: sign-flip (+30.87→-8.03) (train=+30.87 held_pnl=-14.8%)
  · momentum_n_consec: sign-flip (+10.07→-5.98) (train=+10.07 held_pnl=-29.9%)
  · volume_breakout: sign-flip (+8.45→-1.75) (train=+8.45 held_pnl=-5.4%)
  · ema_crossover: sign-flip (+8.63→-4.46) (train=+8.63 held_pnl=-26.6%)
  · price_channel_with_atr: sign-flip (+11.13→-5.79) (train=+11.13 held_pnl=-23.7%)

  Sweep #475 PASS candidates: 0


========== SWEEP #476 (seed=518) ==========

  · donchian_raw: sign-flip (+10.29→-4.16) (train=+10.29 held_pnl=-17.4%)
  · rsi_mean_reversion: sign-flip (+29.29→-4.56) (train=+29.29 held_pnl=-22.7%)
  · bollinger_breakout: sign-flip (+14.92→-1.46) (train=+14.92 held_pnl=-7.3%)
  · bollinger_mr: sign-flip (+10.75→-3.93) (train=+10.75 held_pnl=-11.2%)
  · macd_momentum: train_fail s=-999.00 (train=+nan held_pnl=+0.0%)
  · atr_squeeze_breakout: sign-flip (+30.95→-13.08) (train=+30.95 held_pnl=-19.8%)
  · momentum_n_consec: sign-flip (+9.81→-5.93) (train=+9.81 held_pnl=-29.5%)
  · volume_breakout: sign-flip (+9.29→-4.61) (train=+9.29 held_pnl=-13.7%)
  · ema_crossover: sign-flip (+8.62→-3.55) (train=+8.62 held_pnl=-16.8%)
  · price_channel_with_atr: sign-flip (+9.34→-0.67) (train=+9.34 held_pnl=-2.2%)

  Sweep #476 PASS candidates: 0


========== SWEEP #477 (seed=519) ==========

  · donchian_raw: sign-flip (+11.48→-6.13) (train=+11.48 held_pnl=-24.3%)
  · rsi_mean_reversion: sign-flip (+73.03→-6.36) (train=+73.03 held_pnl=-26.9%)
  · bollinger_breakout: sign-flip (+13.08→-4.21) (train=+13.08 held_pnl=-13.4%)
  · bollinger_mr: sign-flip (+9.15→-1.13) (train=+9.15 held_pnl=-5.9%)
  · macd_momentum: train_fail s=-999.00 (train=+nan held_pnl=+0.0%)
  · atr_squeeze_breakout: sign-flip (+29.92→-6.24) (train=+29.92 held_pnl=-20.6%)
  · momentum_n_consec: sign-flip (+10.89→-4.41) (train=+10.89 held_pnl=-21.8%)
  · volume_breakout: sign-flip (+12.02→-3.06) (train=+12.02 held_pnl=-8.8%)
  · ema_crossover: sign-flip (+7.68→-2.97) (train=+7.68 held_pnl=-16.8%)
  · price_channel_with_atr: sign-flip (+10.86→-6.20) (train=+10.86 held_pnl=-26.8%)

  Sweep #477 PASS candidates: 0


========== SWEEP #478 (seed=520) ==========

  · donchian_raw: sign-flip (+11.21→-3.96) (train=+11.21 held_pnl=-15.6%)
  · rsi_mean_reversion: sign-flip (+19.19→-7.62) (train=+19.19 held_pnl=-34.6%)
  · bollinger_breakout: sign-flip (+13.34→-7.69) (train=+13.34 held_pnl=-31.4%)
  · bollinger_mr: sign-flip (+10.47→-0.32) (train=+10.47 held_pnl=-1.2%)
  · macd_momentum: train_fail s=-999.00 (train=+nan held_pnl=+0.0%)
  · atr_squeeze_breakout: sign-flip (+28.94→-8.95) (train=+28.94 held_pnl=-38.2%)
  · momentum_n_consec: sign-flip (+14.61→-6.26) (train=+14.61 held_pnl=-27.6%)
  · volume_breakout: sign-flip (+9.58→-4.59) (train=+9.58 held_pnl=-13.1%)
  · ema_crossover: sign-flip (+7.89→-4.28) (train=+7.89 held_pnl=-20.6%)
  · price_channel_with_atr: sign-flip (+10.99→-6.26) (train=+10.99 held_pnl=-27.0%)

  Sweep #478 PASS candidates: 0


========== SWEEP #479 (seed=521) ==========

  · donchian_raw: sign-flip (+11.69→-4.99) (train=+11.69 held_pnl=-19.3%)
  · rsi_mean_reversion: sign-flip (+29.35→-4.68) (train=+29.35 held_pnl=-39.9%)
  · bollinger_breakout: sign-flip (+15.86→-2.42) (train=+15.86 held_pnl=-12.7%)
  · bollinger_mr: sign-flip (+12.23→-0.91) (train=+12.23 held_pnl=-3.2%)
  · macd_momentum: train_fail s=-999.00 (train=+nan held_pnl=+0.0%)
  · atr_squeeze_breakout: sign-flip (+29.68→-6.24) (train=+29.68 held_pnl=-10.0%)
  · momentum_n_consec: sign-flip (+8.51→-4.16) (train=+8.51 held_pnl=-26.4%)
  · volume_breakout: sign-flip (+8.50→-1.33) (train=+8.50 held_pnl=-5.8%)
  · ema_crossover: sign-flip (+7.97→-4.25) (train=+7.97 held_pnl=-22.5%)
  · price_channel_with_atr: sign-flip (+8.85→-3.80) (train=+8.85 held_pnl=-11.0%)

  Sweep #479 PASS candidates: 0


========== SWEEP #480 (seed=522) ==========

  · donchian_raw: sign-flip (+10.40→-2.90) (train=+10.40 held_pnl=-10.4%)
  · rsi_mean_reversion: sign-flip (+22.75→-4.37) (train=+22.75 held_pnl=-26.3%)
  · bollinger_breakout: sign-flip (+13.89→-0.71) (train=+13.89 held_pnl=-3.5%)
  · bollinger_mr: sign-flip (+10.40→-1.18) (train=+10.40 held_pnl=-4.7%)
  · macd_momentum: train_fail s=-999.00 (train=+nan held_pnl=+0.0%)
  · atr_squeeze_breakout: sign-flip (+33.24→-9.05) (train=+33.24 held_pnl=-17.9%)
  · momentum_n_consec: sign-flip (+8.48→-4.18) (train=+8.48 held_pnl=-26.5%)
  · volume_breakout: PnL fail (+4.9% < 10.0%) (train=+8.01 held_pnl=+4.9%)
  · ema_crossover: sign-flip (+8.32→-4.12) (train=+8.32 held_pnl=-22.1%)
  · price_channel_with_atr: sign-flip (+8.38→-1.84) (train=+8.38 held_pnl=-6.2%)

  Sweep #480 PASS candidates: 0


========== SWEEP #481 (seed=523) ==========

  · donchian_raw: sign-flip (+11.74→-3.10) (train=+11.74 held_pnl=-11.2%)
  · rsi_mean_reversion: sign-flip (+16.10→-3.13) (train=+16.10 held_pnl=-20.3%)
  · bollinger_breakout: PnL fail (+0.1% < 10.0%) (train=+28.44 held_pnl=+0.1%)
  · bollinger_mr: sign-flip (+10.63→-4.54) (train=+10.63 held_pnl=-13.7%)
  · macd_momentum: train_fail s=-999.00 (train=+nan held_pnl=+0.0%)
  · atr_squeeze_breakout: sign-flip (+29.07→-8.97) (train=+29.07 held_pnl=-31.5%)
  · momentum_n_consec: PnL fail (+1.8% < 10.0%) (train=+9.62 held_pnl=+1.8%)
  · volume_breakout: sign-flip (+10.39→-4.67) (train=+10.39 held_pnl=-18.7%)
  · ema_crossover: sign-flip (+7.70→-6.67) (train=+7.70 held_pnl=-34.5%)
  · price_channel_with_atr: sign-flip (+11.68→-6.26) (train=+11.68 held_pnl=-25.7%)

  Sweep #481 PASS candidates: 0


========== SWEEP #482 (seed=524) ==========

  · donchian_raw: sign-flip (+9.37→-3.35) (train=+9.37 held_pnl=-10.4%)
  · rsi_mean_reversion: sign-flip (+30.58→-5.50) (train=+30.58 held_pnl=-29.9%)
  · bollinger_breakout: sign-flip (+16.47→-1.39) (train=+16.47 held_pnl=-7.0%)
  · bollinger_mr: sign-flip (+11.65→-5.02) (train=+11.65 held_pnl=-17.8%)
  · macd_momentum: train_fail s=-999.00 (train=+nan held_pnl=+0.0%)
  · atr_squeeze_breakout: sign-flip (+30.70→-7.77) (train=+30.70 held_pnl=-13.7%)
  · momentum_n_consec: sign-flip (+14.15→-6.40) (train=+14.15 held_pnl=-28.9%)
  · volume_breakout: PnL fail (+7.1% < 10.0%) (train=+8.92 held_pnl=+7.1%)
  · ema_crossover: sign-flip (+7.95→-3.00) (train=+7.95 held_pnl=-13.4%)
  · price_channel_with_atr: sign-flip (+9.86→-7.81) (train=+9.86 held_pnl=-32.8%)

  Sweep #482 PASS candidates: 0


========== SWEEP #483 (seed=525) ==========

  · donchian_raw: sign-flip (+9.69→-2.89) (train=+9.69 held_pnl=-8.2%)
  · rsi_mean_reversion: sign-flip (+26.09→-4.10) (train=+26.09 held_pnl=-23.1%)
  · bollinger_breakout: sign-flip (+13.29→-3.49) (train=+13.29 held_pnl=-13.0%)
  · bollinger_mr: sign-flip (+8.93→-1.55) (train=+8.93 held_pnl=-7.6%)
  · macd_momentum: train_fail s=-999.00 (train=+nan held_pnl=+0.0%)
  · atr_squeeze_breakout: sign-flip (+31.91→-10.29) (train=+31.91 held_pnl=-24.8%)
  · momentum_n_consec: sign-flip (+10.40→-5.58) (train=+10.40 held_pnl=-27.7%)
  · volume_breakout: PnL fail (+1.7% < 10.0%) (train=+10.63 held_pnl=+1.7%)
  · ema_crossover: sign-flip (+9.02→-4.74) (train=+9.02 held_pnl=-21.1%)
  · price_channel_with_atr: sign-flip (+11.15→-6.16) (train=+11.15 held_pnl=-26.0%)

  Sweep #483 PASS candidates: 0


========== SWEEP #484 (seed=526) ==========

  · donchian_raw: sign-flip (+11.71→-3.10) (train=+11.71 held_pnl=-11.2%)
  · rsi_mean_reversion: sign-flip (+34.80→-7.42) (train=+34.80 held_pnl=-52.6%)
  · bollinger_breakout: sign-flip (+14.17→-4.82) (train=+14.17 held_pnl=-17.9%)
  · bollinger_mr: sign-flip (+7.54→-1.35) (train=+7.54 held_pnl=-5.2%)
  · macd_momentum: train_fail s=-999.00 (train=+nan held_pnl=+0.0%)
  · atr_squeeze_breakout: sign-flip (+26.68→-6.92) (train=+26.68 held_pnl=-27.8%)
  · momentum_n_consec: PnL fail (+1.7% < 10.0%) (train=+9.17 held_pnl=+1.7%)
  · volume_breakout: sign-flip (+8.98→-0.41) (train=+8.98 held_pnl=-1.8%)
  · ema_crossover: sign-flip (+8.63→-4.54) (train=+8.63 held_pnl=-25.4%)
  · price_channel_with_atr: sign-flip (+8.39→-1.63) (train=+8.39 held_pnl=-7.9%)

  Sweep #484 PASS candidates: 0


========== SWEEP #485 (seed=527) ==========

  · donchian_raw: sign-flip (+11.78→-1.61) (train=+11.78 held_pnl=-5.6%)
  · rsi_mean_reversion: sign-flip (+7.42→-6.82) (train=+7.42 held_pnl=-48.4%)
  · bollinger_breakout: sign-flip (+13.12→-8.94) (train=+13.12 held_pnl=-37.2%)
  · bollinger_mr: sign-flip (+11.36→-5.38) (train=+11.36 held_pnl=-19.2%)
  · macd_momentum: train_fail s=-999.00 (train=+nan held_pnl=+0.0%)
  · atr_squeeze_breakout: sign-flip (+28.62→-6.50) (train=+28.62 held_pnl=-10.5%)
  · momentum_n_consec: sign-flip (+14.17→-6.65) (train=+14.17 held_pnl=-29.5%)
  · volume_breakout: sign-flip (+8.42→-3.13) (train=+8.42 held_pnl=-8.5%)
  · ema_crossover: sign-flip (+8.63→-4.42) (train=+8.63 held_pnl=-26.9%)
  · price_channel_with_atr: sign-flip (+9.84→-1.10) (train=+9.84 held_pnl=-3.7%)

  Sweep #485 PASS candidates: 0


========== SWEEP #486 (seed=528) ==========

  · donchian_raw: sign-flip (+11.76→-1.61) (train=+11.76 held_pnl=-5.6%)
  · rsi_mean_reversion: sign-flip (+32.99→-8.09) (train=+32.99 held_pnl=-27.8%)
  · bollinger_breakout: sign-flip (+13.95→-2.76) (train=+13.95 held_pnl=-9.6%)
  · bollinger_mr: sign-flip (+8.03→-2.98) (train=+8.03 held_pnl=-15.1%)
  · macd_momentum: train_fail s=-999.00 (train=+nan held_pnl=+0.0%)
  · atr_squeeze_breakout: sign-flip (+29.68→-9.16) (train=+29.68 held_pnl=-21.8%)
  · momentum_n_consec: sign-flip (+13.55→-6.54) (train=+13.55 held_pnl=-30.0%)
  · volume_breakout: sign-flip (+9.90→-0.62) (train=+9.90 held_pnl=-1.6%)
  · ema_crossover: sign-flip (+9.83→-7.43) (train=+9.83 held_pnl=-31.4%)
  · price_channel_with_atr: sign-flip (+11.71→-6.26) (train=+11.71 held_pnl=-25.7%)

  Sweep #486 PASS candidates: 0


========== SWEEP #487 (seed=529) ==========

  · donchian_raw: sign-flip (+10.82→-6.00) (train=+10.82 held_pnl=-25.0%)
  · rsi_mean_reversion: sign-flip (+18.18→-4.49) (train=+18.18 held_pnl=-26.0%)
  · bollinger_breakout: sign-flip (+13.27→-5.42) (train=+13.27 held_pnl=-22.3%)
  · bollinger_mr: sign-flip (+8.64→-3.79) (train=+8.64 held_pnl=-15.9%)
  · macd_momentum: train_fail s=-999.00 (train=+nan held_pnl=+0.0%)
  · atr_squeeze_breakout: sign-flip (+29.80→-9.86) (train=+29.80 held_pnl=-19.7%)
  · momentum_n_consec: sign-flip (+13.15→-6.33) (train=+13.15 held_pnl=-28.7%)
  · volume_breakout: sign-flip (+9.49→-5.06) (train=+9.49 held_pnl=-13.8%)
  · ema_crossover: sign-flip (+8.09→-3.55) (train=+8.09 held_pnl=-15.2%)
  · price_channel_with_atr: sign-flip (+9.06→-4.95) (train=+9.06 held_pnl=-25.8%)

  Sweep #487 PASS candidates: 0


========== SWEEP #488 (seed=530) ==========

  · donchian_raw: sign-flip (+11.62→-5.00) (train=+11.62 held_pnl=-19.7%)
  · rsi_mean_reversion: sign-flip (+22.57→-4.82) (train=+22.57 held_pnl=-31.0%)
  · bollinger_breakout: sign-flip (+12.70→-9.42) (train=+12.70 held_pnl=-34.2%)
  · bollinger_mr: PnL fail (+0.2% < 10.0%) (train=+11.93 held_pnl=+0.2%)
  · macd_momentum: train_fail s=-999.00 (train=+nan held_pnl=+0.0%)
  · atr_squeeze_breakout: sign-flip (+31.72→-7.39) (train=+31.72 held_pnl=-11.1%)
  · momentum_n_consec: sign-flip (+14.31→-6.60) (train=+14.31 held_pnl=-28.9%)
  · volume_breakout: sign-flip (+10.26→-3.30) (train=+10.26 held_pnl=-10.2%)
  · ema_crossover: sign-flip (+8.18→-3.11) (train=+8.18 held_pnl=-12.5%)
  · price_channel_with_atr: sign-flip (+10.71→-5.29) (train=+10.71 held_pnl=-21.4%)

  Sweep #488 PASS candidates: 0


========== SWEEP #489 (seed=531) ==========

  · donchian_raw: sign-flip (+11.69→-1.61) (train=+11.69 held_pnl=-5.6%)
  · rsi_mean_reversion: sign-flip (+17.54→-7.08) (train=+17.54 held_pnl=-39.3%)
  · bollinger_breakout: PnL fail (+5.6% < 10.0%) (train=+35.12 held_pnl=+5.6%)
  · bollinger_mr: sign-flip (+8.04→-2.97) (train=+8.04 held_pnl=-11.3%)
  · macd_momentum: train_fail s=-999.00 (train=+nan held_pnl=+0.0%)
  · atr_squeeze_breakout: sign-flip (+29.08→-9.15) (train=+29.08 held_pnl=-42.6%)
  · momentum_n_consec: sign-flip (+14.24→-6.60) (train=+14.24 held_pnl=-29.3%)
  · volume_breakout: PnL fail (+6.4% < 10.0%) (train=+11.70 held_pnl=+6.4%)
  · ema_crossover: sign-flip (+8.00→-4.61) (train=+8.00 held_pnl=-31.1%)
  · price_channel_with_atr: sign-flip (+9.20→-2.01) (train=+9.20 held_pnl=-6.5%)

  Sweep #489 PASS candidates: 0


========== SWEEP #490 (seed=532) ==========

  · donchian_raw: sign-flip (+9.79→-3.37) (train=+9.79 held_pnl=-12.3%)
  · rsi_mean_reversion: sign-flip (+24.64→-14.82) (train=+24.64 held_pnl=-37.0%)
  · bollinger_breakout: sign-flip (+14.42→-3.11) (train=+14.42 held_pnl=-9.5%)
  · bollinger_mr: sign-flip (+7.64→-4.30) (train=+7.64 held_pnl=-15.2%)
  · macd_momentum: train_fail s=-999.00 (train=+nan held_pnl=+0.0%)
  · atr_squeeze_breakout: sign-flip (+31.90→-9.63) (train=+31.90 held_pnl=-38.5%)
  · momentum_n_consec: sign-flip (+10.50→-5.57) (train=+10.50 held_pnl=-26.4%)
  · volume_breakout: sign-flip (+8.82→-2.74) (train=+8.82 held_pnl=-7.1%)
  · ema_crossover: sign-flip (+7.84→-4.17) (train=+7.84 held_pnl=-22.0%)
  · price_channel_with_atr: sign-flip (+11.75→-6.01) (train=+11.75 held_pnl=-26.0%)

  Sweep #490 PASS candidates: 0


========== SWEEP #491 (seed=533) ==========

  · donchian_raw: sign-flip (+9.52→-2.27) (train=+9.52 held_pnl=-8.5%)
  · rsi_mean_reversion: sign-flip (+10.15→-5.95) (train=+10.15 held_pnl=-37.1%)
  · bollinger_breakout: sign-flip (+10.93→-5.73) (train=+10.93 held_pnl=-23.1%)
  · bollinger_mr: sign-flip (+8.94→-3.85) (train=+8.94 held_pnl=-19.0%)
  · macd_momentum: train_fail s=-999.00 (train=+nan held_pnl=+0.0%)
  · atr_squeeze_breakout: sign-flip (+32.24→-11.44) (train=+32.24 held_pnl=-37.0%)
  · momentum_n_consec: sign-flip (+10.51→-4.45) (train=+10.51 held_pnl=-22.2%)
  ★ volume_breakout: PASS held-out Sharpe=6.30 PnL=+13.8% ★
  · ema_crossover: sign-flip (+7.56→-5.61) (train=+7.56 held_pnl=-28.7%)
  · price_channel_with_atr: sign-flip (+11.01→-6.21) (train=+11.01 held_pnl=-26.8%)

  Sweep #491 PASS candidates: 1
    volume_breakout: train Sharpe=11.69 → held-out PnL=+13.8%
      params: atr_period=10_atr_stop_mult=3.1551_exit_lookback_n=8_lookback_n=9_vol_mult=1.3023_vol_window=13

  ★ PASS #4 в sweep #491 (продолжаем continuous)


========== SWEEP #492 (seed=534) ==========

  · donchian_raw: sign-flip (+11.76→-1.61) (train=+11.76 held_pnl=-5.6%)
  · rsi_mean_reversion: sign-flip (+31.52→-5.85) (train=+31.52 held_pnl=-29.6%)
  · bollinger_breakout: sign-flip (+13.06→-2.35) (train=+13.06 held_pnl=-11.8%)
  · bollinger_mr: sign-flip (+8.68→-3.59) (train=+8.68 held_pnl=-17.5%)
  · macd_momentum: train_fail s=-999.00 (train=+nan held_pnl=+0.0%)
  · atr_squeeze_breakout: sign-flip (+35.02→-9.68) (train=+35.02 held_pnl=-29.4%)
  · momentum_n_consec: PnL fail (+0.8% < 10.0%) (train=+8.91 held_pnl=+0.8%)
  · volume_breakout: sign-flip (+10.68→-4.20) (train=+10.68 held_pnl=-16.3%)
  · ema_crossover: sign-flip (+8.78→-3.37) (train=+8.78 held_pnl=-15.2%)
  · price_channel_with_atr: sign-flip (+10.20→-0.88) (train=+10.20 held_pnl=-2.8%)

  Sweep #492 PASS candidates: 0


========== SWEEP #493 (seed=535) ==========

  · donchian_raw: sign-flip (+10.88→-2.70) (train=+10.88 held_pnl=-9.7%)
  · rsi_mean_reversion: sign-flip (+34.26→-6.45) (train=+34.26 held_pnl=-30.7%)
  · bollinger_breakout: sign-flip (+11.47→-2.65) (train=+11.47 held_pnl=-13.8%)
  · bollinger_mr: sign-flip (+7.43→-1.39) (train=+7.43 held_pnl=-6.2%)
  · macd_momentum: train_fail s=-999.00 (train=+nan held_pnl=+0.0%)
  · atr_squeeze_breakout: sign-flip (+29.61→-7.42) (train=+29.61 held_pnl=-12.9%)
  · momentum_n_consec: sign-flip (+10.41→-5.24) (train=+10.41 held_pnl=-25.5%)
  · volume_breakout: sign-flip (+9.82→-2.96) (train=+9.82 held_pnl=-10.7%)
  · ema_crossover: sign-flip (+8.62→-3.55) (train=+8.62 held_pnl=-16.8%)
  · price_channel_with_atr: sign-flip (+7.51→-0.92) (train=+7.51 held_pnl=-3.0%)

  Sweep #493 PASS candidates: 0


========== SWEEP #494 (seed=536) ==========

  · donchian_raw: sign-flip (+11.86→-5.73) (train=+11.86 held_pnl=-23.8%)
  · rsi_mean_reversion: sign-flip (+9.11→-4.07) (train=+9.11 held_pnl=-31.8%)
  · bollinger_breakout: sign-flip (+14.52→-2.74) (train=+14.52 held_pnl=-10.3%)
  · bollinger_mr: sign-flip (+10.78→-1.55) (train=+10.78 held_pnl=-4.6%)
  · macd_momentum: train_fail s=-999.00 (train=+nan held_pnl=+0.0%)
  · atr_squeeze_breakout: sign-flip (+31.89→-10.03) (train=+31.89 held_pnl=-20.7%)
  · momentum_n_consec: sign-flip (+14.56→-6.29) (train=+14.56 held_pnl=-27.8%)
  · volume_breakout: sign-flip (+9.14→-4.25) (train=+9.14 held_pnl=-11.9%)
  · ema_crossover: sign-flip (+7.68→-2.97) (train=+7.68 held_pnl=-16.8%)
  · price_channel_with_atr: sign-flip (+9.15→-4.74) (train=+9.15 held_pnl=-19.7%)

  Sweep #494 PASS candidates: 0


========== SWEEP #495 (seed=537) ==========

  · donchian_raw: sign-flip (+10.85→-1.19) (train=+10.85 held_pnl=-4.1%)
  · rsi_mean_reversion: sign-flip (+58.55→-7.20) (train=+58.55 held_pnl=-50.3%)
  · bollinger_breakout: sign-flip (+14.08→-4.91) (train=+14.08 held_pnl=-20.1%)
  · bollinger_mr: PnL fail (+1.2% < 10.0%) (train=+11.34 held_pnl=+1.2%)
  · macd_momentum: train_fail s=-999.00 (train=+nan held_pnl=+0.0%)
  · atr_squeeze_breakout: sign-flip (+33.11→-10.38) (train=+33.11 held_pnl=-30.8%)
  · momentum_n_consec: PnL fail (+1.8% < 10.0%) (train=+9.66 held_pnl=+1.8%)
  · volume_breakout: sign-flip (+10.48→-4.04) (train=+10.48 held_pnl=-15.7%)
  · ema_crossover: sign-flip (+8.18→-3.11) (train=+8.18 held_pnl=-12.5%)
  · price_channel_with_atr: sign-flip (+10.37→-4.83) (train=+10.37 held_pnl=-26.9%)

  Sweep #495 PASS candidates: 0


========== SWEEP #496 (seed=538) ==========

  · donchian_raw: sign-flip (+10.72→-0.97) (train=+10.72 held_pnl=-3.3%)
  · rsi_mean_reversion: sign-flip (+11.67→-4.19) (train=+11.67 held_pnl=-30.3%)
  · bollinger_breakout: PnL fail (+1.1% < 10.0%) (train=+28.80 held_pnl=+1.1%)
  · bollinger_mr: sign-flip (+8.79→-2.63) (train=+8.79 held_pnl=-12.6%)
  · macd_momentum: train_fail s=-999.00 (train=+nan held_pnl=+0.0%)
  · atr_squeeze_breakout: sign-flip (+33.34→-11.11) (train=+33.34 held_pnl=-23.6%)
  · momentum_n_consec: sign-flip (+11.68→-6.41) (train=+11.68 held_pnl=-28.7%)
  · volume_breakout: sign-flip (+12.07→-2.62) (train=+12.07 held_pnl=-7.2%)
  · ema_crossover: sign-flip (+8.18→-3.11) (train=+8.18 held_pnl=-12.5%)
  · price_channel_with_atr: sign-flip (+9.80→-0.33) (train=+9.80 held_pnl=-1.1%)

  Sweep #496 PASS candidates: 0


========== SWEEP #497 (seed=539) ==========

  · donchian_raw: sign-flip (+10.64→-2.62) (train=+10.64 held_pnl=-9.1%)
  · rsi_mean_reversion: sign-flip (+9.80→-3.98) (train=+9.80 held_pnl=-28.3%)
  · bollinger_breakout: sign-flip (+15.08→-1.43) (train=+15.08 held_pnl=-7.2%)
  · bollinger_mr: sign-flip (+11.05→-1.18) (train=+11.05 held_pnl=-3.6%)
  · macd_momentum: train_fail s=-999.00 (train=+nan held_pnl=+0.0%)
  · atr_squeeze_breakout: sign-flip (+29.41→-7.25) (train=+29.41 held_pnl=-12.2%)
  · momentum_n_consec: sign-flip (+14.11→-6.65) (train=+14.11 held_pnl=-29.8%)
  · volume_breakout: sign-flip (+9.11→-3.09) (train=+9.11 held_pnl=-16.6%)
  · ema_crossover: sign-flip (+7.58→-2.73) (train=+7.58 held_pnl=-10.6%)
  · price_channel_with_atr: sign-flip (+10.05→-6.24) (train=+10.05 held_pnl=-26.6%)

  Sweep #497 PASS candidates: 0


========== SWEEP #498 (seed=540) ==========

  · donchian_raw: sign-flip (+12.13→-6.83) (train=+12.13 held_pnl=-24.3%)
  · rsi_mean_reversion: sign-flip (+12.10→-4.40) (train=+12.10 held_pnl=-26.9%)
  · bollinger_breakout: sign-flip (+14.68→-5.37) (train=+14.68 held_pnl=-20.3%)
  · bollinger_mr: sign-flip (+10.40→-6.37) (train=+10.40 held_pnl=-27.6%)
  · macd_momentum: train_fail s=-999.00 (train=+nan held_pnl=+0.0%)
  · atr_squeeze_breakout: sign-flip (+31.80→-11.24) (train=+31.80 held_pnl=-36.7%)
  · momentum_n_consec: sign-flip (+9.21→-5.83) (train=+9.21 held_pnl=-29.4%)
  · volume_breakout: sign-flip (+9.38→-6.13) (train=+9.38 held_pnl=-25.5%)
  · ema_crossover: sign-flip (+8.00→-4.61) (train=+8.00 held_pnl=-31.1%)
  · price_channel_with_atr: sign-flip (+10.14→-4.32) (train=+10.14 held_pnl=-25.5%)

  Sweep #498 PASS candidates: 0


========== SWEEP #499 (seed=541) ==========

  · donchian_raw: sign-flip (+10.24→-2.95) (train=+10.24 held_pnl=-10.9%)
  · rsi_mean_reversion: sign-flip (+13.23→-3.67) (train=+13.23 held_pnl=-25.9%)
  · bollinger_breakout: sign-flip (+14.58→-5.28) (train=+14.58 held_pnl=-20.3%)
  · bollinger_mr: sign-flip (+13.11→-2.05) (train=+13.11 held_pnl=-7.6%)
  · macd_momentum: train_fail s=-999.00 (train=+nan held_pnl=+0.0%)
  · atr_squeeze_breakout: sign-flip (+35.81→-4.51) (train=+35.81 held_pnl=-9.9%)
  · momentum_n_consec: sign-flip (+10.91→-4.64) (train=+10.91 held_pnl=-23.3%)
  · volume_breakout: sign-flip (+9.34→-3.99) (train=+9.34 held_pnl=-15.9%)
  · ema_crossover: sign-flip (+8.37→-4.30) (train=+8.37 held_pnl=-25.2%)
  · price_channel_with_atr: sign-flip (+10.17→-6.14) (train=+10.17 held_pnl=-26.0%)

  Sweep #499 PASS candidates: 0


========== SWEEP #500 (seed=542) ==========

  · donchian_raw: sign-flip (+11.68→-5.59) (train=+11.68 held_pnl=-24.6%)
  · rsi_mean_reversion: sign-flip (+58.23→-8.19) (train=+58.23 held_pnl=-28.6%)
  · bollinger_breakout: sign-flip (+24.25→-3.04) (train=+24.25 held_pnl=-6.6%)
  · bollinger_mr: sign-flip (+11.90→-0.07) (train=+11.90 held_pnl=-0.2%)
  · macd_momentum: train_fail s=-999.00 (train=+nan held_pnl=+0.0%)
  · atr_squeeze_breakout: sign-flip (+31.96→-7.52) (train=+31.96 held_pnl=-14.2%)
  · momentum_n_consec: sign-flip (+10.14→-5.44) (train=+10.14 held_pnl=-34.5%)
  · volume_breakout: sign-flip (+10.62→-4.95) (train=+10.62 held_pnl=-19.3%)
  · ema_crossover: sign-flip (+7.68→-2.97) (train=+7.68 held_pnl=-16.8%)
  · price_channel_with_atr: sign-flip (+9.51→-6.08) (train=+9.51 held_pnl=-24.6%)

  Sweep #500 PASS candidates: 0


========== SWEEP #501 (seed=543) ==========

  · donchian_raw: sign-flip (+10.98→-4.35) (train=+10.98 held_pnl=-16.3%)
  · rsi_mean_reversion: sign-flip (+11.18→-4.75) (train=+11.18 held_pnl=-32.2%)
  · bollinger_breakout: sign-flip (+15.01→-5.44) (train=+15.01 held_pnl=-19.6%)
  · bollinger_mr: sign-flip (+11.26→-0.07) (train=+11.26 held_pnl=-0.2%)
  · macd_momentum: train_fail s=-999.00 (train=+nan held_pnl=+0.0%)
  · atr_squeeze_breakout: sign-flip (+32.25→-6.46) (train=+32.25 held_pnl=-12.6%)
  · momentum_n_consec: sign-flip (+14.17→-6.38) (train=+14.17 held_pnl=-28.7%)
  · volume_breakout: sign-flip (+6.67→-1.26) (train=+6.67 held_pnl=-6.1%)
  · ema_crossover: sign-flip (+9.02→-4.74) (train=+9.02 held_pnl=-21.1%)
  · price_channel_with_atr: sign-flip (+9.99→-4.32) (train=+9.99 held_pnl=-18.2%)

  Sweep #501 PASS candidates: 0


========== SWEEP #502 (seed=544) ==========

  · donchian_raw: sign-flip (+11.74→-3.10) (train=+11.74 held_pnl=-11.2%)
  · rsi_mean_reversion: sign-flip (+24.07→-7.90) (train=+24.07 held_pnl=-28.9%)
  · bollinger_breakout: sign-flip (+24.30→-0.03) (train=+24.30 held_pnl=-0.0%)
  · bollinger_mr: sign-flip (+8.48→-3.30) (train=+8.48 held_pnl=-15.0%)
  · macd_momentum: train_fail s=-999.00 (train=+nan held_pnl=+0.0%)
  · atr_squeeze_breakout: sign-flip (+31.65→-8.39) (train=+31.65 held_pnl=-15.6%)
  · momentum_n_consec: PnL fail (+2.9% < 10.0%) (train=+8.04 held_pnl=+2.9%)
  · volume_breakout: sign-flip (+8.61→-0.47) (train=+8.61 held_pnl=-1.4%)
  · ema_crossover: sign-flip (+8.32→-4.12) (train=+8.32 held_pnl=-22.1%)
  · price_channel_with_atr: sign-flip (+9.93→-8.27) (train=+9.93 held_pnl=-34.7%)

  Sweep #502 PASS candidates: 0


========== SWEEP #503 (seed=545) ==========

  · donchian_raw: sign-flip (+11.78→-3.10) (train=+11.78 held_pnl=-11.2%)
  · rsi_mean_reversion: sign-flip (+54.90→-4.82) (train=+54.90 held_pnl=-35.0%)
  · bollinger_breakout: sign-flip (+14.03→-6.46) (train=+14.03 held_pnl=-23.5%)
  · bollinger_mr: sign-flip (+9.48→-1.33) (train=+9.48 held_pnl=-5.5%)
  · macd_momentum: train_fail s=-999.00 (train=+nan held_pnl=+0.0%)
  · atr_squeeze_breakout: sign-flip (+34.35→-10.02) (train=+34.35 held_pnl=-20.9%)
  · momentum_n_consec: sign-flip (+10.45→-5.55) (train=+10.45 held_pnl=-27.9%)
  · volume_breakout: sign-flip (+9.32→-2.73) (train=+9.32 held_pnl=-10.0%)
  · ema_crossover: sign-flip (+8.32→-4.12) (train=+8.32 held_pnl=-22.1%)
  · price_channel_with_atr: sign-flip (+9.91→-8.25) (train=+9.91 held_pnl=-34.8%)

  Sweep #503 PASS candidates: 0


========== SWEEP #504 (seed=546) ==========

  · donchian_raw: sign-flip (+10.98→-3.79) (train=+10.98 held_pnl=-14.3%)
  · rsi_mean_reversion: sign-flip (+6.97→-8.65) (train=+6.97 held_pnl=-34.3%)
  · bollinger_breakout: sign-flip (+14.42→-5.62) (train=+14.42 held_pnl=-25.0%)
  · bollinger_mr: sign-flip (+10.63→-0.39) (train=+10.63 held_pnl=-1.2%)
  · macd_momentum: train_fail s=-999.00 (train=+nan held_pnl=+0.0%)
  · atr_squeeze_breakout: sign-flip (+30.50→-5.50) (train=+30.50 held_pnl=-8.9%)
  · momentum_n_consec: sign-flip (+9.39→-4.32) (train=+9.39 held_pnl=-25.5%)
  · volume_breakout: sign-flip (+8.97→-1.26) (train=+8.97 held_pnl=-3.5%)
  · ema_crossover: sign-flip (+8.18→-7.85) (train=+8.18 held_pnl=-34.2%)
  · price_channel_with_atr: sign-flip (+9.97→-4.74) (train=+9.97 held_pnl=-19.7%)

  Sweep #504 PASS candidates: 0


========== SWEEP #505 (seed=547) ==========

  · donchian_raw: sign-flip (+11.28→-2.10) (train=+11.28 held_pnl=-8.1%)
  · rsi_mean_reversion: sign-flip (+12.99→-4.75) (train=+12.99 held_pnl=-30.2%)
  · bollinger_breakout: sign-flip (+12.06→-1.28) (train=+12.06 held_pnl=-6.6%)
  · bollinger_mr: sign-flip (+10.01→-6.79) (train=+10.01 held_pnl=-24.8%)
  · macd_momentum: train_fail s=-999.00 (train=+nan held_pnl=+0.0%)
  · atr_squeeze_breakout: sign-flip (+33.08→-8.96) (train=+33.08 held_pnl=-17.8%)
  · momentum_n_consec: sign-flip (+10.13→-5.53) (train=+10.13 held_pnl=-26.1%)
  · volume_breakout: sign-flip (+9.63→-4.09) (train=+9.63 held_pnl=-11.6%)
  · ema_crossover: sign-flip (+7.68→-2.97) (train=+7.68 held_pnl=-16.8%)
  · price_channel_with_atr: sign-flip (+9.53→-4.77) (train=+9.53 held_pnl=-19.7%)

  Sweep #505 PASS candidates: 0


========== SWEEP #506 (seed=548) ==========

  · donchian_raw: sign-flip (+12.10→-5.75) (train=+12.10 held_pnl=-23.6%)
  · rsi_mean_reversion: sign-flip (+14.52→-1.50) (train=+14.52 held_pnl=-11.6%)
  · bollinger_breakout: sign-flip (+13.14→-7.39) (train=+13.14 held_pnl=-30.9%)
  · bollinger_mr: sign-flip (+8.11→-2.55) (train=+8.11 held_pnl=-8.9%)
  · macd_momentum: train_fail s=-999.00 (train=+nan held_pnl=+0.0%)
  · atr_squeeze_breakout: sign-flip (+30.09→-9.68) (train=+30.09 held_pnl=-36.9%)
  · momentum_n_consec: sign-flip (+10.04→-5.20) (train=+10.04 held_pnl=-26.0%)
  · volume_breakout: sign-flip (+10.62→-2.78) (train=+10.62 held_pnl=-7.7%)
  · ema_crossover: sign-flip (+8.00→-5.39) (train=+8.00 held_pnl=-24.6%)
  · price_channel_with_atr: sign-flip (+10.32→-4.78) (train=+10.32 held_pnl=-19.8%)

  Sweep #506 PASS candidates: 0


========== SWEEP #507 (seed=549) ==========

  · donchian_raw: sign-flip (+10.58→-1.42) (train=+10.58 held_pnl=-5.0%)
  · rsi_mean_reversion: sign-flip (+13.63→-6.01) (train=+13.63 held_pnl=-42.0%)
  · bollinger_breakout: sign-flip (+12.93→-1.44) (train=+12.93 held_pnl=-6.7%)
  · bollinger_mr: sign-flip (+10.85→-0.15) (train=+10.85 held_pnl=-0.6%)
  · macd_momentum: train_fail s=-999.00 (train=+nan held_pnl=+0.0%)
  · atr_squeeze_breakout: sign-flip (+31.37→-9.22) (train=+31.37 held_pnl=-40.4%)
  · momentum_n_consec: sign-flip (+8.89→-5.53) (train=+8.89 held_pnl=-29.4%)
  · volume_breakout: sign-flip (+9.03→-2.01) (train=+9.03 held_pnl=-6.8%)
  · ema_crossover: sign-flip (+7.24→-5.39) (train=+7.24 held_pnl=-24.6%)
  · price_channel_with_atr: sign-flip (+11.16→-6.14) (train=+11.16 held_pnl=-26.0%)

  Sweep #507 PASS candidates: 0


========== SWEEP #508 (seed=550) ==========

  · donchian_raw: sign-flip (+10.95→-2.06) (train=+10.95 held_pnl=-7.2%)
  · rsi_mean_reversion: sign-flip (+17.77→-4.17) (train=+17.77 held_pnl=-14.1%)
  · bollinger_breakout: sign-flip (+27.14→-1.39) (train=+27.14 held_pnl=-3.4%)
  · bollinger_mr: sign-flip (+11.05→-0.93) (train=+11.05 held_pnl=-3.5%)
  · macd_momentum: train_fail s=-999.00 (train=+nan held_pnl=+0.0%)
  · atr_squeeze_breakout: sign-flip (+30.70→-8.81) (train=+30.70 held_pnl=-17.5%)
  · momentum_n_consec: sign-flip (+8.76→-3.85) (train=+8.76 held_pnl=-25.1%)
  · volume_breakout: sign-flip (+10.17→-4.18) (train=+10.17 held_pnl=-12.5%)
  · ema_crossover: sign-flip (+6.96→-5.13) (train=+6.96 held_pnl=-37.8%)
  · price_channel_with_atr: sign-flip (+10.88→-6.15) (train=+10.88 held_pnl=-26.5%)

  Sweep #508 PASS candidates: 0


========== SWEEP #509 (seed=551) ==========

  · donchian_raw: sign-flip (+10.78→-1.22) (train=+10.78 held_pnl=-4.2%)
  · rsi_mean_reversion: sign-flip (+18.15→-4.64) (train=+18.15 held_pnl=-28.7%)
  · bollinger_breakout: PnL fail (+0.4% < 10.0%) (train=+29.71 held_pnl=+0.4%)
  · bollinger_mr: sign-flip (+9.01→-1.10) (train=+9.01 held_pnl=-5.8%)
  · macd_momentum: train_fail s=-999.00 (train=+nan held_pnl=+0.0%)
  · atr_squeeze_breakout: sign-flip (+27.90→-6.97) (train=+27.90 held_pnl=-23.2%)
  · momentum_n_consec: sign-flip (+10.07→-5.58) (train=+10.07 held_pnl=-27.1%)
  · volume_breakout: sign-flip (+9.24→-5.27) (train=+9.24 held_pnl=-17.3%)
  · ema_crossover: sign-flip (+7.76→-4.07) (train=+7.76 held_pnl=-21.1%)
  · price_channel_with_atr: sign-flip (+11.17→-6.13) (train=+11.17 held_pnl=-26.0%)

  Sweep #509 PASS candidates: 0


========== SWEEP #510 (seed=552) ==========

  · donchian_raw: sign-flip (+10.37→-3.67) (train=+10.37 held_pnl=-13.9%)
  · rsi_mean_reversion: sign-flip (+32.76→-6.67) (train=+32.76 held_pnl=-48.7%)
  · bollinger_breakout: sign-flip (+13.24→-7.14) (train=+13.24 held_pnl=-30.9%)
  · bollinger_mr: sign-flip (+11.34→-1.53) (train=+11.34 held_pnl=-6.1%)
  · macd_momentum: train_fail s=-999.00 (train=+nan held_pnl=+0.0%)
  · atr_squeeze_breakout: sign-flip (+31.06→-8.44) (train=+31.06 held_pnl=-11.8%)
  · momentum_n_consec: sign-flip (+14.18→-6.80) (train=+14.18 held_pnl=-30.9%)
  · volume_breakout: sign-flip (+8.77→-4.98) (train=+8.77 held_pnl=-15.4%)
  · ema_crossover: sign-flip (+7.58→-2.73) (train=+7.58 held_pnl=-10.6%)
  · price_channel_with_atr: sign-flip (+9.78→-1.13) (train=+9.78 held_pnl=-3.8%)

  Sweep #510 PASS candidates: 0


=== FINAL (396.6s, 510000 trials, 510/100 sweeps) ===
PASS count: 4 в sweeps [420, 433, 463, 491]
All PASS rows: grep '★ PASS' results.tsv | grep P6v6s
=== research search v6 — 4H multi-seed sweep (511..610) ===
PASS criterion: held-out PnL > 10.0% AND Sharpe > 0.0
Sweeps: 100 × 1000 trials = 100000 budget
Train: 5818 / Held-out: 1455


========== SWEEP #511 (seed=553) ==========

  · donchian_raw: sign-flip (+10.93→-3.82) (train=+10.93 held_pnl=-14.5%)
  · rsi_mean_reversion: sign-flip (+59.67→-7.31) (train=+59.67 held_pnl=-41.5%)
  · bollinger_breakout: sign-flip (+12.45→-1.82) (train=+12.45 held_pnl=-9.5%)
  · bollinger_mr: sign-flip (+11.00→-5.13) (train=+11.00 held_pnl=-15.0%)
  · macd_momentum: train_fail s=-999.00 (train=+nan held_pnl=+0.0%)
  · atr_squeeze_breakout: sign-flip (+30.42→-6.94) (train=+30.42 held_pnl=-12.6%)
  · momentum_n_consec: sign-flip (+11.67→-6.41) (train=+11.67 held_pnl=-28.8%)
  · volume_breakout: sign-flip (+9.76→-4.66) (train=+9.76 held_pnl=-13.6%)
  · ema_crossover: sign-flip (+7.97→-4.25) (train=+7.97 held_pnl=-22.5%)
  · price_channel_with_atr: sign-flip (+10.73→-5.78) (train=+10.73 held_pnl=-25.6%)

  Sweep #511 PASS candidates: 0


========== SWEEP #512 (seed=554) ==========

  · donchian_raw: sign-flip (+11.71→-1.61) (train=+11.71 held_pnl=-5.6%)
  · rsi_mean_reversion: sign-flip (+51.54→-5.45) (train=+51.54 held_pnl=-45.1%)
  · bollinger_breakout: sign-flip (+11.78→-4.75) (train=+11.78 held_pnl=-16.9%)
  · bollinger_mr: sign-flip (+11.71→-5.58) (train=+11.71 held_pnl=-18.6%)
  · macd_momentum: train_fail s=-999.00 (train=+nan held_pnl=+0.0%)
  · atr_squeeze_breakout: sign-flip (+29.08→-8.86) (train=+29.08 held_pnl=-20.6%)
  · momentum_n_consec: sign-flip (+13.11→-6.48) (train=+13.11 held_pnl=-29.8%)
  · volume_breakout: sign-flip (+8.72→-1.47) (train=+8.72 held_pnl=-4.5%)
  · ema_crossover: sign-flip (+7.92→-3.97) (train=+7.92 held_pnl=-18.7%)
  · price_channel_with_atr: sign-flip (+11.66→-5.67) (train=+11.66 held_pnl=-24.5%)

  Sweep #512 PASS candidates: 0


========== SWEEP #513 (seed=555) ==========

  · donchian_raw: sign-flip (+11.15→-6.83) (train=+11.15 held_pnl=-24.3%)
  · rsi_mean_reversion: sign-flip (+33.71→-3.59) (train=+33.71 held_pnl=-16.1%)
  · bollinger_breakout: sign-flip (+14.52→-5.39) (train=+14.52 held_pnl=-19.9%)
  · bollinger_mr: sign-flip (+11.48→-0.80) (train=+11.48 held_pnl=-3.0%)
  · macd_momentum: train_fail s=-999.00 (train=+nan held_pnl=+0.0%)
  · atr_squeeze_breakout: sign-flip (+33.01→-8.57) (train=+33.01 held_pnl=-18.6%)
  · momentum_n_consec: sign-flip (+10.53→-5.00) (train=+10.53 held_pnl=-25.3%)
  · volume_breakout: sign-flip (+7.72→-4.80) (train=+7.72 held_pnl=-20.4%)
  · ema_crossover: sign-flip (+9.83→-7.43) (train=+9.83 held_pnl=-31.4%)
  · price_channel_with_atr: sign-flip (+9.84→-6.86) (train=+9.84 held_pnl=-38.9%)

  Sweep #513 PASS candidates: 0


========== SWEEP #514 (seed=556) ==========

  · donchian_raw: sign-flip (+11.73→-1.61) (train=+11.73 held_pnl=-5.6%)
  · rsi_mean_reversion: sign-flip (+9.97→-5.34) (train=+9.97 held_pnl=-35.1%)
  · bollinger_breakout: sign-flip (+30.80→-0.22) (train=+30.80 held_pnl=-0.6%)
  · bollinger_mr: sign-flip (+12.12→-2.73) (train=+12.12 held_pnl=-9.3%)
  · macd_momentum: train_fail s=-999.00 (train=+nan held_pnl=+0.0%)
  · atr_squeeze_breakout: sign-flip (+29.92→-9.84) (train=+29.92 held_pnl=-35.4%)
  · momentum_n_consec: sign-flip (+10.80→-5.32) (train=+10.80 held_pnl=-24.6%)
  ★ volume_breakout: PASS held-out Sharpe=4.89 PnL=+11.9% ★
  · ema_crossover: sign-flip (+7.68→-2.97) (train=+7.68 held_pnl=-16.8%)
  · price_channel_with_atr: sign-flip (+8.97→-4.79) (train=+8.97 held_pnl=-27.0%)

  Sweep #514 PASS candidates: 1
    volume_breakout: train Sharpe=8.71 → held-out PnL=+11.9%
      params: atr_period=12_atr_stop_mult=2.682_exit_lookback_n=9_lookback_n=10_vol_mult=1.3264_vol_window=13

  ★ PASS #1 в sweep #514 (продолжаем continuous)


========== SWEEP #515 (seed=557) ==========

  · donchian_raw: sign-flip (+10.96→-3.79) (train=+10.96 held_pnl=-14.3%)
  · rsi_mean_reversion: sign-flip (+74.00→-14.47) (train=+74.00 held_pnl=-39.0%)
  · bollinger_breakout: sign-flip (+12.81→-2.55) (train=+12.81 held_pnl=-10.9%)
  · bollinger_mr: sign-flip (+11.99→-0.49) (train=+11.99 held_pnl=-1.5%)
  · macd_momentum: train_fail s=-999.00 (train=+nan held_pnl=+0.0%)
  · atr_squeeze_breakout: sign-flip (+32.08→-6.33) (train=+32.08 held_pnl=-13.0%)
  · momentum_n_consec: sign-flip (+10.39→-6.44) (train=+10.39 held_pnl=-32.5%)
  · volume_breakout: sign-flip (+8.90→-2.99) (train=+8.90 held_pnl=-16.8%)
  · ema_crossover: sign-flip (+7.97→-3.42) (train=+7.97 held_pnl=-15.2%)
  · price_channel_with_atr: sign-flip (+11.92→-6.19) (train=+11.92 held_pnl=-26.5%)

  Sweep #515 PASS candidates: 0


========== SWEEP #516 (seed=558) ==========

  · donchian_raw: sign-flip (+11.90→-1.61) (train=+11.90 held_pnl=-5.6%)
  · rsi_mean_reversion: sign-flip (+11.82→-9.10) (train=+11.82 held_pnl=-37.0%)
  · bollinger_breakout: sign-flip (+15.45→-5.00) (train=+15.45 held_pnl=-20.1%)
  · bollinger_mr: sign-flip (+7.89→-2.71) (train=+7.89 held_pnl=-9.6%)
  · macd_momentum: train_fail s=-999.00 (train=+nan held_pnl=+0.0%)
  · atr_squeeze_breakout: sign-flip (+28.87→-5.43) (train=+28.87 held_pnl=-7.9%)
  · momentum_n_consec: sign-flip (+10.38→-4.28) (train=+10.38 held_pnl=-20.8%)
  · volume_breakout: sign-flip (+9.21→-4.33) (train=+9.21 held_pnl=-14.1%)
  · ema_crossover: sign-flip (+8.63→-4.43) (train=+8.63 held_pnl=-26.8%)
  · price_channel_with_atr: sign-flip (+9.96→-4.32) (train=+9.96 held_pnl=-25.4%)

  Sweep #516 PASS candidates: 0


========== SWEEP #517 (seed=559) ==========

  · donchian_raw: sign-flip (+10.10→-4.41) (train=+10.10 held_pnl=-25.6%)
  · rsi_mean_reversion: sign-flip (+29.95→-4.55) (train=+29.95 held_pnl=-29.5%)
  · bollinger_breakout: sign-flip (+23.36→-0.93) (train=+23.36 held_pnl=-2.1%)
  · bollinger_mr: sign-flip (+7.71→-2.01) (train=+7.71 held_pnl=-7.4%)
  · macd_momentum: train_fail s=-999.00 (train=+nan held_pnl=+0.0%)
  · atr_squeeze_breakout: sign-flip (+32.88→-7.93) (train=+32.88 held_pnl=-24.6%)
  · momentum_n_consec: sign-flip (+9.96→-4.76) (train=+9.96 held_pnl=-22.9%)
  · volume_breakout: sign-flip (+9.22→-1.99) (train=+9.22 held_pnl=-9.3%)
  · ema_crossover: sign-flip (+8.78→-3.37) (train=+8.78 held_pnl=-15.2%)
  · price_channel_with_atr: sign-flip (+10.73→-5.75) (train=+10.73 held_pnl=-25.7%)

  Sweep #517 PASS candidates: 0


========== SWEEP #518 (seed=560) ==========

  · donchian_raw: sign-flip (+10.69→-1.27) (train=+10.69 held_pnl=-4.3%)
  · rsi_mean_reversion: sign-flip (+30.84→-9.21) (train=+30.84 held_pnl=-56.0%)
  · bollinger_breakout: sign-flip (+12.93→-5.75) (train=+12.93 held_pnl=-26.5%)
  · bollinger_mr: sign-flip (+10.41→-7.37) (train=+10.41 held_pnl=-22.5%)
  · macd_momentum: train_fail s=-999.00 (train=+nan held_pnl=+0.0%)
  · atr_squeeze_breakout: sign-flip (+31.04→-10.63) (train=+31.04 held_pnl=-37.3%)
  · momentum_n_consec: sign-flip (+11.03→-4.56) (train=+11.03 held_pnl=-22.7%)
  · volume_breakout: sign-flip (+10.65→-2.08) (train=+10.65 held_pnl=-6.3%)
  · ema_crossover: sign-flip (+8.63→-4.54) (train=+8.63 held_pnl=-25.4%)
  · price_channel_with_atr: sign-flip (+9.87→-5.82) (train=+9.87 held_pnl=-25.6%)

  Sweep #518 PASS candidates: 0


========== SWEEP #519 (seed=561) ==========

  · donchian_raw: sign-flip (+11.30→-6.11) (train=+11.30 held_pnl=-24.5%)
  · rsi_mean_reversion: sign-flip (+14.97→-5.56) (train=+14.97 held_pnl=-48.8%)
  · bollinger_breakout: sign-flip (+13.50→-4.69) (train=+13.50 held_pnl=-18.7%)
  · bollinger_mr: sign-flip (+8.99→-1.52) (train=+8.99 held_pnl=-8.0%)
  · macd_momentum: train_fail s=-999.00 (train=+nan held_pnl=+0.0%)
  · atr_squeeze_breakout: sign-flip (+29.15→-5.95) (train=+29.15 held_pnl=-13.2%)
  · momentum_n_consec: PnL fail (+1.4% < 10.0%) (train=+9.63 held_pnl=+1.4%)
  · volume_breakout: PnL fail (+0.4% < 10.0%) (train=+8.04 held_pnl=+0.4%)
  · ema_crossover: sign-flip (+8.74→-3.56) (train=+8.74 held_pnl=-18.9%)
  · price_channel_with_atr: sign-flip (+10.63→-4.71) (train=+10.63 held_pnl=-19.2%)

  Sweep #519 PASS candidates: 0


========== SWEEP #520 (seed=562) ==========

  · donchian_raw: sign-flip (+11.73→-3.10) (train=+11.73 held_pnl=-11.2%)
  · rsi_mean_reversion: PnL fail (+2.5% < 10.0%) (train=+7.76 held_pnl=+2.5%)
  · bollinger_breakout: sign-flip (+28.64→-0.64) (train=+28.64 held_pnl=-2.0%)
  · bollinger_mr: sign-flip (+8.34→-2.95) (train=+8.34 held_pnl=-13.0%)
  · macd_momentum: train_fail s=-999.00 (train=+nan held_pnl=+0.0%)
  · atr_squeeze_breakout: sign-flip (+33.77→-11.05) (train=+33.77 held_pnl=-40.9%)
  · momentum_n_consec: sign-flip (+10.47→-5.63) (train=+10.47 held_pnl=-28.0%)
  · volume_breakout: sign-flip (+9.28→-2.44) (train=+9.28 held_pnl=-8.3%)
  · ema_crossover: sign-flip (+7.68→-2.97) (train=+7.68 held_pnl=-16.8%)
  · price_channel_with_atr: sign-flip (+10.13→-4.73) (train=+10.13 held_pnl=-19.4%)

  Sweep #520 PASS candidates: 0


========== SWEEP #521 (seed=563) ==========

  · donchian_raw: sign-flip (+8.83→-4.65) (train=+8.83 held_pnl=-14.5%)
  · rsi_mean_reversion: sign-flip (+9.94→-5.67) (train=+9.94 held_pnl=-38.1%)
  · bollinger_breakout: sign-flip (+28.33→-1.48) (train=+28.33 held_pnl=-3.7%)
  · bollinger_mr: sign-flip (+8.55→-4.08) (train=+8.55 held_pnl=-14.7%)
  · macd_momentum: train_fail s=-999.00 (train=+nan held_pnl=+0.0%)
  · atr_squeeze_breakout: sign-flip (+30.00→-9.16) (train=+30.00 held_pnl=-43.3%)
  · momentum_n_consec: sign-flip (+9.28→-4.89) (train=+9.28 held_pnl=-30.4%)
  · volume_breakout: sign-flip (+8.86→-5.36) (train=+8.86 held_pnl=-17.4%)
  · ema_crossover: sign-flip (+8.63→-4.54) (train=+8.63 held_pnl=-25.4%)
  · price_channel_with_atr: sign-flip (+10.16→-0.93) (train=+10.16 held_pnl=-3.0%)

  Sweep #521 PASS candidates: 0


========== SWEEP #522 (seed=564) ==========

  · donchian_raw: sign-flip (+10.03→-1.66) (train=+10.03 held_pnl=-5.7%)
  · rsi_mean_reversion: sign-flip (+72.10→-15.02) (train=+72.10 held_pnl=-33.6%)
  · bollinger_breakout: sign-flip (+12.08→-6.33) (train=+12.08 held_pnl=-23.5%)
  · bollinger_mr: sign-flip (+7.97→-3.94) (train=+7.97 held_pnl=-15.9%)
  · macd_momentum: train_fail s=-999.00 (train=+nan held_pnl=+0.0%)
  · atr_squeeze_breakout: sign-flip (+31.70→-11.26) (train=+31.70 held_pnl=-19.4%)
  · momentum_n_consec: sign-flip (+14.03→-6.46) (train=+14.03 held_pnl=-29.5%)
  · volume_breakout: sign-flip (+8.17→-3.23) (train=+8.17 held_pnl=-10.6%)
  · ema_crossover: sign-flip (+8.37→-4.30) (train=+8.37 held_pnl=-25.2%)
  · price_channel_with_atr: sign-flip (+10.82→-6.27) (train=+10.82 held_pnl=-25.9%)

  Sweep #522 PASS candidates: 0


========== SWEEP #523 (seed=565) ==========

  · donchian_raw: sign-flip (+11.60→-5.66) (train=+11.60 held_pnl=-24.6%)
  · rsi_mean_reversion: sign-flip (+29.01→-6.62) (train=+29.01 held_pnl=-47.0%)
  · bollinger_breakout: sign-flip (+14.18→-4.25) (train=+14.18 held_pnl=-16.1%)
  · bollinger_mr: sign-flip (+10.90→-0.53) (train=+10.90 held_pnl=-2.0%)
  · macd_momentum: train_fail s=-999.00 (train=+nan held_pnl=+0.0%)
  · atr_squeeze_breakout: sign-flip (+30.24→-9.25) (train=+30.24 held_pnl=-33.9%)
  · momentum_n_consec: sign-flip (+14.06→-6.95) (train=+14.06 held_pnl=-31.2%)
  · volume_breakout: sign-flip (+9.25→-3.01) (train=+9.25 held_pnl=-8.0%)
  · ema_crossover: sign-flip (+8.63→-4.46) (train=+8.63 held_pnl=-26.5%)
  · price_channel_with_atr: sign-flip (+11.00→-7.26) (train=+11.00 held_pnl=-28.0%)

  Sweep #523 PASS candidates: 0


========== SWEEP #524 (seed=566) ==========

  · donchian_raw: sign-flip (+11.79→-3.10) (train=+11.79 held_pnl=-11.2%)
  · rsi_mean_reversion: sign-flip (+37.96→-6.16) (train=+37.96 held_pnl=-33.8%)
  · bollinger_breakout: sign-flip (+13.31→-4.56) (train=+13.31 held_pnl=-20.1%)
  · bollinger_mr: sign-flip (+11.98→-7.44) (train=+11.98 held_pnl=-22.6%)
  · macd_momentum: train_fail s=-999.00 (train=+nan held_pnl=+0.0%)
  · atr_squeeze_breakout: sign-flip (+32.18→-5.41) (train=+32.18 held_pnl=-12.9%)
  · momentum_n_consec: sign-flip (+14.05→-6.48) (train=+14.05 held_pnl=-29.6%)
  · volume_breakout: sign-flip (+9.21→-1.81) (train=+9.21 held_pnl=-6.1%)
  · ema_crossover: sign-flip (+8.63→-4.54) (train=+8.63 held_pnl=-25.4%)
  · price_channel_with_atr: sign-flip (+11.10→-6.20) (train=+11.10 held_pnl=-26.4%)

  Sweep #524 PASS candidates: 0


========== SWEEP #525 (seed=567) ==========

  · donchian_raw: sign-flip (+12.16→-6.83) (train=+12.16 held_pnl=-24.3%)
  · rsi_mean_reversion: sign-flip (+74.85→-15.51) (train=+74.85 held_pnl=-36.3%)
  · bollinger_breakout: sign-flip (+12.39→-1.73) (train=+12.39 held_pnl=-8.5%)
  · bollinger_mr: sign-flip (+8.65→-2.24) (train=+8.65 held_pnl=-11.2%)
  · macd_momentum: train_fail s=-999.00 (train=+nan held_pnl=+0.0%)
  · atr_squeeze_breakout: sign-flip (+29.58→-6.67) (train=+29.58 held_pnl=-15.3%)
  · momentum_n_consec: sign-flip (+12.48→-7.16) (train=+12.48 held_pnl=-31.3%)
  · volume_breakout: PnL fail (+4.2% < 10.0%) (train=+8.73 held_pnl=+4.2%)
  · ema_crossover: sign-flip (+8.62→-3.55) (train=+8.62 held_pnl=-16.8%)
  · price_channel_with_atr: sign-flip (+10.77→-5.71) (train=+10.77 held_pnl=-24.3%)

  Sweep #525 PASS candidates: 0


========== SWEEP #526 (seed=568) ==========

  · donchian_raw: sign-flip (+12.16→-6.83) (train=+12.16 held_pnl=-24.3%)
  · rsi_mean_reversion: sign-flip (+24.67→-4.27) (train=+24.67 held_pnl=-17.0%)
  · bollinger_breakout: sign-flip (+15.17→-2.49) (train=+15.17 held_pnl=-8.9%)
  · bollinger_mr: sign-flip (+10.61→-4.66) (train=+10.61 held_pnl=-14.2%)
  · macd_momentum: train_fail s=-999.00 (train=+nan held_pnl=+0.0%)
  · atr_squeeze_breakout: sign-flip (+29.05→-8.50) (train=+29.05 held_pnl=-25.0%)
  · momentum_n_consec: sign-flip (+8.90→-5.52) (train=+8.90 held_pnl=-28.7%)
  · volume_breakout: PnL fail (+5.9% < 10.0%) (train=+9.03 held_pnl=+5.9%)
  · ema_crossover: sign-flip (+8.47→-4.09) (train=+8.47 held_pnl=-22.6%)
  · price_channel_with_atr: sign-flip (+8.90→-4.85) (train=+8.90 held_pnl=-20.7%)

  Sweep #526 PASS candidates: 0


========== SWEEP #527 (seed=569) ==========

  · donchian_raw: sign-flip (+10.97→-6.24) (train=+10.97 held_pnl=-27.3%)
  · rsi_mean_reversion: sign-flip (+5.78→-6.77) (train=+5.78 held_pnl=-29.6%)
  · bollinger_breakout: sign-flip (+25.60→-2.25) (train=+25.60 held_pnl=-5.6%)
  · bollinger_mr: sign-flip (+11.57→-3.03) (train=+11.57 held_pnl=-9.0%)
  · macd_momentum: train_fail s=-999.00 (train=+nan held_pnl=+0.0%)
  · atr_squeeze_breakout: sign-flip (+31.93→-9.71) (train=+31.93 held_pnl=-19.7%)
  · momentum_n_consec: sign-flip (+10.60→-4.42) (train=+10.60 held_pnl=-21.8%)
  · volume_breakout: sign-flip (+7.01→-4.52) (train=+7.01 held_pnl=-18.2%)
  · ema_crossover: sign-flip (+8.78→-3.37) (train=+8.78 held_pnl=-15.2%)
  · price_channel_with_atr: sign-flip (+9.99→-6.27) (train=+9.99 held_pnl=-27.0%)

  Sweep #527 PASS candidates: 0


========== SWEEP #528 (seed=570) ==========

  · donchian_raw: sign-flip (+11.47→-6.13) (train=+11.47 held_pnl=-24.3%)
  · rsi_mean_reversion: sign-flip (+11.87→-6.27) (train=+11.87 held_pnl=-37.6%)
  · bollinger_breakout: sign-flip (+15.67→-2.43) (train=+15.67 held_pnl=-12.7%)
  · bollinger_mr: sign-flip (+7.95→-3.47) (train=+7.95 held_pnl=-16.3%)
  · macd_momentum: train_fail s=-999.00 (train=+nan held_pnl=+0.0%)
  · atr_squeeze_breakout: sign-flip (+32.99→-10.77) (train=+32.99 held_pnl=-20.0%)
  · momentum_n_consec: sign-flip (+9.63→-4.91) (train=+9.63 held_pnl=-29.7%)
  · volume_breakout: sign-flip (+11.19→-2.02) (train=+11.19 held_pnl=-5.9%)
  · ema_crossover: sign-flip (+9.02→-4.74) (train=+9.02 held_pnl=-21.1%)
  · price_channel_with_atr: sign-flip (+10.98→-6.30) (train=+10.98 held_pnl=-26.8%)

  Sweep #528 PASS candidates: 0


========== SWEEP #529 (seed=571) ==========

  · donchian_raw: sign-flip (+11.87→-3.32) (train=+11.87 held_pnl=-12.4%)
  · rsi_mean_reversion: sign-flip (+13.34→-10.22) (train=+13.34 held_pnl=-30.0%)
  · bollinger_breakout: PnL fail (+2.5% < 10.0%) (train=+30.40 held_pnl=+2.5%)
  · bollinger_mr: sign-flip (+8.89→-0.95) (train=+8.89 held_pnl=-5.0%)
  · macd_momentum: train_fail s=-999.00 (train=+nan held_pnl=+0.0%)
  · atr_squeeze_breakout: sign-flip (+31.88→-10.71) (train=+31.88 held_pnl=-18.1%)
  · momentum_n_consec: sign-flip (+13.22→-6.28) (train=+13.22 held_pnl=-28.5%)
  · volume_breakout: sign-flip (+11.29→-0.70) (train=+11.29 held_pnl=-2.1%)
  · ema_crossover: sign-flip (+6.99→-4.38) (train=+6.99 held_pnl=-31.6%)
  · price_channel_with_atr: sign-flip (+9.77→-7.80) (train=+9.77 held_pnl=-33.1%)

  Sweep #529 PASS candidates: 0


========== SWEEP #530 (seed=572) ==========

  · donchian_raw: sign-flip (+11.70→-1.61) (train=+11.70 held_pnl=-5.6%)
  · rsi_mean_reversion: sign-flip (+20.00→-3.33) (train=+20.00 held_pnl=-15.6%)
  · bollinger_breakout: sign-flip (+11.88→-6.69) (train=+11.88 held_pnl=-24.4%)
  · bollinger_mr: sign-flip (+10.28→-1.44) (train=+10.28 held_pnl=-5.8%)
  · macd_momentum: train_fail s=-999.00 (train=+nan held_pnl=+0.0%)
  · atr_squeeze_breakout: sign-flip (+33.02→-9.48) (train=+33.02 held_pnl=-34.1%)
  · momentum_n_consec: sign-flip (+10.39→-5.45) (train=+10.39 held_pnl=-27.3%)
  · volume_breakout: sign-flip (+7.66→-3.52) (train=+7.66 held_pnl=-14.3%)
  · ema_crossover: sign-flip (+8.63→-4.54) (train=+8.63 held_pnl=-25.4%)
  · price_channel_with_atr: sign-flip (+8.66→-6.89) (train=+8.66 held_pnl=-39.0%)

  Sweep #530 PASS candidates: 0


========== SWEEP #531 (seed=573) ==========

  · donchian_raw: sign-flip (+12.21→-6.26) (train=+12.21 held_pnl=-26.0%)
  · rsi_mean_reversion: sign-flip (+11.08→-5.09) (train=+11.08 held_pnl=-31.7%)
  · bollinger_breakout: sign-flip (+12.87→-3.81) (train=+12.87 held_pnl=-12.1%)
  · bollinger_mr: sign-flip (+10.57→-1.71) (train=+10.57 held_pnl=-5.1%)
  · macd_momentum: train_fail s=-999.00 (train=+nan held_pnl=+0.0%)
  · atr_squeeze_breakout: sign-flip (+31.51→-6.83) (train=+31.51 held_pnl=-13.5%)
  · momentum_n_consec: sign-flip (+10.40→-5.63) (train=+10.40 held_pnl=-26.9%)
  ★ volume_breakout: PASS held-out Sharpe=6.19 PnL=+14.6% ★
  · ema_crossover: sign-flip (+8.54→-3.97) (train=+8.54 held_pnl=-18.7%)
  · price_channel_with_atr: sign-flip (+8.83→-2.41) (train=+8.83 held_pnl=-11.8%)

  Sweep #531 PASS candidates: 1
    volume_breakout: train Sharpe=11.32 → held-out PnL=+14.6%
      params: atr_period=12_atr_stop_mult=2.8814_exit_lookback_n=9_lookback_n=10_vol_mult=1.3583_vol_window=16

  ★ PASS #2 в sweep #531 (продолжаем continuous)


========== SWEEP #532 (seed=574) ==========

  · donchian_raw: sign-flip (+11.22→-6.09) (train=+11.22 held_pnl=-24.5%)
  · rsi_mean_reversion: sign-flip (+47.89→-5.51) (train=+47.89 held_pnl=-48.4%)
  · bollinger_breakout: sign-flip (+32.70→-0.12) (train=+32.70 held_pnl=-0.3%)
  · bollinger_mr: sign-flip (+10.85→-0.73) (train=+10.85 held_pnl=-2.8%)
  · macd_momentum: train_fail s=-999.00 (train=+nan held_pnl=+0.0%)
  · atr_squeeze_breakout: sign-flip (+32.48→-6.02) (train=+32.48 held_pnl=-23.9%)
  · momentum_n_consec: PnL fail (+0.8% < 10.0%) (train=+8.44 held_pnl=+0.8%)
  · volume_breakout: sign-flip (+10.12→-0.51) (train=+10.12 held_pnl=-1.6%)
  · ema_crossover: sign-flip (+8.74→-3.55) (train=+8.74 held_pnl=-18.9%)
  · price_channel_with_atr: sign-flip (+9.55→-3.34) (train=+9.55 held_pnl=-10.1%)

  Sweep #532 PASS candidates: 0


========== SWEEP #533 (seed=575) ==========

  · donchian_raw: sign-flip (+9.40→-2.21) (train=+9.40 held_pnl=-7.9%)
  · rsi_mean_reversion: sign-flip (+13.83→-4.76) (train=+13.83 held_pnl=-32.8%)
  · bollinger_breakout: sign-flip (+13.53→-2.52) (train=+13.53 held_pnl=-13.4%)
  · bollinger_mr: sign-flip (+11.37→-1.88) (train=+11.37 held_pnl=-8.1%)
  · macd_momentum: train_fail s=-999.00 (train=+nan held_pnl=+0.0%)
  · atr_squeeze_breakout: sign-flip (+31.94→-8.70) (train=+31.94 held_pnl=-15.1%)
  · momentum_n_consec: sign-flip (+9.78→-5.01) (train=+9.78 held_pnl=-24.8%)
  · volume_breakout: sign-flip (+8.43→-2.23) (train=+8.43 held_pnl=-6.3%)
  · ema_crossover: sign-flip (+7.97→-4.25) (train=+7.97 held_pnl=-22.5%)
  · price_channel_with_atr: sign-flip (+8.77→-8.22) (train=+8.77 held_pnl=-35.7%)

  Sweep #533 PASS candidates: 0


========== SWEEP #534 (seed=576) ==========

  · donchian_raw: sign-flip (+10.62→-4.75) (train=+10.62 held_pnl=-19.6%)
  · rsi_mean_reversion: sign-flip (+41.80→-12.45) (train=+41.80 held_pnl=-28.8%)
  · bollinger_breakout: sign-flip (+16.27→-1.12) (train=+16.27 held_pnl=-5.7%)
  · bollinger_mr: sign-flip (+11.44→-0.92) (train=+11.44 held_pnl=-3.4%)
  · macd_momentum: train_fail s=-999.00 (train=+nan held_pnl=+0.0%)
  · atr_squeeze_breakout: sign-flip (+31.57→-12.92) (train=+31.57 held_pnl=-21.5%)
  · momentum_n_consec: sign-flip (+9.15→-5.22) (train=+9.15 held_pnl=-26.4%)
  · volume_breakout: sign-flip (+11.38→-1.22) (train=+11.38 held_pnl=-3.6%)
  · ema_crossover: sign-flip (+8.00→-4.61) (train=+8.00 held_pnl=-31.1%)
  · price_channel_with_atr: sign-flip (+11.06→-6.21) (train=+11.06 held_pnl=-26.2%)

  Sweep #534 PASS candidates: 0


========== SWEEP #535 (seed=577) ==========

  · donchian_raw: sign-flip (+10.83→-2.06) (train=+10.83 held_pnl=-7.2%)
  · rsi_mean_reversion: sign-flip (+20.57→-2.56) (train=+20.57 held_pnl=-13.3%)
  · bollinger_breakout: sign-flip (+14.80→-4.34) (train=+14.80 held_pnl=-14.9%)
  · bollinger_mr: sign-flip (+11.05→-5.04) (train=+11.05 held_pnl=-18.3%)
  · macd_momentum: train_fail s=-999.00 (train=+nan held_pnl=+0.0%)
  · atr_squeeze_breakout: sign-flip (+27.89→-7.38) (train=+27.89 held_pnl=-13.7%)
  · momentum_n_consec: sign-flip (+10.50→-6.34) (train=+10.50 held_pnl=-32.9%)
  · volume_breakout: sign-flip (+8.03→-6.08) (train=+8.03 held_pnl=-25.8%)
  · ema_crossover: sign-flip (+9.83→-7.43) (train=+9.83 held_pnl=-31.4%)
  · price_channel_with_atr: sign-flip (+8.40→-4.89) (train=+8.40 held_pnl=-26.3%)

  Sweep #535 PASS candidates: 0


========== SWEEP #536 (seed=578) ==========

  · donchian_raw: sign-flip (+9.47→-4.62) (train=+9.47 held_pnl=-13.8%)
  · rsi_mean_reversion: sign-flip (+21.53→-1.29) (train=+21.53 held_pnl=-7.7%)
  · bollinger_breakout: sign-flip (+16.10→-2.04) (train=+16.10 held_pnl=-7.8%)
  · bollinger_mr: sign-flip (+10.79→-1.66) (train=+10.79 held_pnl=-5.7%)
  · macd_momentum: train_fail s=-999.00 (train=+nan held_pnl=+0.0%)
  · atr_squeeze_breakout: sign-flip (+30.79→-6.25) (train=+30.79 held_pnl=-20.3%)
  · momentum_n_consec: sign-flip (+10.38→-4.34) (train=+10.38 held_pnl=-21.3%)
  · volume_breakout: sign-flip (+9.03→-5.18) (train=+9.03 held_pnl=-21.7%)
  · ema_crossover: sign-flip (+8.74→-4.30) (train=+8.74 held_pnl=-21.0%)
  · price_channel_with_atr: sign-flip (+9.33→-5.77) (train=+9.33 held_pnl=-25.2%)

  Sweep #536 PASS candidates: 0


========== SWEEP #537 (seed=579) ==========

  · donchian_raw: sign-flip (+11.14→-3.10) (train=+11.14 held_pnl=-11.2%)
  · rsi_mean_reversion: sign-flip (+60.71→-6.02) (train=+60.71 held_pnl=-26.2%)
  · bollinger_breakout: sign-flip (+15.85→-2.08) (train=+15.85 held_pnl=-7.0%)
  · bollinger_mr: sign-flip (+10.91→-1.66) (train=+10.91 held_pnl=-7.0%)
  · macd_momentum: train_fail s=-999.00 (train=+nan held_pnl=+0.0%)
  · atr_squeeze_breakout: sign-flip (+33.38→-10.88) (train=+33.38 held_pnl=-38.1%)
  · momentum_n_consec: sign-flip (+9.83→-5.14) (train=+9.83 held_pnl=-26.2%)
  · volume_breakout: sign-flip (+9.54→-0.61) (train=+9.54 held_pnl=-2.6%)
  · ema_crossover: sign-flip (+8.62→-3.55) (train=+8.62 held_pnl=-16.8%)
  · price_channel_with_atr: sign-flip (+9.08→-2.90) (train=+9.08 held_pnl=-8.3%)

  Sweep #537 PASS candidates: 0


========== SWEEP #538 (seed=580) ==========

  · donchian_raw: sign-flip (+9.61→-4.62) (train=+9.61 held_pnl=-13.8%)
  · rsi_mean_reversion: sign-flip (+49.97→-4.55) (train=+49.97 held_pnl=-37.2%)
  · bollinger_breakout: sign-flip (+14.36→-1.93) (train=+14.36 held_pnl=-9.5%)
  · bollinger_mr: sign-flip (+8.67→-2.25) (train=+8.67 held_pnl=-10.1%)
  · macd_momentum: train_fail s=-999.00 (train=+nan held_pnl=+0.0%)
  · atr_squeeze_breakout: sign-flip (+32.66→-10.37) (train=+32.66 held_pnl=-19.6%)
  · momentum_n_consec: sign-flip (+14.38→-6.54) (train=+14.38 held_pnl=-28.5%)
  · volume_breakout: sign-flip (+7.90→-0.44) (train=+7.90 held_pnl=-1.9%)
  · ema_crossover: sign-flip (+8.74→-3.59) (train=+8.74 held_pnl=-18.6%)
  · price_channel_with_atr: sign-flip (+8.82→-2.82) (train=+8.82 held_pnl=-8.6%)

  Sweep #538 PASS candidates: 0


========== SWEEP #539 (seed=581) ==========

  · donchian_raw: sign-flip (+11.09→-3.77) (train=+11.09 held_pnl=-14.5%)
  · rsi_mean_reversion: sign-flip (+19.37→-4.15) (train=+19.37 held_pnl=-35.1%)
  · bollinger_breakout: sign-flip (+13.18→-3.74) (train=+13.18 held_pnl=-15.2%)
  · bollinger_mr: sign-flip (+8.45→-1.31) (train=+8.45 held_pnl=-7.1%)
  · macd_momentum: train_fail s=-999.00 (train=+nan held_pnl=+0.0%)
  · atr_squeeze_breakout: sign-flip (+30.26→-7.53) (train=+30.26 held_pnl=-12.4%)
  · momentum_n_consec: sign-flip (+8.55→-5.47) (train=+8.55 held_pnl=-29.8%)
  · volume_breakout: sign-flip (+9.94→-4.37) (train=+9.94 held_pnl=-25.2%)
  · ema_crossover: sign-flip (+8.78→-3.37) (train=+8.78 held_pnl=-15.2%)
  · price_channel_with_atr: sign-flip (+10.32→-4.23) (train=+10.32 held_pnl=-17.3%)

  Sweep #539 PASS candidates: 0


========== SWEEP #540 (seed=582) ==========

  · donchian_raw: sign-flip (+10.89→-5.74) (train=+10.89 held_pnl=-24.2%)
  · rsi_mean_reversion: sign-flip (+15.43→-4.92) (train=+15.43 held_pnl=-30.0%)
  · bollinger_breakout: sign-flip (+14.86→-1.36) (train=+14.86 held_pnl=-6.9%)
  · bollinger_mr: sign-flip (+10.99→-0.67) (train=+10.99 held_pnl=-2.1%)
  · macd_momentum: train_fail s=-999.00 (train=+nan held_pnl=+0.0%)
  · atr_squeeze_breakout: sign-flip (+31.19→-11.19) (train=+31.19 held_pnl=-33.1%)
  · momentum_n_consec: sign-flip (+10.47→-5.42) (train=+10.47 held_pnl=-25.4%)
  · volume_breakout: sign-flip (+11.90→-0.23) (train=+11.90 held_pnl=-0.6%)
  · ema_crossover: sign-flip (+7.19→-5.90) (train=+7.19 held_pnl=-25.1%)
  · price_channel_with_atr: sign-flip (+9.96→-6.26) (train=+9.96 held_pnl=-26.9%)

  Sweep #540 PASS candidates: 0


========== SWEEP #541 (seed=583) ==========

  · donchian_raw: sign-flip (+11.29→-6.83) (train=+11.29 held_pnl=-24.3%)
  · rsi_mean_reversion: sign-flip (+97.45→-15.36) (train=+97.45 held_pnl=-36.0%)
  · bollinger_breakout: PnL fail (+5.2% < 10.0%) (train=+35.72 held_pnl=+5.2%)
  · bollinger_mr: sign-flip (+8.42→-2.80) (train=+8.42 held_pnl=-12.4%)
  · macd_momentum: train_fail s=-999.00 (train=+nan held_pnl=+0.0%)
  · atr_squeeze_breakout: sign-flip (+30.73→-11.96) (train=+30.73 held_pnl=-42.3%)
  · momentum_n_consec: sign-flip (+9.99→-5.74) (train=+9.99 held_pnl=-27.9%)
  ★ volume_breakout: PASS held-out Sharpe=5.58 PnL=+13.2% ★
  · ema_crossover: sign-flip (+8.78→-3.37) (train=+8.78 held_pnl=-15.2%)
  · price_channel_with_atr: sign-flip (+10.84→-6.26) (train=+10.84 held_pnl=-25.8%)

  Sweep #541 PASS candidates: 1
    volume_breakout: train Sharpe=9.27 → held-out PnL=+13.2%
      params: atr_period=17_atr_stop_mult=2.9995_exit_lookback_n=8_lookback_n=9_vol_mult=1.3262_vol_window=12

  ★ PASS #3 в sweep #541 (продолжаем continuous)


========== SWEEP #542 (seed=584) ==========

  · donchian_raw: sign-flip (+10.41→-2.86) (train=+10.41 held_pnl=-10.3%)
  · rsi_mean_reversion: sign-flip (+43.22→-11.28) (train=+43.22 held_pnl=-32.4%)
  · bollinger_breakout: sign-flip (+13.68→-3.08) (train=+13.68 held_pnl=-15.7%)
  · bollinger_mr: sign-flip (+11.24→-1.89) (train=+11.24 held_pnl=-7.8%)
  · macd_momentum: train_fail s=-999.00 (train=+nan held_pnl=+0.0%)
  · atr_squeeze_breakout: sign-flip (+26.56→-6.51) (train=+26.56 held_pnl=-25.5%)
  · momentum_n_consec: sign-flip (+10.61→-5.49) (train=+10.61 held_pnl=-25.9%)
  · volume_breakout: sign-flip (+9.29→-1.77) (train=+9.29 held_pnl=-8.2%)
  · ema_crossover: sign-flip (+9.83→-7.43) (train=+9.83 held_pnl=-31.4%)
  · price_channel_with_atr: sign-flip (+10.83→-5.68) (train=+10.83 held_pnl=-24.0%)

  Sweep #542 PASS candidates: 0


========== SWEEP #543 (seed=585) ==========

  · donchian_raw: sign-flip (+10.90→-5.27) (train=+10.90 held_pnl=-21.5%)
  · rsi_mean_reversion: sign-flip (+59.68→-5.94) (train=+59.68 held_pnl=-46.4%)
  · bollinger_breakout: sign-flip (+14.04→-0.71) (train=+14.04 held_pnl=-3.6%)
  · bollinger_mr: sign-flip (+10.17→-3.93) (train=+10.17 held_pnl=-12.0%)
  · macd_momentum: train_fail s=-999.00 (train=+nan held_pnl=+0.0%)
  · atr_squeeze_breakout: sign-flip (+33.52→-8.46) (train=+33.52 held_pnl=-14.6%)
  · momentum_n_consec: sign-flip (+12.42→-7.07) (train=+12.42 held_pnl=-30.8%)
  · volume_breakout: sign-flip (+9.42→-6.07) (train=+9.42 held_pnl=-26.6%)
  · ema_crossover: sign-flip (+7.97→-4.25) (train=+7.97 held_pnl=-22.5%)
  · price_channel_with_atr: sign-flip (+8.75→-4.04) (train=+8.75 held_pnl=-12.7%)

  Sweep #543 PASS candidates: 0


========== SWEEP #544 (seed=586) ==========

  · donchian_raw: sign-flip (+10.39→-3.49) (train=+10.39 held_pnl=-13.2%)
  · rsi_mean_reversion: sign-flip (+81.59→-6.60) (train=+81.59 held_pnl=-34.5%)
  · bollinger_breakout: sign-flip (+13.26→-6.95) (train=+13.26 held_pnl=-28.8%)
  · bollinger_mr: sign-flip (+10.97→-6.22) (train=+10.97 held_pnl=-17.7%)
  · macd_momentum: train_fail s=-999.00 (train=+nan held_pnl=+0.0%)
  · atr_squeeze_breakout: sign-flip (+32.56→-9.60) (train=+32.56 held_pnl=-39.0%)
  · momentum_n_consec: sign-flip (+9.82→-5.93) (train=+9.82 held_pnl=-29.4%)
  · volume_breakout: sign-flip (+10.31→-6.78) (train=+10.31 held_pnl=-26.7%)
  · ema_crossover: sign-flip (+8.75→-7.43) (train=+8.75 held_pnl=-31.4%)
  · price_channel_with_atr: sign-flip (+9.85→-4.25) (train=+9.85 held_pnl=-17.4%)

  Sweep #544 PASS candidates: 0


========== SWEEP #545 (seed=587) ==========

  · donchian_raw: sign-flip (+10.78→-5.68) (train=+10.78 held_pnl=-24.2%)
  · rsi_mean_reversion: sign-flip (+19.63→-14.49) (train=+19.63 held_pnl=-37.4%)
  · bollinger_breakout: sign-flip (+14.40→-2.64) (train=+14.40 held_pnl=-13.6%)
  · bollinger_mr: sign-flip (+10.56→-1.77) (train=+10.56 held_pnl=-5.3%)
  · macd_momentum: train_fail s=-999.00 (train=+nan held_pnl=+0.0%)
  · atr_squeeze_breakout: sign-flip (+32.05→-8.74) (train=+32.05 held_pnl=-17.2%)
  · momentum_n_consec: sign-flip (+8.61→-3.98) (train=+8.61 held_pnl=-26.2%)
  · volume_breakout: sign-flip (+8.25→-2.26) (train=+8.25 held_pnl=-9.5%)
  · ema_crossover: sign-flip (+9.02→-4.74) (train=+9.02 held_pnl=-21.1%)
  · price_channel_with_atr: sign-flip (+8.96→-1.86) (train=+8.96 held_pnl=-9.3%)

  Sweep #545 PASS candidates: 0


========== SWEEP #546 (seed=588) ==========

  · donchian_raw: sign-flip (+11.24→-3.36) (train=+11.24 held_pnl=-12.7%)
  · rsi_mean_reversion: sign-flip (+23.81→-5.51) (train=+23.81 held_pnl=-35.9%)
  · bollinger_breakout: sign-flip (+15.28→-2.16) (train=+15.28 held_pnl=-11.0%)
  · bollinger_mr: sign-flip (+11.95→-0.29) (train=+11.95 held_pnl=-0.9%)
  · macd_momentum: train_fail s=-999.00 (train=+nan held_pnl=+0.0%)
  · atr_squeeze_breakout: sign-flip (+29.32→-8.69) (train=+29.32 held_pnl=-26.1%)
  · momentum_n_consec: sign-flip (+11.70→-6.48) (train=+11.70 held_pnl=-29.3%)
  · volume_breakout: PnL fail (+3.9% < 10.0%) (train=+8.98 held_pnl=+3.9%)
  · ema_crossover: sign-flip (+7.32→-4.21) (train=+7.32 held_pnl=-20.6%)
  · price_channel_with_atr: sign-flip (+11.36→-4.58) (train=+11.36 held_pnl=-17.9%)

  Sweep #546 PASS candidates: 0


========== SWEEP #547 (seed=589) ==========

  · donchian_raw: sign-flip (+10.66→-5.64) (train=+10.66 held_pnl=-24.1%)
  · rsi_mean_reversion: sign-flip (+9.22→-4.91) (train=+9.22 held_pnl=-35.4%)
  · bollinger_breakout: sign-flip (+14.29→-6.07) (train=+14.29 held_pnl=-23.2%)
  · bollinger_mr: sign-flip (+10.44→-0.65) (train=+10.44 held_pnl=-2.5%)
  · macd_momentum: train_fail s=-999.00 (train=+nan held_pnl=+0.0%)
  · atr_squeeze_breakout: sign-flip (+31.72→-8.13) (train=+31.72 held_pnl=-11.3%)
  · momentum_n_consec: sign-flip (+10.22→-4.80) (train=+10.22 held_pnl=-23.6%)
  ★ volume_breakout: PASS held-out Sharpe=8.54 PnL=+19.5% ★
  · ema_crossover: sign-flip (+8.63→-4.54) (train=+8.63 held_pnl=-25.4%)
  · price_channel_with_atr: sign-flip (+9.68→-1.01) (train=+9.68 held_pnl=-3.3%)

  Sweep #547 PASS candidates: 1
    volume_breakout: train Sharpe=8.62 → held-out PnL=+19.5%
      params: atr_period=8_atr_stop_mult=2.2795_exit_lookback_n=8_lookback_n=9_vol_mult=1.4704_vol_window=11

  ★ PASS #4 в sweep #547 (продолжаем continuous)


========== SWEEP #548 (seed=590) ==========

  · donchian_raw: sign-flip (+10.72→-6.83) (train=+10.72 held_pnl=-24.3%)
  · rsi_mean_reversion: sign-flip (+53.71→-2.37) (train=+53.71 held_pnl=-15.1%)
  · bollinger_breakout: sign-flip (+13.16→-5.59) (train=+13.16 held_pnl=-24.5%)
  · bollinger_mr: sign-flip (+9.60→-3.18) (train=+9.60 held_pnl=-10.4%)
  · macd_momentum: train_fail s=-999.00 (train=+nan held_pnl=+0.0%)
  · atr_squeeze_breakout: sign-flip (+30.80→-6.86) (train=+30.80 held_pnl=-15.7%)
  · momentum_n_consec: sign-flip (+10.44→-4.88) (train=+10.44 held_pnl=-23.8%)
  ★ volume_breakout: PASS held-out Sharpe=6.10 PnL=+15.3% ★
  · ema_crossover: sign-flip (+8.62→-3.55) (train=+8.62 held_pnl=-16.8%)
  · price_channel_with_atr: sign-flip (+9.38→-4.42) (train=+9.38 held_pnl=-18.9%)

  Sweep #548 PASS candidates: 1
    volume_breakout: train Sharpe=9.62 → held-out PnL=+15.3%
      params: atr_period=10_atr_stop_mult=2.5762_exit_lookback_n=9_lookback_n=10_vol_mult=1.2454_vol_window=11

  ★ PASS #5 в sweep #548 (продолжаем continuous)


========== SWEEP #549 (seed=591) ==========

  · donchian_raw: sign-flip (+11.89→-5.74) (train=+11.89 held_pnl=-24.4%)
  · rsi_mean_reversion: sign-flip (+17.04→-4.74) (train=+17.04 held_pnl=-32.0%)
  · bollinger_breakout: sign-flip (+14.02→-4.69) (train=+14.02 held_pnl=-19.6%)
  · bollinger_mr: sign-flip (+10.75→-0.22) (train=+10.75 held_pnl=-0.8%)
  · macd_momentum: train_fail s=-999.00 (train=+nan held_pnl=+0.0%)
  · atr_squeeze_breakout: sign-flip (+32.22→-8.32) (train=+32.22 held_pnl=-20.9%)
  · momentum_n_consec: sign-flip (+10.10→-6.33) (train=+10.10 held_pnl=-32.7%)
  · volume_breakout: sign-flip (+8.64→-0.45) (train=+8.64 held_pnl=-2.0%)
  · ema_crossover: sign-flip (+7.89→-4.28) (train=+7.89 held_pnl=-20.6%)
  · price_channel_with_atr: sign-flip (+9.21→-4.12) (train=+9.21 held_pnl=-12.5%)

  Sweep #549 PASS candidates: 0


========== SWEEP #550 (seed=592) ==========

  · donchian_raw: sign-flip (+10.66→-2.95) (train=+10.66 held_pnl=-10.8%)
  · rsi_mean_reversion: sign-flip (+52.07→-7.31) (train=+52.07 held_pnl=-42.6%)
  · bollinger_breakout: sign-flip (+13.18→-4.08) (train=+13.18 held_pnl=-12.9%)
  · bollinger_mr: sign-flip (+11.81→-0.58) (train=+11.81 held_pnl=-1.9%)
  · macd_momentum: train_fail s=-999.00 (train=+nan held_pnl=+0.0%)
  · atr_squeeze_breakout: sign-flip (+32.69→-10.59) (train=+32.69 held_pnl=-32.1%)
  · momentum_n_consec: sign-flip (+14.63→-6.63) (train=+14.63 held_pnl=-30.2%)
  · volume_breakout: sign-flip (+9.73→-0.57) (train=+9.73 held_pnl=-1.5%)
  · ema_crossover: sign-flip (+7.05→-5.45) (train=+7.05 held_pnl=-21.7%)
  · price_channel_with_atr: sign-flip (+10.56→-4.23) (train=+10.56 held_pnl=-17.1%)

  Sweep #550 PASS candidates: 0


========== SWEEP #551 (seed=593) ==========

  · donchian_raw: sign-flip (+10.32→-2.87) (train=+10.32 held_pnl=-10.4%)
  · rsi_mean_reversion: sign-flip (+8.83→-2.67) (train=+8.83 held_pnl=-19.5%)
  · bollinger_breakout: sign-flip (+12.51→-6.14) (train=+12.51 held_pnl=-23.9%)
  · bollinger_mr: sign-flip (+11.08→-5.60) (train=+11.08 held_pnl=-15.5%)
  · macd_momentum: train_fail s=-999.00 (train=+nan held_pnl=+0.0%)
  · atr_squeeze_breakout: sign-flip (+31.51→-8.34) (train=+31.51 held_pnl=-25.2%)
  · momentum_n_consec: sign-flip (+13.91→-6.90) (train=+13.91 held_pnl=-31.0%)
  · volume_breakout: sign-flip (+7.49→-2.75) (train=+7.49 held_pnl=-9.6%)
  · ema_crossover: sign-flip (+7.32→-4.21) (train=+7.32 held_pnl=-20.6%)
  · price_channel_with_atr: sign-flip (+9.93→-4.94) (train=+9.93 held_pnl=-25.5%)

  Sweep #551 PASS candidates: 0


========== SWEEP #552 (seed=594) ==========

  · donchian_raw: sign-flip (+11.61→-5.00) (train=+11.61 held_pnl=-19.7%)
  · rsi_mean_reversion: sign-flip (+27.29→-5.51) (train=+27.29 held_pnl=-33.9%)
  · bollinger_breakout: sign-flip (+14.81→-2.43) (train=+14.81 held_pnl=-8.7%)
  · bollinger_mr: sign-flip (+11.61→-1.16) (train=+11.61 held_pnl=-4.0%)
  · macd_momentum: train_fail s=-999.00 (train=+nan held_pnl=+0.0%)
  · atr_squeeze_breakout: sign-flip (+28.45→-5.95) (train=+28.45 held_pnl=-18.7%)
  · momentum_n_consec: sign-flip (+11.06→-6.33) (train=+11.06 held_pnl=-31.9%)
  · volume_breakout: sign-flip (+8.88→-0.77) (train=+8.88 held_pnl=-2.4%)
  · ema_crossover: sign-flip (+6.84→-5.23) (train=+6.84 held_pnl=-37.5%)
  · price_channel_with_atr: sign-flip (+11.24→-4.88) (train=+11.24 held_pnl=-21.0%)

  Sweep #552 PASS candidates: 0


========== SWEEP #553 (seed=595) ==========

  · donchian_raw: sign-flip (+10.91→-3.54) (train=+10.91 held_pnl=-12.8%)
  · rsi_mean_reversion: sign-flip (+79.90→-5.31) (train=+79.90 held_pnl=-27.9%)
  · bollinger_breakout: sign-flip (+13.87→-1.58) (train=+13.87 held_pnl=-7.9%)
  · bollinger_mr: sign-flip (+11.26→-0.06) (train=+11.26 held_pnl=-0.2%)
  · macd_momentum: train_fail s=-999.00 (train=+nan held_pnl=+0.0%)
  · atr_squeeze_breakout: sign-flip (+32.39→-10.13) (train=+32.39 held_pnl=-34.8%)
  · momentum_n_consec: sign-flip (+11.66→-7.18) (train=+11.66 held_pnl=-31.8%)
  · volume_breakout: PnL fail (+7.8% < 10.0%) (train=+10.86 held_pnl=+7.8%)
  · ema_crossover: sign-flip (+8.95→-8.08) (train=+8.95 held_pnl=-32.3%)
  · price_channel_with_atr: sign-flip (+10.13→-6.96) (train=+10.13 held_pnl=-30.3%)

  Sweep #553 PASS candidates: 0


========== SWEEP #554 (seed=596) ==========

  · donchian_raw: sign-flip (+10.85→-2.06) (train=+10.85 held_pnl=-7.2%)
  · rsi_mean_reversion: sign-flip (+18.55→-12.58) (train=+18.55 held_pnl=-29.5%)
  · bollinger_breakout: sign-flip (+12.91→-0.40) (train=+12.91 held_pnl=-2.1%)
  · bollinger_mr: sign-flip (+9.19→-1.57) (train=+9.19 held_pnl=-5.9%)
  · macd_momentum: train_fail s=-999.00 (train=+nan held_pnl=+0.0%)
  · atr_squeeze_breakout: sign-flip (+32.12→-10.48) (train=+32.12 held_pnl=-41.9%)
  · momentum_n_consec: sign-flip (+9.87→-5.90) (train=+9.87 held_pnl=-29.1%)
  · volume_breakout: sign-flip (+10.94→-4.07) (train=+10.94 held_pnl=-15.4%)
  · ema_crossover: sign-flip (+8.78→-3.37) (train=+8.78 held_pnl=-15.2%)
  · price_channel_with_atr: sign-flip (+11.03→-4.19) (train=+11.03 held_pnl=-16.5%)

  Sweep #554 PASS candidates: 0


========== SWEEP #555 (seed=597) ==========

  · donchian_raw: sign-flip (+10.24→-4.10) (train=+10.24 held_pnl=-14.7%)
  · rsi_mean_reversion: sign-flip (+15.13→-2.26) (train=+15.13 held_pnl=-14.4%)
  · bollinger_breakout: sign-flip (+14.69→-5.77) (train=+14.69 held_pnl=-20.6%)
  · bollinger_mr: sign-flip (+8.79→-2.22) (train=+8.79 held_pnl=-9.2%)
  · macd_momentum: train_fail s=-999.00 (train=+nan held_pnl=+0.0%)
  · atr_squeeze_breakout: sign-flip (+27.01→-9.14) (train=+27.01 held_pnl=-38.8%)
  · momentum_n_consec: sign-flip (+10.09→-5.62) (train=+10.09 held_pnl=-35.8%)
  · volume_breakout: sign-flip (+8.46→-2.98) (train=+8.46 held_pnl=-8.2%)
  · ema_crossover: sign-flip (+6.30→-5.23) (train=+6.30 held_pnl=-37.4%)
  · price_channel_with_atr: sign-flip (+11.27→-6.24) (train=+11.27 held_pnl=-25.8%)

  Sweep #555 PASS candidates: 0


========== SWEEP #556 (seed=598) ==========

  · donchian_raw: sign-flip (+12.34→-6.83) (train=+12.34 held_pnl=-24.3%)
  · rsi_mean_reversion: sign-flip (+26.93→-5.06) (train=+26.93 held_pnl=-45.8%)
  · bollinger_breakout: sign-flip (+14.72→-5.22) (train=+14.72 held_pnl=-19.3%)
  · bollinger_mr: PnL fail (+2.3% < 10.0%) (train=+8.51 held_pnl=+2.3%)
  · macd_momentum: train_fail s=-999.00 (train=+nan held_pnl=+0.0%)
  · atr_squeeze_breakout: sign-flip (+28.45→-8.40) (train=+28.45 held_pnl=-29.2%)
  · momentum_n_consec: sign-flip (+14.15→-6.89) (train=+14.15 held_pnl=-30.7%)
  · volume_breakout: sign-flip (+9.82→-0.40) (train=+9.82 held_pnl=-1.8%)
  · ema_crossover: sign-flip (+7.97→-6.35) (train=+7.97 held_pnl=-33.0%)
  · price_channel_with_atr: sign-flip (+8.44→-3.36) (train=+8.44 held_pnl=-16.1%)

  Sweep #556 PASS candidates: 0


========== SWEEP #557 (seed=599) ==========

  · donchian_raw: sign-flip (+9.43→-2.89) (train=+9.43 held_pnl=-8.2%)
  · rsi_mean_reversion: sign-flip (+7.33→-2.46) (train=+7.33 held_pnl=-16.3%)
  · bollinger_breakout: sign-flip (+14.48→-1.34) (train=+14.48 held_pnl=-6.6%)
  · bollinger_mr: sign-flip (+8.72→-4.90) (train=+8.72 held_pnl=-22.5%)
  · macd_momentum: train_fail s=-999.00 (train=+nan held_pnl=+0.0%)
  · atr_squeeze_breakout: sign-flip (+31.32→-9.73) (train=+31.32 held_pnl=-44.8%)
  · momentum_n_consec: sign-flip (+12.22→-6.81) (train=+12.22 held_pnl=-30.6%)
  · volume_breakout: sign-flip (+10.26→-6.26) (train=+10.26 held_pnl=-18.0%)
  · ema_crossover: sign-flip (+8.78→-3.37) (train=+8.78 held_pnl=-15.2%)
  · price_channel_with_atr: sign-flip (+9.93→-8.23) (train=+9.93 held_pnl=-35.3%)

  Sweep #557 PASS candidates: 0


========== SWEEP #558 (seed=600) ==========

  · donchian_raw: sign-flip (+10.92→-5.15) (train=+10.92 held_pnl=-21.2%)
  · rsi_mean_reversion: sign-flip (+32.35→-6.80) (train=+32.35 held_pnl=-46.4%)
  · bollinger_breakout: sign-flip (+13.62→-4.91) (train=+13.62 held_pnl=-16.6%)
  · bollinger_mr: sign-flip (+8.03→-2.81) (train=+8.03 held_pnl=-12.0%)
  · macd_momentum: train_fail s=-999.00 (train=+nan held_pnl=+0.0%)
  · atr_squeeze_breakout: sign-flip (+34.70→-6.85) (train=+34.70 held_pnl=-28.5%)
  · momentum_n_consec: sign-flip (+9.62→-5.16) (train=+9.62 held_pnl=-26.0%)
  · volume_breakout: sign-flip (+8.27→-7.83) (train=+8.27 held_pnl=-32.4%)
  · ema_crossover: sign-flip (+7.73→-5.16) (train=+7.73 held_pnl=-20.8%)
  · price_channel_with_atr: sign-flip (+8.27→-4.86) (train=+8.27 held_pnl=-26.3%)

  Sweep #558 PASS candidates: 0


========== SWEEP #559 (seed=601) ==========

  · donchian_raw: sign-flip (+10.42→-1.38) (train=+10.42 held_pnl=-4.8%)
  · rsi_mean_reversion: sign-flip (+17.72→-3.30) (train=+17.72 held_pnl=-22.3%)
  · bollinger_breakout: sign-flip (+13.95→-3.09) (train=+13.95 held_pnl=-11.8%)
  · bollinger_mr: sign-flip (+7.76→-2.73) (train=+7.76 held_pnl=-8.7%)
  · macd_momentum: train_fail s=-999.00 (train=+nan held_pnl=+0.0%)
  · atr_squeeze_breakout: sign-flip (+31.20→-10.53) (train=+31.20 held_pnl=-16.7%)
  · momentum_n_consec: sign-flip (+10.56→-4.36) (train=+10.56 held_pnl=-21.5%)
  · volume_breakout: sign-flip (+8.07→-1.68) (train=+8.07 held_pnl=-4.2%)
  · ema_crossover: sign-flip (+8.62→-3.47) (train=+8.62 held_pnl=-18.2%)
  · price_channel_with_atr: sign-flip (+9.65→-3.34) (train=+9.65 held_pnl=-10.0%)

  Sweep #559 PASS candidates: 0


========== SWEEP #560 (seed=602) ==========

  · donchian_raw: sign-flip (+10.95→-2.34) (train=+10.95 held_pnl=-8.5%)
  · rsi_mean_reversion: sign-flip (+79.39→-8.11) (train=+79.39 held_pnl=-45.4%)
  · bollinger_breakout: sign-flip (+15.29→-4.24) (train=+15.29 held_pnl=-15.1%)
  · bollinger_mr: sign-flip (+10.41→-3.80) (train=+10.41 held_pnl=-13.2%)
  · macd_momentum: train_fail s=-999.00 (train=+nan held_pnl=+0.0%)
  · atr_squeeze_breakout: sign-flip (+30.48→-10.12) (train=+30.48 held_pnl=-15.9%)
  · momentum_n_consec: PnL fail (+1.5% < 10.0%) (train=+9.61 held_pnl=+1.5%)
  · volume_breakout: sign-flip (+9.11→-3.81) (train=+9.11 held_pnl=-16.0%)
  · ema_crossover: sign-flip (+8.63→-4.54) (train=+8.63 held_pnl=-25.4%)
  · price_channel_with_atr: sign-flip (+8.40→-2.99) (train=+8.40 held_pnl=-15.1%)

  Sweep #560 PASS candidates: 0


========== SWEEP #561 (seed=603) ==========

  · donchian_raw: sign-flip (+10.96→-3.54) (train=+10.96 held_pnl=-12.8%)
  · rsi_mean_reversion: sign-flip (+8.82→-3.92) (train=+8.82 held_pnl=-17.4%)
  · bollinger_breakout: sign-flip (+13.22→-1.16) (train=+13.22 held_pnl=-5.0%)
  · bollinger_mr: sign-flip (+8.26→-2.43) (train=+8.26 held_pnl=-8.8%)
  · macd_momentum: train_fail s=-999.00 (train=+nan held_pnl=+0.0%)
  · atr_squeeze_breakout: sign-flip (+33.30→-9.20) (train=+33.30 held_pnl=-39.4%)
  · momentum_n_consec: sign-flip (+10.55→-4.43) (train=+10.55 held_pnl=-22.0%)
  · volume_breakout: sign-flip (+11.38→-1.15) (train=+11.38 held_pnl=-3.6%)
  · ema_crossover: sign-flip (+7.97→-6.35) (train=+7.97 held_pnl=-33.0%)
  · price_channel_with_atr: sign-flip (+11.95→-5.74) (train=+11.95 held_pnl=-23.9%)

  Sweep #561 PASS candidates: 0


========== SWEEP #562 (seed=604) ==========

  · donchian_raw: sign-flip (+11.67→-5.60) (train=+11.67 held_pnl=-24.5%)
  · rsi_mean_reversion: sign-flip (+44.82→-8.14) (train=+44.82 held_pnl=-35.7%)
  · bollinger_breakout: sign-flip (+13.38→-1.48) (train=+13.38 held_pnl=-7.5%)
  · bollinger_mr: sign-flip (+10.82→-1.45) (train=+10.82 held_pnl=-4.0%)
  · macd_momentum: train_fail s=-999.00 (train=+nan held_pnl=+0.0%)
  · atr_squeeze_breakout: sign-flip (+31.27→-8.33) (train=+31.27 held_pnl=-17.1%)
  · momentum_n_consec: sign-flip (+13.77→-6.79) (train=+13.77 held_pnl=-30.1%)
  ★ volume_breakout: PASS held-out Sharpe=5.47 PnL=+12.9% ★
  · ema_crossover: sign-flip (+7.97→-4.25) (train=+7.97 held_pnl=-22.5%)
  · price_channel_with_atr: sign-flip (+9.94→-6.65) (train=+9.94 held_pnl=-39.0%)

  Sweep #562 PASS candidates: 1
    volume_breakout: train Sharpe=7.67 → held-out PnL=+12.9%
      params: atr_period=17_atr_stop_mult=2.587_exit_lookback_n=9_lookback_n=13_vol_mult=1.5054_vol_window=16

  ★ PASS #6 в sweep #562 (продолжаем continuous)


========== SWEEP #563 (seed=605) ==========

  · donchian_raw: sign-flip (+12.37→-6.83) (train=+12.37 held_pnl=-24.3%)
  · rsi_mean_reversion: sign-flip (+18.03→-6.32) (train=+18.03 held_pnl=-49.1%)
  · bollinger_breakout: sign-flip (+15.82→-2.11) (train=+15.82 held_pnl=-7.1%)
  · bollinger_mr: sign-flip (+8.55→-0.51) (train=+8.55 held_pnl=-2.4%)
  · macd_momentum: train_fail s=-999.00 (train=+nan held_pnl=+0.0%)
  · atr_squeeze_breakout: sign-flip (+33.60→-9.53) (train=+33.60 held_pnl=-14.9%)
  · momentum_n_consec: sign-flip (+12.95→-6.19) (train=+12.95 held_pnl=-27.7%)
  · volume_breakout: sign-flip (+7.63→-5.81) (train=+7.63 held_pnl=-28.6%)
  · ema_crossover: sign-flip (+8.74→-3.69) (train=+8.74 held_pnl=-17.2%)
  · price_channel_with_atr: sign-flip (+10.19→-5.85) (train=+10.19 held_pnl=-26.1%)

  Sweep #563 PASS candidates: 0


========== SWEEP #564 (seed=606) ==========

  · donchian_raw: sign-flip (+12.31→-6.83) (train=+12.31 held_pnl=-24.3%)
  · rsi_mean_reversion: sign-flip (+78.63→-9.04) (train=+78.63 held_pnl=-29.9%)
  · bollinger_breakout: sign-flip (+12.59→-3.24) (train=+12.59 held_pnl=-17.2%)
  · bollinger_mr: sign-flip (+11.41→-1.02) (train=+11.41 held_pnl=-3.6%)
  · macd_momentum: train_fail s=-999.00 (train=+nan held_pnl=+0.0%)
  · atr_squeeze_breakout: sign-flip (+28.16→-6.71) (train=+28.16 held_pnl=-13.0%)
  · momentum_n_consec: sign-flip (+13.87→-6.49) (train=+13.87 held_pnl=-29.4%)
  · volume_breakout: sign-flip (+9.22→-0.73) (train=+9.22 held_pnl=-2.3%)
  · ema_crossover: sign-flip (+7.68→-2.97) (train=+7.68 held_pnl=-16.8%)
  · price_channel_with_atr: sign-flip (+8.94→-2.92) (train=+8.94 held_pnl=-8.4%)

  Sweep #564 PASS candidates: 0


========== SWEEP #565 (seed=607) ==========

  · donchian_raw: sign-flip (+10.10→-4.10) (train=+10.10 held_pnl=-14.7%)
  · rsi_mean_reversion: sign-flip (+50.52→-5.27) (train=+50.52 held_pnl=-45.1%)
  · bollinger_breakout: sign-flip (+15.28→-2.69) (train=+15.28 held_pnl=-9.9%)
  · bollinger_mr: sign-flip (+11.64→-0.78) (train=+11.64 held_pnl=-2.8%)
  · macd_momentum: train_fail s=-999.00 (train=+nan held_pnl=+0.0%)
  · atr_squeeze_breakout: sign-flip (+28.22→-6.85) (train=+28.22 held_pnl=-24.0%)
  · momentum_n_consec: sign-flip (+10.38→-5.07) (train=+10.38 held_pnl=-25.7%)
  · volume_breakout: sign-flip (+9.43→-5.13) (train=+9.43 held_pnl=-21.7%)
  · ema_crossover: sign-flip (+7.97→-6.35) (train=+7.97 held_pnl=-33.0%)
  · price_channel_with_atr: sign-flip (+9.23→-4.57) (train=+9.23 held_pnl=-19.7%)

  Sweep #565 PASS candidates: 0


========== SWEEP #566 (seed=608) ==========

  · donchian_raw: sign-flip (+11.76→-3.10) (train=+11.76 held_pnl=-11.2%)
  · rsi_mean_reversion: sign-flip (+48.97→-5.21) (train=+48.97 held_pnl=-44.9%)
  · bollinger_breakout: sign-flip (+13.32→-4.45) (train=+13.32 held_pnl=-14.9%)
  · bollinger_mr: sign-flip (+10.87→-0.96) (train=+10.87 held_pnl=-3.8%)
  · macd_momentum: train_fail s=-999.00 (train=+nan held_pnl=+0.0%)
  · atr_squeeze_breakout: sign-flip (+31.21→-7.79) (train=+31.21 held_pnl=-15.1%)
  · momentum_n_consec: sign-flip (+10.17→-5.09) (train=+10.17 held_pnl=-25.2%)
  · volume_breakout: sign-flip (+8.05→-2.22) (train=+8.05 held_pnl=-7.3%)
  · ema_crossover: sign-flip (+7.00→-3.32) (train=+7.00 held_pnl=-18.5%)
  · price_channel_with_atr: sign-flip (+9.41→-1.44) (train=+9.41 held_pnl=-4.7%)

  Sweep #566 PASS candidates: 0


========== SWEEP #567 (seed=609) ==========

  · donchian_raw: sign-flip (+10.59→-1.24) (train=+10.59 held_pnl=-4.3%)
  · rsi_mean_reversion: sign-flip (+66.19→-15.67) (train=+66.19 held_pnl=-35.5%)
  · bollinger_breakout: sign-flip (+13.89→-4.68) (train=+13.89 held_pnl=-19.6%)
  · bollinger_mr: sign-flip (+10.93→-0.98) (train=+10.93 held_pnl=-3.2%)
  · macd_momentum: train_fail s=-999.00 (train=+nan held_pnl=+0.0%)
  · atr_squeeze_breakout: sign-flip (+30.45→-8.29) (train=+30.45 held_pnl=-27.8%)
  · momentum_n_consec: sign-flip (+9.00→-4.24) (train=+9.00 held_pnl=-27.1%)
  · volume_breakout: sign-flip (+8.09→-5.31) (train=+8.09 held_pnl=-19.9%)
  · ema_crossover: sign-flip (+7.73→-5.16) (train=+7.73 held_pnl=-20.8%)
  · price_channel_with_atr: sign-flip (+10.78→-5.67) (train=+10.78 held_pnl=-24.0%)

  Sweep #567 PASS candidates: 0


========== SWEEP #568 (seed=610) ==========

  · donchian_raw: sign-flip (+10.59→-3.01) (train=+10.59 held_pnl=-11.1%)
  · rsi_mean_reversion: sign-flip (+50.92→-5.52) (train=+50.92 held_pnl=-47.6%)
  · bollinger_breakout: sign-flip (+14.68→-2.38) (train=+14.68 held_pnl=-12.0%)
  · bollinger_mr: sign-flip (+9.52→-2.32) (train=+9.52 held_pnl=-7.8%)
  · macd_momentum: train_fail s=-999.00 (train=+nan held_pnl=+0.0%)
  · atr_squeeze_breakout: sign-flip (+32.08→-11.24) (train=+32.08 held_pnl=-18.3%)
  · momentum_n_consec: sign-flip (+8.89→-4.71) (train=+8.89 held_pnl=-30.1%)
  · volume_breakout: sign-flip (+10.34→-0.63) (train=+10.34 held_pnl=-2.6%)
  · ema_crossover: sign-flip (+8.78→-3.37) (train=+8.78 held_pnl=-15.2%)
  · price_channel_with_atr: sign-flip (+9.29→-3.51) (train=+9.29 held_pnl=-11.3%)

  Sweep #568 PASS candidates: 0


========== SWEEP #569 (seed=611) ==========

  · donchian_raw: sign-flip (+12.09→-6.83) (train=+12.09 held_pnl=-24.3%)
  · rsi_mean_reversion: sign-flip (+15.91→-4.57) (train=+15.91 held_pnl=-23.3%)
  · bollinger_breakout: sign-flip (+11.94→-2.71) (train=+11.94 held_pnl=-9.8%)
  · bollinger_mr: sign-flip (+10.39→-0.98) (train=+10.39 held_pnl=-3.9%)
  · macd_momentum: train_fail s=-999.00 (train=+nan held_pnl=+0.0%)
  · atr_squeeze_breakout: sign-flip (+33.56→-11.28) (train=+33.56 held_pnl=-27.7%)
  · momentum_n_consec: sign-flip (+10.15→-5.69) (train=+10.15 held_pnl=-30.1%)
  · volume_breakout: sign-flip (+8.20→-1.57) (train=+8.20 held_pnl=-4.8%)
  · ema_crossover: sign-flip (+8.74→-3.69) (train=+8.74 held_pnl=-17.2%)
  · price_channel_with_atr: sign-flip (+8.48→-1.73) (train=+8.48 held_pnl=-5.7%)

  Sweep #569 PASS candidates: 0


========== SWEEP #570 (seed=612) ==========

  · donchian_raw: sign-flip (+10.32→-1.67) (train=+10.32 held_pnl=-6.1%)
  · rsi_mean_reversion: sign-flip (+46.50→-8.30) (train=+46.50 held_pnl=-29.1%)
  · bollinger_breakout: sign-flip (+27.93→-2.89) (train=+27.93 held_pnl=-9.4%)
  · bollinger_mr: sign-flip (+8.12→-1.42) (train=+8.12 held_pnl=-5.3%)
  · macd_momentum: train_fail s=-999.00 (train=+nan held_pnl=+0.0%)
  · atr_squeeze_breakout: sign-flip (+31.57→-8.17) (train=+31.57 held_pnl=-14.9%)
  · momentum_n_consec: sign-flip (+10.14→-4.77) (train=+10.14 held_pnl=-23.3%)
  · volume_breakout: sign-flip (+8.10→-4.45) (train=+8.10 held_pnl=-14.0%)
  · ema_crossover: sign-flip (+8.62→-3.43) (train=+8.62 held_pnl=-18.6%)
  · price_channel_with_atr: sign-flip (+10.47→-4.76) (train=+10.47 held_pnl=-19.6%)

  Sweep #570 PASS candidates: 0


========== SWEEP #571 (seed=613) ==========

  · donchian_raw: sign-flip (+11.87→-3.10) (train=+11.87 held_pnl=-11.2%)
  · rsi_mean_reversion: sign-flip (+18.14→-6.99) (train=+18.14 held_pnl=-39.1%)
  · bollinger_breakout: sign-flip (+16.72→-1.20) (train=+16.72 held_pnl=-6.0%)
  · bollinger_mr: sign-flip (+8.23→-3.18) (train=+8.23 held_pnl=-10.0%)
  · macd_momentum: train_fail s=-999.00 (train=+nan held_pnl=+0.0%)
  · atr_squeeze_breakout: sign-flip (+32.01→-11.02) (train=+32.01 held_pnl=-33.1%)
  · momentum_n_consec: sign-flip (+14.01→-6.78) (train=+14.01 held_pnl=-30.4%)
  · volume_breakout: PnL fail (+4.4% < 10.0%) (train=+8.69 held_pnl=+4.4%)
  · ema_crossover: sign-flip (+8.78→-3.37) (train=+8.78 held_pnl=-15.2%)
  · price_channel_with_atr: sign-flip (+9.18→-0.81) (train=+9.18 held_pnl=-2.8%)

  Sweep #571 PASS candidates: 0


========== SWEEP #572 (seed=614) ==========

  · donchian_raw: sign-flip (+11.12→-1.04) (train=+11.12 held_pnl=-3.6%)
  · rsi_mean_reversion: sign-flip (+19.01→-6.51) (train=+19.01 held_pnl=-32.0%)
  · bollinger_breakout: sign-flip (+26.59→-1.17) (train=+26.59 held_pnl=-3.5%)
  · bollinger_mr: sign-flip (+8.48→-1.50) (train=+8.48 held_pnl=-6.7%)
  · macd_momentum: train_fail s=-999.00 (train=+nan held_pnl=+0.0%)
  · atr_squeeze_breakout: sign-flip (+32.39→-6.91) (train=+32.39 held_pnl=-28.4%)
  · momentum_n_consec: sign-flip (+13.79→-6.84) (train=+13.79 held_pnl=-30.3%)
  · volume_breakout: sign-flip (+7.38→-6.20) (train=+7.38 held_pnl=-20.2%)
  · ema_crossover: sign-flip (+7.28→-5.04) (train=+7.28 held_pnl=-23.5%)
  · price_channel_with_atr: sign-flip (+11.06→-6.23) (train=+11.06 held_pnl=-26.6%)

  Sweep #572 PASS candidates: 0


========== SWEEP #573 (seed=615) ==========

  · donchian_raw: sign-flip (+10.53→-3.54) (train=+10.53 held_pnl=-12.8%)
  · rsi_mean_reversion: sign-flip (+8.95→-5.49) (train=+8.95 held_pnl=-45.7%)
  · bollinger_breakout: sign-flip (+15.79→-0.96) (train=+15.79 held_pnl=-4.9%)
  · bollinger_mr: sign-flip (+8.74→-0.93) (train=+8.74 held_pnl=-5.0%)
  · macd_momentum: train_fail s=-999.00 (train=+nan held_pnl=+0.0%)
  · atr_squeeze_breakout: sign-flip (+31.50→-8.19) (train=+31.50 held_pnl=-28.5%)
  · momentum_n_consec: sign-flip (+9.77→-4.65) (train=+9.77 held_pnl=-22.4%)
  · volume_breakout: sign-flip (+10.09→-4.33) (train=+10.09 held_pnl=-12.1%)
  · ema_crossover: sign-flip (+7.20→-4.60) (train=+7.20 held_pnl=-31.7%)
  · price_channel_with_atr: sign-flip (+9.44→-6.85) (train=+9.44 held_pnl=-38.9%)

  Sweep #573 PASS candidates: 0


========== SWEEP #574 (seed=616) ==========

  · donchian_raw: sign-flip (+11.58→-5.63) (train=+11.58 held_pnl=-24.6%)
  · rsi_mean_reversion: PnL fail (+5.3% < 10.0%) (train=+14.77 held_pnl=+5.3%)
  · bollinger_breakout: sign-flip (+14.67→-5.91) (train=+14.67 held_pnl=-21.6%)
  · bollinger_mr: sign-flip (+11.22→-1.46) (train=+11.22 held_pnl=-5.1%)
  · macd_momentum: train_fail s=-999.00 (train=+nan held_pnl=+0.0%)
  · atr_squeeze_breakout: sign-flip (+31.07→-8.75) (train=+31.07 held_pnl=-17.2%)
  · momentum_n_consec: sign-flip (+11.16→-4.76) (train=+11.16 held_pnl=-23.4%)
  ★ volume_breakout: PASS held-out Sharpe=6.30 PnL=+13.8% ★
  · ema_crossover: sign-flip (+9.83→-7.43) (train=+9.83 held_pnl=-31.4%)
  · price_channel_with_atr: sign-flip (+9.74→-7.83) (train=+9.74 held_pnl=-33.2%)

  Sweep #574 PASS candidates: 1
    volume_breakout: train Sharpe=8.16 → held-out PnL=+13.8%
      params: atr_period=11_atr_stop_mult=3.1727_exit_lookback_n=8_lookback_n=9_vol_mult=1.2414_vol_window=14

  ★ PASS #7 в sweep #574 (продолжаем continuous)


========== SWEEP #575 (seed=617) ==========

  · donchian_raw: sign-flip (+10.83→-3.98) (train=+10.83 held_pnl=-16.4%)
  · rsi_mean_reversion: sign-flip (+43.63→-6.23) (train=+43.63 held_pnl=-38.9%)
  · bollinger_breakout: sign-flip (+33.10→-0.04) (train=+33.10 held_pnl=-0.1%)
  · bollinger_mr: sign-flip (+11.23→-2.88) (train=+11.23 held_pnl=-9.9%)
  · macd_momentum: train_fail s=-999.00 (train=+nan held_pnl=+0.0%)
  · atr_squeeze_breakout: sign-flip (+25.25→-7.21) (train=+25.25 held_pnl=-18.4%)
  · momentum_n_consec: sign-flip (+14.41→-6.52) (train=+14.41 held_pnl=-28.4%)
  · volume_breakout: sign-flip (+8.03→-2.88) (train=+8.03 held_pnl=-9.8%)
  · ema_crossover: sign-flip (+8.37→-4.20) (train=+8.37 held_pnl=-26.9%)
  · price_channel_with_atr: sign-flip (+11.19→-6.26) (train=+11.19 held_pnl=-26.1%)

  Sweep #575 PASS candidates: 0


========== SWEEP #576 (seed=618) ==========

  · donchian_raw: sign-flip (+12.39→-6.83) (train=+12.39 held_pnl=-24.3%)
  · rsi_mean_reversion: sign-flip (+10.47→-7.01) (train=+10.47 held_pnl=-53.0%)
  · bollinger_breakout: sign-flip (+12.84→-3.07) (train=+12.84 held_pnl=-12.3%)
  · bollinger_mr: sign-flip (+8.59→-3.23) (train=+8.59 held_pnl=-13.0%)
  · macd_momentum: train_fail s=-999.00 (train=+nan held_pnl=+0.0%)
  · atr_squeeze_breakout: sign-flip (+33.27→-9.33) (train=+33.27 held_pnl=-39.2%)
  · momentum_n_consec: sign-flip (+9.97→-5.69) (train=+9.97 held_pnl=-31.1%)
  · volume_breakout: sign-flip (+10.04→-5.17) (train=+10.04 held_pnl=-19.0%)
  · ema_crossover: sign-flip (+6.59→-5.36) (train=+6.59 held_pnl=-39.2%)
  · price_channel_with_atr: sign-flip (+9.42→-1.21) (train=+9.42 held_pnl=-3.9%)

  Sweep #576 PASS candidates: 0


========== SWEEP #577 (seed=619) ==========

  · donchian_raw: sign-flip (+11.89→-3.33) (train=+11.89 held_pnl=-12.5%)
  · rsi_mean_reversion: sign-flip (+43.13→-5.75) (train=+43.13 held_pnl=-38.4%)
  · bollinger_breakout: sign-flip (+14.44→-1.92) (train=+14.44 held_pnl=-7.2%)
  · bollinger_mr: sign-flip (+13.02→-1.21) (train=+13.02 held_pnl=-4.1%)
  · macd_momentum: train_fail s=-999.00 (train=+nan held_pnl=+0.0%)
  · atr_squeeze_breakout: sign-flip (+30.41→-7.63) (train=+30.41 held_pnl=-13.4%)
  · momentum_n_consec: sign-flip (+8.90→-4.35) (train=+8.90 held_pnl=-28.1%)
  · volume_breakout: sign-flip (+8.29→-0.66) (train=+8.29 held_pnl=-2.6%)
  · ema_crossover: sign-flip (+6.29→-1.81) (train=+6.29 held_pnl=-12.2%)
  · price_channel_with_atr: sign-flip (+11.02→-6.21) (train=+11.02 held_pnl=-26.8%)

  Sweep #577 PASS candidates: 0


========== SWEEP #578 (seed=620) ==========

  · donchian_raw: sign-flip (+12.29→-6.83) (train=+12.29 held_pnl=-24.3%)
  · rsi_mean_reversion: sign-flip (+42.16→-5.36) (train=+42.16 held_pnl=-24.2%)
  · bollinger_breakout: sign-flip (+14.30→-1.21) (train=+14.30 held_pnl=-5.9%)
  · bollinger_mr: sign-flip (+8.25→-3.44) (train=+8.25 held_pnl=-11.7%)
  · macd_momentum: train_fail s=-999.00 (train=+nan held_pnl=+0.0%)
  · atr_squeeze_breakout: sign-flip (+33.35→-6.42) (train=+33.35 held_pnl=-13.9%)
  · momentum_n_consec: sign-flip (+12.18→-6.52) (train=+12.18 held_pnl=-29.5%)
  ★ volume_breakout: PASS held-out Sharpe=3.59 PnL=+10.4% ★
  · ema_crossover: sign-flip (+8.74→-3.69) (train=+8.74 held_pnl=-17.2%)
  · price_channel_with_atr: sign-flip (+9.40→-4.71) (train=+9.40 held_pnl=-19.4%)

  Sweep #578 PASS candidates: 1
    volume_breakout: train Sharpe=8.46 → held-out PnL=+10.4%
      params: atr_period=12_atr_stop_mult=2.2296_exit_lookback_n=8_lookback_n=9_vol_mult=1.3149_vol_window=14

  ★ PASS #8 в sweep #578 (продолжаем continuous)


========== SWEEP #579 (seed=621) ==========

  · donchian_raw: sign-flip (+11.64→-5.00) (train=+11.64 held_pnl=-19.6%)
  · rsi_mean_reversion: sign-flip (+70.75→-7.00) (train=+70.75 held_pnl=-34.9%)
  · bollinger_breakout: PnL fail (+3.5% < 10.0%) (train=+25.78 held_pnl=+3.5%)
  · bollinger_mr: sign-flip (+12.26→-7.26) (train=+12.26 held_pnl=-23.4%)
  · macd_momentum: train_fail s=-999.00 (train=+nan held_pnl=+0.0%)
  · atr_squeeze_breakout: sign-flip (+31.86→-9.56) (train=+31.86 held_pnl=-17.3%)
  · momentum_n_consec: sign-flip (+14.47→-6.47) (train=+14.47 held_pnl=-28.0%)
  · volume_breakout: sign-flip (+7.82→-5.91) (train=+7.82 held_pnl=-16.5%)
  · ema_crossover: sign-flip (+9.02→-4.74) (train=+9.02 held_pnl=-21.1%)
  · price_channel_with_atr: sign-flip (+9.98→-4.65) (train=+9.98 held_pnl=-18.5%)

  Sweep #579 PASS candidates: 0


========== SWEEP #580 (seed=622) ==========

  · donchian_raw: sign-flip (+11.45→-6.83) (train=+11.45 held_pnl=-24.3%)
  · rsi_mean_reversion: sign-flip (+4.06→-3.66) (train=+4.06 held_pnl=-40.3%)
  · bollinger_breakout: sign-flip (+12.98→-4.20) (train=+12.98 held_pnl=-13.3%)
  · bollinger_mr: sign-flip (+9.74→-1.06) (train=+9.74 held_pnl=-3.5%)
  · macd_momentum: train_fail s=-999.00 (train=+nan held_pnl=+0.0%)
  · atr_squeeze_breakout: sign-flip (+31.44→-6.37) (train=+31.44 held_pnl=-25.0%)
  · momentum_n_consec: sign-flip (+9.09→-5.68) (train=+9.09 held_pnl=-30.3%)
  · volume_breakout: sign-flip (+9.84→-3.02) (train=+9.84 held_pnl=-16.6%)
  · ema_crossover: sign-flip (+8.74→-3.69) (train=+8.74 held_pnl=-17.2%)
  · price_channel_with_atr: sign-flip (+9.99→-6.87) (train=+9.99 held_pnl=-39.4%)

  Sweep #580 PASS candidates: 0


========== SWEEP #581 (seed=623) ==========

  · donchian_raw: sign-flip (+11.57→-5.12) (train=+11.57 held_pnl=-19.8%)
  · rsi_mean_reversion: sign-flip (+14.72→-3.32) (train=+14.72 held_pnl=-21.0%)
  · bollinger_breakout: sign-flip (+15.59→-4.65) (train=+15.59 held_pnl=-17.1%)
  · bollinger_mr: sign-flip (+7.33→-3.77) (train=+7.33 held_pnl=-12.6%)
  · macd_momentum: train_fail s=-999.00 (train=+nan held_pnl=+0.0%)
  · atr_squeeze_breakout: sign-flip (+32.28→-9.83) (train=+32.28 held_pnl=-20.7%)
  · momentum_n_consec: PnL fail (+0.8% < 10.0%) (train=+9.61 held_pnl=+0.8%)
  · volume_breakout: sign-flip (+8.99→-0.57) (train=+8.99 held_pnl=-1.6%)
  · ema_crossover: sign-flip (+7.74→-4.51) (train=+7.74 held_pnl=-26.0%)
  · price_channel_with_atr: sign-flip (+11.81→-5.70) (train=+11.81 held_pnl=-23.9%)

  Sweep #581 PASS candidates: 0


========== SWEEP #582 (seed=624) ==========

  · donchian_raw: sign-flip (+11.17→-4.63) (train=+11.17 held_pnl=-18.3%)
  · rsi_mean_reversion: sign-flip (+60.83→-15.32) (train=+60.83 held_pnl=-40.2%)
  · bollinger_breakout: sign-flip (+11.93→-5.00) (train=+11.93 held_pnl=-16.8%)
  · bollinger_mr: sign-flip (+9.05→-2.25) (train=+9.05 held_pnl=-9.1%)
  · macd_momentum: train_fail s=-999.00 (train=+nan held_pnl=+0.0%)
  · atr_squeeze_breakout: sign-flip (+36.33→-7.99) (train=+36.33 held_pnl=-19.8%)
  · momentum_n_consec: sign-flip (+10.47→-5.50) (train=+10.47 held_pnl=-28.4%)
  · volume_breakout: sign-flip (+9.12→-2.70) (train=+9.12 held_pnl=-13.3%)
  · ema_crossover: sign-flip (+9.02→-4.74) (train=+9.02 held_pnl=-21.1%)
  · price_channel_with_atr: sign-flip (+10.93→-6.24) (train=+10.93 held_pnl=-26.9%)

  Sweep #582 PASS candidates: 0


========== SWEEP #583 (seed=625) ==========

  · donchian_raw: sign-flip (+12.41→-6.83) (train=+12.41 held_pnl=-24.3%)
  · rsi_mean_reversion: sign-flip (+13.42→-5.95) (train=+13.42 held_pnl=-54.4%)
  · bollinger_breakout: PnL fail (+1.3% < 10.0%) (train=+29.24 held_pnl=+1.3%)
  · bollinger_mr: sign-flip (+10.82→-4.86) (train=+10.82 held_pnl=-15.8%)
  · macd_momentum: train_fail s=-999.00 (train=+nan held_pnl=+0.0%)
  · atr_squeeze_breakout: sign-flip (+28.60→-9.44) (train=+28.60 held_pnl=-19.0%)
  · momentum_n_consec: sign-flip (+8.25→-5.33) (train=+8.25 held_pnl=-27.1%)
  · volume_breakout: sign-flip (+10.29→-5.37) (train=+10.29 held_pnl=-22.6%)
  · ema_crossover: sign-flip (+8.00→-4.55) (train=+8.00 held_pnl=-32.7%)
  · price_channel_with_atr: sign-flip (+10.04→-4.35) (train=+10.04 held_pnl=-25.8%)

  Sweep #583 PASS candidates: 0


========== SWEEP #584 (seed=626) ==========

  · donchian_raw: sign-flip (+9.85→-1.82) (train=+9.85 held_pnl=-6.6%)
  · rsi_mean_reversion: sign-flip (+77.28→-13.85) (train=+77.28 held_pnl=-29.6%)
  · bollinger_breakout: sign-flip (+13.77→-6.47) (train=+13.77 held_pnl=-25.5%)
  · bollinger_mr: sign-flip (+10.38→-3.87) (train=+10.38 held_pnl=-13.5%)
  · macd_momentum: train_fail s=-999.00 (train=+nan held_pnl=+0.0%)
  · atr_squeeze_breakout: sign-flip (+30.64→-7.52) (train=+30.64 held_pnl=-13.0%)
  · momentum_n_consec: PnL fail (+1.1% < 10.0%) (train=+9.66 held_pnl=+1.1%)
  · volume_breakout: sign-flip (+9.84→-6.35) (train=+9.84 held_pnl=-26.6%)
  · ema_crossover: sign-flip (+8.63→-4.54) (train=+8.63 held_pnl=-25.4%)
  · price_channel_with_atr: sign-flip (+10.78→-5.62) (train=+10.78 held_pnl=-24.1%)

  Sweep #584 PASS candidates: 0


========== SWEEP #585 (seed=627) ==========

  · donchian_raw: sign-flip (+9.21→-1.85) (train=+9.21 held_pnl=-6.4%)
  · rsi_mean_reversion: sign-flip (+63.35→-6.25) (train=+63.35 held_pnl=-43.6%)
  · bollinger_breakout: sign-flip (+13.04→-4.17) (train=+13.04 held_pnl=-17.5%)
  · bollinger_mr: sign-flip (+10.02→-1.39) (train=+10.02 held_pnl=-5.4%)
  · macd_momentum: train_fail s=-999.00 (train=+nan held_pnl=+0.0%)
  · atr_squeeze_breakout: sign-flip (+29.80→-8.98) (train=+29.80 held_pnl=-22.7%)
  · momentum_n_consec: sign-flip (+10.10→-6.40) (train=+10.10 held_pnl=-32.9%)
  · volume_breakout: sign-flip (+9.04→-4.35) (train=+9.04 held_pnl=-18.0%)
  · ema_crossover: sign-flip (+8.00→-4.61) (train=+8.00 held_pnl=-31.1%)
  · price_channel_with_atr: sign-flip (+9.90→-8.27) (train=+9.90 held_pnl=-34.9%)

  Sweep #585 PASS candidates: 0


========== SWEEP #586 (seed=628) ==========

  · donchian_raw: sign-flip (+12.20→-6.23) (train=+12.20 held_pnl=-26.0%)
  · rsi_mean_reversion: sign-flip (+33.41→-10.95) (train=+33.41 held_pnl=-39.0%)
  · bollinger_breakout: sign-flip (+14.58→-4.39) (train=+14.58 held_pnl=-15.0%)
  · bollinger_mr: sign-flip (+9.35→-1.80) (train=+9.35 held_pnl=-10.1%)
  · macd_momentum: train_fail s=-999.00 (train=+nan held_pnl=+0.0%)
  · atr_squeeze_breakout: sign-flip (+26.61→-8.87) (train=+26.61 held_pnl=-20.6%)
  · momentum_n_consec: sign-flip (+9.56→-5.93) (train=+9.56 held_pnl=-29.5%)
  · volume_breakout: sign-flip (+8.82→-1.07) (train=+8.82 held_pnl=-3.2%)
  · ema_crossover: sign-flip (+7.69→-6.09) (train=+7.69 held_pnl=-27.7%)
  · price_channel_with_atr: sign-flip (+9.70→-5.23) (train=+9.70 held_pnl=-21.0%)

  Sweep #586 PASS candidates: 0


========== SWEEP #587 (seed=629) ==========

  · donchian_raw: sign-flip (+11.68→-1.61) (train=+11.68 held_pnl=-5.6%)
  · rsi_mean_reversion: sign-flip (+79.16→-6.86) (train=+79.16 held_pnl=-36.6%)
  · bollinger_breakout: sign-flip (+13.48→-2.56) (train=+13.48 held_pnl=-13.1%)
  · bollinger_mr: sign-flip (+8.97→-3.69) (train=+8.97 held_pnl=-12.2%)
  · macd_momentum: train_fail s=-999.00 (train=+nan held_pnl=+0.0%)
  · atr_squeeze_breakout: sign-flip (+34.22→-7.63) (train=+34.22 held_pnl=-17.6%)
  · momentum_n_consec: sign-flip (+12.02→-7.11) (train=+12.02 held_pnl=-31.0%)
  · volume_breakout: sign-flip (+11.75→-4.34) (train=+11.75 held_pnl=-16.8%)
  · ema_crossover: sign-flip (+9.02→-4.74) (train=+9.02 held_pnl=-21.1%)
  · price_channel_with_atr: sign-flip (+8.90→-4.84) (train=+8.90 held_pnl=-27.4%)

  Sweep #587 PASS candidates: 0


========== SWEEP #588 (seed=630) ==========

  · donchian_raw: sign-flip (+11.80→-1.93) (train=+11.80 held_pnl=-7.1%)
  · rsi_mean_reversion: sign-flip (+12.64→-9.22) (train=+12.64 held_pnl=-36.0%)
  · bollinger_breakout: sign-flip (+14.73→-4.14) (train=+14.73 held_pnl=-13.4%)
  · bollinger_mr: sign-flip (+8.75→-1.47) (train=+8.75 held_pnl=-5.2%)
  · macd_momentum: train_fail s=-999.00 (train=+nan held_pnl=+0.0%)
  · atr_squeeze_breakout: sign-flip (+31.57→-8.81) (train=+31.57 held_pnl=-11.9%)
  · momentum_n_consec: sign-flip (+12.38→-6.30) (train=+12.38 held_pnl=-28.8%)
  · volume_breakout: sign-flip (+10.24→-5.46) (train=+10.24 held_pnl=-21.5%)
  · ema_crossover: sign-flip (+8.37→-4.30) (train=+8.37 held_pnl=-25.2%)
  · price_channel_with_atr: sign-flip (+10.13→-6.23) (train=+10.13 held_pnl=-25.8%)

  Sweep #588 PASS candidates: 0


========== SWEEP #589 (seed=631) ==========

  · donchian_raw: sign-flip (+11.01→-2.63) (train=+11.01 held_pnl=-9.3%)
  · rsi_mean_reversion: sign-flip (+14.00→-6.63) (train=+14.00 held_pnl=-37.8%)
  · bollinger_breakout: sign-flip (+15.04→-4.32) (train=+15.04 held_pnl=-15.0%)
  · bollinger_mr: sign-flip (+12.24→-6.06) (train=+12.24 held_pnl=-20.0%)
  · macd_momentum: train_fail s=-999.00 (train=+nan held_pnl=+0.0%)
  · atr_squeeze_breakout: sign-flip (+29.37→-9.08) (train=+29.37 held_pnl=-38.7%)
  · momentum_n_consec: sign-flip (+10.16→-5.65) (train=+10.16 held_pnl=-27.5%)
  · volume_breakout: sign-flip (+9.39→-1.99) (train=+9.39 held_pnl=-6.1%)
  · ema_crossover: sign-flip (+7.89→-4.17) (train=+7.89 held_pnl=-18.7%)
  · price_channel_with_atr: sign-flip (+12.20→-7.23) (train=+12.20 held_pnl=-28.1%)

  Sweep #589 PASS candidates: 0


========== SWEEP #590 (seed=632) ==========

  · donchian_raw: sign-flip (+10.82→-6.03) (train=+10.82 held_pnl=-24.9%)
  · rsi_mean_reversion: sign-flip (+52.48→-4.71) (train=+52.48 held_pnl=-33.4%)
  · bollinger_breakout: sign-flip (+13.02→-2.64) (train=+13.02 held_pnl=-13.6%)
  · bollinger_mr: sign-flip (+9.72→-2.18) (train=+9.72 held_pnl=-9.6%)
  · macd_momentum: train_fail s=-999.00 (train=+nan held_pnl=+0.0%)
  · atr_squeeze_breakout: sign-flip (+31.77→-7.34) (train=+31.77 held_pnl=-15.4%)
  · momentum_n_consec: sign-flip (+9.47→-3.97) (train=+9.47 held_pnl=-27.4%)
  · volume_breakout: sign-flip (+8.66→-2.06) (train=+8.66 held_pnl=-6.2%)
  · ema_crossover: sign-flip (+6.96→-5.13) (train=+6.96 held_pnl=-37.8%)
  · price_channel_with_atr: sign-flip (+10.75→-5.78) (train=+10.75 held_pnl=-25.3%)

  Sweep #590 PASS candidates: 0


========== SWEEP #591 (seed=633) ==========

  · donchian_raw: sign-flip (+9.85→-2.01) (train=+9.85 held_pnl=-7.2%)
  · rsi_mean_reversion: sign-flip (+27.56→-6.41) (train=+27.56 held_pnl=-34.4%)
  · bollinger_breakout: sign-flip (+16.69→-0.77) (train=+16.69 held_pnl=-3.9%)
  · bollinger_mr: sign-flip (+13.11→-1.75) (train=+13.11 held_pnl=-6.7%)
  · macd_momentum: train_fail s=-999.00 (train=+nan held_pnl=+0.0%)
  · atr_squeeze_breakout: sign-flip (+32.76→-10.26) (train=+32.76 held_pnl=-19.3%)
  · momentum_n_consec: sign-flip (+12.52→-6.56) (train=+12.52 held_pnl=-29.9%)
  · volume_breakout: sign-flip (+9.23→-4.40) (train=+9.23 held_pnl=-18.5%)
  · ema_crossover: sign-flip (+8.78→-3.37) (train=+8.78 held_pnl=-15.2%)
  · price_channel_with_atr: sign-flip (+10.68→-5.84) (train=+10.68 held_pnl=-25.8%)

  Sweep #591 PASS candidates: 0


========== SWEEP #592 (seed=634) ==========

  · donchian_raw: sign-flip (+11.03→-3.83) (train=+11.03 held_pnl=-14.9%)
  · rsi_mean_reversion: sign-flip (+7.76→-6.76) (train=+7.76 held_pnl=-30.4%)
  · bollinger_breakout: sign-flip (+13.76→-5.77) (train=+13.76 held_pnl=-20.3%)
  · bollinger_mr: sign-flip (+10.27→-1.64) (train=+10.27 held_pnl=-6.6%)
  · macd_momentum: train_fail s=-999.00 (train=+nan held_pnl=+0.0%)
  · atr_squeeze_breakout: sign-flip (+33.39→-8.55) (train=+33.39 held_pnl=-16.8%)
  · momentum_n_consec: sign-flip (+8.98→-6.01) (train=+8.98 held_pnl=-31.0%)
  · volume_breakout: sign-flip (+8.89→-0.98) (train=+8.89 held_pnl=-3.1%)
  · ema_crossover: sign-flip (+8.37→-4.21) (train=+8.37 held_pnl=-26.8%)
  · price_channel_with_atr: sign-flip (+9.32→-0.66) (train=+9.32 held_pnl=-2.2%)

  Sweep #592 PASS candidates: 0


========== SWEEP #593 (seed=635) ==========

  · donchian_raw: sign-flip (+9.70→-4.62) (train=+9.70 held_pnl=-13.8%)
  · rsi_mean_reversion: sign-flip (+53.28→-4.92) (train=+53.28 held_pnl=-35.8%)
  · bollinger_breakout: sign-flip (+14.30→-4.16) (train=+14.30 held_pnl=-13.6%)
  · bollinger_mr: sign-flip (+8.64→-2.29) (train=+8.64 held_pnl=-10.6%)
  · macd_momentum: train_fail s=-999.00 (train=+nan held_pnl=+0.0%)
  · atr_squeeze_breakout: sign-flip (+32.00→-10.09) (train=+32.00 held_pnl=-19.6%)
  · momentum_n_consec: sign-flip (+13.98→-6.57) (train=+13.98 held_pnl=-29.3%)
  · volume_breakout: sign-flip (+9.81→-4.48) (train=+9.81 held_pnl=-14.9%)
  · ema_crossover: sign-flip (+8.78→-3.37) (train=+8.78 held_pnl=-15.2%)
  · price_channel_with_atr: sign-flip (+11.70→-5.96) (train=+11.70 held_pnl=-25.7%)

  Sweep #593 PASS candidates: 0


========== SWEEP #594 (seed=636) ==========

  · donchian_raw: sign-flip (+10.87→-4.10) (train=+10.87 held_pnl=-14.7%)
  · rsi_mean_reversion: sign-flip (+33.88→-6.90) (train=+33.88 held_pnl=-34.7%)
  · bollinger_breakout: sign-flip (+14.11→-3.23) (train=+14.11 held_pnl=-17.5%)
  · bollinger_mr: sign-flip (+9.01→-0.34) (train=+9.01 held_pnl=-1.8%)
  · macd_momentum: train_fail s=-999.00 (train=+nan held_pnl=+0.0%)
  · atr_squeeze_breakout: sign-flip (+31.75→-7.21) (train=+31.75 held_pnl=-12.3%)
  · momentum_n_consec: sign-flip (+7.76→-4.52) (train=+7.76 held_pnl=-33.6%)
  · volume_breakout: sign-flip (+9.09→-4.53) (train=+9.09 held_pnl=-15.6%)
  · ema_crossover: sign-flip (+6.93→-6.93) (train=+6.93 held_pnl=-37.4%)
  · price_channel_with_atr: sign-flip (+9.30→-0.73) (train=+9.30 held_pnl=-2.3%)

  Sweep #594 PASS candidates: 0


========== SWEEP #595 (seed=637) ==========

  · donchian_raw: sign-flip (+11.14→-6.83) (train=+11.14 held_pnl=-24.3%)
  · rsi_mean_reversion: sign-flip (+59.47→-5.85) (train=+59.47 held_pnl=-23.2%)
  · bollinger_breakout: sign-flip (+14.31→-6.72) (train=+14.31 held_pnl=-35.2%)
  · bollinger_mr: sign-flip (+10.56→-6.98) (train=+10.56 held_pnl=-20.4%)
  · macd_momentum: train_fail s=-999.00 (train=+nan held_pnl=+0.0%)
  · atr_squeeze_breakout: sign-flip (+30.53→-8.14) (train=+30.53 held_pnl=-13.3%)
  · momentum_n_consec: sign-flip (+14.06→-6.42) (train=+14.06 held_pnl=-32.5%)
  · volume_breakout: sign-flip (+11.05→-4.94) (train=+11.05 held_pnl=-19.7%)
  · ema_crossover: sign-flip (+8.74→-3.69) (train=+8.74 held_pnl=-17.2%)
  · price_channel_with_atr: sign-flip (+10.15→-4.39) (train=+10.15 held_pnl=-25.4%)

  Sweep #595 PASS candidates: 0


========== SWEEP #596 (seed=638) ==========

  · donchian_raw: sign-flip (+11.81→-3.39) (train=+11.81 held_pnl=-12.9%)
  · rsi_mean_reversion: sign-flip (+6.42→-3.31) (train=+6.42 held_pnl=-28.5%)
  · bollinger_breakout: sign-flip (+26.80→-1.45) (train=+26.80 held_pnl=-4.4%)
  · bollinger_mr: sign-flip (+7.99→-2.61) (train=+7.99 held_pnl=-12.6%)
  · macd_momentum: train_fail s=-999.00 (train=+nan held_pnl=+0.0%)
  · atr_squeeze_breakout: sign-flip (+32.05→-8.64) (train=+32.05 held_pnl=-14.8%)
  · momentum_n_consec: sign-flip (+9.27→-5.95) (train=+9.27 held_pnl=-29.7%)
  · volume_breakout: sign-flip (+7.57→-2.93) (train=+7.57 held_pnl=-14.8%)
  · ema_crossover: sign-flip (+6.85→-7.19) (train=+6.85 held_pnl=-36.8%)
  · price_channel_with_atr: sign-flip (+10.19→-4.34) (train=+10.19 held_pnl=-25.3%)

  Sweep #596 PASS candidates: 0


========== SWEEP #597 (seed=639) ==========

  · donchian_raw: sign-flip (+10.42→-3.08) (train=+10.42 held_pnl=-11.0%)
  · rsi_mean_reversion: sign-flip (+9.47→-3.86) (train=+9.47 held_pnl=-14.4%)
  · bollinger_breakout: sign-flip (+13.27→-1.73) (train=+13.27 held_pnl=-8.2%)
  · bollinger_mr: sign-flip (+7.73→-0.73) (train=+7.73 held_pnl=-3.4%)
  · macd_momentum: train_fail s=-999.00 (train=+nan held_pnl=+0.0%)
  · atr_squeeze_breakout: sign-flip (+34.64→-7.12) (train=+34.64 held_pnl=-12.4%)
  · momentum_n_consec: sign-flip (+10.56→-5.33) (train=+10.56 held_pnl=-27.2%)
  · volume_breakout: sign-flip (+10.25→-2.20) (train=+10.25 held_pnl=-6.6%)
  · ema_crossover: sign-flip (+8.00→-4.53) (train=+8.00 held_pnl=-32.9%)
  · price_channel_with_atr: sign-flip (+11.82→-5.72) (train=+11.82 held_pnl=-24.3%)

  Sweep #597 PASS candidates: 0


========== SWEEP #598 (seed=640) ==========

  · donchian_raw: sign-flip (+11.25→-6.83) (train=+11.25 held_pnl=-24.3%)
  · rsi_mean_reversion: sign-flip (+59.03→-14.72) (train=+59.03 held_pnl=-37.0%)
  · bollinger_breakout: sign-flip (+13.37→-3.41) (train=+13.37 held_pnl=-15.4%)
  · bollinger_mr: sign-flip (+8.58→-1.19) (train=+8.58 held_pnl=-6.0%)
  · macd_momentum: train_fail s=-999.00 (train=+nan held_pnl=+0.0%)
  · atr_squeeze_breakout: sign-flip (+28.56→-4.80) (train=+28.56 held_pnl=-19.5%)
  · momentum_n_consec: sign-flip (+10.37→-5.61) (train=+10.37 held_pnl=-29.3%)
  · volume_breakout: sign-flip (+11.05→-4.64) (train=+11.05 held_pnl=-16.2%)
  · ema_crossover: sign-flip (+6.72→-5.61) (train=+6.72 held_pnl=-43.3%)
  · price_channel_with_atr: sign-flip (+10.92→-5.72) (train=+10.92 held_pnl=-23.9%)

  Sweep #598 PASS candidates: 0


========== SWEEP #599 (seed=641) ==========

  · donchian_raw: sign-flip (+11.69→-1.61) (train=+11.69 held_pnl=-5.6%)
  · rsi_mean_reversion: sign-flip (+29.42→-9.76) (train=+29.42 held_pnl=-20.0%)
  · bollinger_breakout: sign-flip (+10.53→-3.88) (train=+10.53 held_pnl=-11.2%)
  · bollinger_mr: sign-flip (+9.08→-2.43) (train=+9.08 held_pnl=-9.1%)
  · macd_momentum: train_fail s=-999.00 (train=+nan held_pnl=+0.0%)
  · atr_squeeze_breakout: sign-flip (+34.01→-10.27) (train=+34.01 held_pnl=-15.9%)
  · momentum_n_consec: sign-flip (+10.11→-5.86) (train=+10.11 held_pnl=-28.7%)
  · volume_breakout: sign-flip (+9.45→-1.80) (train=+9.45 held_pnl=-5.6%)
  · ema_crossover: sign-flip (+8.78→-3.37) (train=+8.78 held_pnl=-15.2%)
  · price_channel_with_atr: sign-flip (+9.89→-4.66) (train=+9.89 held_pnl=-18.5%)

  Sweep #599 PASS candidates: 0


========== SWEEP #600 (seed=642) ==========

  · donchian_raw: sign-flip (+10.61→-1.30) (train=+10.61 held_pnl=-4.5%)
  · rsi_mean_reversion: sign-flip (+15.07→-6.69) (train=+15.07 held_pnl=-28.1%)
  · bollinger_breakout: sign-flip (+13.84→-0.77) (train=+13.84 held_pnl=-3.9%)
  · bollinger_mr: sign-flip (+9.44→-3.91) (train=+9.44 held_pnl=-13.8%)
  · macd_momentum: train_fail s=-999.00 (train=+nan held_pnl=+0.0%)
  · atr_squeeze_breakout: sign-flip (+31.27→-6.69) (train=+31.27 held_pnl=-27.8%)
  · momentum_n_consec: sign-flip (+12.97→-6.18) (train=+12.97 held_pnl=-27.6%)
  · volume_breakout: sign-flip (+7.65→-2.63) (train=+7.65 held_pnl=-9.1%)
  · ema_crossover: sign-flip (+8.63→-4.45) (train=+8.63 held_pnl=-26.7%)
  · price_channel_with_atr: sign-flip (+11.73→-5.97) (train=+11.73 held_pnl=-25.7%)

  Sweep #600 PASS candidates: 0


========== SWEEP #601 (seed=643) ==========

  · donchian_raw: sign-flip (+11.47→-6.14) (train=+11.47 held_pnl=-24.3%)
  · rsi_mean_reversion: sign-flip (+61.99→-5.91) (train=+61.99 held_pnl=-41.5%)
  · bollinger_breakout: sign-flip (+13.58→-2.00) (train=+13.58 held_pnl=-7.2%)
  · bollinger_mr: sign-flip (+7.74→-2.67) (train=+7.74 held_pnl=-8.5%)
  · macd_momentum: train_fail s=-999.00 (train=+nan held_pnl=+0.0%)
  · atr_squeeze_breakout: sign-flip (+27.29→-9.85) (train=+27.29 held_pnl=-43.5%)
  · momentum_n_consec: sign-flip (+8.40→-4.35) (train=+8.40 held_pnl=-28.2%)
  · volume_breakout: sign-flip (+10.36→-1.08) (train=+10.36 held_pnl=-2.7%)
  · ema_crossover: sign-flip (+8.78→-3.37) (train=+8.78 held_pnl=-15.2%)
  · price_channel_with_atr: sign-flip (+9.92→-3.24) (train=+9.92 held_pnl=-9.5%)

  Sweep #601 PASS candidates: 0


========== SWEEP #602 (seed=644) ==========

  · donchian_raw: sign-flip (+10.98→-7.23) (train=+10.98 held_pnl=-32.2%)
  · rsi_mean_reversion: sign-flip (+11.49→-2.99) (train=+11.49 held_pnl=-19.5%)
  · bollinger_breakout: sign-flip (+13.03→-1.43) (train=+13.03 held_pnl=-7.3%)
  · bollinger_mr: sign-flip (+10.55→-8.36) (train=+10.55 held_pnl=-24.3%)
  · macd_momentum: train_fail s=-999.00 (train=+nan held_pnl=+0.0%)
  · atr_squeeze_breakout: sign-flip (+31.77→-6.36) (train=+31.77 held_pnl=-14.3%)
  · momentum_n_consec: sign-flip (+10.88→-4.48) (train=+10.88 held_pnl=-22.4%)
  · volume_breakout: PnL fail (+3.3% < 10.0%) (train=+6.24 held_pnl=+3.3%)
  · ema_crossover: sign-flip (+7.73→-4.49) (train=+7.73 held_pnl=-26.2%)
  · price_channel_with_atr: sign-flip (+11.67→-5.68) (train=+11.67 held_pnl=-24.4%)

  Sweep #602 PASS candidates: 0


========== SWEEP #603 (seed=645) ==========

  · donchian_raw: sign-flip (+10.71→-2.96) (train=+10.71 held_pnl=-11.1%)
  · rsi_mean_reversion: sign-flip (+11.12→-4.93) (train=+11.12 held_pnl=-33.5%)
  · bollinger_breakout: sign-flip (+14.49→-1.45) (train=+14.49 held_pnl=-7.3%)
  · bollinger_mr: sign-flip (+8.04→-2.23) (train=+8.04 held_pnl=-11.2%)
  · macd_momentum: train_fail s=-999.00 (train=+nan held_pnl=+0.0%)
  · atr_squeeze_breakout: sign-flip (+30.75→-9.07) (train=+30.75 held_pnl=-23.5%)
  · momentum_n_consec: sign-flip (+9.11→-4.24) (train=+9.11 held_pnl=-28.8%)
  ★ volume_breakout: PASS held-out Sharpe=4.66 PnL=+11.7% ★
  · ema_crossover: sign-flip (+6.52→-4.26) (train=+6.52 held_pnl=-27.4%)
  · price_channel_with_atr: sign-flip (+8.12→-2.24) (train=+8.12 held_pnl=-10.0%)

  Sweep #603 PASS candidates: 1
    volume_breakout: train Sharpe=8.57 → held-out PnL=+11.7%
      params: atr_period=16_atr_stop_mult=2.7778_exit_lookback_n=9_lookback_n=10_vol_mult=1.3318_vol_window=15

  ★ PASS #9 в sweep #603 (продолжаем continuous)


========== SWEEP #604 (seed=646) ==========

  · donchian_raw: sign-flip (+12.31→-6.83) (train=+12.31 held_pnl=-24.3%)
  · rsi_mean_reversion: sign-flip (+51.94→-5.88) (train=+51.94 held_pnl=-39.3%)
  · bollinger_breakout: sign-flip (+12.71→-2.64) (train=+12.71 held_pnl=-13.7%)
  · bollinger_mr: sign-flip (+11.92→-0.81) (train=+11.92 held_pnl=-2.5%)
  · macd_momentum: train_fail s=-999.00 (train=+nan held_pnl=+0.0%)
  · atr_squeeze_breakout: sign-flip (+30.83→-9.42) (train=+30.83 held_pnl=-41.0%)
  · momentum_n_consec: sign-flip (+13.64→-6.47) (train=+13.64 held_pnl=-29.4%)
  · volume_breakout: sign-flip (+8.53→-4.20) (train=+8.53 held_pnl=-16.1%)
  · ema_crossover: sign-flip (+8.74→-3.69) (train=+8.74 held_pnl=-17.2%)
  · price_channel_with_atr: sign-flip (+12.24→-6.26) (train=+12.24 held_pnl=-25.9%)

  Sweep #604 PASS candidates: 0


========== SWEEP #605 (seed=647) ==========

  · donchian_raw: sign-flip (+11.81→-1.61) (train=+11.81 held_pnl=-5.6%)
  · rsi_mean_reversion: sign-flip (+6.42→-4.71) (train=+6.42 held_pnl=-20.5%)
  · bollinger_breakout: sign-flip (+13.47→-2.82) (train=+13.47 held_pnl=-14.9%)
  · bollinger_mr: sign-flip (+9.69→-2.19) (train=+9.69 held_pnl=-9.6%)
  · macd_momentum: train_fail s=-999.00 (train=+nan held_pnl=+0.0%)
  · atr_squeeze_breakout: sign-flip (+27.36→-7.14) (train=+27.36 held_pnl=-22.2%)
  · momentum_n_consec: sign-flip (+10.35→-5.14) (train=+10.35 held_pnl=-26.3%)
  · volume_breakout: sign-flip (+9.64→-3.85) (train=+9.64 held_pnl=-15.7%)
  · ema_crossover: sign-flip (+8.78→-3.37) (train=+8.78 held_pnl=-15.2%)
  · price_channel_with_atr: sign-flip (+8.93→-4.94) (train=+8.93 held_pnl=-25.5%)

  Sweep #605 PASS candidates: 0


========== SWEEP #606 (seed=648) ==========

  · donchian_raw: sign-flip (+11.55→-5.63) (train=+11.55 held_pnl=-24.1%)
  · rsi_mean_reversion: sign-flip (+5.42→-0.83) (train=+5.42 held_pnl=-6.0%)
  · bollinger_breakout: sign-flip (+14.86→-4.58) (train=+14.86 held_pnl=-16.7%)
  · bollinger_mr: sign-flip (+8.00→-2.84) (train=+8.00 held_pnl=-11.0%)
  · macd_momentum: train_fail s=-999.00 (train=+nan held_pnl=+0.0%)
  · atr_squeeze_breakout: sign-flip (+31.18→-9.62) (train=+31.18 held_pnl=-34.4%)
  · momentum_n_consec: PnL fail (+1.8% < 10.0%) (train=+9.66 held_pnl=+1.8%)
  · volume_breakout: sign-flip (+9.70→-4.65) (train=+9.70 held_pnl=-18.3%)
  · ema_crossover: sign-flip (+8.37→-4.30) (train=+8.37 held_pnl=-25.2%)
  · price_channel_with_atr: sign-flip (+11.04→-6.25) (train=+11.04 held_pnl=-26.6%)

  Sweep #606 PASS candidates: 0


========== SWEEP #607 (seed=649) ==========

  · donchian_raw: sign-flip (+12.17→-6.24) (train=+12.17 held_pnl=-26.1%)
  · rsi_mean_reversion: sign-flip (+4.71→-3.25) (train=+4.71 held_pnl=-32.5%)
  · bollinger_breakout: sign-flip (+14.77→-5.37) (train=+14.77 held_pnl=-19.4%)
  · bollinger_mr: sign-flip (+10.98→-5.76) (train=+10.98 held_pnl=-16.4%)
  · macd_momentum: train_fail s=-999.00 (train=+nan held_pnl=+0.0%)
  · atr_squeeze_breakout: sign-flip (+29.73→-9.79) (train=+29.73 held_pnl=-43.1%)
  · momentum_n_consec: sign-flip (+13.76→-6.80) (train=+13.76 held_pnl=-30.2%)
  · volume_breakout: PnL fail (+7.4% < 10.0%) (train=+8.67 held_pnl=+7.4%)
  · ema_crossover: sign-flip (+8.18→-3.11) (train=+8.18 held_pnl=-12.5%)
  · price_channel_with_atr: sign-flip (+9.28→-4.32) (train=+9.28 held_pnl=-17.8%)

  Sweep #607 PASS candidates: 0


========== SWEEP #608 (seed=650) ==========

  · donchian_raw: sign-flip (+10.30→-3.69) (train=+10.30 held_pnl=-14.1%)
  · rsi_mean_reversion: sign-flip (+60.91→-6.31) (train=+60.91 held_pnl=-34.9%)
  · bollinger_breakout: sign-flip (+14.45→-2.60) (train=+14.45 held_pnl=-13.4%)
  · bollinger_mr: sign-flip (+7.84→-1.85) (train=+7.84 held_pnl=-7.8%)
  · macd_momentum: train_fail s=-999.00 (train=+nan held_pnl=+0.0%)
  · atr_squeeze_breakout: sign-flip (+29.37→-9.97) (train=+29.37 held_pnl=-41.6%)
  · momentum_n_consec: sign-flip (+12.88→-6.39) (train=+12.88 held_pnl=-32.2%)
  · volume_breakout: sign-flip (+9.32→-0.59) (train=+9.32 held_pnl=-1.5%)
  · ema_crossover: sign-flip (+8.78→-3.37) (train=+8.78 held_pnl=-15.2%)
  · price_channel_with_atr: sign-flip (+8.32→-2.33) (train=+8.32 held_pnl=-10.6%)

  Sweep #608 PASS candidates: 0


========== SWEEP #609 (seed=651) ==========

  · donchian_raw: sign-flip (+11.02→-3.77) (train=+11.02 held_pnl=-14.2%)
  · rsi_mean_reversion: sign-flip (+34.48→-6.55) (train=+34.48 held_pnl=-41.3%)
  · bollinger_breakout: sign-flip (+15.16→-2.47) (train=+15.16 held_pnl=-13.0%)
  · bollinger_mr: sign-flip (+8.73→-3.97) (train=+8.73 held_pnl=-19.4%)
  · macd_momentum: train_fail s=-999.00 (train=+nan held_pnl=+0.0%)
  · atr_squeeze_breakout: sign-flip (+30.14→-10.58) (train=+30.14 held_pnl=-17.8%)
  · momentum_n_consec: PnL fail (+2.9% < 10.0%) (train=+8.04 held_pnl=+2.9%)
  · volume_breakout: sign-flip (+8.43→-1.56) (train=+8.43 held_pnl=-4.5%)
  · ema_crossover: sign-flip (+9.02→-4.74) (train=+9.02 held_pnl=-21.1%)
  · price_channel_with_atr: sign-flip (+9.39→-0.64) (train=+9.39 held_pnl=-2.1%)

  Sweep #609 PASS candidates: 0


========== SWEEP #610 (seed=652) ==========

  · donchian_raw: sign-flip (+11.77→-3.10) (train=+11.77 held_pnl=-11.2%)
  · rsi_mean_reversion: sign-flip (+32.11→-4.12) (train=+32.11 held_pnl=-23.5%)
  · bollinger_breakout: sign-flip (+15.81→-2.46) (train=+15.81 held_pnl=-12.9%)
  · bollinger_mr: sign-flip (+10.74→-0.16) (train=+10.74 held_pnl=-0.5%)
  · macd_momentum: train_fail s=-999.00 (train=+nan held_pnl=+0.0%)
  · atr_squeeze_breakout: sign-flip (+31.07→-13.55) (train=+31.07 held_pnl=-23.2%)
  · momentum_n_consec: sign-flip (+13.13→-6.47) (train=+13.13 held_pnl=-29.7%)
  · volume_breakout: PnL fail (+1.8% < 10.0%) (train=+10.22 held_pnl=+1.8%)
  · ema_crossover: sign-flip (+9.02→-4.74) (train=+9.02 held_pnl=-21.1%)
  · price_channel_with_atr: sign-flip (+8.24→-1.40) (train=+8.24 held_pnl=-6.4%)

  Sweep #610 PASS candidates: 0


=== FINAL (393.0s, 610000 trials, 610/100 sweeps) ===
PASS count: 9 в sweeps [514, 531, 541, 547, 548, 562, 574, 578, 603]
All PASS rows: grep '★ PASS' results.tsv | grep P6v6s
