timestamp,balance
2023-12-31 20:00:00,10000.0
2023-12-31 21:00:00,10000.0
2023-12-31 22:00:00,10000.0
2023-12-31 23:00:00,10000.0
2024-01-01 00:00:00,10000.0
2024-01-01 01:00:00,10000.0
2024-01-01 02:00:00,10000.0
2024-01-01 03:00:00,10000.0
2024-01-01 04:00:00,10000.0
2024-01-01 05:00:00,10000.0
2024-01-01 06:00:00,10000.0
2024-01-01 07:00:00,10000.0
2024-01-01 08:00:00,10000.0
2024-01-01 09:00:00,10000.0
2024-01-01 10:00:00,10000.0
2024-01-01 11:00:00,10000.0
2024-01-01 12:00:00,9996.302224020836
2024-01-01 13:00:00,10000.233244551164
2024-01-01 14:00:00,9994.186871400734
2024-01-01 15:00:00,10004.184751340958
2024-01-01 16:00:00,10000.79573870388
2024-01-01 17:00:00,10005.920230178423
2024-01-01 18:00:00,10023.38622967589
2024-01-01 19:00:00,10047.202384285558
2024-01-01 20:00:00,10057.145243986077
2024-01-01 21:00:00,10053.127010522601
2024-01-01 22:00:00,10047.901258394137
2024-01-01 23:00:00,10085.924926603067
2024-01-02 00:00:00,10084.602127947812
2024-01-02 01:00:00,10084.602127947812
2024-01-02 02:00:00,10084.602127947812
2024-01-02 03:00:00,10084.602127947812
2024-01-02 04:00:00,10084.602127947812
2024-01-02 05:00:00,10084.602127947812
2024-01-02 06:00:00,10084.602127947812
2024-01-02 07:00:00,10084.602127947812
2024-01-02 08:00:00,10084.602127947812
2024-01-02 09:00:00,10084.602127947812
2024-01-02 10:00:00,10084.602127947812
2024-01-02 11:00:00,10084.602127947812
2024-01-02 12:00:00,10084.602127947812
2024-01-02 13:00:00,10084.602127947812
2024-01-02 14:00:00,10084.602127947812
2024-01-02 15:00:00,10084.602127947812
2024-01-02 16:00:00,10084.602127947812
2024-01-02 17:00:00,10084.602127947812
2024-01-02 18:00:00,10084.602127947812
2024-01-02 19:00:00,10084.602127947812
2024-01-02 20:00:00,10084.602127947812
2024-01-02 21:00:00,10084.602127947812
2024-01-02 22:00:00,10084.602127947812
2024-01-02 23:00:00,10084.602127947812
2024-01-03 00:00:00,10084.602127947812
2024-01-03 01:00:00,10084.602127947812
2024-01-03 02:00:00,10084.602127947812
2024-01-03 03:00:00,10084.602127947812
2024-01-03 04:00:00,10084.602127947812
2024-01-03 05:00:00,10084.602127947812
2024-01-03 06:00:00,10084.602127947812
2024-01-03 07:00:00,10084.602127947812
2024-01-03 08:00:00,10084.602127947812
2024-01-03 09:00:00,10084.602127947812
2024-01-03 10:00:00,10084.602127947812
2024-01-03 11:00:00,10084.602127947812
2024-01-03 12:00:00,10084.602127947812
2024-01-03 13:00:00,10084.602127947812
2024-01-03 14:00:00,10084.602127947812
2024-01-03 15:00:00,10084.602127947812
2024-01-03 16:00:00,10084.602127947812
2024-01-03 17:00:00,10084.602127947812
2024-01-03 18:00:00,10084.602127947812
2024-01-03 19:00:00,10084.602127947812
2024-01-03 20:00:00,10084.602127947812
2024-01-03 21:00:00,10084.602127947812
2024-01-03 22:00:00,10084.602127947812
2024-01-03 23:00:00,10084.602127947812
2024-01-04 00:00:00,10084.602127947812
2024-01-04 01:00:00,10084.602127947812
2024-01-04 02:00:00,10084.602127947812
2024-01-04 03:00:00,10084.602127947812
2024-01-04 04:00:00,10084.602127947812
2024-01-04 05:00:00,10084.602127947812
2024-01-04 06:00:00,10084.602127947812
2024-01-04 07:00:00,10084.602127947812
2024-01-04 08:00:00,10084.602127947812
2024-01-04 09:00:00,10084.602127947812
2024-01-04 10:00:00,10084.602127947812
2024-01-04 11:00:00,10084.602127947812
2024-01-04 12:00:00,10084.602127947812
2024-01-04 13:00:00,10084.602127947812
2024-01-04 14:00:00,10084.602127947812
2024-01-04 15:00:00,10084.602127947812
2024-01-04 16:00:00,10084.602127947812
2024-01-04 17:00:00,10084.602127947812
2024-01-04 18:00:00,10086.719030036076
2024-01-04 19:00:00,10081.421475399071
2024-01-04 20:00:00,10090.426401750037
2024-01-04 21:00:00,10108.595501877258
2024-01-04 22:00:00,10102.130514676432
2024-01-04 23:00:00,10092.569940834344
2024-01-05 00:00:00,10096.00693562479
2024-01-05 01:00:00,10017.340339854962
2024-01-05 02:00:00,10017.340339854962
2024-01-05 03:00:00,10017.340339854962
2024-01-05 04:00:00,10017.340339854962
2024-01-05 05:00:00,10017.340339854962
2024-01-05 06:00:00,10017.340339854962
2024-01-05 07:00:00,10017.340339854962
2024-01-05 08:00:00,10017.340339854962
2024-01-05 09:00:00,10017.340339854962
2024-01-05 10:00:00,10017.340339854962
2024-01-05 11:00:00,10017.340339854962
2024-01-05 12:00:00,10017.340339854962
2024-01-05 13:00:00,10017.340339854962
2024-01-05 14:00:00,10017.340339854962
2024-01-05 15:00:00,10017.340339854962
2024-01-05 16:00:00,10017.340339854962
2024-01-05 17:00:00,10017.340339854962
2024-01-05 18:00:00,10017.340339854962
2024-01-05 19:00:00,10017.340339854962
2024-01-05 20:00:00,10017.340339854962
2024-01-05 21:00:00,10017.340339854962
2024-01-05 22:00:00,10017.340339854962
2024-01-05 23:00:00,10017.340339854962
2024-01-06 00:00:00,10017.340339854962
2024-01-06 01:00:00,10017.340339854962
2024-01-06 02:00:00,10017.340339854962
2024-01-06 03:00:00,10017.340339854962
2024-01-06 04:00:00,10017.340339854962
2024-01-06 05:00:00,10017.340339854962
2024-01-06 06:00:00,10017.340339854962
2024-01-06 07:00:00,10017.340339854962
2024-01-06 08:00:00,10017.340339854962
2024-01-06 09:00:00,10017.340339854962
2024-01-06 10:00:00,10017.340339854962
2024-01-06 11:00:00,10017.340339854962
2024-01-06 12:00:00,10017.340339854962
2024-01-06 13:00:00,10017.340339854962
2024-01-06 14:00:00,10017.340339854962
2024-01-06 15:00:00,10017.340339854962
2024-01-06 16:00:00,10017.340339854962
2024-01-06 17:00:00,10017.340339854962
2024-01-06 18:00:00,10017.340339854962
2024-01-06 19:00:00,10017.340339854962
2024-01-06 20:00:00,10017.340339854962
2024-01-06 21:00:00,10017.340339854962
2024-01-06 22:00:00,10017.340339854962
2024-01-06 23:00:00,10017.340339854962
2024-01-07 00:00:00,10017.340339854962
2024-01-07 01:00:00,10017.340339854962
2024-01-07 02:00:00,10017.340339854962
2024-01-07 03:00:00,10017.340339854962
2024-01-07 04:00:00,10017.340339854962
2024-01-07 05:00:00,10017.340339854962
2024-01-07 06:00:00,10017.340339854962
2024-01-07 07:00:00,10017.340339854962
2024-01-07 08:00:00,10017.340339854962
2024-01-07 09:00:00,10017.340339854962
2024-01-07 10:00:00,10017.340339854962
2024-01-07 11:00:00,10017.340339854962
2024-01-07 12:00:00,10017.340339854962
2024-01-07 13:00:00,10017.340339854962
2024-01-07 14:00:00,10017.340339854962
2024-01-07 15:00:00,10017.340339854962
2024-01-07 16:00:00,10017.340339854962
2024-01-07 17:00:00,10017.340339854962
2024-01-07 18:00:00,10017.340339854962
2024-01-07 19:00:00,10017.340339854962
2024-01-07 20:00:00,10017.340339854962
2024-01-07 21:00:00,10017.340339854962
2024-01-07 22:00:00,10017.340339854962
2024-01-07 23:00:00,10017.340339854962
2024-01-08 00:00:00,10017.340339854962
2024-01-08 01:00:00,10017.340339854962
2024-01-08 02:00:00,10017.340339854962
2024-01-08 03:00:00,10017.340339854962
2024-01-08 04:00:00,10017.340339854962
2024-01-08 05:00:00,10017.340339854962
2024-01-08 06:00:00,10017.340339854962
2024-01-08 07:00:00,10017.340339854962
2024-01-08 08:00:00,10010.054013935507
2024-01-08 09:00:00,10001.62569391312
2024-01-08 10:00:00,10022.59488965194
2024-01-08 11:00:00,10053.738747401983
2024-01-08 12:00:00,10080.782002907055
2024-01-08 13:00:00,10069.42565707288
2024-01-08 14:00:00,10062.158529246459
2024-01-08 15:00:00,10072.35482130839
2024-01-08 16:00:00,10071.060433537004
2024-01-08 17:00:00,10111.343556923533
2024-01-08 18:00:00,10151.72075339234
2024-01-08 19:00:00,10151.72075339234
2024-01-08 20:00:00,10151.72075339234
2024-01-08 21:00:00,10151.72075339234
2024-01-08 22:00:00,10151.72075339234
2024-01-08 23:00:00,10151.72075339234
2024-01-09 00:00:00,10151.72075339234
2024-01-09 01:00:00,10151.72075339234
2024-01-09 02:00:00,10151.72075339234
2024-01-09 03:00:00,10151.72075339234
2024-01-09 04:00:00,10151.72075339234
2024-01-09 05:00:00,10151.72075339234
2024-01-09 06:00:00,10151.72075339234
2024-01-09 07:00:00,10151.72075339234
2024-01-09 08:00:00,10151.72075339234
2024-01-09 09:00:00,10151.72075339234
2024-01-09 10:00:00,10151.72075339234
2024-01-09 11:00:00,10151.72075339234
2024-01-09 12:00:00,10151.72075339234
2024-01-09 13:00:00,10151.72075339234
2024-01-09 14:00:00,10151.72075339234
2024-01-09 15:00:00,10151.72075339234
2024-01-09 16:00:00,10151.72075339234
2024-01-09 17:00:00,10151.72075339234
2024-01-09 18:00:00,10151.72075339234
2024-01-09 19:00:00,10151.72075339234
2024-01-09 20:00:00,10151.72075339234
2024-01-09 21:00:00,10151.72075339234
2024-01-09 22:00:00,10151.72075339234
2024-01-09 23:00:00,10151.72075339234
2024-01-10 00:00:00,10151.72075339234
2024-01-10 01:00:00,10151.72075339234
2024-01-10 02:00:00,10151.72075339234
2024-01-10 03:00:00,10151.72075339234
2024-01-10 04:00:00,10151.72075339234
2024-01-10 05:00:00,10151.72075339234
2024-01-10 06:00:00,10151.72075339234
2024-01-10 07:00:00,10151.72075339234
2024-01-10 08:00:00,10151.72075339234
2024-01-10 09:00:00,10151.72075339234
2024-01-10 10:00:00,10151.72075339234
2024-01-10 11:00:00,10151.72075339234
2024-01-10 12:00:00,10151.72075339234
2024-01-10 13:00:00,10151.72075339234
2024-01-10 14:00:00,10151.72075339234
2024-01-10 15:00:00,10151.72075339234
2024-01-10 16:00:00,10151.72075339234
2024-01-10 17:00:00,10151.72075339234
2024-01-10 18:00:00,10151.72075339234
2024-01-10 19:00:00,10151.72075339234
2024-01-10 20:00:00,10151.72075339234
2024-01-10 21:00:00,10151.72075339234
2024-01-10 22:00:00,10151.72075339234
2024-01-10 23:00:00,10151.72075339234
2024-01-11 00:00:00,10151.72075339234
2024-01-11 01:00:00,10151.72075339234
2024-01-11 02:00:00,10151.72075339234
2024-01-11 03:00:00,10151.72075339234
2024-01-11 04:00:00,10151.72075339234
2024-01-11 05:00:00,10151.72075339234
2024-01-11 06:00:00,10151.72075339234
2024-01-11 07:00:00,10151.72075339234
2024-01-11 08:00:00,10151.72075339234
2024-01-11 09:00:00,10151.72075339234
2024-01-11 10:00:00,10151.72075339234
2024-01-11 11:00:00,10151.72075339234
2024-01-11 12:00:00,10151.72075339234
2024-01-11 13:00:00,10151.72075339234
2024-01-11 14:00:00,10151.72075339234
2024-01-11 15:00:00,10151.72075339234
2024-01-11 16:00:00,10151.72075339234
2024-01-11 17:00:00,10151.72075339234
2024-01-11 18:00:00,10151.72075339234
2024-01-11 19:00:00,10151.72075339234
2024-01-11 20:00:00,10151.72075339234
2024-01-11 21:00:00,10151.72075339234
2024-01-11 22:00:00,10151.72075339234
2024-01-11 23:00:00,10151.72075339234
2024-01-12 00:00:00,10151.72075339234
2024-01-12 01:00:00,10151.72075339234
2024-01-12 02:00:00,10151.72075339234
2024-01-12 03:00:00,10151.72075339234
2024-01-12 04:00:00,10151.72075339234
2024-01-12 05:00:00,10151.72075339234
2024-01-12 06:00:00,10151.72075339234
2024-01-12 07:00:00,10151.72075339234
2024-01-12 08:00:00,10151.72075339234
2024-01-12 09:00:00,10151.72075339234
2024-01-12 10:00:00,10151.72075339234
2024-01-12 11:00:00,10151.72075339234
2024-01-12 12:00:00,10151.72075339234
2024-01-12 13:00:00,10151.72075339234
2024-01-12 14:00:00,10151.72075339234
2024-01-12 15:00:00,10151.72075339234
2024-01-12 16:00:00,10151.72075339234
2024-01-12 17:00:00,10151.72075339234
2024-01-12 18:00:00,10151.72075339234
2024-01-12 19:00:00,10151.72075339234
2024-01-12 20:00:00,10151.72075339234
2024-01-12 21:00:00,10151.72075339234
2024-01-12 22:00:00,10151.72075339234
2024-01-12 23:00:00,10151.72075339234
2024-01-13 00:00:00,10151.72075339234
2024-01-13 01:00:00,10151.72075339234
2024-01-13 02:00:00,10151.72075339234
2024-01-13 03:00:00,10151.72075339234
2024-01-13 04:00:00,10151.72075339234
2024-01-13 05:00:00,10151.72075339234
2024-01-13 06:00:00,10151.72075339234
2024-01-13 07:00:00,10151.72075339234
2024-01-13 08:00:00,10151.72075339234
2024-01-13 09:00:00,10151.72075339234
2024-01-13 10:00:00,10151.72075339234
2024-01-13 11:00:00,10151.72075339234
2024-01-13 12:00:00,10151.72075339234
2024-01-13 13:00:00,10151.72075339234
2024-01-13 14:00:00,10151.72075339234
2024-01-13 15:00:00,10151.72075339234
2024-01-13 16:00:00,10151.72075339234
2024-01-13 17:00:00,10151.72075339234
2024-01-13 18:00:00,10151.72075339234
2024-01-13 19:00:00,10151.72075339234
2024-01-13 20:00:00,10151.72075339234
2024-01-13 21:00:00,10151.72075339234
2024-01-13 22:00:00,10151.72075339234
2024-01-13 23:00:00,10151.72075339234
2024-01-14 00:00:00,10151.72075339234
2024-01-14 01:00:00,10151.72075339234
2024-01-14 02:00:00,10151.72075339234
2024-01-14 03:00:00,10151.72075339234
2024-01-14 04:00:00,10151.72075339234
2024-01-14 05:00:00,10151.72075339234
2024-01-14 06:00:00,10151.72075339234
2024-01-14 07:00:00,10151.72075339234
2024-01-14 08:00:00,10151.72075339234
2024-01-14 09:00:00,10151.72075339234
2024-01-14 10:00:00,10151.72075339234
2024-01-14 11:00:00,10151.72075339234
2024-01-14 12:00:00,10151.72075339234
2024-01-14 13:00:00,10151.72075339234
2024-01-14 14:00:00,10151.72075339234
2024-01-14 15:00:00,10151.72075339234
2024-01-14 16:00:00,10151.72075339234
2024-01-14 17:00:00,10151.72075339234
2024-01-14 18:00:00,10151.72075339234
2024-01-14 19:00:00,10151.72075339234
2024-01-14 20:00:00,10151.72075339234
2024-01-14 21:00:00,10151.72075339234
2024-01-14 22:00:00,10151.72075339234
2024-01-14 23:00:00,10151.72075339234
2024-01-15 00:00:00,10151.72075339234
2024-01-15 01:00:00,10151.72075339234
2024-01-15 02:00:00,10151.72075339234
2024-01-15 03:00:00,10151.72075339234
2024-01-15 04:00:00,10151.72075339234
2024-01-15 05:00:00,10151.72075339234
2024-01-15 06:00:00,10151.72075339234
2024-01-15 07:00:00,10151.72075339234
2024-01-15 08:00:00,10151.72075339234
2024-01-15 09:00:00,10151.72075339234
2024-01-15 10:00:00,10151.72075339234
2024-01-15 11:00:00,10151.72075339234
2024-01-15 12:00:00,10151.72075339234
2024-01-15 13:00:00,10151.72075339234
2024-01-15 14:00:00,10151.72075339234
2024-01-15 15:00:00,10151.72075339234
2024-01-15 16:00:00,10151.72075339234
2024-01-15 17:00:00,10151.72075339234
2024-01-15 18:00:00,10151.72075339234
2024-01-15 19:00:00,10151.72075339234
2024-01-15 20:00:00,10151.72075339234
2024-01-15 21:00:00,10151.72075339234
2024-01-15 22:00:00,10151.72075339234
2024-01-15 23:00:00,10151.72075339234
2024-01-16 00:00:00,10151.72075339234
2024-01-16 01:00:00,10151.72075339234
2024-01-16 02:00:00,10151.72075339234
2024-01-16 03:00:00,10151.72075339234
2024-01-16 04:00:00,10151.72075339234
2024-01-16 05:00:00,10151.72075339234
2024-01-16 06:00:00,10151.72075339234
2024-01-16 07:00:00,10151.72075339234
2024-01-16 08:00:00,10151.72075339234
2024-01-16 09:00:00,10151.72075339234
2024-01-16 10:00:00,10151.72075339234
2024-01-16 11:00:00,10151.72075339234
2024-01-16 12:00:00,10151.72075339234
2024-01-16 13:00:00,10151.72075339234
2024-01-16 14:00:00,10151.72075339234
2024-01-16 15:00:00,10151.72075339234
2024-01-16 16:00:00,10151.72075339234
2024-01-16 17:00:00,10151.72075339234
2024-01-16 18:00:00,10151.72075339234
2024-01-16 19:00:00,10151.72075339234
2024-01-16 20:00:00,10151.72075339234
2024-01-16 21:00:00,10151.72075339234
2024-01-16 22:00:00,10151.72075339234
2024-01-16 23:00:00,10151.72075339234
2024-01-17 00:00:00,10151.72075339234
2024-01-17 01:00:00,10151.72075339234
2024-01-17 02:00:00,10151.72075339234
2024-01-17 03:00:00,10151.72075339234
2024-01-17 04:00:00,10151.72075339234
2024-01-17 05:00:00,10151.72075339234
2024-01-17 06:00:00,10151.72075339234
2024-01-17 07:00:00,10151.72075339234
2024-01-17 08:00:00,10151.72075339234
2024-01-17 09:00:00,10151.72075339234
2024-01-17 10:00:00,10151.72075339234
2024-01-17 11:00:00,10151.72075339234
2024-01-17 12:00:00,10151.72075339234
2024-01-17 13:00:00,10151.72075339234
2024-01-17 14:00:00,10151.72075339234
2024-01-17 15:00:00,10151.72075339234
2024-01-17 16:00:00,10151.72075339234
2024-01-17 17:00:00,10151.72075339234
2024-01-17 18:00:00,10151.72075339234
2024-01-17 19:00:00,10151.72075339234
2024-01-17 20:00:00,10151.72075339234
2024-01-17 21:00:00,10151.72075339234
2024-01-17 22:00:00,10151.72075339234
2024-01-17 23:00:00,10151.72075339234
2024-01-18 00:00:00,10151.72075339234
2024-01-18 01:00:00,10151.72075339234
2024-01-18 02:00:00,10151.72075339234
2024-01-18 03:00:00,10151.72075339234
2024-01-18 04:00:00,10151.72075339234
2024-01-18 05:00:00,10151.72075339234
2024-01-18 06:00:00,10151.72075339234
2024-01-18 07:00:00,10151.72075339234
2024-01-18 08:00:00,10151.72075339234
2024-01-18 09:00:00,10151.72075339234
2024-01-18 10:00:00,10151.72075339234
2024-01-18 11:00:00,10151.72075339234
2024-01-18 12:00:00,10151.72075339234
2024-01-18 13:00:00,10151.72075339234
2024-01-18 14:00:00,10151.72075339234
2024-01-18 15:00:00,10151.72075339234
2024-01-18 16:00:00,10151.72075339234
2024-01-18 17:00:00,10151.72075339234
2024-01-18 18:00:00,10151.72075339234
2024-01-18 19:00:00,10151.72075339234
2024-01-18 20:00:00,10151.72075339234
2024-01-18 21:00:00,10151.72075339234
2024-01-18 22:00:00,10151.72075339234
2024-01-18 23:00:00,10151.72075339234
2024-01-19 00:00:00,10151.72075339234
2024-01-19 01:00:00,10151.72075339234
2024-01-19 02:00:00,10151.72075339234
2024-01-19 03:00:00,10151.72075339234
2024-01-19 04:00:00,10151.72075339234
2024-01-19 05:00:00,10151.72075339234
2024-01-19 06:00:00,10151.72075339234
2024-01-19 07:00:00,10151.72075339234
2024-01-19 08:00:00,10151.72075339234
2024-01-19 09:00:00,10151.72075339234
2024-01-19 10:00:00,10151.72075339234
2024-01-19 11:00:00,10151.72075339234
2024-01-19 12:00:00,10151.72075339234
2024-01-19 13:00:00,10151.72075339234
2024-01-19 14:00:00,10151.72075339234
2024-01-19 15:00:00,10151.72075339234
2024-01-19 16:00:00,10151.72075339234
2024-01-19 17:00:00,10151.72075339234
2024-01-19 18:00:00,10151.72075339234
2024-01-19 19:00:00,10151.72075339234
2024-01-19 20:00:00,10151.72075339234
2024-01-19 21:00:00,10151.72075339234
2024-01-19 22:00:00,10151.72075339234
2024-01-19 23:00:00,10151.72075339234
2024-01-20 00:00:00,10151.72075339234
2024-01-20 01:00:00,10151.72075339234
2024-01-20 02:00:00,10151.72075339234
2024-01-20 03:00:00,10151.72075339234
2024-01-20 04:00:00,10151.72075339234
2024-01-20 05:00:00,10151.72075339234
2024-01-20 06:00:00,10151.72075339234
2024-01-20 07:00:00,10151.72075339234
2024-01-20 08:00:00,10151.72075339234
2024-01-20 09:00:00,10151.72075339234
2024-01-20 10:00:00,10151.72075339234
2024-01-20 11:00:00,10151.72075339234
2024-01-20 12:00:00,10151.72075339234
2024-01-20 13:00:00,10151.72075339234
2024-01-20 14:00:00,10151.72075339234
2024-01-20 15:00:00,10151.72075339234
2024-01-20 16:00:00,10151.72075339234
2024-01-20 17:00:00,10151.72075339234
2024-01-20 18:00:00,10151.72075339234
2024-01-20 19:00:00,10151.72075339234
2024-01-20 20:00:00,10151.72075339234
2024-01-20 21:00:00,10151.72075339234
2024-01-20 22:00:00,10151.72075339234
2024-01-20 23:00:00,10151.72075339234
2024-01-21 00:00:00,10151.72075339234
2024-01-21 01:00:00,10151.72075339234
2024-01-21 02:00:00,10151.72075339234
2024-01-21 03:00:00,10151.72075339234
2024-01-21 04:00:00,10151.72075339234
2024-01-21 05:00:00,10151.72075339234
2024-01-21 06:00:00,10151.72075339234
2024-01-21 07:00:00,10151.72075339234
2024-01-21 08:00:00,10151.72075339234
2024-01-21 09:00:00,10151.72075339234
2024-01-21 10:00:00,10151.72075339234
2024-01-21 11:00:00,10151.72075339234
2024-01-21 12:00:00,10151.72075339234
2024-01-21 13:00:00,10151.72075339234
2024-01-21 14:00:00,10151.72075339234
2024-01-21 15:00:00,10151.72075339234
2024-01-21 16:00:00,10151.72075339234
2024-01-21 17:00:00,10151.72075339234
2024-01-21 18:00:00,10151.72075339234
2024-01-21 19:00:00,10151.72075339234
2024-01-21 20:00:00,10151.72075339234
2024-01-21 21:00:00,10151.72075339234
2024-01-21 22:00:00,10151.72075339234
2024-01-21 23:00:00,10151.72075339234
2024-01-22 00:00:00,10151.72075339234
2024-01-22 01:00:00,10151.72075339234
2024-01-22 02:00:00,10151.72075339234
2024-01-22 03:00:00,10151.72075339234
2024-01-22 04:00:00,10151.72075339234
2024-01-22 05:00:00,10151.72075339234
2024-01-22 06:00:00,10151.72075339234
2024-01-22 07:00:00,10151.72075339234
2024-01-22 08:00:00,10151.72075339234
2024-01-22 09:00:00,10151.72075339234
2024-01-22 10:00:00,10151.72075339234
2024-01-22 11:00:00,10151.72075339234
2024-01-22 12:00:00,10151.72075339234
2024-01-22 13:00:00,10151.72075339234
2024-01-22 14:00:00,10151.72075339234
2024-01-22 15:00:00,10151.72075339234
2024-01-22 16:00:00,10151.72075339234
2024-01-22 17:00:00,10151.72075339234
2024-01-22 18:00:00,10151.72075339234
2024-01-22 19:00:00,10151.72075339234
2024-01-22 20:00:00,10151.72075339234
2024-01-22 21:00:00,10151.72075339234
2024-01-22 22:00:00,10151.72075339234
2024-01-22 23:00:00,10151.72075339234
2024-01-23 00:00:00,10151.72075339234
2024-01-23 01:00:00,10151.72075339234
2024-01-23 02:00:00,10151.72075339234
2024-01-23 03:00:00,10151.72075339234
2024-01-23 04:00:00,10151.72075339234
2024-01-23 05:00:00,10151.72075339234
2024-01-23 06:00:00,10151.72075339234
2024-01-23 07:00:00,10151.72075339234
2024-01-23 08:00:00,10151.72075339234
2024-01-23 09:00:00,10151.72075339234
2024-01-23 10:00:00,10151.72075339234
2024-01-23 11:00:00,10151.72075339234
2024-01-23 12:00:00,10151.72075339234
2024-01-23 13:00:00,10151.72075339234
2024-01-23 14:00:00,10151.72075339234
2024-01-23 15:00:00,10151.72075339234
2024-01-23 16:00:00,10151.72075339234
2024-01-23 17:00:00,10151.72075339234
2024-01-23 18:00:00,10151.72075339234
2024-01-23 19:00:00,10151.72075339234
2024-01-23 20:00:00,10151.72075339234
2024-01-23 21:00:00,10151.72075339234
2024-01-23 22:00:00,10151.72075339234
2024-01-23 23:00:00,10151.72075339234
2024-01-24 00:00:00,10151.72075339234
2024-01-24 01:00:00,10151.72075339234
2024-01-24 02:00:00,10151.72075339234
2024-01-24 03:00:00,10151.72075339234
2024-01-24 04:00:00,10151.72075339234
2024-01-24 05:00:00,10151.72075339234
2024-01-24 06:00:00,10151.72075339234
2024-01-24 07:00:00,10151.72075339234
2024-01-24 08:00:00,10151.72075339234
2024-01-24 09:00:00,10151.72075339234
2024-01-24 10:00:00,10151.72075339234
2024-01-24 11:00:00,10151.72075339234
2024-01-24 12:00:00,10151.72075339234
2024-01-24 13:00:00,10151.72075339234
2024-01-24 14:00:00,10151.72075339234
2024-01-24 15:00:00,10151.72075339234
2024-01-24 16:00:00,10151.72075339234
2024-01-24 17:00:00,10151.72075339234
2024-01-24 18:00:00,10151.72075339234
2024-01-24 19:00:00,10151.72075339234
2024-01-24 20:00:00,10151.72075339234
2024-01-24 21:00:00,10151.72075339234
2024-01-24 22:00:00,10151.72075339234
2024-01-24 23:00:00,10151.72075339234
2024-01-25 00:00:00,10151.72075339234
2024-01-25 01:00:00,10151.72075339234
2024-01-25 02:00:00,10151.72075339234
2024-01-25 03:00:00,10151.72075339234
2024-01-25 04:00:00,10151.72075339234
2024-01-25 05:00:00,10151.72075339234
2024-01-25 06:00:00,10151.72075339234
2024-01-25 07:00:00,10151.72075339234
2024-01-25 08:00:00,10151.72075339234
2024-01-25 09:00:00,10151.72075339234
2024-01-25 10:00:00,10151.72075339234
2024-01-25 11:00:00,10151.72075339234
2024-01-25 12:00:00,10151.72075339234
2024-01-25 13:00:00,10151.72075339234
2024-01-25 14:00:00,10151.72075339234
2024-01-25 15:00:00,10151.72075339234
2024-01-25 16:00:00,10151.72075339234
2024-01-25 17:00:00,10151.72075339234
2024-01-25 18:00:00,10151.72075339234
2024-01-25 19:00:00,10151.72075339234
2024-01-25 20:00:00,10151.72075339234
2024-01-25 21:00:00,10151.72075339234
2024-01-25 22:00:00,10151.72075339234
2024-01-25 23:00:00,10151.72075339234
2024-01-26 00:00:00,10151.72075339234
2024-01-26 01:00:00,10151.72075339234
2024-01-26 02:00:00,10151.72075339234
2024-01-26 03:00:00,10151.72075339234
2024-01-26 04:00:00,10151.72075339234
2024-01-26 05:00:00,10151.72075339234
2024-01-26 06:00:00,10151.72075339234
2024-01-26 07:00:00,10151.72075339234
2024-01-26 08:00:00,10151.72075339234
2024-01-26 09:00:00,10151.72075339234
2024-01-26 10:00:00,10151.72075339234
2024-01-26 11:00:00,10151.72075339234
2024-01-26 12:00:00,10151.72075339234
2024-01-26 13:00:00,10151.72075339234
2024-01-26 14:00:00,10151.72075339234
2024-01-26 15:00:00,10151.72075339234
2024-01-26 16:00:00,10151.72075339234
2024-01-26 17:00:00,10151.72075339234
2024-01-26 18:00:00,10151.72075339234
2024-01-26 19:00:00,10151.72075339234
2024-01-26 20:00:00,10151.72075339234
2024-01-26 21:00:00,10151.72075339234
2024-01-26 22:00:00,10151.72075339234
2024-01-26 23:00:00,10151.72075339234
2024-01-27 00:00:00,10151.72075339234
2024-01-27 01:00:00,10151.72075339234
2024-01-27 02:00:00,10151.72075339234
2024-01-27 03:00:00,10151.72075339234
2024-01-27 04:00:00,10151.72075339234
2024-01-27 05:00:00,10151.72075339234
2024-01-27 06:00:00,10151.72075339234
2024-01-27 07:00:00,10151.72075339234
2024-01-27 08:00:00,10151.72075339234
2024-01-27 09:00:00,10151.72075339234
2024-01-27 10:00:00,10151.72075339234
2024-01-27 11:00:00,10151.72075339234
2024-01-27 12:00:00,10151.72075339234
2024-01-27 13:00:00,10151.72075339234
2024-01-27 14:00:00,10151.72075339234
2024-01-27 15:00:00,10151.72075339234
2024-01-27 16:00:00,10151.72075339234
2024-01-27 17:00:00,10151.72075339234
2024-01-27 18:00:00,10151.72075339234
2024-01-27 19:00:00,10151.72075339234
2024-01-27 20:00:00,10151.72075339234
2024-01-27 21:00:00,10151.72075339234
2024-01-27 22:00:00,10151.72075339234
2024-01-27 23:00:00,10151.72075339234
2024-01-28 00:00:00,10151.72075339234
2024-01-28 01:00:00,10151.72075339234
2024-01-28 02:00:00,10151.72075339234
2024-01-28 03:00:00,10151.72075339234
2024-01-28 04:00:00,10151.72075339234
2024-01-28 05:00:00,10151.72075339234
2024-01-28 06:00:00,10151.72075339234
2024-01-28 07:00:00,10151.72075339234
2024-01-28 08:00:00,10151.72075339234
2024-01-28 09:00:00,10151.72075339234
2024-01-28 10:00:00,10151.72075339234
2024-01-28 11:00:00,10151.72075339234
2024-01-28 12:00:00,10151.72075339234
2024-01-28 13:00:00,10151.72075339234
2024-01-28 14:00:00,10151.72075339234
2024-01-28 15:00:00,10151.72075339234
2024-01-28 16:00:00,10151.72075339234
2024-01-28 17:00:00,10151.72075339234
2024-01-28 18:00:00,10151.72075339234
2024-01-28 19:00:00,10151.72075339234
2024-01-28 20:00:00,10151.72075339234
2024-01-28 21:00:00,10151.72075339234
2024-01-28 22:00:00,10151.72075339234
2024-01-28 23:00:00,10151.72075339234
2024-01-29 00:00:00,10151.72075339234
2024-01-29 01:00:00,10151.72075339234
2024-01-29 02:00:00,10151.72075339234
2024-01-29 03:00:00,10151.72075339234
2024-01-29 04:00:00,10151.72075339234
2024-01-29 05:00:00,10151.72075339234
2024-01-29 06:00:00,10151.72075339234
2024-01-29 07:00:00,10151.72075339234
2024-01-29 08:00:00,10151.72075339234
2024-01-29 09:00:00,10151.72075339234
2024-01-29 10:00:00,10151.72075339234
2024-01-29 11:00:00,10151.72075339234
2024-01-29 12:00:00,10151.72075339234
2024-01-29 13:00:00,10151.72075339234
2024-01-29 14:00:00,10151.72075339234
2024-01-29 15:00:00,10151.72075339234
2024-01-29 16:00:00,10151.72075339234
2024-01-29 17:00:00,10151.72075339234
2024-01-29 18:00:00,10151.72075339234
2024-01-29 19:00:00,10151.72075339234
2024-01-29 20:00:00,10151.72075339234
2024-01-29 21:00:00,10151.72075339234
2024-01-29 22:00:00,10151.72075339234
2024-01-29 23:00:00,10151.72075339234
2024-01-30 00:00:00,10151.72075339234
2024-01-30 01:00:00,10151.72075339234
2024-01-30 02:00:00,10151.72075339234
2024-01-30 03:00:00,10151.72075339234
2024-01-30 04:00:00,10151.72075339234
2024-01-30 05:00:00,10151.72075339234
2024-01-30 06:00:00,10151.72075339234
2024-01-30 07:00:00,10151.72075339234
2024-01-30 08:00:00,10151.72075339234
2024-01-30 09:00:00,10151.72075339234
2024-01-30 10:00:00,10151.72075339234
2024-01-30 11:00:00,10151.72075339234
2024-01-30 12:00:00,10151.72075339234
2024-01-30 13:00:00,10151.72075339234
2024-01-30 14:00:00,10151.72075339234
2024-01-30 15:00:00,10151.72075339234
2024-01-30 16:00:00,10151.72075339234
2024-01-30 17:00:00,10151.72075339234
2024-01-30 18:00:00,10151.72075339234
2024-01-30 19:00:00,10151.72075339234
2024-01-30 20:00:00,10151.72075339234
2024-01-30 21:00:00,10151.72075339234
2024-01-30 22:00:00,10151.72075339234
2024-01-30 23:00:00,10151.72075339234
2024-01-31 00:00:00,10151.72075339234
2024-01-31 01:00:00,10151.72075339234
2024-01-31 02:00:00,10151.72075339234
2024-01-31 03:00:00,10151.72075339234
2024-01-31 04:00:00,10151.72075339234
2024-01-31 05:00:00,10151.72075339234
2024-01-31 06:00:00,10151.72075339234
2024-01-31 07:00:00,10151.72075339234
2024-01-31 08:00:00,10151.72075339234
2024-01-31 09:00:00,10151.72075339234
2024-01-31 10:00:00,10151.72075339234
2024-01-31 11:00:00,10151.72075339234
2024-01-31 12:00:00,10151.72075339234
2024-01-31 13:00:00,10151.72075339234
2024-01-31 14:00:00,10151.72075339234
2024-01-31 15:00:00,10151.72075339234
2024-01-31 16:00:00,10151.72075339234
2024-01-31 17:00:00,10151.72075339234
2024-01-31 18:00:00,10151.72075339234
2024-01-31 19:00:00,10151.72075339234
2024-01-31 20:00:00,10151.72075339234
2024-01-31 21:00:00,10151.72075339234
2024-01-31 22:00:00,10151.72075339234
2024-01-31 23:00:00,10151.72075339234
2024-02-01 00:00:00,10151.72075339234
2024-02-01 01:00:00,10151.72075339234
2024-02-01 02:00:00,10151.72075339234
2024-02-01 03:00:00,10151.72075339234
2024-02-01 04:00:00,10151.72075339234
2024-02-01 05:00:00,10151.72075339234
2024-02-01 06:00:00,10151.72075339234
2024-02-01 07:00:00,10151.72075339234
2024-02-01 08:00:00,10151.72075339234
2024-02-01 09:00:00,10151.72075339234
2024-02-01 10:00:00,10151.72075339234
2024-02-01 11:00:00,10151.72075339234
2024-02-01 12:00:00,10151.72075339234
2024-02-01 13:00:00,10151.72075339234
2024-02-01 14:00:00,10151.72075339234
2024-02-01 15:00:00,10151.72075339234
2024-02-01 16:00:00,10151.72075339234
2024-02-01 17:00:00,10151.72075339234
2024-02-01 18:00:00,10145.906121043578
2024-02-01 19:00:00,10167.882964564815
2024-02-01 20:00:00,10155.643467787137
2024-02-01 21:00:00,10160.641858195402
2024-02-01 22:00:00,10150.636803854903
2024-02-01 23:00:00,10159.845826996545
2024-02-02 00:00:00,10165.251392977205
2024-02-02 01:00:00,10162.100953243642
2024-02-02 02:00:00,10159.696312599135
2024-02-02 03:00:00,10157.145703353204
2024-02-02 04:00:00,10152.973483409676
2024-02-02 05:00:00,10161.088628489639
2024-02-02 06:00:00,10164.6952939734
2024-02-02 07:00:00,10160.079258565624
2024-02-02 08:00:00,10155.889309642165
2024-02-02 09:00:00,10153.81620092235
2024-02-02 10:00:00,10162.18250655132
2024-02-02 11:00:00,10163.71488138327
2024-02-02 12:00:00,10162.674781227377
2024-02-02 13:00:00,10136.861386449287
2024-02-02 14:00:00,10143.44120186731
2024-02-02 15:00:00,10169.251050849414
2024-02-02 16:00:00,10167.730495337417
2024-02-02 17:00:00,10152.490073223586
2024-02-02 18:00:00,10150.689990794692
2024-02-02 19:00:00,10158.606571299437
2024-02-02 20:00:00,10152.146131012943
2024-02-02 21:00:00,10154.658918435023
2024-02-02 22:00:00,10166.91673515863
2024-02-02 23:00:00,10166.763674965234
2024-02-03 00:00:00,10168.481613120452
2024-02-03 01:00:00,10168.010613220311
2024-02-03 02:00:00,10166.053333836038
2024-02-03 03:00:00,10165.223617575313
2024-02-03 04:00:00,10166.271400289177
2024-02-03 05:00:00,10164.918679120517
2024-02-03 06:00:00,10160.58157966364
2024-02-03 07:00:00,10158.079429629519
2024-02-03 08:00:00,10155.936586921978
2024-02-03 09:00:00,10160.3889247484
2024-02-03 10:00:00,10158.612480959415
2024-02-03 11:00:00,10154.651235877052
2024-02-03 12:00:00,10159.095891145505
2024-02-03 13:00:00,10159.175080589193
2024-02-03 14:00:00,10157.442368284033
2024-02-03 15:00:00,10161.980396180117
2024-02-03 16:00:00,10160.560895853721
2024-02-03 17:00:00,10168.537163924233
2024-02-03 18:00:00,10159.101800805482
2024-02-03 19:00:00,10158.554566291643
2024-02-03 20:00:00,10158.794498486695
2024-02-03 21:00:00,10157.604883933393
2024-02-03 22:00:00,10156.79466955059
2024-02-03 23:00:00,10155.599736303308
2024-02-04 00:00:00,10155.425992299994
2024-02-04 01:00:00,10157.386817480254
2024-02-04 02:00:00,10156.28289299661
2024-02-04 03:00:00,10156.54941866156
2024-02-04 04:00:00,10150.009788931377
2024-02-04 05:00:00,10148.584378945005
2024-02-04 06:00:00,10139.941501229127
2024-02-04 07:00:00,10145.786154946052
2024-02-04 08:00:00,10142.844326209666
2024-02-04 09:00:00,10151.559892743258
2024-02-04 10:00:00,10151.634945424961
2024-02-04 11:00:00,10158.496060657873
2024-02-04 12:00:00,10154.615777917194
2024-02-04 13:00:00,10154.679602244942
2024-02-04 14:00:00,10147.498183441294
2024-02-04 15:00:00,10151.588259111146
2024-02-04 16:00:00,10149.812406288156
2024-02-04 17:00:00,10149.002191905354
2024-02-04 18:00:00,10142.771046425956
2024-02-04 19:00:00,10133.459195200718
2024-02-04 20:00:00,10147.89885838771
2024-02-04 21:00:00,10141.941330165231
2024-02-04 22:00:00,10129.628553603841
2024-02-04 23:00:00,10130.293981317214
2024-02-05 00:00:00,10117.179263896991
2024-02-05 01:00:00,10127.14945124363
2024-02-05 02:00:00,10122.267481136903
2024-02-05 03:00:00,10138.297433823616
2024-02-05 04:00:00,10140.118791028426
2024-02-05 05:00:00,10141.779996447867
2024-02-05 06:00:00,10144.26678136605
2024-02-05 07:00:00,10159.192218603126
2024-02-05 08:00:00,10156.925864002073
2024-02-05 09:00:00,10157.165796197125
2024-02-05 10:00:00,10163.415261622453
2024-02-05 11:00:00,10166.413823094616
2024-02-05 12:00:00,10170.035262728317
2024-02-05 13:00:00,10181.40012982945
2024-02-05 14:00:00,10166.484739014335
2024-02-05 15:00:00,10133.907738392947
2024-02-05 16:00:00,10139.679112326163
2024-02-05 17:00:00,10138.452857881004
2024-02-05 18:00:00,10139.040869048682
2024-02-05 19:00:00,10141.07792884264
2024-02-05 20:00:00,10121.023497711814
2024-02-05 21:00:00,10118.65904275515
2024-02-05 22:00:00,10125.676173011445
2024-02-05 23:00:00,10137.72951549986
2024-02-06 00:00:00,10131.32580794914
2024-02-06 01:00:00,10135.50807431463
2024-02-06 02:00:00,10146.209286600382
2024-02-06 03:00:00,10146.145462272634
2024-02-06 04:00:00,10144.67218404045
2024-02-06 05:00:00,10142.255133109993
2024-02-06 06:00:00,10141.970287499116
2024-02-06 07:00:00,10148.44372903756
2024-02-06 08:00:00,10159.023202327793
2024-02-06 09:00:00,10154.444988743868
2024-02-06 10:00:00,10143.095486758675
2024-02-06 11:00:00,10144.718279388268
2024-02-06 12:00:00,10142.49624723704
2024-02-06 13:00:00,10147.931361517583
2024-02-06 14:00:00,10151.564029505242
2024-02-06 15:00:00,10169.41652132876
2024-02-06 16:00:00,10164.722478409292
2024-02-06 17:00:00,10165.620746725746
2024-02-06 18:00:00,10166.781994911162
2024-02-06 19:00:00,10171.419305094854
2024-02-06 20:00:00,10160.598126711575
2024-02-06 21:00:00,10164.772710519093
2024-02-06 22:00:00,10166.762493033239
2024-02-06 23:00:00,10160.79196355881
2024-02-07 00:00:00,10160.645403991388
2024-02-07 01:00:00,10157.882046986299
2024-02-07 02:00:00,10157.842452264455
2024-02-07 03:00:00,10143.125035058558
2024-02-07 04:00:00,10150.759133816418
2024-02-07 05:00:00,10156.665247997102
2024-02-07 06:00:00,10152.69395649278
2024-02-07 07:00:00,10150.100206729021
2024-02-07 08:00:00,10151.565802403235
2024-02-07 09:00:00,10163.572458577832
2024-02-07 10:00:00,10148.912956039707
2024-02-07 11:00:00,10150.706537842627
2024-02-07 12:00:00,10159.274953842798
2024-02-07 13:00:00,10163.334890246771
2024-02-07 14:00:00,10156.634517765224
2024-02-07 15:00:00,10159.144941323313
2024-02-07 16:00:00,10169.169497541736
2024-02-07 17:00:00,10184.487336201262
2024-02-07 18:00:00,10193.41387759602
2024-02-07 19:00:00,10191.3165392703
2024-02-07 20:00:00,10221.804475089935
2024-02-07 21:00:00,10225.030558471199
2024-02-07 22:00:00,10223.537187395095
2024-02-07 23:00:00,10234.70112605702
2024-02-08 00:00:00,10253.990847186866
2024-02-08 01:00:00,10252.73327154383
2024-02-08 02:00:00,10252.354462339325
2024-02-08 03:00:00,10246.011624286366
2024-02-08 04:00:00,10242.992379004287
2024-02-08 05:00:00,10246.715464789588
2024-02-08 06:00:00,10241.46118610433
2024-02-08 07:00:00,10244.371693642841
2024-02-08 08:00:00,10256.491815288991
2024-02-08 09:00:00,10254.983670062946
2024-02-08 10:00:00,10262.98889546734
2024-02-08 11:00:00,10255.347705117509
2024-02-08 12:00:00,10254.770331337788
2024-02-08 13:00:00,10272.192008949007
2024-02-08 14:00:00,10277.746498361079
2024-02-08 15:00:00,10298.685014624414
2024-02-08 16:00:00,10277.038521095874
2024-02-08 17:00:00,10275.650932933351
2024-02-08 18:00:00,10291.011912110707
2024-02-08 19:00:00,10289.929262402982
2024-02-08 20:00:00,10297.555373626703
2024-02-08 21:00:00,10297.555373626703
2024-02-08 22:00:00,10297.555373626703
2024-02-08 23:00:00,10297.555373626703
2024-02-09 00:00:00,10297.555373626703
2024-02-09 01:00:00,10297.555373626703
2024-02-09 02:00:00,10297.555373626703
2024-02-09 03:00:00,10297.555373626703
2024-02-09 04:00:00,10297.555373626703
2024-02-09 05:00:00,10297.555373626703
2024-02-09 06:00:00,10297.555373626703
2024-02-09 07:00:00,10297.555373626703
2024-02-09 08:00:00,10297.555373626703
2024-02-09 09:00:00,10297.555373626703
2024-02-09 10:00:00,10297.555373626703
2024-02-09 11:00:00,10297.555373626703
2024-02-09 12:00:00,10297.555373626703
2024-02-09 13:00:00,10297.555373626703
2024-02-09 14:00:00,10297.555373626703
2024-02-09 15:00:00,10297.555373626703
2024-02-09 16:00:00,10297.555373626703
2024-02-09 17:00:00,10297.555373626703
2024-02-09 18:00:00,10297.555373626703
2024-02-09 19:00:00,10297.555373626703
2024-02-09 20:00:00,10297.555373626703
2024-02-09 21:00:00,10297.555373626703
2024-02-09 22:00:00,10297.555373626703
2024-02-09 23:00:00,10297.555373626703
2024-02-10 00:00:00,10297.555373626703
2024-02-10 01:00:00,10297.555373626703
2024-02-10 02:00:00,10297.555373626703
2024-02-10 03:00:00,10297.555373626703
2024-02-10 04:00:00,10297.555373626703
2024-02-10 05:00:00,10297.555373626703
2024-02-10 06:00:00,10297.555373626703
2024-02-10 07:00:00,10297.555373626703
2024-02-10 08:00:00,10297.555373626703
2024-02-10 09:00:00,10297.555373626703
2024-02-10 10:00:00,10297.555373626703
2024-02-10 11:00:00,10297.555373626703
2024-02-10 12:00:00,10297.555373626703
2024-02-10 13:00:00,10297.555373626703
2024-02-10 14:00:00,10297.555373626703
2024-02-10 15:00:00,10297.555373626703
2024-02-10 16:00:00,10297.555373626703
2024-02-10 17:00:00,10297.555373626703
2024-02-10 18:00:00,10297.555373626703
2024-02-10 19:00:00,10297.555373626703
2024-02-10 20:00:00,10297.555373626703
2024-02-10 21:00:00,10297.555373626703
2024-02-10 22:00:00,10297.555373626703
2024-02-10 23:00:00,10297.555373626703
2024-02-11 00:00:00,10297.555373626703
2024-02-11 01:00:00,10297.555373626703
2024-02-11 02:00:00,10297.555373626703
2024-02-11 03:00:00,10297.555373626703
2024-02-11 04:00:00,10297.555373626703
2024-02-11 05:00:00,10297.555373626703
2024-02-11 06:00:00,10297.555373626703
2024-02-11 07:00:00,10297.555373626703
2024-02-11 08:00:00,10297.555373626703
2024-02-11 09:00:00,10297.555373626703
2024-02-11 10:00:00,10297.555373626703
2024-02-11 11:00:00,10297.555373626703
2024-02-11 12:00:00,10297.555373626703
2024-02-11 13:00:00,10297.555373626703
2024-02-11 14:00:00,10297.555373626703
2024-02-11 15:00:00,10297.555373626703
2024-02-11 16:00:00,10297.555373626703
2024-02-11 17:00:00,10297.555373626703
2024-02-11 18:00:00,10297.555373626703
2024-02-11 19:00:00,10297.555373626703
2024-02-11 20:00:00,10297.555373626703
2024-02-11 21:00:00,10297.555373626703
2024-02-11 22:00:00,10297.555373626703
2024-02-11 23:00:00,10297.555373626703
2024-02-12 00:00:00,10297.555373626703
2024-02-12 01:00:00,10297.555373626703
2024-02-12 02:00:00,10297.555373626703
2024-02-12 03:00:00,10297.555373626703
2024-02-12 04:00:00,10297.555373626703
2024-02-12 05:00:00,10297.555373626703
2024-02-12 06:00:00,10297.555373626703
2024-02-12 07:00:00,10297.555373626703
2024-02-12 08:00:00,10297.555373626703
2024-02-12 09:00:00,10297.555373626703
2024-02-12 10:00:00,10297.555373626703
2024-02-12 11:00:00,10297.555373626703
2024-02-12 12:00:00,10297.555373626703
2024-02-12 13:00:00,10297.555373626703
2024-02-12 14:00:00,10297.555373626703
2024-02-12 15:00:00,10297.555373626703
2024-02-12 16:00:00,10297.555373626703
2024-02-12 17:00:00,10297.555373626703
2024-02-12 18:00:00,10297.555373626703
2024-02-12 19:00:00,10297.555373626703
2024-02-12 20:00:00,10297.555373626703
2024-02-12 21:00:00,10297.555373626703
2024-02-12 22:00:00,10297.555373626703
2024-02-12 23:00:00,10297.555373626703
2024-02-13 00:00:00,10297.555373626703
2024-02-13 01:00:00,10297.555373626703
2024-02-13 02:00:00,10297.555373626703
2024-02-13 03:00:00,10297.555373626703
2024-02-13 04:00:00,10297.555373626703
2024-02-13 05:00:00,10297.555373626703
2024-02-13 06:00:00,10297.555373626703
2024-02-13 07:00:00,10297.555373626703
2024-02-13 08:00:00,10297.555373626703
2024-02-13 09:00:00,10297.555373626703
2024-02-13 10:00:00,10297.555373626703
2024-02-13 11:00:00,10297.555373626703
2024-02-13 12:00:00,10297.555373626703
2024-02-13 13:00:00,10297.555373626703
2024-02-13 14:00:00,10297.555373626703
2024-02-13 15:00:00,10297.555373626703
2024-02-13 16:00:00,10297.555373626703
2024-02-13 17:00:00,10297.555373626703
2024-02-13 18:00:00,10297.555373626703
2024-02-13 19:00:00,10297.555373626703
2024-02-13 20:00:00,10297.555373626703
2024-02-13 21:00:00,10297.555373626703
2024-02-13 22:00:00,10297.555373626703
2024-02-13 23:00:00,10297.555373626703
2024-02-14 00:00:00,10297.555373626703
2024-02-14 01:00:00,10297.555373626703
2024-02-14 02:00:00,10297.555373626703
2024-02-14 03:00:00,10297.555373626703
2024-02-14 04:00:00,10297.555373626703
2024-02-14 05:00:00,10297.555373626703
2024-02-14 06:00:00,10297.555373626703
2024-02-14 07:00:00,10297.555373626703
2024-02-14 08:00:00,10297.555373626703
2024-02-14 09:00:00,10297.555373626703
2024-02-14 10:00:00,10297.555373626703
2024-02-14 11:00:00,10297.555373626703
2024-02-14 12:00:00,10297.555373626703
2024-02-14 13:00:00,10297.555373626703
2024-02-14 14:00:00,10297.555373626703
2024-02-14 15:00:00,10297.555373626703
2024-02-14 16:00:00,10297.555373626703
2024-02-14 17:00:00,10297.555373626703
2024-02-14 18:00:00,10297.555373626703
2024-02-14 19:00:00,10297.555373626703
2024-02-14 20:00:00,10297.555373626703
2024-02-14 21:00:00,10297.555373626703
2024-02-14 22:00:00,10297.555373626703
2024-02-14 23:00:00,10297.555373626703
2024-02-15 00:00:00,10297.555373626703
2024-02-15 01:00:00,10297.555373626703
2024-02-15 02:00:00,10297.555373626703
2024-02-15 03:00:00,10297.555373626703
2024-02-15 04:00:00,10297.555373626703
2024-02-15 05:00:00,10297.555373626703
2024-02-15 06:00:00,10297.555373626703
2024-02-15 07:00:00,10297.555373626703
2024-02-15 08:00:00,10297.555373626703
2024-02-15 09:00:00,10297.555373626703
2024-02-15 10:00:00,10297.555373626703
2024-02-15 11:00:00,10297.555373626703
2024-02-15 12:00:00,10297.555373626703
2024-02-15 13:00:00,10297.555373626703
2024-02-15 14:00:00,10297.555373626703
2024-02-15 15:00:00,10297.555373626703
2024-02-15 16:00:00,10297.555373626703
2024-02-15 17:00:00,10297.555373626703
2024-02-15 18:00:00,10297.555373626703
2024-02-15 19:00:00,10297.555373626703
2024-02-15 20:00:00,10297.555373626703
2024-02-15 21:00:00,10297.555373626703
2024-02-15 22:00:00,10297.555373626703
2024-02-15 23:00:00,10297.555373626703
2024-02-16 00:00:00,10297.555373626703
2024-02-16 01:00:00,10297.555373626703
2024-02-16 02:00:00,10297.555373626703
2024-02-16 03:00:00,10297.555373626703
2024-02-16 04:00:00,10297.555373626703
2024-02-16 05:00:00,10297.555373626703
2024-02-16 06:00:00,10297.555373626703
2024-02-16 07:00:00,10297.555373626703
2024-02-16 08:00:00,10297.555373626703
2024-02-16 09:00:00,10297.555373626703
2024-02-16 10:00:00,10297.555373626703
2024-02-16 11:00:00,10297.555373626703
2024-02-16 12:00:00,10297.555373626703
2024-02-16 13:00:00,10297.555373626703
2024-02-16 14:00:00,10297.555373626703
2024-02-16 15:00:00,10297.555373626703
2024-02-16 16:00:00,10297.555373626703
2024-02-16 17:00:00,10297.555373626703
2024-02-16 18:00:00,10297.555373626703
2024-02-16 19:00:00,10297.555373626703
2024-02-16 20:00:00,10297.555373626703
2024-02-16 21:00:00,10297.555373626703
2024-02-16 22:00:00,10297.555373626703
2024-02-16 23:00:00,10297.555373626703
2024-02-17 00:00:00,10297.555373626703
2024-02-17 01:00:00,10297.555373626703
2024-02-17 02:00:00,10297.555373626703
2024-02-17 03:00:00,10297.555373626703
2024-02-17 04:00:00,10297.555373626703
2024-02-17 05:00:00,10297.555373626703
2024-02-17 06:00:00,10297.555373626703
2024-02-17 07:00:00,10297.555373626703
2024-02-17 08:00:00,10297.555373626703
2024-02-17 09:00:00,10297.555373626703
2024-02-17 10:00:00,10297.555373626703
2024-02-17 11:00:00,10297.555373626703
2024-02-17 12:00:00,10297.555373626703
2024-02-17 13:00:00,10297.555373626703
2024-02-17 14:00:00,10297.555373626703
2024-02-17 15:00:00,10297.555373626703
2024-02-17 16:00:00,10297.555373626703
2024-02-17 17:00:00,10297.555373626703
2024-02-17 18:00:00,10297.555373626703
2024-02-17 19:00:00,10297.555373626703
2024-02-17 20:00:00,10297.555373626703
2024-02-17 21:00:00,10297.555373626703
2024-02-17 22:00:00,10297.555373626703
2024-02-17 23:00:00,10297.555373626703
2024-02-18 00:00:00,10297.555373626703
2024-02-18 01:00:00,10297.555373626703
2024-02-18 02:00:00,10297.555373626703
2024-02-18 03:00:00,10297.555373626703
2024-02-18 04:00:00,10297.555373626703
2024-02-18 05:00:00,10297.555373626703
2024-02-18 06:00:00,10297.555373626703
2024-02-18 07:00:00,10297.555373626703
2024-02-18 08:00:00,10297.555373626703
2024-02-18 09:00:00,10297.555373626703
2024-02-18 10:00:00,10297.555373626703
2024-02-18 11:00:00,10297.555373626703
2024-02-18 12:00:00,10297.555373626703
2024-02-18 13:00:00,10297.555373626703
2024-02-18 14:00:00,10297.555373626703
2024-02-18 15:00:00,10297.555373626703
2024-02-18 16:00:00,10297.555373626703
2024-02-18 17:00:00,10297.555373626703
2024-02-18 18:00:00,10297.555373626703
2024-02-18 19:00:00,10297.555373626703
2024-02-18 20:00:00,10297.555373626703
2024-02-18 21:00:00,10297.555373626703
2024-02-18 22:00:00,10297.555373626703
2024-02-18 23:00:00,10297.555373626703
2024-02-19 00:00:00,10297.555373626703
2024-02-19 01:00:00,10297.555373626703
2024-02-19 02:00:00,10297.555373626703
2024-02-19 03:00:00,10297.555373626703
2024-02-19 04:00:00,10297.555373626703
2024-02-19 05:00:00,10297.555373626703
2024-02-19 06:00:00,10297.555373626703
2024-02-19 07:00:00,10297.555373626703
2024-02-19 08:00:00,10297.555373626703
2024-02-19 09:00:00,10297.555373626703
2024-02-19 10:00:00,10297.555373626703
2024-02-19 11:00:00,10297.555373626703
2024-02-19 12:00:00,10297.555373626703
2024-02-19 13:00:00,10297.555373626703
2024-02-19 14:00:00,10297.555373626703
2024-02-19 15:00:00,10297.555373626703
2024-02-19 16:00:00,10297.555373626703
2024-02-19 17:00:00,10297.555373626703
2024-02-19 18:00:00,10297.555373626703
2024-02-19 19:00:00,10297.555373626703
2024-02-19 20:00:00,10297.555373626703
2024-02-19 21:00:00,10297.555373626703
2024-02-19 22:00:00,10297.555373626703
2024-02-19 23:00:00,10297.555373626703
2024-02-20 00:00:00,10297.555373626703
2024-02-20 01:00:00,10297.555373626703
2024-02-20 02:00:00,10297.555373626703
2024-02-20 03:00:00,10297.555373626703
2024-02-20 04:00:00,10297.555373626703
2024-02-20 05:00:00,10297.555373626703
2024-02-20 06:00:00,10297.555373626703
2024-02-20 07:00:00,10297.555373626703
2024-02-20 08:00:00,10297.555373626703
2024-02-20 09:00:00,10297.555373626703
2024-02-20 10:00:00,10297.555373626703
2024-02-20 11:00:00,10297.555373626703
2024-02-20 12:00:00,10297.555373626703
2024-02-20 13:00:00,10297.555373626703
2024-02-20 14:00:00,10297.555373626703
2024-02-20 15:00:00,10297.555373626703
2024-02-20 16:00:00,10297.555373626703
2024-02-20 17:00:00,10297.555373626703
2024-02-20 18:00:00,10297.555373626703
2024-02-20 19:00:00,10297.555373626703
2024-02-20 20:00:00,10297.555373626703
2024-02-20 21:00:00,10297.555373626703
2024-02-20 22:00:00,10297.555373626703
2024-02-20 23:00:00,10297.555373626703
2024-02-21 00:00:00,10297.555373626703
2024-02-21 01:00:00,10297.555373626703
2024-02-21 02:00:00,10297.555373626703
2024-02-21 03:00:00,10297.555373626703
2024-02-21 04:00:00,10297.555373626703
2024-02-21 05:00:00,10297.555373626703
2024-02-21 06:00:00,10297.555373626703
2024-02-21 07:00:00,10297.555373626703
2024-02-21 08:00:00,10297.555373626703
2024-02-21 09:00:00,10297.555373626703
2024-02-21 10:00:00,10297.555373626703
2024-02-21 11:00:00,10297.555373626703
2024-02-21 12:00:00,10297.555373626703
2024-02-21 13:00:00,10297.555373626703
2024-02-21 14:00:00,10297.555373626703
2024-02-21 15:00:00,10297.555373626703
2024-02-21 16:00:00,10297.555373626703
2024-02-21 17:00:00,10297.555373626703
2024-02-21 18:00:00,10297.555373626703
2024-02-21 19:00:00,10297.555373626703
2024-02-21 20:00:00,10297.555373626703
2024-02-21 21:00:00,10297.555373626703
2024-02-21 22:00:00,10297.555373626703
2024-02-21 23:00:00,10297.555373626703
2024-02-22 00:00:00,10297.555373626703
2024-02-22 01:00:00,10297.555373626703
2024-02-22 02:00:00,10297.555373626703
2024-02-22 03:00:00,10297.555373626703
2024-02-22 04:00:00,10297.555373626703
2024-02-22 05:00:00,10297.555373626703
2024-02-22 06:00:00,10297.555373626703
2024-02-22 07:00:00,10297.555373626703
2024-02-22 08:00:00,10297.555373626703
2024-02-22 09:00:00,10299.08498449825
2024-02-22 10:00:00,10286.626232159437
2024-02-22 11:00:00,10283.054333055135
2024-02-22 12:00:00,10278.048814582442
2024-02-22 13:00:00,10247.447546259802
2024-02-22 14:00:00,10247.447546259802
2024-02-22 15:00:00,10247.447546259802
2024-02-22 16:00:00,10247.447546259802
2024-02-22 17:00:00,10247.447546259802
2024-02-22 18:00:00,10247.447546259802
2024-02-22 19:00:00,10235.828151541064
2024-02-22 20:00:00,10259.869551114536
2024-02-22 21:00:00,10243.104587413534
2024-02-22 22:00:00,10233.155619674722
2024-02-22 23:00:00,10224.85829445279
2024-02-23 00:00:00,10233.14769812788
2024-02-23 01:00:00,10225.98166881454
2024-02-23 02:00:00,10215.350952950506
2024-02-23 03:00:00,10215.529682851164
2024-02-23 04:00:00,10221.450544020034
2024-02-23 05:00:00,10222.263492764852
2024-02-23 06:00:00,10225.486572136819
2024-02-23 07:00:00,10206.41792359438
2024-02-23 08:00:00,10198.655578221189
2024-02-23 09:00:00,10198.655578221189
2024-02-23 10:00:00,10198.655578221189
2024-02-23 11:00:00,10198.655578221189
2024-02-23 12:00:00,10198.655578221189
2024-02-23 13:00:00,10198.655578221189
2024-02-23 14:00:00,10198.655578221189
2024-02-23 15:00:00,10198.655578221189
2024-02-23 16:00:00,10198.655578221189
2024-02-23 17:00:00,10198.655578221189
2024-02-23 18:00:00,10198.655578221189
2024-02-23 19:00:00,10198.655578221189
2024-02-23 20:00:00,10198.655578221189
2024-02-23 21:00:00,10198.655578221189
2024-02-23 22:00:00,10198.655578221189
2024-02-23 23:00:00,10198.655578221189
2024-02-24 00:00:00,10198.655578221189
2024-02-24 01:00:00,10198.655578221189
2024-02-24 02:00:00,10198.655578221189
2024-02-24 03:00:00,10198.655578221189
2024-02-24 04:00:00,10198.655578221189
2024-02-24 05:00:00,10198.655578221189
2024-02-24 06:00:00,10198.655578221189
2024-02-24 07:00:00,10198.655578221189
2024-02-24 08:00:00,10198.655578221189
2024-02-24 09:00:00,10198.655578221189
2024-02-24 10:00:00,10198.655578221189
2024-02-24 11:00:00,10198.655578221189
2024-02-24 12:00:00,10198.655578221189
2024-02-24 13:00:00,10198.655578221189
2024-02-24 14:00:00,10198.655578221189
2024-02-24 15:00:00,10198.655578221189
2024-02-24 16:00:00,10198.655578221189
2024-02-24 17:00:00,10198.655578221189
2024-02-24 18:00:00,10198.655578221189
2024-02-24 19:00:00,10198.655578221189
2024-02-24 20:00:00,10198.655578221189
2024-02-24 21:00:00,10198.655578221189
2024-02-24 22:00:00,10197.099175255307
2024-02-24 23:00:00,10197.67298195007
2024-02-25 00:00:00,10193.651886972808
2024-02-25 01:00:00,10203.395727616458
2024-02-25 02:00:00,10199.344978546444
2024-02-25 03:00:00,10200.478753359354
2024-02-25 04:00:00,10200.111536844099
2024-02-25 05:00:00,10202.669696578898
2024-02-25 06:00:00,10206.997217181271
2024-02-25 07:00:00,10205.138894035437
2024-02-25 08:00:00,10199.557993779383
2024-02-25 09:00:00,10201.196382403969
2024-02-25 10:00:00,10198.057990920977
2024-02-25 11:00:00,10201.467717352656
2024-02-25 12:00:00,10202.034110524231
2024-02-25 13:00:00,10199.882211860146
2024-02-25 14:00:00,10206.223245360427
2024-02-25 15:00:00,10195.488463783957
2024-02-25 16:00:00,10188.295369351916
2024-02-25 17:00:00,10197.265238174721
2024-02-25 18:00:00,10198.254202168024
2024-02-25 19:00:00,10202.84959807493
2024-02-25 20:00:00,10205.955370055894
2024-02-25 21:00:00,10207.489475120965
2024-02-25 22:00:00,10204.285350399039
2024-02-25 23:00:00,10205.611876814843
2024-02-26 00:00:00,10203.143173593182
2024-02-26 01:00:00,10192.975279423168
2024-02-26 02:00:00,10190.985984034342
2024-02-26 03:00:00,10197.048763297627
2024-02-26 04:00:00,10195.993571830511
2024-02-26 05:00:00,10197.711532270649
2024-02-26 06:00:00,10195.343652964348
2024-02-26 07:00:00,10184.083499711278
2024-02-26 08:00:00,10181.953347381877
2024-02-26 09:00:00,10168.208820320506
2024-02-26 10:00:00,10168.208820320506
2024-02-26 11:00:00,10168.208820320506
2024-02-26 12:00:00,10168.208820320506
2024-02-26 13:00:00,10168.208820320506
2024-02-26 14:00:00,10168.208820320506
2024-02-26 15:00:00,10168.208820320506
2024-02-26 16:00:00,10168.208820320506
2024-02-26 17:00:00,10168.208820320506
2024-02-26 18:00:00,10168.208820320506
2024-02-26 19:00:00,10168.208820320506
2024-02-26 20:00:00,10168.208820320506
2024-02-26 21:00:00,10168.208820320506
2024-02-26 22:00:00,10168.208820320506
2024-02-26 23:00:00,10168.208820320506
2024-02-27 00:00:00,10168.208820320506
2024-02-27 01:00:00,10168.208820320506
2024-02-27 02:00:00,10168.208820320506
2024-02-27 03:00:00,10168.208820320506
2024-02-27 04:00:00,10168.208820320506
2024-02-27 05:00:00,10168.208820320506
2024-02-27 06:00:00,10168.208820320506
2024-02-27 07:00:00,10168.208820320506
2024-02-27 08:00:00,10168.208820320506
2024-02-27 09:00:00,10168.208820320506
2024-02-27 10:00:00,10168.208820320506
2024-02-27 11:00:00,10168.208820320506
2024-02-27 12:00:00,10168.208820320506
2024-02-27 13:00:00,10168.208820320506
2024-02-27 14:00:00,10168.208820320506
2024-02-27 15:00:00,10168.208820320506
2024-02-27 16:00:00,10168.208820320506
2024-02-27 17:00:00,10168.208820320506
2024-02-27 18:00:00,10168.208820320506
2024-02-27 19:00:00,10168.208820320506
2024-02-27 20:00:00,10168.208820320506
2024-02-27 21:00:00,10168.208820320506
2024-02-27 22:00:00,10168.208820320506
2024-02-27 23:00:00,10168.208820320506
2024-02-28 00:00:00,10168.208820320506
2024-02-28 01:00:00,10168.208820320506
2024-02-28 02:00:00,10168.208820320506
2024-02-28 03:00:00,10168.208820320506
2024-02-28 04:00:00,10168.208820320506
2024-02-28 05:00:00,10168.208820320506
2024-02-28 06:00:00,10168.208820320506
2024-02-28 07:00:00,10168.208820320506
2024-02-28 08:00:00,10168.208820320506
2024-02-28 09:00:00,10168.208820320506
2024-02-28 10:00:00,10168.208820320506
2024-02-28 11:00:00,10168.208820320506
2024-02-28 12:00:00,10168.208820320506
2024-02-28 13:00:00,10168.208820320506
2024-02-28 14:00:00,10168.208820320506
2024-02-28 15:00:00,10168.208820320506
2024-02-28 16:00:00,10168.208820320506
2024-02-28 17:00:00,10168.208820320506
2024-02-28 18:00:00,10168.208820320506
2024-02-28 19:00:00,10168.208820320506
2024-02-28 20:00:00,10168.208820320506
2024-02-28 21:00:00,10168.208820320506
2024-02-28 22:00:00,10168.208820320506
2024-02-28 23:00:00,10168.208820320506
2024-02-29 00:00:00,10168.208820320506
2024-02-29 01:00:00,10168.208820320506
2024-02-29 02:00:00,10168.208820320506
2024-02-29 03:00:00,10168.208820320506
2024-02-29 04:00:00,10168.208820320506
2024-02-29 05:00:00,10168.208820320506
2024-02-29 06:00:00,10168.208820320506
2024-02-29 07:00:00,10168.208820320506
2024-02-29 08:00:00,10168.208820320506
2024-02-29 09:00:00,10168.208820320506
2024-02-29 10:00:00,10168.208820320506
2024-02-29 11:00:00,10168.208820320506
2024-02-29 12:00:00,10168.208820320506
2024-02-29 13:00:00,10168.208820320506
2024-02-29 14:00:00,10168.208820320506
2024-02-29 15:00:00,10168.208820320506
2024-02-29 16:00:00,10168.208820320506
2024-02-29 17:00:00,10168.208820320506
2024-02-29 18:00:00,10168.208820320506
2024-02-29 19:00:00,10168.208820320506
2024-02-29 20:00:00,10168.208820320506
2024-02-29 21:00:00,10168.208820320506
2024-02-29 22:00:00,10168.208820320506
2024-02-29 23:00:00,10168.208820320506
2024-03-01 00:00:00,10168.208820320506
2024-03-01 01:00:00,10168.208820320506
2024-03-01 02:00:00,10168.208820320506
2024-03-01 03:00:00,10168.208820320506
2024-03-01 04:00:00,10168.208820320506
2024-03-01 05:00:00,10168.208820320506
2024-03-01 06:00:00,10168.208820320506
2024-03-01 07:00:00,10168.208820320506
2024-03-01 08:00:00,10168.208820320506
2024-03-01 09:00:00,10168.208820320506
2024-03-01 10:00:00,10168.208820320506
2024-03-01 11:00:00,10168.208820320506
2024-03-01 12:00:00,10168.208820320506
2024-03-01 13:00:00,10168.208820320506
2024-03-01 14:00:00,10168.208820320506
2024-03-01 15:00:00,10168.208820320506
2024-03-01 16:00:00,10168.208820320506
2024-03-01 17:00:00,10168.208820320506
2024-03-01 18:00:00,10168.208820320506
2024-03-01 19:00:00,10168.208820320506
2024-03-01 20:00:00,10168.208820320506
2024-03-01 21:00:00,10168.208820320506
2024-03-01 22:00:00,10168.208820320506
2024-03-01 23:00:00,10168.208820320506
2024-03-02 00:00:00,10168.208820320506
2024-03-02 01:00:00,10168.208820320506
2024-03-02 02:00:00,10168.208820320506
2024-03-02 03:00:00,10168.208820320506
2024-03-02 04:00:00,10168.208820320506
2024-03-02 05:00:00,10168.208820320506
2024-03-02 06:00:00,10168.208820320506
2024-03-02 07:00:00,10168.208820320506
2024-03-02 08:00:00,10168.208820320506
2024-03-02 09:00:00,10168.208820320506
2024-03-02 10:00:00,10168.208820320506
2024-03-02 11:00:00,10168.208820320506
2024-03-02 12:00:00,10168.208820320506
2024-03-02 13:00:00,10168.208820320506
2024-03-02 14:00:00,10168.208820320506
2024-03-02 15:00:00,10168.208820320506
2024-03-02 16:00:00,10168.208820320506
2024-03-02 17:00:00,10168.208820320506
2024-03-02 18:00:00,10168.208820320506
2024-03-02 19:00:00,10168.208820320506
2024-03-02 20:00:00,10168.208820320506
2024-03-02 21:00:00,10168.208820320506
2024-03-02 22:00:00,10168.208820320506
2024-03-02 23:00:00,10168.208820320506
2024-03-03 00:00:00,10168.208820320506
2024-03-03 01:00:00,10168.208820320506
2024-03-03 02:00:00,10168.208820320506
2024-03-03 03:00:00,10168.208820320506
2024-03-03 04:00:00,10168.208820320506
2024-03-03 05:00:00,10168.208820320506
2024-03-03 06:00:00,10168.208820320506
2024-03-03 07:00:00,10168.208820320506
2024-03-03 08:00:00,10168.208820320506
2024-03-03 09:00:00,10168.208820320506
2024-03-03 10:00:00,10168.208820320506
2024-03-03 11:00:00,10168.208820320506
2024-03-03 12:00:00,10168.208820320506
2024-03-03 13:00:00,10168.208820320506
2024-03-03 14:00:00,10168.208820320506
2024-03-03 15:00:00,10168.208820320506
2024-03-03 16:00:00,10168.208820320506
2024-03-03 17:00:00,10168.208820320506
2024-03-03 18:00:00,10168.208820320506
2024-03-03 19:00:00,10168.208820320506
2024-03-03 20:00:00,10168.208820320506
2024-03-03 21:00:00,10168.208820320506
2024-03-03 22:00:00,10168.208820320506
2024-03-03 23:00:00,10168.208820320506
2024-03-04 00:00:00,10168.208820320506
2024-03-04 01:00:00,10168.208820320506
2024-03-04 02:00:00,10168.208820320506
2024-03-04 03:00:00,10168.208820320506
2024-03-04 04:00:00,10168.208820320506
2024-03-04 05:00:00,10168.208820320506
2024-03-04 06:00:00,10168.208820320506
2024-03-04 07:00:00,10168.208820320506
2024-03-04 08:00:00,10168.208820320506
2024-03-04 09:00:00,10168.208820320506
2024-03-04 10:00:00,10168.208820320506
2024-03-04 11:00:00,10168.208820320506
2024-03-04 12:00:00,10168.208820320506
2024-03-04 13:00:00,10168.208820320506
2024-03-04 14:00:00,10168.208820320506
2024-03-04 15:00:00,10168.208820320506
2024-03-04 16:00:00,10168.208820320506
2024-03-04 17:00:00,10168.208820320506
2024-03-04 18:00:00,10168.208820320506
2024-03-04 19:00:00,10168.208820320506
2024-03-04 20:00:00,10168.208820320506
2024-03-04 21:00:00,10168.208820320506
2024-03-04 22:00:00,10168.208820320506
2024-03-04 23:00:00,10168.208820320506
2024-03-05 00:00:00,10168.208820320506
2024-03-05 01:00:00,10168.208820320506
2024-03-05 02:00:00,10168.208820320506
2024-03-05 03:00:00,10168.208820320506
2024-03-05 04:00:00,10168.208820320506
2024-03-05 05:00:00,10168.208820320506
2024-03-05 06:00:00,10168.208820320506
2024-03-05 07:00:00,10168.208820320506
2024-03-05 08:00:00,10168.208820320506
2024-03-05 09:00:00,10168.208820320506
2024-03-05 10:00:00,10168.208820320506
2024-03-05 11:00:00,10168.208820320506
2024-03-05 12:00:00,10168.208820320506
2024-03-05 13:00:00,10168.208820320506
2024-03-05 14:00:00,10168.208820320506
2024-03-05 15:00:00,10168.208820320506
2024-03-05 16:00:00,10168.208820320506
2024-03-05 17:00:00,10168.208820320506
2024-03-05 18:00:00,10168.208820320506
2024-03-05 19:00:00,10168.208820320506
2024-03-05 20:00:00,10168.208820320506
2024-03-05 21:00:00,10168.208820320506
2024-03-05 22:00:00,10168.208820320506
2024-03-05 23:00:00,10168.208820320506
2024-03-06 00:00:00,10168.208820320506
2024-03-06 01:00:00,10168.208820320506
2024-03-06 02:00:00,10168.208820320506
2024-03-06 03:00:00,10168.208820320506
2024-03-06 04:00:00,10168.208820320506
2024-03-06 05:00:00,10168.208820320506
2024-03-06 06:00:00,10168.208820320506
2024-03-06 07:00:00,10168.208820320506
2024-03-06 08:00:00,10168.208820320506
2024-03-06 09:00:00,10168.208820320506
2024-03-06 10:00:00,10168.208820320506
2024-03-06 11:00:00,10168.208820320506
2024-03-06 12:00:00,10168.208820320506
2024-03-06 13:00:00,10168.208820320506
2024-03-06 14:00:00,10168.208820320506
2024-03-06 15:00:00,10168.208820320506
2024-03-06 16:00:00,10168.208820320506
2024-03-06 17:00:00,10168.208820320506
2024-03-06 18:00:00,10168.208820320506
2024-03-06 19:00:00,10168.208820320506
2024-03-06 20:00:00,10168.208820320506
2024-03-06 21:00:00,10168.208820320506
2024-03-06 22:00:00,10168.208820320506
2024-03-06 23:00:00,10168.208820320506
2024-03-07 00:00:00,10168.208820320506
2024-03-07 01:00:00,10168.208820320506
2024-03-07 02:00:00,10168.208820320506
2024-03-07 03:00:00,10168.208820320506
2024-03-07 04:00:00,10168.208820320506
2024-03-07 05:00:00,10168.208820320506
2024-03-07 06:00:00,10168.208820320506
2024-03-07 07:00:00,10168.208820320506
2024-03-07 08:00:00,10168.208820320506
2024-03-07 09:00:00,10168.208820320506
2024-03-07 10:00:00,10168.208820320506
2024-03-07 11:00:00,10168.208820320506
2024-03-07 12:00:00,10168.208820320506
2024-03-07 13:00:00,10168.208820320506
2024-03-07 14:00:00,10168.208820320506
2024-03-07 15:00:00,10168.208820320506
2024-03-07 16:00:00,10168.208820320506
2024-03-07 17:00:00,10168.208820320506
2024-03-07 18:00:00,10168.208820320506
2024-03-07 19:00:00,10168.208820320506
2024-03-07 20:00:00,10168.208820320506
2024-03-07 21:00:00,10168.208820320506
2024-03-07 22:00:00,10168.208820320506
2024-03-07 23:00:00,10168.208820320506
2024-03-08 00:00:00,10168.208820320506
2024-03-08 01:00:00,10168.208820320506
2024-03-08 02:00:00,10168.208820320506
2024-03-08 03:00:00,10168.208820320506
2024-03-08 04:00:00,10168.208820320506
2024-03-08 05:00:00,10168.208820320506
2024-03-08 06:00:00,10168.208820320506
2024-03-08 07:00:00,10168.208820320506
2024-03-08 08:00:00,10168.208820320506
2024-03-08 09:00:00,10168.208820320506
2024-03-08 10:00:00,10168.208820320506
2024-03-08 11:00:00,10168.208820320506
2024-03-08 12:00:00,10168.208820320506
2024-03-08 13:00:00,10168.208820320506
2024-03-08 14:00:00,10168.208820320506
2024-03-08 15:00:00,10168.208820320506
2024-03-08 16:00:00,10168.208820320506
2024-03-08 17:00:00,10168.208820320506
2024-03-08 18:00:00,10168.208820320506
2024-03-08 19:00:00,10168.208820320506
2024-03-08 20:00:00,10168.208820320506
2024-03-08 21:00:00,10168.208820320506
2024-03-08 22:00:00,10168.208820320506
2024-03-08 23:00:00,10168.208820320506
2024-03-09 00:00:00,10168.208820320506
2024-03-09 01:00:00,10168.208820320506
2024-03-09 02:00:00,10168.208820320506
2024-03-09 03:00:00,10168.208820320506
2024-03-09 04:00:00,10168.208820320506
2024-03-09 05:00:00,10168.208820320506
2024-03-09 06:00:00,10168.208820320506
2024-03-09 07:00:00,10168.208820320506
2024-03-09 08:00:00,10168.208820320506
2024-03-09 09:00:00,10168.208820320506
2024-03-09 10:00:00,10168.208820320506
2024-03-09 11:00:00,10168.208820320506
2024-03-09 12:00:00,10168.208820320506
2024-03-09 13:00:00,10168.208820320506
2024-03-09 14:00:00,10168.208820320506
2024-03-09 15:00:00,10168.208820320506
2024-03-09 16:00:00,10168.208820320506
2024-03-09 17:00:00,10168.208820320506
2024-03-09 18:00:00,10168.208820320506
2024-03-09 19:00:00,10168.208820320506
2024-03-09 20:00:00,10168.208820320506
2024-03-09 21:00:00,10168.208820320506
2024-03-09 22:00:00,10168.208820320506
2024-03-09 23:00:00,10168.208820320506
2024-03-10 00:00:00,10168.208820320506
2024-03-10 01:00:00,10168.208820320506
2024-03-10 02:00:00,10168.208820320506
2024-03-10 03:00:00,10168.208820320506
2024-03-10 04:00:00,10168.208820320506
2024-03-10 05:00:00,10168.208820320506
2024-03-10 06:00:00,10168.208820320506
2024-03-10 07:00:00,10168.208820320506
2024-03-10 08:00:00,10168.208820320506
2024-03-10 09:00:00,10168.208820320506
2024-03-10 10:00:00,10168.208820320506
2024-03-10 11:00:00,10168.208820320506
2024-03-10 12:00:00,10168.208820320506
2024-03-10 13:00:00,10168.208820320506
2024-03-10 14:00:00,10168.208820320506
2024-03-10 15:00:00,10168.208820320506
2024-03-10 16:00:00,10168.208820320506
2024-03-10 17:00:00,10168.208820320506
2024-03-10 18:00:00,10168.208820320506
2024-03-10 19:00:00,10168.208820320506
2024-03-10 20:00:00,10168.208820320506
2024-03-10 21:00:00,10168.208820320506
2024-03-10 22:00:00,10168.208820320506
2024-03-10 23:00:00,10168.208820320506
2024-03-11 00:00:00,10168.208820320506
2024-03-11 01:00:00,10168.208820320506
2024-03-11 02:00:00,10168.208820320506
2024-03-11 03:00:00,10168.208820320506
2024-03-11 04:00:00,10168.208820320506
2024-03-11 05:00:00,10168.208820320506
2024-03-11 06:00:00,10168.208820320506
2024-03-11 07:00:00,10168.208820320506
2024-03-11 08:00:00,10168.208820320506
2024-03-11 09:00:00,10168.208820320506
2024-03-11 10:00:00,10168.208820320506
2024-03-11 11:00:00,10168.208820320506
2024-03-11 12:00:00,10168.208820320506
2024-03-11 13:00:00,10168.208820320506
2024-03-11 14:00:00,10168.208820320506
2024-03-11 15:00:00,10168.208820320506
2024-03-11 16:00:00,10168.208820320506
2024-03-11 17:00:00,10168.208820320506
2024-03-11 18:00:00,10168.208820320506
2024-03-11 19:00:00,10168.208820320506
2024-03-11 20:00:00,10168.208820320506
2024-03-11 21:00:00,10168.208820320506
2024-03-11 22:00:00,10168.208820320506
2024-03-11 23:00:00,10168.208820320506
2024-03-12 00:00:00,10168.208820320506
2024-03-12 01:00:00,10168.208820320506
2024-03-12 02:00:00,10168.208820320506
2024-03-12 03:00:00,10168.208820320506
2024-03-12 04:00:00,10168.208820320506
2024-03-12 05:00:00,10168.208820320506
2024-03-12 06:00:00,10168.208820320506
2024-03-12 07:00:00,10168.208820320506
2024-03-12 08:00:00,10168.208820320506
2024-03-12 09:00:00,10168.208820320506
2024-03-12 10:00:00,10168.208820320506
2024-03-12 11:00:00,10168.208820320506
2024-03-12 12:00:00,10168.208820320506
2024-03-12 13:00:00,10168.208820320506
2024-03-12 14:00:00,10168.208820320506
2024-03-12 15:00:00,10168.208820320506
2024-03-12 16:00:00,10168.208820320506
2024-03-12 17:00:00,10168.208820320506
2024-03-12 18:00:00,10168.208820320506
2024-03-12 19:00:00,10168.208820320506
2024-03-12 20:00:00,10168.208820320506
2024-03-12 21:00:00,10168.208820320506
2024-03-12 22:00:00,10168.208820320506
2024-03-12 23:00:00,10168.208820320506
2024-03-13 00:00:00,10168.208820320506
2024-03-13 01:00:00,10168.208820320506
2024-03-13 02:00:00,10168.208820320506
2024-03-13 03:00:00,10168.208820320506
2024-03-13 04:00:00,10168.208820320506
2024-03-13 05:00:00,10168.208820320506
2024-03-13 06:00:00,10168.208820320506
2024-03-13 07:00:00,10168.208820320506
2024-03-13 08:00:00,10168.208820320506
2024-03-13 09:00:00,10168.208820320506
2024-03-13 10:00:00,10168.208820320506
2024-03-13 11:00:00,10168.208820320506
2024-03-13 12:00:00,10168.208820320506
2024-03-13 13:00:00,10168.208820320506
2024-03-13 14:00:00,10168.208820320506
2024-03-13 15:00:00,10168.208820320506
2024-03-13 16:00:00,10168.208820320506
2024-03-13 17:00:00,10168.208820320506
2024-03-13 18:00:00,10168.208820320506
2024-03-13 19:00:00,10168.208820320506
2024-03-13 20:00:00,10168.208820320506
2024-03-13 21:00:00,10168.208820320506
2024-03-13 22:00:00,10168.208820320506
2024-03-13 23:00:00,10168.208820320506
2024-03-14 00:00:00,10168.208820320506
2024-03-14 01:00:00,10168.208820320506
2024-03-14 02:00:00,10168.208820320506
2024-03-14 03:00:00,10168.208820320506
2024-03-14 04:00:00,10168.208820320506
2024-03-14 05:00:00,10168.208820320506
2024-03-14 06:00:00,10168.208820320506
2024-03-14 07:00:00,10168.208820320506
2024-03-14 08:00:00,10168.208820320506
2024-03-14 09:00:00,10168.208820320506
2024-03-14 10:00:00,10168.208820320506
2024-03-14 11:00:00,10168.208820320506
2024-03-14 12:00:00,10168.208820320506
2024-03-14 13:00:00,10168.208820320506
2024-03-14 14:00:00,10168.208820320506
2024-03-14 15:00:00,10168.208820320506
2024-03-14 16:00:00,10168.208820320506
2024-03-14 17:00:00,10168.208820320506
2024-03-14 18:00:00,10168.208820320506
2024-03-14 19:00:00,10168.208820320506
2024-03-14 20:00:00,10168.208820320506
2024-03-14 21:00:00,10168.208820320506
2024-03-14 22:00:00,10168.208820320506
2024-03-14 23:00:00,10168.208820320506
2024-03-15 00:00:00,10168.208820320506
2024-03-15 01:00:00,10168.208820320506
2024-03-15 02:00:00,10168.208820320506
2024-03-15 03:00:00,10168.208820320506
2024-03-15 04:00:00,10168.208820320506
2024-03-15 05:00:00,10168.208820320506
2024-03-15 06:00:00,10168.208820320506
2024-03-15 07:00:00,10168.208820320506
2024-03-15 08:00:00,10168.208820320506
2024-03-15 09:00:00,10168.208820320506
2024-03-15 10:00:00,10168.208820320506
2024-03-15 11:00:00,10168.208820320506
2024-03-15 12:00:00,10168.208820320506
2024-03-15 13:00:00,10168.208820320506
2024-03-15 14:00:00,10168.208820320506
2024-03-15 15:00:00,10168.208820320506
2024-03-15 16:00:00,10168.208820320506
2024-03-15 17:00:00,10168.208820320506
2024-03-15 18:00:00,10168.208820320506
2024-03-15 19:00:00,10168.208820320506
2024-03-15 20:00:00,10168.208820320506
2024-03-15 21:00:00,10168.208820320506
2024-03-15 22:00:00,10168.208820320506
2024-03-15 23:00:00,10168.208820320506
2024-03-16 00:00:00,10168.208820320506
2024-03-16 01:00:00,10168.208820320506
2024-03-16 02:00:00,10168.208820320506
2024-03-16 03:00:00,10168.208820320506
2024-03-16 04:00:00,10168.208820320506
2024-03-16 05:00:00,10168.208820320506
2024-03-16 06:00:00,10168.208820320506
2024-03-16 07:00:00,10168.208820320506
2024-03-16 08:00:00,10168.208820320506
2024-03-16 09:00:00,10168.208820320506
2024-03-16 10:00:00,10168.208820320506
2024-03-16 11:00:00,10168.208820320506
2024-03-16 12:00:00,10168.208820320506
2024-03-16 13:00:00,10168.208820320506
2024-03-16 14:00:00,10168.208820320506
2024-03-16 15:00:00,10168.208820320506
2024-03-16 16:00:00,10168.208820320506
2024-03-16 17:00:00,10168.208820320506
2024-03-16 18:00:00,10168.208820320506
2024-03-16 19:00:00,10168.208820320506
2024-03-16 20:00:00,10168.208820320506
2024-03-16 21:00:00,10168.208820320506
2024-03-16 22:00:00,10168.208820320506
2024-03-16 23:00:00,10168.208820320506
2024-03-17 00:00:00,10168.208820320506
2024-03-17 01:00:00,10168.208820320506
2024-03-17 02:00:00,10168.208820320506
2024-03-17 03:00:00,10168.208820320506
2024-03-17 04:00:00,10168.208820320506
2024-03-17 05:00:00,10168.208820320506
2024-03-17 06:00:00,10168.208820320506
2024-03-17 07:00:00,10168.208820320506
2024-03-17 08:00:00,10168.208820320506
2024-03-17 09:00:00,10168.208820320506
2024-03-17 10:00:00,10168.208820320506
2024-03-17 11:00:00,10168.208820320506
2024-03-17 12:00:00,10168.208820320506
2024-03-17 13:00:00,10168.208820320506
2024-03-17 14:00:00,10168.208820320506
2024-03-17 15:00:00,10168.208820320506
2024-03-17 16:00:00,10168.208820320506
2024-03-17 17:00:00,10168.208820320506
2024-03-17 18:00:00,10168.208820320506
2024-03-17 19:00:00,10168.208820320506
2024-03-17 20:00:00,10168.208820320506
2024-03-17 21:00:00,10168.208820320506
2024-03-17 22:00:00,10168.208820320506
2024-03-17 23:00:00,10168.208820320506
2024-03-18 00:00:00,10168.208820320506
2024-03-18 01:00:00,10168.208820320506
2024-03-18 02:00:00,10168.208820320506
2024-03-18 03:00:00,10168.208820320506
2024-03-18 04:00:00,10168.208820320506
2024-03-18 05:00:00,10168.208820320506
2024-03-18 06:00:00,10168.208820320506
2024-03-18 07:00:00,10168.208820320506
2024-03-18 08:00:00,10168.208820320506
2024-03-18 09:00:00,10168.208820320506
2024-03-18 10:00:00,10168.208820320506
2024-03-18 11:00:00,10168.208820320506
2024-03-18 12:00:00,10168.208820320506
2024-03-18 13:00:00,10168.208820320506
2024-03-18 14:00:00,10168.208820320506
2024-03-18 15:00:00,10168.208820320506
2024-03-18 16:00:00,10168.208820320506
2024-03-18 17:00:00,10168.208820320506
2024-03-18 18:00:00,10168.208820320506
2024-03-18 19:00:00,10168.208820320506
2024-03-18 20:00:00,10168.208820320506
2024-03-18 21:00:00,10168.208820320506
2024-03-18 22:00:00,10168.208820320506
2024-03-18 23:00:00,10168.208820320506
2024-03-19 00:00:00,10168.208820320506
2024-03-19 01:00:00,10168.208820320506
2024-03-19 02:00:00,10168.208820320506
2024-03-19 03:00:00,10168.208820320506
2024-03-19 04:00:00,10168.208820320506
2024-03-19 05:00:00,10168.208820320506
2024-03-19 06:00:00,10168.208820320506
2024-03-19 07:00:00,10168.208820320506
2024-03-19 08:00:00,10168.208820320506
2024-03-19 09:00:00,10168.208820320506
2024-03-19 10:00:00,10168.208820320506
2024-03-19 11:00:00,10168.208820320506
2024-03-19 12:00:00,10168.208820320506
2024-03-19 13:00:00,10168.208820320506
2024-03-19 14:00:00,10168.208820320506
2024-03-19 15:00:00,10168.208820320506
2024-03-19 16:00:00,10168.208820320506
2024-03-19 17:00:00,10168.208820320506
2024-03-19 18:00:00,10168.208820320506
2024-03-19 19:00:00,10168.208820320506
2024-03-19 20:00:00,10168.208820320506
2024-03-19 21:00:00,10168.208820320506
2024-03-19 22:00:00,10168.208820320506
2024-03-19 23:00:00,10168.208820320506
2024-03-20 00:00:00,10168.208820320506
2024-03-20 01:00:00,10168.208820320506
2024-03-20 02:00:00,10168.208820320506
2024-03-20 03:00:00,10168.208820320506
2024-03-20 04:00:00,10168.208820320506
2024-03-20 05:00:00,10168.208820320506
2024-03-20 06:00:00,10168.208820320506
2024-03-20 07:00:00,10168.208820320506
2024-03-20 08:00:00,10168.208820320506
2024-03-20 09:00:00,10168.208820320506
2024-03-20 10:00:00,10168.208820320506
2024-03-20 11:00:00,10168.208820320506
2024-03-20 12:00:00,10168.208820320506
2024-03-20 13:00:00,10168.208820320506
2024-03-20 14:00:00,10168.208820320506
2024-03-20 15:00:00,10168.208820320506
2024-03-20 16:00:00,10168.208820320506
2024-03-20 17:00:00,10168.208820320506
2024-03-20 18:00:00,10168.208820320506
2024-03-20 19:00:00,10168.208820320506
2024-03-20 20:00:00,10168.208820320506
2024-03-20 21:00:00,10168.208820320506
2024-03-20 22:00:00,10168.208820320506
2024-03-20 23:00:00,10168.208820320506
2024-03-21 00:00:00,10168.208820320506
2024-03-21 01:00:00,10168.208820320506
2024-03-21 02:00:00,10168.208820320506
2024-03-21 03:00:00,10168.208820320506
2024-03-21 04:00:00,10168.208820320506
2024-03-21 05:00:00,10168.208820320506
2024-03-21 06:00:00,10168.208820320506
2024-03-21 07:00:00,10168.208820320506
2024-03-21 08:00:00,10168.208820320506
2024-03-21 09:00:00,10168.208820320506
2024-03-21 10:00:00,10168.208820320506
2024-03-21 11:00:00,10168.208820320506
2024-03-21 12:00:00,10168.208820320506
2024-03-21 13:00:00,10168.208820320506
2024-03-21 14:00:00,10168.208820320506
2024-03-21 15:00:00,10168.208820320506
2024-03-21 16:00:00,10168.208820320506
2024-03-21 17:00:00,10168.208820320506
2024-03-21 18:00:00,10168.208820320506
2024-03-21 19:00:00,10168.208820320506
2024-03-21 20:00:00,10168.208820320506
2024-03-21 21:00:00,10168.208820320506
2024-03-21 22:00:00,10168.208820320506
2024-03-21 23:00:00,10168.208820320506
2024-03-22 00:00:00,10168.208820320506
2024-03-22 01:00:00,10168.208820320506
2024-03-22 02:00:00,10168.208820320506
2024-03-22 03:00:00,10168.208820320506
2024-03-22 04:00:00,10168.208820320506
2024-03-22 05:00:00,10168.208820320506
2024-03-22 06:00:00,10168.208820320506
2024-03-22 07:00:00,10168.208820320506
2024-03-22 08:00:00,10168.208820320506
2024-03-22 09:00:00,10168.208820320506
2024-03-22 10:00:00,10168.208820320506
2024-03-22 11:00:00,10168.208820320506
2024-03-22 12:00:00,10168.208820320506
2024-03-22 13:00:00,10168.208820320506
2024-03-22 14:00:00,10168.208820320506
2024-03-22 15:00:00,10168.208820320506
2024-03-22 16:00:00,10168.208820320506
2024-03-22 17:00:00,10168.208820320506
2024-03-22 18:00:00,10168.208820320506
2024-03-22 19:00:00,10168.208820320506
2024-03-22 20:00:00,10168.208820320506
2024-03-22 21:00:00,10168.208820320506
2024-03-22 22:00:00,10168.208820320506
2024-03-22 23:00:00,10168.208820320506
2024-03-23 00:00:00,10168.208820320506
2024-03-23 01:00:00,10168.208820320506
2024-03-23 02:00:00,10168.208820320506
2024-03-23 03:00:00,10168.208820320506
2024-03-23 04:00:00,10168.208820320506
2024-03-23 05:00:00,10168.208820320506
2024-03-23 06:00:00,10168.208820320506
2024-03-23 07:00:00,10168.208820320506
2024-03-23 08:00:00,10168.208820320506
2024-03-23 09:00:00,10168.208820320506
2024-03-23 10:00:00,10168.208820320506
2024-03-23 11:00:00,10168.208820320506
2024-03-23 12:00:00,10168.208820320506
2024-03-23 13:00:00,10168.208820320506
2024-03-23 14:00:00,10168.208820320506
2024-03-23 15:00:00,10168.208820320506
2024-03-23 16:00:00,10168.208820320506
2024-03-23 17:00:00,10168.208820320506
2024-03-23 18:00:00,10168.208820320506
2024-03-23 19:00:00,10168.208820320506
2024-03-23 20:00:00,10168.208820320506
2024-03-23 21:00:00,10168.208820320506
2024-03-23 22:00:00,10168.208820320506
2024-03-23 23:00:00,10168.208820320506
2024-03-24 00:00:00,10168.208820320506
2024-03-24 01:00:00,10168.208820320506
2024-03-24 02:00:00,10168.208820320506
2024-03-24 03:00:00,10168.208820320506
2024-03-24 04:00:00,10168.208820320506
2024-03-24 05:00:00,10168.208820320506
2024-03-24 06:00:00,10168.208820320506
2024-03-24 07:00:00,10168.208820320506
2024-03-24 08:00:00,10168.208820320506
2024-03-24 09:00:00,10168.208820320506
2024-03-24 10:00:00,10168.208820320506
2024-03-24 11:00:00,10168.208820320506
2024-03-24 12:00:00,10168.208820320506
2024-03-24 13:00:00,10168.208820320506
2024-03-24 14:00:00,10168.208820320506
2024-03-24 15:00:00,10168.208820320506
2024-03-24 16:00:00,10168.208820320506
2024-03-24 17:00:00,10168.208820320506
2024-03-24 18:00:00,10186.38019963869
2024-03-24 19:00:00,10186.263942503028
2024-03-24 20:00:00,10198.661074654992
2024-03-24 21:00:00,10212.975477495746
2024-03-24 22:00:00,10229.354513749086
2024-03-24 23:00:00,10239.414449772412
2024-03-25 00:00:00,10214.815761853895
2024-03-25 01:00:00,10213.986020290344
2024-03-25 02:00:00,10219.585414974837
2024-03-25 03:00:00,10244.858316516224
2024-03-25 04:00:00,10250.923517383068
2024-03-25 05:00:00,10244.858316516224
2024-03-25 06:00:00,10237.081530662144
2024-03-25 07:00:00,10224.297133937876
2024-03-25 08:00:00,10228.864989555781
2024-03-25 09:00:00,10233.425457596502
2024-03-25 10:00:00,10231.029160850407
2024-03-25 11:00:00,10223.867876821587
2024-03-25 12:00:00,10234.359791700166
2024-03-25 13:00:00,10269.509495114722
2024-03-25 14:00:00,10323.679488035294
2024-03-25 15:00:00,10336.245571473015
2024-03-25 16:00:00,10336.245571473015
2024-03-25 17:00:00,10336.245571473015
2024-03-25 18:00:00,10336.245571473015
2024-03-25 19:00:00,10336.245571473015
2024-03-25 20:00:00,10336.245571473015
2024-03-25 21:00:00,10336.245571473015
2024-03-25 22:00:00,10336.245571473015
2024-03-25 23:00:00,10336.245571473015
2024-03-26 00:00:00,10336.245571473015
2024-03-26 01:00:00,10336.245571473015
2024-03-26 02:00:00,10336.245571473015
2024-03-26 03:00:00,10336.245571473015
2024-03-26 04:00:00,10336.245571473015
2024-03-26 05:00:00,10336.245571473015
2024-03-26 06:00:00,10336.245571473015
2024-03-26 07:00:00,10336.245571473015
2024-03-26 08:00:00,10336.245571473015
2024-03-26 09:00:00,10336.245571473015
2024-03-26 10:00:00,10336.245571473015
2024-03-26 11:00:00,10336.245571473015
2024-03-26 12:00:00,10336.245571473015
2024-03-26 13:00:00,10336.245571473015
2024-03-26 14:00:00,10336.245571473015
2024-03-26 15:00:00,10336.245571473015
2024-03-26 16:00:00,10336.245571473015
2024-03-26 17:00:00,10336.245571473015
2024-03-26 18:00:00,10336.245571473015
2024-03-26 19:00:00,10336.245571473015
2024-03-26 20:00:00,10336.245571473015
2024-03-26 21:00:00,10336.245571473015
2024-03-26 22:00:00,10336.245571473015
2024-03-26 23:00:00,10336.245571473015
2024-03-27 00:00:00,10336.245571473015
2024-03-27 01:00:00,10336.245571473015
2024-03-27 02:00:00,10336.245571473015
2024-03-27 03:00:00,10336.245571473015
2024-03-27 04:00:00,10336.245571473015
2024-03-27 05:00:00,10336.245571473015
2024-03-27 06:00:00,10336.245571473015
2024-03-27 07:00:00,10336.245571473015
2024-03-27 08:00:00,10336.245571473015
2024-03-27 09:00:00,10336.245571473015
2024-03-27 10:00:00,10336.245571473015
2024-03-27 11:00:00,10336.245571473015
2024-03-27 12:00:00,10336.245571473015
2024-03-27 13:00:00,10336.245571473015
2024-03-27 14:00:00,10336.245571473015
2024-03-27 15:00:00,10336.245571473015
2024-03-27 16:00:00,10336.245571473015
2024-03-27 17:00:00,10336.245571473015
2024-03-27 18:00:00,10336.245571473015
2024-03-27 19:00:00,10336.245571473015
2024-03-27 20:00:00,10336.245571473015
2024-03-27 21:00:00,10336.245571473015
2024-03-27 22:00:00,10336.245571473015
2024-03-27 23:00:00,10336.245571473015
2024-03-28 00:00:00,10336.245571473015
2024-03-28 01:00:00,10336.245571473015
2024-03-28 02:00:00,10336.245571473015
2024-03-28 03:00:00,10336.245571473015
2024-03-28 04:00:00,10336.245571473015
2024-03-28 05:00:00,10336.245571473015
2024-03-28 06:00:00,10336.245571473015
2024-03-28 07:00:00,10336.245571473015
2024-03-28 08:00:00,10336.245571473015
2024-03-28 09:00:00,10336.245571473015
2024-03-28 10:00:00,10336.245571473015
2024-03-28 11:00:00,10336.245571473015
2024-03-28 12:00:00,10336.245571473015
2024-03-28 13:00:00,10336.245571473015
2024-03-28 14:00:00,10336.245571473015
2024-03-28 15:00:00,10336.245571473015
2024-03-28 16:00:00,10336.245571473015
2024-03-28 17:00:00,10336.245571473015
2024-03-28 18:00:00,10336.245571473015
2024-03-28 19:00:00,10336.245571473015
2024-03-28 20:00:00,10336.245571473015
2024-03-28 21:00:00,10336.245571473015
2024-03-28 22:00:00,10336.245571473015
2024-03-28 23:00:00,10336.245571473015
2024-03-29 00:00:00,10336.245571473015
2024-03-29 01:00:00,10336.245571473015
2024-03-29 02:00:00,10336.245571473015
2024-03-29 03:00:00,10336.245571473015
2024-03-29 04:00:00,10336.245571473015
2024-03-29 05:00:00,10336.245571473015
2024-03-29 06:00:00,10336.245571473015
2024-03-29 07:00:00,10336.245571473015
2024-03-29 08:00:00,10336.245571473015
2024-03-29 09:00:00,10336.245571473015
2024-03-29 10:00:00,10336.245571473015
2024-03-29 11:00:00,10336.245571473015
2024-03-29 12:00:00,10336.245571473015
2024-03-29 13:00:00,10336.245571473015
2024-03-29 14:00:00,10336.245571473015
2024-03-29 15:00:00,10336.245571473015
2024-03-29 16:00:00,10336.245571473015
2024-03-29 17:00:00,10336.245571473015
2024-03-29 18:00:00,10336.245571473015
2024-03-29 19:00:00,10336.245571473015
2024-03-29 20:00:00,10336.245571473015
2024-03-29 21:00:00,10336.245571473015
2024-03-29 22:00:00,10336.245571473015
2024-03-29 23:00:00,10336.245571473015
2024-03-30 00:00:00,10336.245571473015
2024-03-30 01:00:00,10336.245571473015
2024-03-30 02:00:00,10336.245571473015
2024-03-30 03:00:00,10336.245571473015
2024-03-30 04:00:00,10336.245571473015
2024-03-30 05:00:00,10336.245571473015
2024-03-30 06:00:00,10336.245571473015
2024-03-30 07:00:00,10336.245571473015
2024-03-30 08:00:00,10336.245571473015
2024-03-30 09:00:00,10336.245571473015
2024-03-30 10:00:00,10336.245571473015
2024-03-30 11:00:00,10336.245571473015
2024-03-30 12:00:00,10336.245571473015
2024-03-30 13:00:00,10336.245571473015
2024-03-30 14:00:00,10336.245571473015
2024-03-30 15:00:00,10336.245571473015
2024-03-30 16:00:00,10336.245571473015
2024-03-30 17:00:00,10336.245571473015
2024-03-30 18:00:00,10336.245571473015
2024-03-30 19:00:00,10336.245571473015
2024-03-30 20:00:00,10336.245571473015
2024-03-30 21:00:00,10336.245571473015
2024-03-30 22:00:00,10336.245571473015
2024-03-30 23:00:00,10336.245571473015
2024-03-31 00:00:00,10336.245571473015
2024-03-31 01:00:00,10336.245571473015
2024-03-31 02:00:00,10336.245571473015
2024-03-31 03:00:00,10336.245571473015
2024-03-31 04:00:00,10336.245571473015
2024-03-31 05:00:00,10336.245571473015
2024-03-31 06:00:00,10336.245571473015
2024-03-31 07:00:00,10336.245571473015
2024-03-31 08:00:00,10336.245571473015
2024-03-31 09:00:00,10336.245571473015
2024-03-31 10:00:00,10336.245571473015
2024-03-31 11:00:00,10336.245571473015
2024-03-31 12:00:00,10336.245571473015
2024-03-31 13:00:00,10336.245571473015
2024-03-31 14:00:00,10336.245571473015
2024-03-31 15:00:00,10336.245571473015
2024-03-31 16:00:00,10336.245571473015
2024-03-31 17:00:00,10336.245571473015
2024-03-31 18:00:00,10336.245571473015
2024-03-31 19:00:00,10336.245571473015
2024-03-31 20:00:00,10336.245571473015
2024-03-31 21:00:00,10336.245571473015
2024-03-31 22:00:00,10336.245571473015
2024-03-31 23:00:00,10336.245571473015
2024-04-01 00:00:00,10336.245571473015
2024-04-01 01:00:00,10336.245571473015
2024-04-01 02:00:00,10336.245571473015
2024-04-01 03:00:00,10336.245571473015
2024-04-01 04:00:00,10336.245571473015
2024-04-01 05:00:00,10336.245571473015
2024-04-01 06:00:00,10336.245571473015
2024-04-01 07:00:00,10336.245571473015
2024-04-01 08:00:00,10336.245571473015
2024-04-01 09:00:00,10336.245571473015
2024-04-01 10:00:00,10336.245571473015
2024-04-01 11:00:00,10336.245571473015
2024-04-01 12:00:00,10336.245571473015
2024-04-01 13:00:00,10336.245571473015
2024-04-01 14:00:00,10336.245571473015
2024-04-01 15:00:00,10336.245571473015
2024-04-01 16:00:00,10336.245571473015
2024-04-01 17:00:00,10336.245571473015
2024-04-01 18:00:00,10336.245571473015
2024-04-01 19:00:00,10336.245571473015
2024-04-01 20:00:00,10336.245571473015
2024-04-01 21:00:00,10336.245571473015
2024-04-01 22:00:00,10336.245571473015
2024-04-01 23:00:00,10336.245571473015
2024-04-02 00:00:00,10336.245571473015
2024-04-02 01:00:00,10336.245571473015
2024-04-02 02:00:00,10336.245571473015
2024-04-02 03:00:00,10336.245571473015
2024-04-02 04:00:00,10336.245571473015
2024-04-02 05:00:00,10336.245571473015
2024-04-02 06:00:00,10336.245571473015
2024-04-02 07:00:00,10336.245571473015
2024-04-02 08:00:00,10336.245571473015
2024-04-02 09:00:00,10336.245571473015
2024-04-02 10:00:00,10336.245571473015
2024-04-02 11:00:00,10336.245571473015
2024-04-02 12:00:00,10336.245571473015
2024-04-02 13:00:00,10336.245571473015
2024-04-02 14:00:00,10336.245571473015
2024-04-02 15:00:00,10336.245571473015
2024-04-02 16:00:00,10336.245571473015
2024-04-02 17:00:00,10336.245571473015
2024-04-02 18:00:00,10336.245571473015
2024-04-02 19:00:00,10336.245571473015
2024-04-02 20:00:00,10336.245571473015
2024-04-02 21:00:00,10336.245571473015
2024-04-02 22:00:00,10336.245571473015
2024-04-02 23:00:00,10336.245571473015
2024-04-03 00:00:00,10336.245571473015
2024-04-03 01:00:00,10336.245571473015
2024-04-03 02:00:00,10336.245571473015
2024-04-03 03:00:00,10336.245571473015
2024-04-03 04:00:00,10336.245571473015
2024-04-03 05:00:00,10336.245571473015
2024-04-03 06:00:00,10336.245571473015
2024-04-03 07:00:00,10336.245571473015
2024-04-03 08:00:00,10336.245571473015
2024-04-03 09:00:00,10336.245571473015
2024-04-03 10:00:00,10336.245571473015
2024-04-03 11:00:00,10336.245571473015
2024-04-03 12:00:00,10336.245571473015
2024-04-03 13:00:00,10336.245571473015
2024-04-03 14:00:00,10336.245571473015
2024-04-03 15:00:00,10336.245571473015
2024-04-03 16:00:00,10336.245571473015
2024-04-03 17:00:00,10336.245571473015
2024-04-03 18:00:00,10336.245571473015
2024-04-03 19:00:00,10336.245571473015
2024-04-03 20:00:00,10336.245571473015
2024-04-03 21:00:00,10336.245571473015
2024-04-03 22:00:00,10336.245571473015
2024-04-03 23:00:00,10336.245571473015
2024-04-04 00:00:00,10336.245571473015
2024-04-04 01:00:00,10336.245571473015
2024-04-04 02:00:00,10336.245571473015
2024-04-04 03:00:00,10336.245571473015
2024-04-04 04:00:00,10336.245571473015
2024-04-04 05:00:00,10336.245571473015
2024-04-04 06:00:00,10336.245571473015
2024-04-04 07:00:00,10336.245571473015
2024-04-04 08:00:00,10336.245571473015
2024-04-04 09:00:00,10336.245571473015
2024-04-04 10:00:00,10336.245571473015
2024-04-04 11:00:00,10336.245571473015
2024-04-04 12:00:00,10336.245571473015
2024-04-04 13:00:00,10336.245571473015
2024-04-04 14:00:00,10336.245571473015
2024-04-04 15:00:00,10336.245571473015
2024-04-04 16:00:00,10336.245571473015
2024-04-04 17:00:00,10336.245571473015
2024-04-04 18:00:00,10336.245571473015
2024-04-04 19:00:00,10336.245571473015
2024-04-04 20:00:00,10336.245571473015
2024-04-04 21:00:00,10336.245571473015
2024-04-04 22:00:00,10336.245571473015
2024-04-04 23:00:00,10336.245571473015
2024-04-05 00:00:00,10336.245571473015
2024-04-05 01:00:00,10336.245571473015
2024-04-05 02:00:00,10336.245571473015
2024-04-05 03:00:00,10336.245571473015
2024-04-05 04:00:00,10336.245571473015
2024-04-05 05:00:00,10336.245571473015
2024-04-05 06:00:00,10336.245571473015
2024-04-05 07:00:00,10336.245571473015
2024-04-05 08:00:00,10336.245571473015
2024-04-05 09:00:00,10336.245571473015
2024-04-05 10:00:00,10336.245571473015
2024-04-05 11:00:00,10336.245571473015
2024-04-05 12:00:00,10336.245571473015
2024-04-05 13:00:00,10336.245571473015
2024-04-05 14:00:00,10336.245571473015
2024-04-05 15:00:00,10336.245571473015
2024-04-05 16:00:00,10336.245571473015
2024-04-05 17:00:00,10315.520828814992
2024-04-05 18:00:00,10322.61041262727
2024-04-05 19:00:00,10314.377175907086
2024-04-05 20:00:00,10323.160004553101
2024-04-05 21:00:00,10318.293873552802
2024-04-05 22:00:00,10322.591788834485
2024-04-05 23:00:00,10329.892695683251
2024-04-06 00:00:00,10332.931414526289
2024-04-06 01:00:00,10324.927744557976
2024-04-06 02:00:00,10320.541651318621
2024-04-06 03:00:00,10328.6532632696
2024-04-06 04:00:00,10326.6703994542
2024-04-06 05:00:00,10338.182944013999
2024-04-06 06:00:00,10340.869331103751
2024-04-06 07:00:00,10336.407222383647
2024-04-06 08:00:00,10337.171938120006
2024-04-06 09:00:00,10328.8049141537
2024-04-06 10:00:00,10330.711762488349
2024-04-06 11:00:00,10324.098035585574
2024-04-06 12:00:00,10326.76655903735
2024-04-06 13:00:00,10325.307821961733
2024-04-06 14:00:00,10336.482097632186
2024-04-06 15:00:00,10340.663329150915
2024-04-06 16:00:00,10342.163874740949
2024-04-06 17:00:00,10347.63014796178
2024-04-06 18:00:00,10348.389542614486
2024-04-06 19:00:00,10346.591776494715
2024-04-06 20:00:00,10351.533542898364
2024-04-06 21:00:00,10348.09954355542
2024-04-06 22:00:00,10376.846697988574
2024-04-06 23:00:00,10370.765459528464
2024-04-07 00:00:00,10374.717884450132
2024-04-07 01:00:00,10395.30515710203
2024-04-07 02:00:00,10386.120586640243
2024-04-07 03:00:00,10390.227322987837
2024-04-07 04:00:00,10386.289341007512
2024-04-07 05:00:00,10389.836223339371
2024-04-07 06:00:00,10383.995573875838
2024-04-07 07:00:00,10388.553462101692
2024-04-07 08:00:00,10392.961599830465
2024-04-07 09:00:00,10385.740129159083
2024-04-07 10:00:00,10387.190124454415
2024-04-07 11:00:00,10388.287027841658
2024-04-07 12:00:00,10387.488485216365
2024-04-07 13:00:00,10388.018313117202
2024-04-07 14:00:00,10396.703461870451
2024-04-07 15:00:00,10395.384593279416
2024-04-07 16:00:00,10415.53857769103
2024-04-07 17:00:00,10405.048821424742
2024-04-07 18:00:00,10389.54166335146
2024-04-07 19:00:00,10377.303170950487
2024-04-07 20:00:00,10386.488881644484
2024-04-07 21:00:00,10375.907906801296
2024-04-07 22:00:00,10382.319812602675
2024-04-07 23:00:00,10388.415874081533
2024-04-08 00:00:00,10387.108407812608
2024-04-08 01:00:00,10391.328407226521
2024-04-08 02:00:00,10383.384029333194
2024-04-08 03:00:00,10392.16191697296
2024-04-08 04:00:00,10389.23722135105
2024-04-08 05:00:00,10401.39931819387
2024-04-08 06:00:00,10404.755401669041
2024-04-08 07:00:00,10439.279352561898
2024-04-08 08:00:00,10487.52523796259
2024-04-08 09:00:00,10496.238512443719
2024-04-08 10:00:00,10501.05523338153
2024-04-08 11:00:00,10504.096612766392
2024-04-08 12:00:00,10495.583639077046
2024-04-08 13:00:00,10486.62483459309
2024-04-08 14:00:00,10478.327364791674
2024-04-08 15:00:00,10480.150976174898
2024-04-08 16:00:00,10478.86327393097
2024-04-08 17:00:00,10477.309897581816
2024-04-08 18:00:00,10485.267958261678
2024-04-08 19:00:00,10479.847674406701
2024-04-08 20:00:00,10477.794876349011
2024-04-08 21:00:00,10477.035481696304
2024-04-08 22:00:00,10485.552256159688
2024-04-08 23:00:00,10474.29854431185
2024-04-09 00:00:00,10466.696616159308
2024-04-09 01:00:00,10461.20335744281
2024-04-09 02:00:00,10468.880160843892
2024-04-09 03:00:00,10461.565951285993
2024-04-09 04:00:00,10458.639735354469
2024-04-09 05:00:00,10452.862178739959
2024-04-09 06:00:00,10441.828151631493
2024-04-09 07:00:00,10427.32059713009
2024-04-09 08:00:00,10431.730255168479
2024-04-09 09:00:00,10427.631880523768
2024-04-09 10:00:00,10434.26271090971
2024-04-09 11:00:00,10442.936457340847
2024-04-09 12:00:00,10438.951345762456
2024-04-09 13:00:00,10409.98944759618
2024-04-09 14:00:00,10388.337198058955
2024-04-09 15:00:00,10384.752307986719
2024-04-09 16:00:00,10359.562297975326
2024-04-09 17:00:00,10368.02852214401
2024-04-09 18:00:00,10370.128069722363
2024-04-09 19:00:00,10374.747530487626
2024-04-09 20:00:00,10381.22480960245
2024-04-09 21:00:00,10382.845459652071
2024-04-09 22:00:00,10387.09548518088
2024-04-09 23:00:00,10380.267394622388
2024-04-10 00:00:00,10379.994118969085
2024-04-10 01:00:00,10384.97085249388
2024-04-10 02:00:00,10361.490810721987
2024-04-10 03:00:00,10380.426266977158
2024-04-10 04:00:00,10379.823844292203
2024-04-10 05:00:00,10384.441404670446
2024-04-10 06:00:00,10388.75262266126
2024-04-10 07:00:00,10387.499507461074
2024-04-10 08:00:00,10375.171316792814
2024-04-10 09:00:00,10380.008941987833
2024-04-10 10:00:00,10372.134118259393
2024-04-10 11:00:00,10376.352597363692
2024-04-10 12:00:00,10335.798338382827
2024-04-10 13:00:00,10346.583794869237
2024-04-10 14:00:00,10363.431866022975
2024-04-10 15:00:00,10361.693772055594
2024-04-10 16:00:00,10393.722134715383
2024-04-10 17:00:00,10388.02515451047
2024-04-10 18:00:00,10386.665237559828
2024-04-10 19:00:00,10415.918275017382
2024-04-10 20:00:00,10405.580929790001
2024-04-10 21:00:00,10413.372136489616
2024-04-10 22:00:00,10432.794091821594
2024-04-10 23:00:00,10436.71192969952
2024-04-11 00:00:00,10432.490409975991
2024-04-11 01:00:00,10433.754927498292
2024-04-11 02:00:00,10450.568791685691
2024-04-11 03:00:00,10445.096057148994
2024-04-11 04:00:00,10435.68306016755
2024-04-11 05:00:00,10434.92214520523
2024-04-11 06:00:00,10440.008721099708
2024-04-11 07:00:00,10440.699321742335
2024-04-11 08:00:00,10452.23087017232
2024-04-11 09:00:00,10435.682680090147
2024-04-11 10:00:00,10430.209185398644
2024-04-11 11:00:00,10412.085954555301
2024-04-11 12:00:00,10445.368192570084
2024-04-11 13:00:00,10423.520203169925
2024-04-11 14:00:00,10397.543432932755
2024-04-11 15:00:00,10412.726004903228
2024-04-11 16:00:00,10413.181717710333
2024-04-11 17:00:00,10420.479203862466
2024-04-11 18:00:00,10416.517277005703
2024-04-11 19:00:00,10430.197022921722
2024-04-11 20:00:00,10431.715432149731
2024-04-11 21:00:00,10417.112478219988
2024-04-11 22:00:00,10418.475055712455
2024-04-11 23:00:00,10412.96279312577
2024-04-12 00:00:00,10424.190279632749
2024-04-12 01:00:00,10423.368552285827
2024-04-12 02:00:00,10436.896267240343
2024-04-12 03:00:00,10449.869829340181
2024-04-12 04:00:00,10455.142263085098
2024-04-12 05:00:00,10449.073567179312
2024-04-12 06:00:00,10445.832647157475
2024-04-12 07:00:00,10441.76429862766
2024-04-12 08:00:00,10441.611507511352
2024-04-12 09:00:00,10437.50705162818
2024-04-12 10:00:00,10442.615291934673
2024-04-12 11:00:00,10447.085382280258
2024-04-12 12:00:00,10433.03126012154
2024-04-12 13:00:00,10408.46913798115
2024-04-12 14:00:00,10384.980734506376
2024-04-12 15:00:00,10387.918352760014
2024-04-12 16:00:00,10368.657550247228
2024-04-12 17:00:00,10342.032367959247
2024-04-12 18:00:00,10260.62953610923
2024-04-12 19:00:00,10260.62953610923
2024-04-12 20:00:00,10260.62953610923
2024-04-12 21:00:00,10260.62953610923
2024-04-12 22:00:00,10260.62953610923
2024-04-12 23:00:00,10260.62953610923
2024-04-13 00:00:00,10260.62953610923
2024-04-13 01:00:00,10260.62953610923
2024-04-13 02:00:00,10260.62953610923
2024-04-13 03:00:00,10260.62953610923
2024-04-13 04:00:00,10260.62953610923
2024-04-13 05:00:00,10260.62953610923
2024-04-13 06:00:00,10260.62953610923
2024-04-13 07:00:00,10260.62953610923
2024-04-13 08:00:00,10260.62953610923
2024-04-13 09:00:00,10260.62953610923
2024-04-13 10:00:00,10260.62953610923
2024-04-13 11:00:00,10260.62953610923
2024-04-13 12:00:00,10260.62953610923
2024-04-13 13:00:00,10260.62953610923
2024-04-13 14:00:00,10260.62953610923
2024-04-13 15:00:00,10260.62953610923
2024-04-13 16:00:00,10260.62953610923
2024-04-13 17:00:00,10260.62953610923
2024-04-13 18:00:00,10260.62953610923
2024-04-13 19:00:00,10260.62953610923
2024-04-13 20:00:00,10260.62953610923
2024-04-13 21:00:00,10260.62953610923
2024-04-13 22:00:00,10260.62953610923
2024-04-13 23:00:00,10260.62953610923
2024-04-14 00:00:00,10260.62953610923
2024-04-14 01:00:00,10260.62953610923
2024-04-14 02:00:00,10260.62953610923
2024-04-14 03:00:00,10260.62953610923
2024-04-14 04:00:00,10260.62953610923
2024-04-14 05:00:00,10260.62953610923
2024-04-14 06:00:00,10260.62953610923
2024-04-14 07:00:00,10260.62953610923
2024-04-14 08:00:00,10260.62953610923
2024-04-14 09:00:00,10260.62953610923
2024-04-14 10:00:00,10260.62953610923
2024-04-14 11:00:00,10260.62953610923
2024-04-14 12:00:00,10260.62953610923
2024-04-14 13:00:00,10260.62953610923
2024-04-14 14:00:00,10260.62953610923
2024-04-14 15:00:00,10260.62953610923
2024-04-14 16:00:00,10260.62953610923
2024-04-14 17:00:00,10260.62953610923
2024-04-14 18:00:00,10260.62953610923
2024-04-14 19:00:00,10260.62953610923
2024-04-14 20:00:00,10260.62953610923
2024-04-14 21:00:00,10260.62953610923
2024-04-14 22:00:00,10260.62953610923
2024-04-14 23:00:00,10260.62953610923
2024-04-15 00:00:00,10260.62953610923
2024-04-15 01:00:00,10260.62953610923
2024-04-15 02:00:00,10260.62953610923
2024-04-15 03:00:00,10260.62953610923
2024-04-15 04:00:00,10260.62953610923
2024-04-15 05:00:00,10260.62953610923
2024-04-15 06:00:00,10260.62953610923
2024-04-15 07:00:00,10260.62953610923
2024-04-15 08:00:00,10260.62953610923
2024-04-15 09:00:00,10260.62953610923
2024-04-15 10:00:00,10260.62953610923
2024-04-15 11:00:00,10260.62953610923
2024-04-15 12:00:00,10260.62953610923
2024-04-15 13:00:00,10260.62953610923
2024-04-15 14:00:00,10260.62953610923
2024-04-15 15:00:00,10260.62953610923
2024-04-15 16:00:00,10260.62953610923
2024-04-15 17:00:00,10260.62953610923
2024-04-15 18:00:00,10260.62953610923
2024-04-15 19:00:00,10260.62953610923
2024-04-15 20:00:00,10260.62953610923
2024-04-15 21:00:00,10260.62953610923
2024-04-15 22:00:00,10260.62953610923
2024-04-15 23:00:00,10260.62953610923
2024-04-16 00:00:00,10260.62953610923
2024-04-16 01:00:00,10260.62953610923
2024-04-16 02:00:00,10260.62953610923
2024-04-16 03:00:00,10260.62953610923
2024-04-16 04:00:00,10260.62953610923
2024-04-16 05:00:00,10260.62953610923
2024-04-16 06:00:00,10260.62953610923
2024-04-16 07:00:00,10260.62953610923
2024-04-16 08:00:00,10260.62953610923
2024-04-16 09:00:00,10260.62953610923
2024-04-16 10:00:00,10260.62953610923
2024-04-16 11:00:00,10260.62953610923
2024-04-16 12:00:00,10260.62953610923
2024-04-16 13:00:00,10260.62953610923
2024-04-16 14:00:00,10260.62953610923
2024-04-16 15:00:00,10260.62953610923
2024-04-16 16:00:00,10260.62953610923
2024-04-16 17:00:00,10260.62953610923
2024-04-16 18:00:00,10260.62953610923
2024-04-16 19:00:00,10260.62953610923
2024-04-16 20:00:00,10260.62953610923
2024-04-16 21:00:00,10260.62953610923
2024-04-16 22:00:00,10260.62953610923
2024-04-16 23:00:00,10260.62953610923
2024-04-17 00:00:00,10260.62953610923
2024-04-17 01:00:00,10260.62953610923
2024-04-17 02:00:00,10260.62953610923
2024-04-17 03:00:00,10260.62953610923
2024-04-17 04:00:00,10260.62953610923
2024-04-17 05:00:00,10260.62953610923
2024-04-17 06:00:00,10260.62953610923
2024-04-17 07:00:00,10260.62953610923
2024-04-17 08:00:00,10260.62953610923
2024-04-17 09:00:00,10260.62953610923
2024-04-17 10:00:00,10260.62953610923
2024-04-17 11:00:00,10260.62953610923
2024-04-17 12:00:00,10260.62953610923
2024-04-17 13:00:00,10260.62953610923
2024-04-17 14:00:00,10260.62953610923
2024-04-17 15:00:00,10260.62953610923
2024-04-17 16:00:00,10260.62953610923
2024-04-17 17:00:00,10260.62953610923
2024-04-17 18:00:00,10260.62953610923
2024-04-17 19:00:00,10260.62953610923
2024-04-17 20:00:00,10260.62953610923
2024-04-17 21:00:00,10260.62953610923
2024-04-17 22:00:00,10260.62953610923
2024-04-17 23:00:00,10260.62953610923
2024-04-18 00:00:00,10260.62953610923
2024-04-18 01:00:00,10260.62953610923
2024-04-18 02:00:00,10260.62953610923
2024-04-18 03:00:00,10260.62953610923
2024-04-18 04:00:00,10260.62953610923
2024-04-18 05:00:00,10260.62953610923
2024-04-18 06:00:00,10260.62953610923
2024-04-18 07:00:00,10260.62953610923
2024-04-18 08:00:00,10260.62953610923
2024-04-18 09:00:00,10260.62953610923
2024-04-18 10:00:00,10260.62953610923
2024-04-18 11:00:00,10260.62953610923
2024-04-18 12:00:00,10260.62953610923
2024-04-18 13:00:00,10260.62953610923
2024-04-18 14:00:00,10260.62953610923
2024-04-18 15:00:00,10260.62953610923
2024-04-18 16:00:00,10260.62953610923
2024-04-18 17:00:00,10260.62953610923
2024-04-18 18:00:00,10260.62953610923
2024-04-18 19:00:00,10260.62953610923
2024-04-18 20:00:00,10260.62953610923
2024-04-18 21:00:00,10260.62953610923
2024-04-18 22:00:00,10260.62953610923
2024-04-18 23:00:00,10260.62953610923
2024-04-19 00:00:00,10260.62953610923
2024-04-19 01:00:00,10260.62953610923
2024-04-19 02:00:00,10260.62953610923
2024-04-19 03:00:00,10260.62953610923
2024-04-19 04:00:00,10260.62953610923
2024-04-19 05:00:00,10260.62953610923
2024-04-19 06:00:00,10260.62953610923
2024-04-19 07:00:00,10260.62953610923
2024-04-19 08:00:00,10260.62953610923
2024-04-19 09:00:00,10260.62953610923
2024-04-19 10:00:00,10260.62953610923
2024-04-19 11:00:00,10263.030084357704
2024-04-19 12:00:00,10266.768377565142
2024-04-19 13:00:00,10264.33502376532
2024-04-19 14:00:00,10246.461272261384
2024-04-19 15:00:00,10245.869557243372
2024-04-19 16:00:00,10228.794522064753
2024-04-19 17:00:00,10253.414616366017
2024-04-19 18:00:00,10236.586557890567
2024-04-19 19:00:00,10241.439808426258
2024-04-19 20:00:00,10230.31239971965
2024-04-19 21:00:00,10244.331889788538
2024-04-19 22:00:00,10229.061288567855
2024-04-19 23:00:00,10221.363452189724
2024-04-20 00:00:00,10206.580471639401
2024-04-20 01:00:00,10214.951161215273
2024-04-20 02:00:00,10221.997121583594
2024-04-20 03:00:00,10226.82504117537
2024-04-20 04:00:00,10233.833400923819
2024-04-20 05:00:00,10234.85969994837
2024-04-20 06:00:00,10230.38997573539
2024-04-20 07:00:00,10227.031646686675
2024-04-20 08:00:00,10217.858282825502
2024-04-20 09:00:00,10213.328793416724
2024-04-20 10:00:00,10211.439659115073
2024-04-20 11:00:00,10216.976449340465
2024-04-20 12:00:00,10221.603700360916
2024-04-20 13:00:00,10223.640070774074
2024-04-20 14:00:00,10226.006930846119
2024-04-20 15:00:00,10260.560713122002
2024-04-20 16:00:00,10257.825366975194
2024-04-20 17:00:00,10276.06206340991
2024-04-20 18:00:00,10266.724840005289
2024-04-20 19:00:00,10262.859892078275
2024-04-20 20:00:00,10257.366243616738
2024-04-20 21:00:00,10257.300541480958
2024-04-20 22:00:00,10252.849023883917
2024-04-20 23:00:00,10265.794719408414
2024-04-21 00:00:00,10258.646247876435
2024-04-21 01:00:00,10266.008845043694
2024-04-21 02:00:00,10279.940468400877
2024-04-21 03:00:00,10274.874675413901
2024-04-21 04:00:00,10270.362601029063
2024-04-21 05:00:00,10269.246852108812
2024-04-21 06:00:00,10270.046360026126
2024-04-21 07:00:00,10274.109205952473
2024-04-21 08:00:00,10265.250104114244
2024-04-21 09:00:00,10264.20084892177
2024-04-21 10:00:00,10266.345667438562
2024-04-21 11:00:00,10277.408165601388
2024-04-21 12:00:00,10268.313960939948
2024-04-21 13:00:00,10263.475750652206
2024-04-21 14:00:00,10263.930916050676
2024-04-21 15:00:00,10269.875376154701
2024-04-21 16:00:00,10251.458196744592
2024-04-21 17:00:00,10261.100974660187
2024-04-21 18:00:00,10259.121994666837
2024-04-21 19:00:00,10249.860368297961
2024-04-21 20:00:00,10254.141693615573
2024-04-21 21:00:00,10254.756364801508
2024-04-21 22:00:00,10269.350154864465
2024-04-21 23:00:00,10265.816883984338
2024-04-22 00:00:00,10264.54281666462
2024-04-22 01:00:00,10254.609920282
2024-04-22 02:00:00,10260.495010986224
2024-04-22 03:00:00,10295.990391942942
2024-04-22 04:00:00,10297.37488634629
2024-04-22 05:00:00,10322.68643625723
2024-04-22 06:00:00,10319.599623263603
2024-04-22 07:00:00,10306.934151306164
2024-04-22 08:00:00,10306.205490872613
2024-04-22 09:00:00,10305.271808111751
2024-04-22 10:00:00,10309.632688425098
2024-04-22 11:00:00,10302.876054931803
2024-04-22 12:00:00,10307.546843512106
2024-04-22 13:00:00,10312.237817688343
2024-04-22 14:00:00,10308.98318719128
2024-04-22 15:00:00,10307.503305952252
2024-04-22 16:00:00,10313.849894790925
2024-04-22 17:00:00,10329.098727231682
2024-04-22 18:00:00,10320.833319391457
2024-04-22 19:00:00,10328.495929925708
2024-04-22 20:00:00,10327.891549435739
2024-04-22 21:00:00,10328.58181765742
2024-04-22 22:00:00,10348.412384578778
2024-04-22 23:00:00,10340.154101066531
2024-04-23 00:00:00,10348.419113110756
2024-04-23 01:00:00,10338.59783119976
2024-04-23 02:00:00,10332.0984651056
2024-04-23 03:00:00,10324.943265041646
2024-04-23 04:00:00,10317.38395726305
2024-04-23 05:00:00,10327.12014303433
2024-04-23 06:00:00,10322.693164789207
2024-04-23 07:00:00,10311.675391574232
2024-04-23 08:00:00,10316.2381278469
2024-04-23 09:00:00,10310.060543899659
2024-04-23 10:00:00,10316.066748179475
2024-04-23 11:00:00,10309.466849901655
2024-04-23 12:00:00,10313.06542712156
2024-04-23 13:00:00,10327.883237719767
2024-04-23 14:00:00,10343.7344716705
2024-04-23 15:00:00,10324.3317602237
2024-04-23 16:00:00,10337.305953060102
2024-04-23 17:00:00,10337.557283519258
2024-04-23 18:00:00,10338.738734575287
2024-04-23 19:00:00,10326.899288867073
2024-04-23 20:00:00,10321.694967280562
2024-04-23 21:00:00,10321.658158252685
2024-04-23 22:00:00,10322.087201115244
2024-04-23 23:00:00,10324.11169764844
2024-04-24 00:00:00,10337.10132652879
2024-04-24 01:00:00,10337.14328090465
2024-04-24 02:00:00,10328.70332702901
2024-04-24 03:00:00,10331.795681166619
2024-04-24 04:00:00,10347.621979969435
2024-04-24 05:00:00,10336.819123981737
2024-04-24 06:00:00,10338.528962695991
2024-04-24 07:00:00,10332.696512859591
2024-04-24 08:00:00,10328.86085383648
2024-04-24 09:00:00,10322.212272650824
2024-04-24 10:00:00,10324.834025346014
2024-04-24 11:00:00,10330.34627621949
2024-04-24 12:00:00,10321.698133648551
2024-04-24 13:00:00,10309.902225500191
2024-04-24 14:00:00,10277.441412465276
2024-04-24 15:00:00,10252.714453244369
2024-04-24 16:00:00,10260.151064263378
2024-04-24 17:00:00,10263.771410263213
2024-04-24 18:00:00,10233.59473593662
2024-04-24 19:00:00,10227.619007948702
2024-04-24 20:00:00,10232.920299554888
2024-04-24 21:00:00,10244.373448368398
2024-04-24 22:00:00,10232.366185156749
2024-04-24 23:00:00,10240.028399895
2024-04-25 00:00:00,10250.6222755954
2024-04-25 01:00:00,10231.257164768476
2024-04-25 02:00:00,10240.43963193762
2024-04-25 03:00:00,10239.72838652801
2024-04-25 04:00:00,10241.944052528563
2024-04-25 05:00:00,10237.40704299581
2024-04-25 06:00:00,10239.965468331213
2024-04-25 07:00:00,10229.278580571125
2024-04-25 08:00:00,10226.539276464331
2024-04-25 09:00:00,10227.221628766038
2024-04-25 10:00:00,10207.273114637073
2024-04-25 11:00:00,10223.074082495976
2024-04-25 12:00:00,10205.999047317355
2024-04-25 13:00:00,10205.965404657469
2024-04-25 14:00:00,10204.223506467322
2024-04-25 15:00:00,10233.946994375437
2024-04-25 16:00:00,10246.19727633027
2024-04-25 17:00:00,10256.430581875882
2024-04-25 18:00:00,10256.751176634803
2024-04-25 19:00:00,10258.136858426147
2024-04-25 20:00:00,10260.004223947872
2024-04-25 21:00:00,10256.668455271083
2024-04-25 22:00:00,10252.432646493316
2024-04-25 23:00:00,10248.290641367235
2024-04-26 00:00:00,10240.71866811668
2024-04-26 01:00:00,10244.51593492792
2024-04-26 02:00:00,10248.352781339026
2024-04-26 03:00:00,10243.65587022281
2024-04-26 04:00:00,10236.911902201473
2024-04-26 05:00:00,10250.493246099833
2024-04-26 06:00:00,10243.5106130913
2024-04-26 07:00:00,10239.528113752682
2024-04-26 08:00:00,10244.893128514654
2024-04-26 09:00:00,10247.366457710341
2024-04-26 10:00:00,10232.524899352216
2024-04-26 11:00:00,10238.224757529062
2024-04-26 12:00:00,10234.218114634527
2024-04-26 13:00:00,10248.356739299013
2024-04-26 14:00:00,10222.794254724915
2024-04-26 15:00:00,10208.904189947592
2024-04-26 16:00:00,10215.208824410407
2024-04-26 17:00:00,10228.899012208401
2024-04-26 18:00:00,10230.941319561538
2024-04-26 19:00:00,10218.356985783827
2024-04-26 20:00:00,10227.236273217988
2024-04-26 21:00:00,10230.940132173542
2024-04-26 22:00:00,10221.518604221203
2024-04-26 23:00:00,10219.463631396107
2024-04-27 00:00:00,10196.190035082318
2024-04-27 01:00:00,10172.889128844621
2024-04-27 02:00:00,10186.215184323839
2024-04-27 03:00:00,10192.232866687616
2024-04-27 04:00:00,10190.909324868064
2024-04-27 05:00:00,10188.521883404088
2024-04-27 06:00:00,10190.0951724988
2024-04-27 07:00:00,10187.674088374935
2024-04-27 08:00:00,10189.620613096395
2024-04-27 09:00:00,10188.371480924592
2024-04-27 10:00:00,10180.912705329658
2024-04-27 11:00:00,10183.53050006486
2024-04-27 12:00:00,10190.35718944992
2024-04-27 13:00:00,10197.97507503632
2024-04-27 14:00:00,10194.197598025014
2024-04-27 15:00:00,10187.077228008942
2024-04-27 16:00:00,10179.092043735776
2024-04-27 17:00:00,10205.460368963166
2024-04-27 18:00:00,10202.406407037428
2024-04-27 19:00:00,10202.923316611692
2024-04-27 20:00:00,10199.98967666955
2024-04-27 21:00:00,10200.44800843601
2024-04-27 22:00:00,10199.277243871944
2024-04-27 23:00:00,10207.271927249078
2024-04-28 00:00:00,10213.390537592517
2024-04-28 01:00:00,10212.877190182242
2024-04-28 02:00:00,10226.587563576168
2024-04-28 03:00:00,10229.422254518642
2024-04-28 04:00:00,10222.358087534381
2024-04-28 05:00:00,10226.745486179638
2024-04-28 06:00:00,10227.265957917889
2024-04-28 07:00:00,10225.222067380757
2024-04-28 08:00:00,10217.087668016093
2024-04-28 09:00:00,10219.040921269529
2024-04-28 10:00:00,10216.474975810152
2024-04-28 11:00:00,10208.143865834149
2024-04-28 12:00:00,10212.340095012047
2024-04-28 13:00:00,10219.678152827388
2024-04-28 14:00:00,10213.019280945764
2024-04-28 15:00:00,10210.359927630701
2024-04-28 16:00:00,10216.905601856704
2024-04-28 17:00:00,10219.402678812314
2024-04-28 18:00:00,10225.558098183628
2024-04-28 19:00:00,10217.899445609364
2024-04-28 20:00:00,10216.138549211282
2024-04-28 21:00:00,10215.188243018476
2024-04-28 22:00:00,10194.965442262433
2024-04-28 23:00:00,10193.681875838747
2024-04-29 00:00:00,10199.175920096284
2024-04-29 01:00:00,10198.169410871667
2024-04-29 02:00:00,10177.363602609585
2024-04-29 03:00:00,10157.453592620011
2024-04-29 04:00:00,10157.453592620011
2024-04-29 05:00:00,10157.453592620011
2024-04-29 06:00:00,10157.453592620011
2024-04-29 07:00:00,10157.453592620011
2024-04-29 08:00:00,10157.453592620011
2024-04-29 09:00:00,10157.453592620011
2024-04-29 10:00:00,10157.453592620011
2024-04-29 11:00:00,10157.453592620011
2024-04-29 12:00:00,10157.453592620011
2024-04-29 13:00:00,10157.453592620011
2024-04-29 14:00:00,10157.453592620011
2024-04-29 15:00:00,10157.453592620011
2024-04-29 16:00:00,10157.453592620011
2024-04-29 17:00:00,10157.453592620011
2024-04-29 18:00:00,10157.453592620011
2024-04-29 19:00:00,10157.453592620011
2024-04-29 20:00:00,10157.453592620011
2024-04-29 21:00:00,10157.453592620011
2024-04-29 22:00:00,10157.453592620011
2024-04-29 23:00:00,10157.453592620011
2024-04-30 00:00:00,10157.453592620011
2024-04-30 01:00:00,10157.453592620011
2024-04-30 02:00:00,10157.453592620011
2024-04-30 03:00:00,10157.453592620011
2024-04-30 04:00:00,10157.453592620011
2024-04-30 05:00:00,10157.453592620011
2024-04-30 06:00:00,10157.453592620011
2024-04-30 07:00:00,10157.453592620011
2024-04-30 08:00:00,10157.453592620011
2024-04-30 09:00:00,10157.453592620011
2024-04-30 10:00:00,10157.453592620011
2024-04-30 11:00:00,10157.453592620011
2024-04-30 12:00:00,10157.453592620011
2024-04-30 13:00:00,10157.453592620011
2024-04-30 14:00:00,10157.453592620011
2024-04-30 15:00:00,10157.453592620011
2024-04-30 16:00:00,10157.453592620011
2024-04-30 17:00:00,10157.453592620011
2024-04-30 18:00:00,10157.453592620011
2024-04-30 19:00:00,10157.453592620011
2024-04-30 20:00:00,10157.453592620011
2024-04-30 21:00:00,10157.453592620011
2024-04-30 22:00:00,10157.453592620011
2024-04-30 23:00:00,10157.453592620011
2024-05-01 00:00:00,10157.453592620011
2024-05-01 01:00:00,10157.453592620011
2024-05-01 02:00:00,10157.453592620011
2024-05-01 03:00:00,10157.453592620011
2024-05-01 04:00:00,10157.453592620011
2024-05-01 05:00:00,10157.453592620011
2024-05-01 06:00:00,10157.453592620011
2024-05-01 07:00:00,10157.453592620011
2024-05-01 08:00:00,10157.453592620011
2024-05-01 09:00:00,10157.453592620011
2024-05-01 10:00:00,10157.453592620011
2024-05-01 11:00:00,10157.453592620011
2024-05-01 12:00:00,10157.453592620011
2024-05-01 13:00:00,10157.453592620011
2024-05-01 14:00:00,10157.453592620011
2024-05-01 15:00:00,10157.453592620011
2024-05-01 16:00:00,10157.453592620011
2024-05-01 17:00:00,10157.453592620011
2024-05-01 18:00:00,10157.453592620011
2024-05-01 19:00:00,10157.453592620011
2024-05-01 20:00:00,10157.453592620011
2024-05-01 21:00:00,10157.453592620011
2024-05-01 22:00:00,10157.453592620011
2024-05-01 23:00:00,10157.453592620011
2024-05-02 00:00:00,10157.453592620011
2024-05-02 01:00:00,10157.453592620011
2024-05-02 02:00:00,10157.453592620011
2024-05-02 03:00:00,10157.453592620011
2024-05-02 04:00:00,10157.453592620011
2024-05-02 05:00:00,10157.453592620011
2024-05-02 06:00:00,10157.453592620011
2024-05-02 07:00:00,10157.453592620011
2024-05-02 08:00:00,10157.453592620011
2024-05-02 09:00:00,10157.453592620011
2024-05-02 10:00:00,10157.453592620011
2024-05-02 11:00:00,10157.453592620011
2024-05-02 12:00:00,10157.453592620011
2024-05-02 13:00:00,10157.453592620011
2024-05-02 14:00:00,10157.453592620011
2024-05-02 15:00:00,10157.453592620011
2024-05-02 16:00:00,10157.453592620011
2024-05-02 17:00:00,10157.453592620011
2024-05-02 18:00:00,10157.453592620011
2024-05-02 19:00:00,10157.453592620011
2024-05-02 20:00:00,10157.453592620011
2024-05-02 21:00:00,10157.453592620011
2024-05-02 22:00:00,10157.453592620011
2024-05-02 23:00:00,10157.453592620011
2024-05-03 00:00:00,10157.453592620011
2024-05-03 01:00:00,10157.453592620011
2024-05-03 02:00:00,10157.453592620011
2024-05-03 03:00:00,10157.453592620011
2024-05-03 04:00:00,10157.453592620011
2024-05-03 05:00:00,10157.453592620011
2024-05-03 06:00:00,10157.453592620011
2024-05-03 07:00:00,10157.453592620011
2024-05-03 08:00:00,10157.453592620011
2024-05-03 09:00:00,10157.453592620011
2024-05-03 10:00:00,10157.453592620011
2024-05-03 11:00:00,10157.453592620011
2024-05-03 12:00:00,10157.453592620011
2024-05-03 13:00:00,10157.453592620011
2024-05-03 14:00:00,10157.453592620011
2024-05-03 15:00:00,10157.453592620011
2024-05-03 16:00:00,10157.453592620011
2024-05-03 17:00:00,10157.453592620011
2024-05-03 18:00:00,10157.453592620011
2024-05-03 19:00:00,10157.453592620011
2024-05-03 20:00:00,10157.453592620011
2024-05-03 21:00:00,10157.453592620011
2024-05-03 22:00:00,10157.453592620011
2024-05-03 23:00:00,10157.453592620011
2024-05-04 00:00:00,10157.453592620011
2024-05-04 01:00:00,10157.453592620011
2024-05-04 02:00:00,10157.453592620011
2024-05-04 03:00:00,10157.453592620011
2024-05-04 04:00:00,10157.453592620011
2024-05-04 05:00:00,10157.453592620011
2024-05-04 06:00:00,10157.453592620011
2024-05-04 07:00:00,10157.453592620011
2024-05-04 08:00:00,10157.453592620011
2024-05-04 09:00:00,10157.453592620011
2024-05-04 10:00:00,10157.453592620011
2024-05-04 11:00:00,10157.453592620011
2024-05-04 12:00:00,10157.453592620011
2024-05-04 13:00:00,10157.453592620011
2024-05-04 14:00:00,10157.453592620011
2024-05-04 15:00:00,10157.453592620011
2024-05-04 16:00:00,10157.453592620011
2024-05-04 17:00:00,10157.453592620011
2024-05-04 18:00:00,10157.453592620011
2024-05-04 19:00:00,10157.453592620011
2024-05-04 20:00:00,10157.453592620011
2024-05-04 21:00:00,10157.453592620011
2024-05-04 22:00:00,10157.453592620011
2024-05-04 23:00:00,10157.453592620011
2024-05-05 00:00:00,10157.453592620011
2024-05-05 01:00:00,10157.453592620011
2024-05-05 02:00:00,10157.453592620011
2024-05-05 03:00:00,10157.453592620011
2024-05-05 04:00:00,10157.453592620011
2024-05-05 05:00:00,10157.453592620011
2024-05-05 06:00:00,10157.453592620011
2024-05-05 07:00:00,10157.453592620011
2024-05-05 08:00:00,10157.453592620011
2024-05-05 09:00:00,10157.453592620011
2024-05-05 10:00:00,10157.453592620011
2024-05-05 11:00:00,10157.453592620011
2024-05-05 12:00:00,10157.453592620011
2024-05-05 13:00:00,10157.453592620011
2024-05-05 14:00:00,10157.453592620011
2024-05-05 15:00:00,10157.453592620011
2024-05-05 16:00:00,10157.453592620011
2024-05-05 17:00:00,10157.453592620011
2024-05-05 18:00:00,10157.453592620011
2024-05-05 19:00:00,10157.453592620011
2024-05-05 20:00:00,10157.453592620011
2024-05-05 21:00:00,10157.453592620011
2024-05-05 22:00:00,10157.453592620011
2024-05-05 23:00:00,10157.453592620011
2024-05-06 00:00:00,10157.453592620011
2024-05-06 01:00:00,10157.453592620011
2024-05-06 02:00:00,10157.453592620011
2024-05-06 03:00:00,10157.453592620011
2024-05-06 04:00:00,10157.453592620011
2024-05-06 05:00:00,10157.453592620011
2024-05-06 06:00:00,10157.453592620011
2024-05-06 07:00:00,10157.453592620011
2024-05-06 08:00:00,10157.453592620011
2024-05-06 09:00:00,10157.453592620011
2024-05-06 10:00:00,10157.453592620011
2024-05-06 11:00:00,10157.453592620011
2024-05-06 12:00:00,10157.453592620011
2024-05-06 13:00:00,10157.453592620011
2024-05-06 14:00:00,10157.453592620011
2024-05-06 15:00:00,10157.453592620011
2024-05-06 16:00:00,10157.453592620011
2024-05-06 17:00:00,10157.453592620011
2024-05-06 18:00:00,10157.453592620011
2024-05-06 19:00:00,10157.453592620011
2024-05-06 20:00:00,10157.453592620011
2024-05-06 21:00:00,10157.453592620011
2024-05-06 22:00:00,10157.453592620011
2024-05-06 23:00:00,10157.453592620011
2024-05-07 00:00:00,10157.453592620011
2024-05-07 01:00:00,10157.453592620011
2024-05-07 02:00:00,10157.453592620011
2024-05-07 03:00:00,10157.453592620011
2024-05-07 04:00:00,10157.453592620011
2024-05-07 05:00:00,10157.453592620011
2024-05-07 06:00:00,10157.453592620011
2024-05-07 07:00:00,10157.453592620011
2024-05-07 08:00:00,10157.453592620011
2024-05-07 09:00:00,10157.453592620011
2024-05-07 10:00:00,10157.453592620011
2024-05-07 11:00:00,10157.453592620011
2024-05-07 12:00:00,10157.453592620011
2024-05-07 13:00:00,10157.453592620011
2024-05-07 14:00:00,10157.453592620011
2024-05-07 15:00:00,10157.453592620011
2024-05-07 16:00:00,10157.453592620011
2024-05-07 17:00:00,10157.453592620011
2024-05-07 18:00:00,10157.453592620011
2024-05-07 19:00:00,10157.453592620011
2024-05-07 20:00:00,10157.453592620011
2024-05-07 21:00:00,10157.453592620011
2024-05-07 22:00:00,10157.453592620011
2024-05-07 23:00:00,10157.453592620011
2024-05-08 00:00:00,10157.453592620011
2024-05-08 01:00:00,10157.453592620011
2024-05-08 02:00:00,10157.453592620011
2024-05-08 03:00:00,10157.453592620011
2024-05-08 04:00:00,10157.453592620011
2024-05-08 05:00:00,10157.453592620011
2024-05-08 06:00:00,10157.453592620011
2024-05-08 07:00:00,10157.453592620011
2024-05-08 08:00:00,10157.453592620011
2024-05-08 09:00:00,10157.453592620011
2024-05-08 10:00:00,10157.453592620011
2024-05-08 11:00:00,10157.453592620011
2024-05-08 12:00:00,10157.453592620011
2024-05-08 13:00:00,10157.453592620011
2024-05-08 14:00:00,10157.453592620011
2024-05-08 15:00:00,10157.453592620011
2024-05-08 16:00:00,10157.453592620011
2024-05-08 17:00:00,10157.453592620011
2024-05-08 18:00:00,10157.453592620011
2024-05-08 19:00:00,10157.453592620011
2024-05-08 20:00:00,10157.453592620011
2024-05-08 21:00:00,10157.453592620011
2024-05-08 22:00:00,10157.453592620011
2024-05-08 23:00:00,10157.453592620011
2024-05-09 00:00:00,10157.453592620011
2024-05-09 01:00:00,10157.453592620011
2024-05-09 02:00:00,10157.453592620011
2024-05-09 03:00:00,10157.453592620011
2024-05-09 04:00:00,10157.453592620011
2024-05-09 05:00:00,10157.453592620011
2024-05-09 06:00:00,10157.453592620011
2024-05-09 07:00:00,10157.453592620011
2024-05-09 08:00:00,10157.453592620011
2024-05-09 09:00:00,10157.453592620011
2024-05-09 10:00:00,10157.453592620011
2024-05-09 11:00:00,10157.453592620011
2024-05-09 12:00:00,10157.453592620011
2024-05-09 13:00:00,10157.453592620011
2024-05-09 14:00:00,10157.453592620011
2024-05-09 15:00:00,10157.453592620011
2024-05-09 16:00:00,10157.453592620011
2024-05-09 17:00:00,10157.453592620011
2024-05-09 18:00:00,10157.453592620011
2024-05-09 19:00:00,10157.453592620011
2024-05-09 20:00:00,10157.453592620011
2024-05-09 21:00:00,10157.453592620011
2024-05-09 22:00:00,10157.453592620011
2024-05-09 23:00:00,10157.453592620011
2024-05-10 00:00:00,10157.453592620011
2024-05-10 01:00:00,10157.453592620011
2024-05-10 02:00:00,10157.27875517927
2024-05-10 03:00:00,10157.502763442932
2024-05-10 04:00:00,10158.060967818865
2024-05-10 05:00:00,10151.522348230917
2024-05-10 06:00:00,10167.586767874122
2024-05-10 07:00:00,10164.035732371975
2024-05-10 08:00:00,10162.50077124278
2024-05-10 09:00:00,10166.01184851411
2024-05-10 10:00:00,10161.913909953837
2024-05-10 11:00:00,10172.980321797191
2024-05-10 12:00:00,10161.206366735463
2024-05-10 13:00:00,10161.048148286174
2024-05-10 14:00:00,10103.279491948897
2024-05-10 15:00:00,10103.279491948897
2024-05-10 16:00:00,10103.279491948897
2024-05-10 17:00:00,10103.279491948897
2024-05-10 18:00:00,10103.279491948897
2024-05-10 19:00:00,10103.279491948897
2024-05-10 20:00:00,10103.279491948897
2024-05-10 21:00:00,10103.279491948897
2024-05-10 22:00:00,10103.279491948897
2024-05-10 23:00:00,10103.279491948897
2024-05-11 00:00:00,10103.279491948897
2024-05-11 01:00:00,10103.279491948897
2024-05-11 02:00:00,10103.279491948897
2024-05-11 03:00:00,10103.279491948897
2024-05-11 04:00:00,10103.279491948897
2024-05-11 05:00:00,10103.279491948897
2024-05-11 06:00:00,10103.279491948897
2024-05-11 07:00:00,10103.279491948897
2024-05-11 08:00:00,10103.279491948897
2024-05-11 09:00:00,10103.279491948897
2024-05-11 10:00:00,10103.279491948897
2024-05-11 11:00:00,10103.279491948897
2024-05-11 12:00:00,10103.279491948897
2024-05-11 13:00:00,10103.279491948897
2024-05-11 14:00:00,10103.279491948897
2024-05-11 15:00:00,10103.279491948897
2024-05-11 16:00:00,10103.279491948897
2024-05-11 17:00:00,10103.279491948897
2024-05-11 18:00:00,10103.279491948897
2024-05-11 19:00:00,10103.279491948897
2024-05-11 20:00:00,10103.279491948897
2024-05-11 21:00:00,10103.279491948897
2024-05-11 22:00:00,10103.279491948897
2024-05-11 23:00:00,10103.279491948897
2024-05-12 00:00:00,10103.279491948897
2024-05-12 01:00:00,10103.279491948897
2024-05-12 02:00:00,10103.279491948897
2024-05-12 03:00:00,10103.279491948897
2024-05-12 04:00:00,10103.279491948897
2024-05-12 05:00:00,10103.279491948897
2024-05-12 06:00:00,10103.279491948897
2024-05-12 07:00:00,10103.279491948897
2024-05-12 08:00:00,10103.279491948897
2024-05-12 09:00:00,10103.279491948897
2024-05-12 10:00:00,10103.279491948897
2024-05-12 11:00:00,10103.279491948897
2024-05-12 12:00:00,10103.279491948897
2024-05-12 13:00:00,10103.279491948897
2024-05-12 14:00:00,10103.279491948897
2024-05-12 15:00:00,10103.279491948897
2024-05-12 16:00:00,10103.279491948897
2024-05-12 17:00:00,10103.279491948897
2024-05-12 18:00:00,10103.279491948897
2024-05-12 19:00:00,10103.279491948897
2024-05-12 20:00:00,10103.279491948897
2024-05-12 21:00:00,10103.279491948897
2024-05-12 22:00:00,10103.279491948897
2024-05-12 23:00:00,10103.279491948897
2024-05-13 00:00:00,10103.279491948897
2024-05-13 01:00:00,10103.279491948897
2024-05-13 02:00:00,10103.279491948897
2024-05-13 03:00:00,10103.279491948897
2024-05-13 04:00:00,10103.279491948897
2024-05-13 05:00:00,10103.279491948897
2024-05-13 06:00:00,10103.279491948897
2024-05-13 07:00:00,10103.279491948897
2024-05-13 08:00:00,10103.279491948897
2024-05-13 09:00:00,10103.279491948897
2024-05-13 10:00:00,10103.279491948897
2024-05-13 11:00:00,10103.279491948897
2024-05-13 12:00:00,10103.279491948897
2024-05-13 13:00:00,10103.279491948897
2024-05-13 14:00:00,10103.279491948897
2024-05-13 15:00:00,10103.279491948897
2024-05-13 16:00:00,10103.279491948897
2024-05-13 17:00:00,10103.279491948897
2024-05-13 18:00:00,10103.279491948897
2024-05-13 19:00:00,10103.279491948897
2024-05-13 20:00:00,10103.279491948897
2024-05-13 21:00:00,10103.279491948897
2024-05-13 22:00:00,10103.279491948897
2024-05-13 23:00:00,10103.279491948897
2024-05-14 00:00:00,10103.279491948897
2024-05-14 01:00:00,10103.279491948897
2024-05-14 02:00:00,10103.279491948897
2024-05-14 03:00:00,10103.279491948897
2024-05-14 04:00:00,10103.279491948897
2024-05-14 05:00:00,10103.279491948897
2024-05-14 06:00:00,10103.279491948897
2024-05-14 07:00:00,10103.279491948897
2024-05-14 08:00:00,10103.279491948897
2024-05-14 09:00:00,10103.279491948897
2024-05-14 10:00:00,10103.279491948897
2024-05-14 11:00:00,10103.279491948897
2024-05-14 12:00:00,10103.279491948897
2024-05-14 13:00:00,10103.279491948897
2024-05-14 14:00:00,10103.279491948897
2024-05-14 15:00:00,10103.279491948897
2024-05-14 16:00:00,10103.279491948897
2024-05-14 17:00:00,10103.279491948897
2024-05-14 18:00:00,10103.279491948897
2024-05-14 19:00:00,10103.279491948897
2024-05-14 20:00:00,10103.279491948897
2024-05-14 21:00:00,10103.279491948897
2024-05-14 22:00:00,10103.279491948897
2024-05-14 23:00:00,10103.279491948897
2024-05-15 00:00:00,10103.279491948897
2024-05-15 01:00:00,10103.279491948897
2024-05-15 02:00:00,10103.279491948897
2024-05-15 03:00:00,10103.279491948897
2024-05-15 04:00:00,10103.279491948897
2024-05-15 05:00:00,10103.279491948897
2024-05-15 06:00:00,10103.279491948897
2024-05-15 07:00:00,10103.279491948897
2024-05-15 08:00:00,10103.279491948897
2024-05-15 09:00:00,10122.592373530246
2024-05-15 10:00:00,10123.59702082655
2024-05-15 11:00:00,10115.166189714464
2024-05-15 12:00:00,10167.587410021959
2024-05-15 13:00:00,10183.36723813774
2024-05-15 14:00:00,10197.748766215558
2024-05-15 15:00:00,10203.207292738285
2024-05-15 16:00:00,10203.207292738285
2024-05-15 17:00:00,10203.207292738285
2024-05-15 18:00:00,10203.207292738285
2024-05-15 19:00:00,10203.207292738285
2024-05-15 20:00:00,10203.207292738285
2024-05-15 21:00:00,10203.207292738285
2024-05-15 22:00:00,10203.207292738285
2024-05-15 23:00:00,10203.207292738285
2024-05-16 00:00:00,10203.207292738285
2024-05-16 01:00:00,10203.207292738285
2024-05-16 02:00:00,10203.207292738285
2024-05-16 03:00:00,10203.207292738285
2024-05-16 04:00:00,10203.207292738285
2024-05-16 05:00:00,10203.207292738285
2024-05-16 06:00:00,10203.207292738285
2024-05-16 07:00:00,10203.207292738285
2024-05-16 08:00:00,10203.207292738285
2024-05-16 09:00:00,10203.207292738285
2024-05-16 10:00:00,10203.207292738285
2024-05-16 11:00:00,10203.207292738285
2024-05-16 12:00:00,10203.207292738285
2024-05-16 13:00:00,10203.207292738285
2024-05-16 14:00:00,10203.207292738285
2024-05-16 15:00:00,10203.207292738285
2024-05-16 16:00:00,10203.207292738285
2024-05-16 17:00:00,10203.207292738285
2024-05-16 18:00:00,10203.207292738285
2024-05-16 19:00:00,10203.207292738285
2024-05-16 20:00:00,10203.207292738285
2024-05-16 21:00:00,10203.207292738285
2024-05-16 22:00:00,10203.207292738285
2024-05-16 23:00:00,10203.207292738285
2024-05-17 00:00:00,10203.207292738285
2024-05-17 01:00:00,10203.207292738285
2024-05-17 02:00:00,10203.207292738285
2024-05-17 03:00:00,10203.207292738285
2024-05-17 04:00:00,10203.207292738285
2024-05-17 05:00:00,10203.207292738285
2024-05-17 06:00:00,10203.207292738285
2024-05-17 07:00:00,10203.207292738285
2024-05-17 08:00:00,10203.207292738285
2024-05-17 09:00:00,10203.207292738285
2024-05-17 10:00:00,10203.207292738285
2024-05-17 11:00:00,10203.207292738285
2024-05-17 12:00:00,10203.207292738285
2024-05-17 13:00:00,10203.207292738285
2024-05-17 14:00:00,10203.207292738285
2024-05-17 15:00:00,10203.207292738285
2024-05-17 16:00:00,10203.207292738285
2024-05-17 17:00:00,10203.207292738285
2024-05-17 18:00:00,10203.207292738285
2024-05-17 19:00:00,10203.207292738285
2024-05-17 20:00:00,10203.207292738285
2024-05-17 21:00:00,10203.207292738285
2024-05-17 22:00:00,10203.207292738285
2024-05-17 23:00:00,10203.207292738285
2024-05-18 00:00:00,10203.207292738285
2024-05-18 01:00:00,10203.207292738285
2024-05-18 02:00:00,10203.207292738285
2024-05-18 03:00:00,10203.207292738285
2024-05-18 04:00:00,10203.207292738285
2024-05-18 05:00:00,10203.207292738285
2024-05-18 06:00:00,10203.207292738285
2024-05-18 07:00:00,10203.207292738285
2024-05-18 08:00:00,10203.207292738285
2024-05-18 09:00:00,10203.207292738285
2024-05-18 10:00:00,10203.207292738285
2024-05-18 11:00:00,10203.207292738285
2024-05-18 12:00:00,10203.207292738285
2024-05-18 13:00:00,10203.207292738285
2024-05-18 14:00:00,10203.207292738285
2024-05-18 15:00:00,10203.207292738285
2024-05-18 16:00:00,10203.207292738285
2024-05-18 17:00:00,10203.207292738285
2024-05-18 18:00:00,10203.207292738285
2024-05-18 19:00:00,10203.207292738285
2024-05-18 20:00:00,10203.207292738285
2024-05-18 21:00:00,10203.207292738285
2024-05-18 22:00:00,10203.207292738285
2024-05-18 23:00:00,10203.207292738285
2024-05-19 00:00:00,10203.207292738285
2024-05-19 01:00:00,10203.207292738285
2024-05-19 02:00:00,10203.207292738285
2024-05-19 03:00:00,10203.207292738285
2024-05-19 04:00:00,10203.207292738285
2024-05-19 05:00:00,10203.207292738285
2024-05-19 06:00:00,10203.207292738285
2024-05-19 07:00:00,10203.207292738285
2024-05-19 08:00:00,10203.207292738285
2024-05-19 09:00:00,10203.207292738285
2024-05-19 10:00:00,10203.207292738285
2024-05-19 11:00:00,10203.207292738285
2024-05-19 12:00:00,10203.207292738285
2024-05-19 13:00:00,10203.207292738285
2024-05-19 14:00:00,10203.207292738285
2024-05-19 15:00:00,10203.207292738285
2024-05-19 16:00:00,10203.207292738285
2024-05-19 17:00:00,10203.207292738285
2024-05-19 18:00:00,10203.207292738285
2024-05-19 19:00:00,10203.207292738285
2024-05-19 20:00:00,10203.207292738285
2024-05-19 21:00:00,10203.207292738285
2024-05-19 22:00:00,10203.207292738285
2024-05-19 23:00:00,10203.207292738285
2024-05-20 00:00:00,10203.207292738285
2024-05-20 01:00:00,10203.207292738285
2024-05-20 02:00:00,10203.207292738285
2024-05-20 03:00:00,10203.207292738285
2024-05-20 04:00:00,10203.207292738285
2024-05-20 05:00:00,10203.207292738285
2024-05-20 06:00:00,10203.207292738285
2024-05-20 07:00:00,10203.207292738285
2024-05-20 08:00:00,10203.207292738285
2024-05-20 09:00:00,10203.207292738285
2024-05-20 10:00:00,10203.207292738285
2024-05-20 11:00:00,10203.207292738285
2024-05-20 12:00:00,10203.207292738285
2024-05-20 13:00:00,10203.207292738285
2024-05-20 14:00:00,10203.207292738285
2024-05-20 15:00:00,10203.207292738285
2024-05-20 16:00:00,10203.207292738285
2024-05-20 17:00:00,10203.207292738285
2024-05-20 18:00:00,10203.207292738285
2024-05-20 19:00:00,10203.207292738285
2024-05-20 20:00:00,10203.207292738285
2024-05-20 21:00:00,10203.207292738285
2024-05-20 22:00:00,10203.207292738285
2024-05-20 23:00:00,10203.207292738285
2024-05-21 00:00:00,10203.207292738285
2024-05-21 01:00:00,10203.207292738285
2024-05-21 02:00:00,10203.207292738285
2024-05-21 03:00:00,10203.207292738285
2024-05-21 04:00:00,10203.207292738285
2024-05-21 05:00:00,10203.207292738285
2024-05-21 06:00:00,10203.207292738285
2024-05-21 07:00:00,10203.207292738285
2024-05-21 08:00:00,10203.207292738285
2024-05-21 09:00:00,10203.207292738285
2024-05-21 10:00:00,10203.207292738285
2024-05-21 11:00:00,10203.207292738285
2024-05-21 12:00:00,10203.207292738285
2024-05-21 13:00:00,10203.207292738285
2024-05-21 14:00:00,10203.207292738285
2024-05-21 15:00:00,10203.207292738285
2024-05-21 16:00:00,10203.207292738285
2024-05-21 17:00:00,10203.207292738285
2024-05-21 18:00:00,10203.207292738285
2024-05-21 19:00:00,10203.207292738285
2024-05-21 20:00:00,10203.207292738285
2024-05-21 21:00:00,10203.207292738285
2024-05-21 22:00:00,10203.207292738285
2024-05-21 23:00:00,10203.207292738285
2024-05-22 00:00:00,10203.207292738285
2024-05-22 01:00:00,10203.207292738285
2024-05-22 02:00:00,10203.207292738285
2024-05-22 03:00:00,10203.207292738285
2024-05-22 04:00:00,10203.207292738285
2024-05-22 05:00:00,10203.207292738285
2024-05-22 06:00:00,10203.207292738285
2024-05-22 07:00:00,10203.207292738285
2024-05-22 08:00:00,10203.207292738285
2024-05-22 09:00:00,10203.207292738285
2024-05-22 10:00:00,10203.207292738285
2024-05-22 11:00:00,10203.207292738285
2024-05-22 12:00:00,10203.207292738285
2024-05-22 13:00:00,10203.207292738285
2024-05-22 14:00:00,10203.207292738285
2024-05-22 15:00:00,10203.207292738285
2024-05-22 16:00:00,10203.207292738285
2024-05-22 17:00:00,10203.207292738285
2024-05-22 18:00:00,10203.207292738285
2024-05-22 19:00:00,10203.207292738285
2024-05-22 20:00:00,10203.207292738285
2024-05-22 21:00:00,10203.207292738285
2024-05-22 22:00:00,10203.207292738285
2024-05-22 23:00:00,10203.207292738285
2024-05-23 00:00:00,10203.207292738285
2024-05-23 01:00:00,10203.207292738285
2024-05-23 02:00:00,10203.207292738285
2024-05-23 03:00:00,10203.207292738285
2024-05-23 04:00:00,10203.207292738285
2024-05-23 05:00:00,10203.207292738285
2024-05-23 06:00:00,10203.207292738285
2024-05-23 07:00:00,10203.207292738285
2024-05-23 08:00:00,10203.207292738285
2024-05-23 09:00:00,10203.207292738285
2024-05-23 10:00:00,10203.207292738285
2024-05-23 11:00:00,10203.207292738285
2024-05-23 12:00:00,10203.207292738285
2024-05-23 13:00:00,10203.207292738285
2024-05-23 14:00:00,10203.207292738285
2024-05-23 15:00:00,10203.207292738285
2024-05-23 16:00:00,10203.207292738285
2024-05-23 17:00:00,10203.207292738285
2024-05-23 18:00:00,10203.207292738285
2024-05-23 19:00:00,10203.207292738285
2024-05-23 20:00:00,10203.207292738285
2024-05-23 21:00:00,10203.207292738285
2024-05-23 22:00:00,10203.207292738285
2024-05-23 23:00:00,10203.207292738285
2024-05-24 00:00:00,10203.207292738285
2024-05-24 01:00:00,10203.207292738285
2024-05-24 02:00:00,10203.207292738285
2024-05-24 03:00:00,10203.207292738285
2024-05-24 04:00:00,10203.207292738285
2024-05-24 05:00:00,10203.207292738285
2024-05-24 06:00:00,10203.207292738285
2024-05-24 07:00:00,10203.207292738285
2024-05-24 08:00:00,10203.207292738285
2024-05-24 09:00:00,10203.207292738285
2024-05-24 10:00:00,10203.207292738285
2024-05-24 11:00:00,10203.207292738285
2024-05-24 12:00:00,10203.207292738285
2024-05-24 13:00:00,10203.207292738285
2024-05-24 14:00:00,10203.207292738285
2024-05-24 15:00:00,10203.207292738285
2024-05-24 16:00:00,10203.207292738285
2024-05-24 17:00:00,10203.207292738285
2024-05-24 18:00:00,10203.207292738285
2024-05-24 19:00:00,10203.207292738285
2024-05-24 20:00:00,10203.207292738285
2024-05-24 21:00:00,10203.207292738285
2024-05-24 22:00:00,10198.675104070182
2024-05-24 23:00:00,10189.865249718936
2024-05-25 00:00:00,10189.158240399152
2024-05-25 01:00:00,10192.214667599917
2024-05-25 02:00:00,10199.757087442817
2024-05-25 03:00:00,10197.559435960322
2024-05-25 04:00:00,10198.541105445176
2024-05-25 05:00:00,10196.092114000308
2024-05-25 06:00:00,10193.95220778163
2024-05-25 07:00:00,10197.413962314942
2024-05-25 08:00:00,10201.958440544784
2024-05-25 09:00:00,10210.049440393925
2024-05-25 10:00:00,10220.884820922061
2024-05-25 11:00:00,10210.397392624604
2024-05-25 12:00:00,10210.827890969582
2024-05-25 13:00:00,10207.48458825948
2024-05-25 14:00:00,10207.324308136198
2024-05-25 15:00:00,10203.946580364975
2024-05-25 16:00:00,10204.17682109634
2024-05-25 17:00:00,10208.934142446013
2024-05-25 18:00:00,10214.414760241161
2024-05-25 19:00:00,10212.27226288885
2024-05-25 20:00:00,10210.224897157053
2024-05-25 21:00:00,10211.668528752425
2024-05-25 22:00:00,10211.297996642947
2024-05-25 23:00:00,10217.27870322921
2024-05-26 00:00:00,10212.297433901282
2024-05-26 01:00:00,10212.498802000739
2024-05-26 02:00:00,10202.969722985441
2024-05-26 03:00:00,10209.248039777518
2024-05-26 04:00:00,10205.560486456212
2024-05-26 05:00:00,10211.69036830733
2024-05-26 06:00:00,10210.432928171567
2024-05-26 07:00:00,10219.11396616507
2024-05-26 08:00:00,10212.457714024564
2024-05-26 09:00:00,10209.72628901373
2024-05-26 10:00:00,10214.774557654162
2024-05-26 11:00:00,10211.516762353938
2024-05-26 12:00:00,10206.271937719368
2024-05-26 13:00:00,10211.562292273486
2024-05-26 14:00:00,10217.150997357312
2024-05-26 15:00:00,10200.89607575537
2024-05-26 16:00:00,10199.438748167939
2024-05-26 17:00:00,10198.310494551864
2024-05-26 18:00:00,10199.125591160328
2024-05-26 19:00:00,10202.952325373906
2024-05-26 20:00:00,10196.189466592508
2024-05-26 21:00:00,10188.681841972679
2024-05-26 22:00:00,10190.235781828416
2024-05-26 23:00:00,10188.298724356984
2024-05-27 00:00:00,10199.923290157258
2024-05-27 01:00:00,10209.262476093472
2024-05-27 02:00:00,10210.644660805554
2024-05-27 03:00:00,10201.837767749888
2024-05-27 04:00:00,10198.009552888521
2024-05-27 05:00:00,10188.925778696102
2024-05-27 06:00:00,10184.062591029435
2024-05-27 07:00:00,10193.321451823036
2024-05-27 08:00:00,10192.604818292615
2024-05-27 09:00:00,10191.545044636834
2024-05-27 10:00:00,10190.894299933074
2024-05-27 11:00:00,10185.581365500157
2024-05-27 12:00:00,10192.509316510153
2024-05-27 13:00:00,10203.533479631531
2024-05-27 14:00:00,10225.031004896358
2024-05-27 15:00:00,10257.377606681383
2024-05-27 16:00:00,10249.506853191026
2024-05-27 17:00:00,10250.35045226945
2024-05-27 18:00:00,10243.002367449004
2024-05-27 19:00:00,10216.147488317554
2024-05-27 20:00:00,10230.953966218807
2024-05-27 21:00:00,10236.320944296065
2024-05-27 22:00:00,10228.420948011852
2024-05-27 23:00:00,10222.677885395902
2024-05-28 00:00:00,10220.493189581573
2024-05-28 01:00:00,10192.238728126507
2024-05-28 02:00:00,10194.677725198791
2024-05-28 03:00:00,10171.368627362745
2024-05-28 04:00:00,10151.049290382747
2024-05-28 05:00:00,10151.049290382747
2024-05-28 06:00:00,10151.049290382747
2024-05-28 07:00:00,10151.049290382747
2024-05-28 08:00:00,10151.049290382747
2024-05-28 09:00:00,10151.049290382747
2024-05-28 10:00:00,10151.049290382747
2024-05-28 11:00:00,10151.049290382747
2024-05-28 12:00:00,10151.049290382747
2024-05-28 13:00:00,10151.049290382747
2024-05-28 14:00:00,10151.049290382747
2024-05-28 15:00:00,10151.049290382747
2024-05-28 16:00:00,10151.049290382747
2024-05-28 17:00:00,10151.049290382747
2024-05-28 18:00:00,10151.049290382747
2024-05-28 19:00:00,10151.049290382747
2024-05-28 20:00:00,10151.049290382747
2024-05-28 21:00:00,10151.049290382747
2024-05-28 22:00:00,10151.049290382747
2024-05-28 23:00:00,10151.049290382747
2024-05-29 00:00:00,10151.049290382747
2024-05-29 01:00:00,10151.049290382747
2024-05-29 02:00:00,10151.049290382747
2024-05-29 03:00:00,10151.049290382747
2024-05-29 04:00:00,10151.049290382747
2024-05-29 05:00:00,10151.049290382747
2024-05-29 06:00:00,10151.049290382747
2024-05-29 07:00:00,10151.049290382747
2024-05-29 08:00:00,10151.049290382747
2024-05-29 09:00:00,10151.049290382747
2024-05-29 10:00:00,10151.049290382747
2024-05-29 11:00:00,10151.049290382747
2024-05-29 12:00:00,10151.049290382747
2024-05-29 13:00:00,10151.049290382747
2024-05-29 14:00:00,10151.049290382747
2024-05-29 15:00:00,10151.049290382747
2024-05-29 16:00:00,10151.049290382747
2024-05-29 17:00:00,10151.049290382747
2024-05-29 18:00:00,10151.049290382747
2024-05-29 19:00:00,10151.049290382747
2024-05-29 20:00:00,10151.049290382747
2024-05-29 21:00:00,10151.049290382747
2024-05-29 22:00:00,10151.049290382747
2024-05-29 23:00:00,10151.049290382747
2024-05-30 00:00:00,10151.049290382747
2024-05-30 01:00:00,10151.049290382747
2024-05-30 02:00:00,10151.049290382747
2024-05-30 03:00:00,10151.049290382747
2024-05-30 04:00:00,10151.049290382747
2024-05-30 05:00:00,10151.049290382747
2024-05-30 06:00:00,10151.049290382747
2024-05-30 07:00:00,10151.049290382747
2024-05-30 08:00:00,10151.049290382747
2024-05-30 09:00:00,10151.049290382747
2024-05-30 10:00:00,10151.049290382747
2024-05-30 11:00:00,10151.049290382747
2024-05-30 12:00:00,10151.049290382747
2024-05-30 13:00:00,10151.049290382747
2024-05-30 14:00:00,10151.049290382747
2024-05-30 15:00:00,10151.049290382747
2024-05-30 16:00:00,10151.049290382747
2024-05-30 17:00:00,10151.049290382747
2024-05-30 18:00:00,10151.049290382747
2024-05-30 19:00:00,10151.049290382747
2024-05-30 20:00:00,10151.049290382747
2024-05-30 21:00:00,10151.049290382747
2024-05-30 22:00:00,10151.049290382747
2024-05-30 23:00:00,10151.049290382747
2024-05-31 00:00:00,10151.049290382747
2024-05-31 01:00:00,10151.049290382747
2024-05-31 02:00:00,10151.049290382747
2024-05-31 03:00:00,10151.049290382747
2024-05-31 04:00:00,10151.049290382747
2024-05-31 05:00:00,10151.049290382747
2024-05-31 06:00:00,10151.049290382747
2024-05-31 07:00:00,10151.049290382747
2024-05-31 08:00:00,10151.049290382747
2024-05-31 09:00:00,10151.049290382747
2024-05-31 10:00:00,10151.049290382747
2024-05-31 11:00:00,10151.049290382747
2024-05-31 12:00:00,10151.049290382747
2024-05-31 13:00:00,10151.049290382747
2024-05-31 14:00:00,10151.049290382747
2024-05-31 15:00:00,10151.049290382747
2024-05-31 16:00:00,10151.049290382747
2024-05-31 17:00:00,10151.049290382747
2024-05-31 18:00:00,10151.049290382747
2024-05-31 19:00:00,10151.049290382747
2024-05-31 20:00:00,10151.049290382747
2024-05-31 21:00:00,10151.049290382747
2024-05-31 22:00:00,10151.049290382747
2024-05-31 23:00:00,10151.049290382747
2024-06-01 00:00:00,10151.049290382747
2024-06-01 01:00:00,10151.049290382747
2024-06-01 02:00:00,10151.049290382747
2024-06-01 03:00:00,10151.049290382747
2024-06-01 04:00:00,10151.049290382747
2024-06-01 05:00:00,10151.049290382747
2024-06-01 06:00:00,10151.049290382747
2024-06-01 07:00:00,10151.049290382747
2024-06-01 08:00:00,10151.049290382747
2024-06-01 09:00:00,10151.049290382747
2024-06-01 10:00:00,10151.049290382747
2024-06-01 11:00:00,10151.049290382747
2024-06-01 12:00:00,10151.049290382747
2024-06-01 13:00:00,10151.049290382747
2024-06-01 14:00:00,10151.049290382747
2024-06-01 15:00:00,10151.049290382747
2024-06-01 16:00:00,10151.049290382747
2024-06-01 17:00:00,10151.049290382747
2024-06-01 18:00:00,10151.049290382747
2024-06-01 19:00:00,10151.049290382747
2024-06-01 20:00:00,10151.049290382747
2024-06-01 21:00:00,10151.049290382747
2024-06-01 22:00:00,10151.049290382747
2024-06-01 23:00:00,10151.049290382747
2024-06-02 00:00:00,10151.049290382747
2024-06-02 01:00:00,10151.049290382747
2024-06-02 02:00:00,10151.049290382747
2024-06-02 03:00:00,10151.049290382747
2024-06-02 04:00:00,10151.049290382747
2024-06-02 05:00:00,10151.049290382747
2024-06-02 06:00:00,10151.049290382747
2024-06-02 07:00:00,10151.049290382747
2024-06-02 08:00:00,10151.049290382747
2024-06-02 09:00:00,10151.049290382747
2024-06-02 10:00:00,10151.049290382747
2024-06-02 11:00:00,10151.049290382747
2024-06-02 12:00:00,10151.049290382747
2024-06-02 13:00:00,10151.049290382747
2024-06-02 14:00:00,10151.049290382747
2024-06-02 15:00:00,10151.049290382747
2024-06-02 16:00:00,10151.049290382747
2024-06-02 17:00:00,10151.049290382747
2024-06-02 18:00:00,10151.049290382747
2024-06-02 19:00:00,10151.049290382747
2024-06-02 20:00:00,10151.049290382747
2024-06-02 21:00:00,10151.049290382747
2024-06-02 22:00:00,10151.049290382747
2024-06-02 23:00:00,10151.049290382747
2024-06-03 00:00:00,10151.049290382747
2024-06-03 01:00:00,10151.049290382747
2024-06-03 02:00:00,10151.049290382747
2024-06-03 03:00:00,10148.547203135238
2024-06-03 04:00:00,10153.262712037751
2024-06-03 05:00:00,10160.306871888979
2024-06-03 06:00:00,10172.87291157306
2024-06-03 07:00:00,10167.970176316605
2024-06-03 08:00:00,10176.714203163512
2024-06-03 09:00:00,10171.980898488742
2024-06-03 10:00:00,10168.018002454543
2024-06-03 11:00:00,10174.395191591437
2024-06-03 12:00:00,10199.095352737138
2024-06-03 13:00:00,10200.916082686053
2024-06-03 14:00:00,10163.124906574727
2024-06-03 15:00:00,10194.240443618623
2024-06-03 16:00:00,10174.395933081947
2024-06-03 17:00:00,10181.401164681365
2024-06-03 18:00:00,10182.121893457723
2024-06-03 19:00:00,10178.9924327575
2024-06-03 20:00:00,10175.184137494773
2024-06-03 21:00:00,10174.438568786309
2024-06-03 22:00:00,10173.005267629213
2024-06-03 23:00:00,10164.381362245033
2024-06-04 00:00:00,10171.481504629815
2024-06-04 01:00:00,10179.415082348574
2024-06-04 02:00:00,10176.603721077423
2024-06-04 03:00:00,10177.740055285003
2024-06-04 04:00:00,10173.698932001931
2024-06-04 05:00:00,10169.798321170627
2024-06-04 06:00:00,10167.923091669178
2024-06-04 07:00:00,10171.934555331825
2024-06-04 08:00:00,10165.369027605226
2024-06-04 09:00:00,10160.971247386527
2024-06-04 10:00:00,10167.375500927059
2024-06-04 11:00:00,10169.792389246542
2024-06-04 12:00:00,10169.447966904341
2024-06-04 13:00:00,10191.004208284865
2024-06-04 14:00:00,10195.582912188163
2024-06-04 15:00:00,10225.001918943679
2024-06-04 16:00:00,10236.056322095512
2024-06-04 17:00:00,10236.056322095512
2024-06-04 18:00:00,10236.056322095512
2024-06-04 19:00:00,10236.056322095512
2024-06-04 20:00:00,10236.056322095512
2024-06-04 21:00:00,10236.056322095512
2024-06-04 22:00:00,10236.056322095512
2024-06-04 23:00:00,10236.056322095512
2024-06-05 00:00:00,10236.056322095512
2024-06-05 01:00:00,10236.056322095512
2024-06-05 02:00:00,10236.056322095512
2024-06-05 03:00:00,10236.056322095512
2024-06-05 04:00:00,10236.056322095512
2024-06-05 05:00:00,10236.056322095512
2024-06-05 06:00:00,10236.056322095512
2024-06-05 07:00:00,10236.056322095512
2024-06-05 08:00:00,10236.056322095512
2024-06-05 09:00:00,10236.056322095512
2024-06-05 10:00:00,10236.056322095512
2024-06-05 11:00:00,10236.056322095512
2024-06-05 12:00:00,10236.056322095512
2024-06-05 13:00:00,10236.056322095512
2024-06-05 14:00:00,10236.056322095512
2024-06-05 15:00:00,10236.056322095512
2024-06-05 16:00:00,10236.056322095512
2024-06-05 17:00:00,10236.056322095512
2024-06-05 18:00:00,10236.056322095512
2024-06-05 19:00:00,10236.056322095512
2024-06-05 20:00:00,10236.056322095512
2024-06-05 21:00:00,10236.056322095512
2024-06-05 22:00:00,10236.056322095512
2024-06-05 23:00:00,10236.056322095512
2024-06-06 00:00:00,10236.056322095512
2024-06-06 01:00:00,10236.056322095512
2024-06-06 02:00:00,10236.056322095512
2024-06-06 03:00:00,10236.056322095512
2024-06-06 04:00:00,10236.056322095512
2024-06-06 05:00:00,10236.056322095512
2024-06-06 06:00:00,10236.056322095512
2024-06-06 07:00:00,10236.056322095512
2024-06-06 08:00:00,10236.056322095512
2024-06-06 09:00:00,10236.056322095512
2024-06-06 10:00:00,10236.056322095512
2024-06-06 11:00:00,10236.056322095512
2024-06-06 12:00:00,10236.056322095512
2024-06-06 13:00:00,10236.056322095512
2024-06-06 14:00:00,10236.056322095512
2024-06-06 15:00:00,10236.056322095512
2024-06-06 16:00:00,10236.056322095512
2024-06-06 17:00:00,10236.056322095512
2024-06-06 18:00:00,10236.056322095512
2024-06-06 19:00:00,10236.056322095512
2024-06-06 20:00:00,10236.056322095512
2024-06-06 21:00:00,10236.056322095512
2024-06-06 22:00:00,10236.056322095512
2024-06-06 23:00:00,10236.056322095512
2024-06-07 00:00:00,10236.056322095512
2024-06-07 01:00:00,10236.056322095512
2024-06-07 02:00:00,10236.056322095512
2024-06-07 03:00:00,10236.056322095512
2024-06-07 04:00:00,10236.056322095512
2024-06-07 05:00:00,10236.056322095512
2024-06-07 06:00:00,10236.056322095512
2024-06-07 07:00:00,10236.056322095512
2024-06-07 08:00:00,10236.056322095512
2024-06-07 09:00:00,10236.056322095512
2024-06-07 10:00:00,10236.056322095512
2024-06-07 11:00:00,10236.056322095512
2024-06-07 12:00:00,10236.056322095512
2024-06-07 13:00:00,10236.056322095512
2024-06-07 14:00:00,10236.056322095512
2024-06-07 15:00:00,10236.056322095512
2024-06-07 16:00:00,10236.056322095512
2024-06-07 17:00:00,10236.056322095512
2024-06-07 18:00:00,10236.056322095512
2024-06-07 19:00:00,10236.056322095512
2024-06-07 20:00:00,10236.056322095512
2024-06-07 21:00:00,10236.056322095512
2024-06-07 22:00:00,10236.056322095512
2024-06-07 23:00:00,10236.056322095512
2024-06-08 00:00:00,10236.056322095512
2024-06-08 01:00:00,10236.056322095512
2024-06-08 02:00:00,10236.056322095512
2024-06-08 03:00:00,10236.056322095512
2024-06-08 04:00:00,10236.056322095512
2024-06-08 05:00:00,10236.056322095512
2024-06-08 06:00:00,10236.056322095512
2024-06-08 07:00:00,10236.056322095512
2024-06-08 08:00:00,10236.056322095512
2024-06-08 09:00:00,10236.056322095512
2024-06-08 10:00:00,10236.056322095512
2024-06-08 11:00:00,10236.056322095512
2024-06-08 12:00:00,10236.056322095512
2024-06-08 13:00:00,10236.056322095512
2024-06-08 14:00:00,10236.056322095512
2024-06-08 15:00:00,10236.056322095512
2024-06-08 16:00:00,10236.056322095512
2024-06-08 17:00:00,10236.056322095512
2024-06-08 18:00:00,10236.056322095512
2024-06-08 19:00:00,10236.056322095512
2024-06-08 20:00:00,10236.056322095512
2024-06-08 21:00:00,10236.056322095512
2024-06-08 22:00:00,10236.056322095512
2024-06-08 23:00:00,10236.056322095512
2024-06-09 00:00:00,10236.056322095512
2024-06-09 01:00:00,10236.056322095512
2024-06-09 02:00:00,10236.056322095512
2024-06-09 03:00:00,10236.056322095512
2024-06-09 04:00:00,10236.056322095512
2024-06-09 05:00:00,10236.056322095512
2024-06-09 06:00:00,10236.056322095512
2024-06-09 07:00:00,10236.056322095512
2024-06-09 08:00:00,10236.056322095512
2024-06-09 09:00:00,10236.056322095512
2024-06-09 10:00:00,10236.056322095512
2024-06-09 11:00:00,10236.056322095512
2024-06-09 12:00:00,10236.056322095512
2024-06-09 13:00:00,10236.056322095512
2024-06-09 14:00:00,10236.056322095512
2024-06-09 15:00:00,10236.056322095512
2024-06-09 16:00:00,10236.056322095512
2024-06-09 17:00:00,10236.056322095512
2024-06-09 18:00:00,10236.056322095512
2024-06-09 19:00:00,10236.056322095512
2024-06-09 20:00:00,10236.056322095512
2024-06-09 21:00:00,10236.056322095512
2024-06-09 22:00:00,10236.056322095512
2024-06-09 23:00:00,10236.056322095512
2024-06-10 00:00:00,10236.056322095512
2024-06-10 01:00:00,10236.056322095512
2024-06-10 02:00:00,10236.056322095512
2024-06-10 03:00:00,10236.056322095512
2024-06-10 04:00:00,10236.056322095512
2024-06-10 05:00:00,10236.056322095512
2024-06-10 06:00:00,10236.056322095512
2024-06-10 07:00:00,10236.056322095512
2024-06-10 08:00:00,10236.056322095512
2024-06-10 09:00:00,10236.056322095512
2024-06-10 10:00:00,10236.056322095512
2024-06-10 11:00:00,10236.056322095512
2024-06-10 12:00:00,10236.056322095512
2024-06-10 13:00:00,10236.056322095512
2024-06-10 14:00:00,10236.056322095512
2024-06-10 15:00:00,10236.056322095512
2024-06-10 16:00:00,10236.056322095512
2024-06-10 17:00:00,10236.056322095512
2024-06-10 18:00:00,10236.056322095512
2024-06-10 19:00:00,10236.056322095512
2024-06-10 20:00:00,10236.056322095512
2024-06-10 21:00:00,10236.056322095512
2024-06-10 22:00:00,10236.056322095512
2024-06-10 23:00:00,10236.056322095512
2024-06-11 00:00:00,10236.056322095512
2024-06-11 01:00:00,10236.056322095512
2024-06-11 02:00:00,10236.056322095512
2024-06-11 03:00:00,10236.056322095512
2024-06-11 04:00:00,10236.056322095512
2024-06-11 05:00:00,10236.056322095512
2024-06-11 06:00:00,10236.056322095512
2024-06-11 07:00:00,10236.056322095512
2024-06-11 08:00:00,10236.056322095512
2024-06-11 09:00:00,10236.056322095512
2024-06-11 10:00:00,10236.056322095512
2024-06-11 11:00:00,10236.056322095512
2024-06-11 12:00:00,10236.056322095512
2024-06-11 13:00:00,10236.056322095512
2024-06-11 14:00:00,10236.056322095512
2024-06-11 15:00:00,10236.056322095512
2024-06-11 16:00:00,10236.056322095512
2024-06-11 17:00:00,10236.056322095512
2024-06-11 18:00:00,10236.056322095512
2024-06-11 19:00:00,10236.056322095512
2024-06-11 20:00:00,10236.056322095512
2024-06-11 21:00:00,10236.056322095512
2024-06-11 22:00:00,10236.056322095512
2024-06-11 23:00:00,10236.056322095512
2024-06-12 00:00:00,10236.056322095512
2024-06-12 01:00:00,10236.056322095512
2024-06-12 02:00:00,10236.056322095512
2024-06-12 03:00:00,10236.056322095512
2024-06-12 04:00:00,10236.056322095512
2024-06-12 05:00:00,10236.056322095512
2024-06-12 06:00:00,10236.056322095512
2024-06-12 07:00:00,10236.056322095512
2024-06-12 08:00:00,10236.056322095512
2024-06-12 09:00:00,10236.056322095512
2024-06-12 10:00:00,10236.056322095512
2024-06-12 11:00:00,10236.056322095512
2024-06-12 12:00:00,10236.056322095512
2024-06-12 13:00:00,10236.056322095512
2024-06-12 14:00:00,10236.056322095512
2024-06-12 15:00:00,10236.056322095512
2024-06-12 16:00:00,10236.056322095512
2024-06-12 17:00:00,10236.056322095512
2024-06-12 18:00:00,10236.056322095512
2024-06-12 19:00:00,10236.056322095512
2024-06-12 20:00:00,10236.056322095512
2024-06-12 21:00:00,10236.056322095512
2024-06-12 22:00:00,10236.056322095512
2024-06-12 23:00:00,10236.056322095512
2024-06-13 00:00:00,10236.056322095512
2024-06-13 01:00:00,10236.056322095512
2024-06-13 02:00:00,10236.056322095512
2024-06-13 03:00:00,10236.056322095512
2024-06-13 04:00:00,10236.056322095512
2024-06-13 05:00:00,10236.056322095512
2024-06-13 06:00:00,10236.056322095512
2024-06-13 07:00:00,10236.056322095512
2024-06-13 08:00:00,10236.056322095512
2024-06-13 09:00:00,10236.056322095512
2024-06-13 10:00:00,10236.056322095512
2024-06-13 11:00:00,10236.056322095512
2024-06-13 12:00:00,10236.056322095512
2024-06-13 13:00:00,10236.056322095512
2024-06-13 14:00:00,10236.056322095512
2024-06-13 15:00:00,10236.056322095512
2024-06-13 16:00:00,10236.056322095512
2024-06-13 17:00:00,10236.056322095512
2024-06-13 18:00:00,10236.056322095512
2024-06-13 19:00:00,10236.056322095512
2024-06-13 20:00:00,10236.056322095512
2024-06-13 21:00:00,10236.056322095512
2024-06-13 22:00:00,10236.056322095512
2024-06-13 23:00:00,10236.056322095512
2024-06-14 00:00:00,10236.056322095512
2024-06-14 01:00:00,10236.056322095512
2024-06-14 02:00:00,10236.056322095512
2024-06-14 03:00:00,10236.056322095512
2024-06-14 04:00:00,10236.056322095512
2024-06-14 05:00:00,10236.056322095512
2024-06-14 06:00:00,10236.056322095512
2024-06-14 07:00:00,10236.056322095512
2024-06-14 08:00:00,10236.056322095512
2024-06-14 09:00:00,10236.056322095512
2024-06-14 10:00:00,10236.056322095512
2024-06-14 11:00:00,10236.056322095512
2024-06-14 12:00:00,10236.056322095512
2024-06-14 13:00:00,10236.056322095512
2024-06-14 14:00:00,10236.056322095512
2024-06-14 15:00:00,10236.056322095512
2024-06-14 16:00:00,10236.056322095512
2024-06-14 17:00:00,10236.056322095512
2024-06-14 18:00:00,10236.056322095512
2024-06-14 19:00:00,10236.056322095512
2024-06-14 20:00:00,10236.056322095512
2024-06-14 21:00:00,10236.056322095512
2024-06-14 22:00:00,10236.056322095512
2024-06-14 23:00:00,10236.056322095512
2024-06-15 00:00:00,10236.056322095512
2024-06-15 01:00:00,10236.056322095512
2024-06-15 02:00:00,10236.056322095512
2024-06-15 03:00:00,10236.056322095512
2024-06-15 04:00:00,10236.056322095512
2024-06-15 05:00:00,10236.056322095512
2024-06-15 06:00:00,10236.056322095512
2024-06-15 07:00:00,10236.056322095512
2024-06-15 08:00:00,10236.056322095512
2024-06-15 09:00:00,10236.056322095512
2024-06-15 10:00:00,10236.056322095512
2024-06-15 11:00:00,10236.056322095512
2024-06-15 12:00:00,10236.056322095512
2024-06-15 13:00:00,10236.056322095512
2024-06-15 14:00:00,10236.056322095512
2024-06-15 15:00:00,10236.056322095512
2024-06-15 16:00:00,10236.056322095512
2024-06-15 17:00:00,10236.056322095512
2024-06-15 18:00:00,10236.056322095512
2024-06-15 19:00:00,10236.056322095512
2024-06-15 20:00:00,10236.056322095512
2024-06-15 21:00:00,10236.056322095512
2024-06-15 22:00:00,10236.056322095512
2024-06-15 23:00:00,10236.056322095512
2024-06-16 00:00:00,10236.056322095512
2024-06-16 01:00:00,10236.056322095512
2024-06-16 02:00:00,10236.056322095512
2024-06-16 03:00:00,10236.056322095512
2024-06-16 04:00:00,10236.056322095512
2024-06-16 05:00:00,10236.056322095512
2024-06-16 06:00:00,10236.056322095512
2024-06-16 07:00:00,10236.056322095512
2024-06-16 08:00:00,10236.056322095512
2024-06-16 09:00:00,10236.056322095512
2024-06-16 10:00:00,10236.056322095512
2024-06-16 11:00:00,10236.056322095512
2024-06-16 12:00:00,10236.056322095512
2024-06-16 13:00:00,10236.056322095512
2024-06-16 14:00:00,10236.056322095512
2024-06-16 15:00:00,10236.056322095512
2024-06-16 16:00:00,10236.056322095512
2024-06-16 17:00:00,10236.056322095512
2024-06-16 18:00:00,10236.056322095512
2024-06-16 19:00:00,10236.056322095512
2024-06-16 20:00:00,10236.056322095512
2024-06-16 21:00:00,10236.056322095512
2024-06-16 22:00:00,10236.056322095512
2024-06-16 23:00:00,10236.056322095512
2024-06-17 00:00:00,10236.056322095512
2024-06-17 01:00:00,10236.056322095512
2024-06-17 02:00:00,10236.056322095512
2024-06-17 03:00:00,10236.056322095512
2024-06-17 04:00:00,10236.056322095512
2024-06-17 05:00:00,10236.056322095512
2024-06-17 06:00:00,10236.056322095512
2024-06-17 07:00:00,10236.056322095512
2024-06-17 08:00:00,10236.056322095512
2024-06-17 09:00:00,10236.056322095512
2024-06-17 10:00:00,10236.056322095512
2024-06-17 11:00:00,10236.056322095512
2024-06-17 12:00:00,10236.056322095512
2024-06-17 13:00:00,10236.056322095512
2024-06-17 14:00:00,10236.056322095512
2024-06-17 15:00:00,10236.056322095512
2024-06-17 16:00:00,10236.056322095512
2024-06-17 17:00:00,10236.056322095512
2024-06-17 18:00:00,10236.056322095512
2024-06-17 19:00:00,10236.056322095512
2024-06-17 20:00:00,10236.056322095512
2024-06-17 21:00:00,10236.056322095512
2024-06-17 22:00:00,10236.056322095512
2024-06-17 23:00:00,10236.056322095512
2024-06-18 00:00:00,10236.056322095512
2024-06-18 01:00:00,10236.056322095512
2024-06-18 02:00:00,10236.056322095512
2024-06-18 03:00:00,10236.056322095512
2024-06-18 04:00:00,10236.056322095512
2024-06-18 05:00:00,10236.056322095512
2024-06-18 06:00:00,10236.056322095512
2024-06-18 07:00:00,10236.056322095512
2024-06-18 08:00:00,10236.056322095512
2024-06-18 09:00:00,10236.056322095512
2024-06-18 10:00:00,10236.056322095512
2024-06-18 11:00:00,10236.056322095512
2024-06-18 12:00:00,10236.056322095512
2024-06-18 13:00:00,10236.056322095512
2024-06-18 14:00:00,10236.056322095512
2024-06-18 15:00:00,10236.056322095512
2024-06-18 16:00:00,10236.056322095512
2024-06-18 17:00:00,10236.056322095512
2024-06-18 18:00:00,10236.056322095512
2024-06-18 19:00:00,10236.056322095512
2024-06-18 20:00:00,10236.056322095512
2024-06-18 21:00:00,10236.056322095512
2024-06-18 22:00:00,10236.056322095512
2024-06-18 23:00:00,10236.056322095512
2024-06-19 00:00:00,10236.056322095512
2024-06-19 01:00:00,10236.056322095512
2024-06-19 02:00:00,10236.056322095512
2024-06-19 03:00:00,10236.056322095512
2024-06-19 04:00:00,10236.056322095512
2024-06-19 05:00:00,10236.056322095512
2024-06-19 06:00:00,10236.056322095512
2024-06-19 07:00:00,10236.056322095512
2024-06-19 08:00:00,10236.056322095512
2024-06-19 09:00:00,10236.056322095512
2024-06-19 10:00:00,10236.056322095512
2024-06-19 11:00:00,10236.056322095512
2024-06-19 12:00:00,10236.056322095512
2024-06-19 13:00:00,10236.056322095512
2024-06-19 14:00:00,10236.056322095512
2024-06-19 15:00:00,10236.056322095512
2024-06-19 16:00:00,10236.056322095512
2024-06-19 17:00:00,10236.056322095512
2024-06-19 18:00:00,10236.056322095512
2024-06-19 19:00:00,10236.056322095512
2024-06-19 20:00:00,10236.056322095512
2024-06-19 21:00:00,10236.056322095512
2024-06-19 22:00:00,10236.056322095512
2024-06-19 23:00:00,10236.056322095512
2024-06-20 00:00:00,10236.056322095512
2024-06-20 01:00:00,10236.056322095512
2024-06-20 02:00:00,10236.056322095512
2024-06-20 03:00:00,10236.056322095512
2024-06-20 04:00:00,10236.056322095512
2024-06-20 05:00:00,10236.056322095512
2024-06-20 06:00:00,10236.056322095512
2024-06-20 07:00:00,10236.056322095512
2024-06-20 08:00:00,10236.056322095512
2024-06-20 09:00:00,10236.056322095512
2024-06-20 10:00:00,10236.056322095512
2024-06-20 11:00:00,10236.056322095512
2024-06-20 12:00:00,10236.056322095512
2024-06-20 13:00:00,10236.056322095512
2024-06-20 14:00:00,10236.056322095512
2024-06-20 15:00:00,10236.056322095512
2024-06-20 16:00:00,10236.056322095512
2024-06-20 17:00:00,10236.056322095512
2024-06-20 18:00:00,10236.056322095512
2024-06-20 19:00:00,10236.056322095512
2024-06-20 20:00:00,10236.056322095512
2024-06-20 21:00:00,10236.056322095512
2024-06-20 22:00:00,10236.056322095512
2024-06-20 23:00:00,10236.056322095512
2024-06-21 00:00:00,10236.056322095512
2024-06-21 01:00:00,10236.056322095512
2024-06-21 02:00:00,10236.056322095512
2024-06-21 03:00:00,10236.056322095512
2024-06-21 04:00:00,10236.056322095512
2024-06-21 05:00:00,10236.056322095512
2024-06-21 06:00:00,10236.056322095512
2024-06-21 07:00:00,10236.056322095512
2024-06-21 08:00:00,10236.056322095512
2024-06-21 09:00:00,10236.056322095512
2024-06-21 10:00:00,10236.056322095512
2024-06-21 11:00:00,10236.056322095512
2024-06-21 12:00:00,10236.056322095512
2024-06-21 13:00:00,10236.056322095512
2024-06-21 14:00:00,10236.056322095512
2024-06-21 15:00:00,10236.056322095512
2024-06-21 16:00:00,10236.056322095512
2024-06-21 17:00:00,10236.056322095512
2024-06-21 18:00:00,10236.056322095512
2024-06-21 19:00:00,10236.056322095512
2024-06-21 20:00:00,10236.056322095512
2024-06-21 21:00:00,10236.056322095512
2024-06-21 22:00:00,10236.056322095512
2024-06-21 23:00:00,10236.056322095512
2024-06-22 00:00:00,10236.056322095512
2024-06-22 01:00:00,10236.056322095512
2024-06-22 02:00:00,10236.056322095512
2024-06-22 03:00:00,10236.056322095512
2024-06-22 04:00:00,10236.056322095512
2024-06-22 05:00:00,10236.056322095512
2024-06-22 06:00:00,10236.056322095512
2024-06-22 07:00:00,10236.056322095512
2024-06-22 08:00:00,10236.056322095512
2024-06-22 09:00:00,10236.056322095512
2024-06-22 10:00:00,10236.056322095512
2024-06-22 11:00:00,10236.056322095512
2024-06-22 12:00:00,10236.056322095512
2024-06-22 13:00:00,10236.056322095512
2024-06-22 14:00:00,10236.056322095512
2024-06-22 15:00:00,10236.056322095512
2024-06-22 16:00:00,10236.056322095512
2024-06-22 17:00:00,10236.056322095512
2024-06-22 18:00:00,10236.056322095512
2024-06-22 19:00:00,10236.056322095512
2024-06-22 20:00:00,10236.056322095512
2024-06-22 21:00:00,10236.056322095512
2024-06-22 22:00:00,10236.056322095512
2024-06-22 23:00:00,10236.056322095512
2024-06-23 00:00:00,10236.056322095512
2024-06-23 01:00:00,10236.056322095512
2024-06-23 02:00:00,10236.056322095512
2024-06-23 03:00:00,10236.056322095512
2024-06-23 04:00:00,10236.056322095512
2024-06-23 05:00:00,10236.056322095512
2024-06-23 06:00:00,10236.056322095512
2024-06-23 07:00:00,10236.056322095512
2024-06-23 08:00:00,10236.056322095512
2024-06-23 09:00:00,10236.056322095512
2024-06-23 10:00:00,10236.056322095512
2024-06-23 11:00:00,10236.056322095512
2024-06-23 12:00:00,10236.056322095512
2024-06-23 13:00:00,10236.056322095512
2024-06-23 14:00:00,10236.056322095512
2024-06-23 15:00:00,10236.056322095512
2024-06-23 16:00:00,10236.056322095512
2024-06-23 17:00:00,10236.056322095512
2024-06-23 18:00:00,10236.056322095512
2024-06-23 19:00:00,10236.056322095512
2024-06-23 20:00:00,10236.056322095512
2024-06-23 21:00:00,10236.056322095512
2024-06-23 22:00:00,10236.056322095512
2024-06-23 23:00:00,10236.056322095512
2024-06-24 00:00:00,10236.056322095512
2024-06-24 01:00:00,10236.056322095512
2024-06-24 02:00:00,10236.056322095512
2024-06-24 03:00:00,10236.056322095512
2024-06-24 04:00:00,10236.056322095512
2024-06-24 05:00:00,10236.056322095512
2024-06-24 06:00:00,10236.056322095512
2024-06-24 07:00:00,10236.056322095512
2024-06-24 08:00:00,10236.056322095512
2024-06-24 09:00:00,10236.056322095512
2024-06-24 10:00:00,10236.056322095512
2024-06-24 11:00:00,10236.056322095512
2024-06-24 12:00:00,10236.056322095512
2024-06-24 13:00:00,10236.056322095512
2024-06-24 14:00:00,10236.056322095512
2024-06-24 15:00:00,10236.056322095512
2024-06-24 16:00:00,10236.056322095512
2024-06-24 17:00:00,10236.056322095512
2024-06-24 18:00:00,10236.056322095512
2024-06-24 19:00:00,10236.056322095512
2024-06-24 20:00:00,10236.056322095512
2024-06-24 21:00:00,10236.056322095512
2024-06-24 22:00:00,10236.056322095512
2024-06-24 23:00:00,10236.056322095512
2024-06-25 00:00:00,10236.056322095512
2024-06-25 01:00:00,10236.056322095512
2024-06-25 02:00:00,10236.056322095512
2024-06-25 03:00:00,10236.056322095512
2024-06-25 04:00:00,10236.056322095512
2024-06-25 05:00:00,10236.056322095512
2024-06-25 06:00:00,10236.056322095512
2024-06-25 07:00:00,10236.056322095512
2024-06-25 08:00:00,10236.056322095512
2024-06-25 09:00:00,10236.056322095512
2024-06-25 10:00:00,10236.056322095512
2024-06-25 11:00:00,10236.056322095512
2024-06-25 12:00:00,10236.056322095512
2024-06-25 13:00:00,10236.056322095512
2024-06-25 14:00:00,10236.056322095512
2024-06-25 15:00:00,10236.056322095512
2024-06-25 16:00:00,10236.056322095512
2024-06-25 17:00:00,10236.056322095512
2024-06-25 18:00:00,10236.056322095512
2024-06-25 19:00:00,10236.056322095512
2024-06-25 20:00:00,10236.056322095512
2024-06-25 21:00:00,10236.056322095512
2024-06-25 22:00:00,10236.056322095512
2024-06-25 23:00:00,10236.056322095512
2024-06-26 00:00:00,10236.056322095512
2024-06-26 01:00:00,10236.056322095512
2024-06-26 02:00:00,10236.056322095512
2024-06-26 03:00:00,10236.056322095512
2024-06-26 04:00:00,10236.056322095512
2024-06-26 05:00:00,10236.056322095512
2024-06-26 06:00:00,10236.056322095512
2024-06-26 07:00:00,10236.056322095512
2024-06-26 08:00:00,10236.056322095512
2024-06-26 09:00:00,10236.056322095512
2024-06-26 10:00:00,10236.056322095512
2024-06-26 11:00:00,10236.056322095512
2024-06-26 12:00:00,10236.056322095512
2024-06-26 13:00:00,10236.056322095512
2024-06-26 14:00:00,10236.056322095512
2024-06-26 15:00:00,10236.056322095512
2024-06-26 16:00:00,10236.056322095512
2024-06-26 17:00:00,10236.056322095512
2024-06-26 18:00:00,10236.056322095512
2024-06-26 19:00:00,10236.056322095512
2024-06-26 20:00:00,10236.056322095512
2024-06-26 21:00:00,10236.056322095512
2024-06-26 22:00:00,10236.056322095512
2024-06-26 23:00:00,10236.056322095512
2024-06-27 00:00:00,10236.056322095512
2024-06-27 01:00:00,10236.056322095512
2024-06-27 02:00:00,10236.056322095512
2024-06-27 03:00:00,10236.056322095512
2024-06-27 04:00:00,10236.056322095512
2024-06-27 05:00:00,10236.056322095512
2024-06-27 06:00:00,10236.056322095512
2024-06-27 07:00:00,10236.056322095512
2024-06-27 08:00:00,10236.056322095512
2024-06-27 09:00:00,10236.056322095512
2024-06-27 10:00:00,10236.056322095512
2024-06-27 11:00:00,10236.056322095512
2024-06-27 12:00:00,10236.056322095512
2024-06-27 13:00:00,10236.056322095512
2024-06-27 14:00:00,10236.056322095512
2024-06-27 15:00:00,10236.056322095512
2024-06-27 16:00:00,10236.056322095512
2024-06-27 17:00:00,10236.056322095512
2024-06-27 18:00:00,10236.056322095512
2024-06-27 19:00:00,10236.056322095512
2024-06-27 20:00:00,10236.056322095512
2024-06-27 21:00:00,10236.056322095512
2024-06-27 22:00:00,10236.056322095512
2024-06-27 23:00:00,10236.056322095512
2024-06-28 00:00:00,10236.056322095512
2024-06-28 01:00:00,10236.056322095512
2024-06-28 02:00:00,10236.056322095512
2024-06-28 03:00:00,10236.056322095512
2024-06-28 04:00:00,10236.056322095512
2024-06-28 05:00:00,10236.056322095512
2024-06-28 06:00:00,10236.056322095512
2024-06-28 07:00:00,10236.056322095512
2024-06-28 08:00:00,10236.056322095512
2024-06-28 09:00:00,10236.056322095512
2024-06-28 10:00:00,10236.056322095512
2024-06-28 11:00:00,10236.056322095512
2024-06-28 12:00:00,10236.056322095512
2024-06-28 13:00:00,10236.056322095512
2024-06-28 14:00:00,10236.056322095512
2024-06-28 15:00:00,10236.056322095512
2024-06-28 16:00:00,10236.056322095512
2024-06-28 17:00:00,10236.056322095512
2024-06-28 18:00:00,10236.056322095512
2024-06-28 19:00:00,10236.056322095512
2024-06-28 20:00:00,10236.056322095512
2024-06-28 21:00:00,10236.056322095512
2024-06-28 22:00:00,10236.056322095512
2024-06-28 23:00:00,10236.056322095512
2024-06-29 00:00:00,10236.056322095512
2024-06-29 01:00:00,10236.056322095512
2024-06-29 02:00:00,10236.056322095512
2024-06-29 03:00:00,10236.056322095512
2024-06-29 04:00:00,10236.056322095512
2024-06-29 05:00:00,10236.056322095512
2024-06-29 06:00:00,10236.056322095512
2024-06-29 07:00:00,10236.056322095512
2024-06-29 08:00:00,10236.056322095512
2024-06-29 09:00:00,10236.056322095512
2024-06-29 10:00:00,10236.056322095512
2024-06-29 11:00:00,10236.056322095512
2024-06-29 12:00:00,10236.056322095512
2024-06-29 13:00:00,10236.056322095512
2024-06-29 14:00:00,10236.056322095512
2024-06-29 15:00:00,10236.056322095512
2024-06-29 16:00:00,10236.056322095512
2024-06-29 17:00:00,10236.056322095512
2024-06-29 18:00:00,10236.056322095512
2024-06-29 19:00:00,10236.056322095512
2024-06-29 20:00:00,10236.056322095512
2024-06-29 21:00:00,10236.056322095512
2024-06-29 22:00:00,10236.056322095512
2024-06-29 23:00:00,10236.056322095512
2024-06-30 00:00:00,10236.056322095512
2024-06-30 01:00:00,10236.056322095512
2024-06-30 02:00:00,10236.056322095512
2024-06-30 03:00:00,10236.056322095512
2024-06-30 04:00:00,10236.056322095512
2024-06-30 05:00:00,10236.056322095512
2024-06-30 06:00:00,10236.056322095512
2024-06-30 07:00:00,10236.056322095512
2024-06-30 08:00:00,10236.056322095512
2024-06-30 09:00:00,10236.056322095512
2024-06-30 10:00:00,10236.056322095512
2024-06-30 11:00:00,10236.056322095512
2024-06-30 12:00:00,10236.056322095512
2024-06-30 13:00:00,10236.056322095512
2024-06-30 14:00:00,10236.056322095512
2024-06-30 15:00:00,10236.056322095512
2024-06-30 16:00:00,10230.038106602147
2024-06-30 17:00:00,10234.36676073635
2024-06-30 18:00:00,10248.760519988535
2024-06-30 19:00:00,10247.580241676022
2024-06-30 20:00:00,10246.054334110475
2024-06-30 21:00:00,10243.98221628654
2024-06-30 22:00:00,10283.808320862581
2024-06-30 23:00:00,10278.462256876826
2024-07-01 00:00:00,10285.09220506629
2024-07-01 01:00:00,10304.87867505921
2024-07-01 02:00:00,10304.87867505921
2024-07-01 03:00:00,10304.87867505921
2024-07-01 04:00:00,10304.87867505921
2024-07-01 05:00:00,10304.87867505921
2024-07-01 06:00:00,10304.87867505921
2024-07-01 07:00:00,10304.87867505921
2024-07-01 08:00:00,10304.87867505921
2024-07-01 09:00:00,10304.87867505921
2024-07-01 10:00:00,10304.87867505921
2024-07-01 11:00:00,10304.87867505921
2024-07-01 12:00:00,10304.87867505921
2024-07-01 13:00:00,10304.87867505921
2024-07-01 14:00:00,10304.87867505921
2024-07-01 15:00:00,10304.87867505921
2024-07-01 16:00:00,10304.87867505921
2024-07-01 17:00:00,10304.87867505921
2024-07-01 18:00:00,10304.87867505921
2024-07-01 19:00:00,10304.87867505921
2024-07-01 20:00:00,10304.87867505921
2024-07-01 21:00:00,10304.87867505921
2024-07-01 22:00:00,10304.87867505921
2024-07-01 23:00:00,10304.87867505921
2024-07-02 00:00:00,10304.87867505921
2024-07-02 01:00:00,10304.87867505921
2024-07-02 02:00:00,10304.87867505921
2024-07-02 03:00:00,10304.87867505921
2024-07-02 04:00:00,10304.87867505921
2024-07-02 05:00:00,10304.87867505921
2024-07-02 06:00:00,10304.87867505921
2024-07-02 07:00:00,10304.87867505921
2024-07-02 08:00:00,10304.87867505921
2024-07-02 09:00:00,10304.87867505921
2024-07-02 10:00:00,10304.87867505921
2024-07-02 11:00:00,10304.87867505921
2024-07-02 12:00:00,10304.87867505921
2024-07-02 13:00:00,10304.87867505921
2024-07-02 14:00:00,10304.87867505921
2024-07-02 15:00:00,10304.87867505921
2024-07-02 16:00:00,10304.87867505921
2024-07-02 17:00:00,10304.87867505921
2024-07-02 18:00:00,10304.87867505921
2024-07-02 19:00:00,10304.87867505921
2024-07-02 20:00:00,10304.87867505921
2024-07-02 21:00:00,10304.87867505921
2024-07-02 22:00:00,10304.87867505921
2024-07-02 23:00:00,10304.87867505921
2024-07-03 00:00:00,10304.87867505921
2024-07-03 01:00:00,10304.87867505921
2024-07-03 02:00:00,10304.87867505921
2024-07-03 03:00:00,10304.87867505921
2024-07-03 04:00:00,10304.87867505921
2024-07-03 05:00:00,10304.87867505921
2024-07-03 06:00:00,10304.87867505921
2024-07-03 07:00:00,10304.87867505921
2024-07-03 08:00:00,10304.87867505921
2024-07-03 09:00:00,10304.87867505921
2024-07-03 10:00:00,10304.87867505921
2024-07-03 11:00:00,10304.87867505921
2024-07-03 12:00:00,10304.87867505921
2024-07-03 13:00:00,10304.87867505921
2024-07-03 14:00:00,10304.87867505921
2024-07-03 15:00:00,10304.87867505921
2024-07-03 16:00:00,10304.87867505921
2024-07-03 17:00:00,10304.87867505921
2024-07-03 18:00:00,10304.87867505921
2024-07-03 19:00:00,10304.87867505921
2024-07-03 20:00:00,10304.87867505921
2024-07-03 21:00:00,10304.87867505921
2024-07-03 22:00:00,10304.87867505921
2024-07-03 23:00:00,10304.87867505921
2024-07-04 00:00:00,10304.87867505921
2024-07-04 01:00:00,10304.87867505921
2024-07-04 02:00:00,10304.87867505921
2024-07-04 03:00:00,10304.87867505921
2024-07-04 04:00:00,10304.87867505921
2024-07-04 05:00:00,10304.87867505921
2024-07-04 06:00:00,10304.87867505921
2024-07-04 07:00:00,10304.87867505921
2024-07-04 08:00:00,10304.87867505921
2024-07-04 09:00:00,10304.87867505921
2024-07-04 10:00:00,10304.87867505921
2024-07-04 11:00:00,10304.87867505921
2024-07-04 12:00:00,10304.87867505921
2024-07-04 13:00:00,10304.87867505921
2024-07-04 14:00:00,10304.87867505921
2024-07-04 15:00:00,10304.87867505921
2024-07-04 16:00:00,10304.87867505921
2024-07-04 17:00:00,10304.87867505921
2024-07-04 18:00:00,10304.87867505921
2024-07-04 19:00:00,10304.87867505921
2024-07-04 20:00:00,10304.87867505921
2024-07-04 21:00:00,10304.87867505921
2024-07-04 22:00:00,10304.87867505921
2024-07-04 23:00:00,10304.87867505921
2024-07-05 00:00:00,10304.87867505921
2024-07-05 01:00:00,10304.87867505921
2024-07-05 02:00:00,10304.87867505921
2024-07-05 03:00:00,10304.87867505921
2024-07-05 04:00:00,10304.87867505921
2024-07-05 05:00:00,10304.87867505921
2024-07-05 06:00:00,10304.87867505921
2024-07-05 07:00:00,10304.87867505921
2024-07-05 08:00:00,10304.87867505921
2024-07-05 09:00:00,10304.87867505921
2024-07-05 10:00:00,10304.87867505921
2024-07-05 11:00:00,10304.87867505921
2024-07-05 12:00:00,10304.87867505921
2024-07-05 13:00:00,10304.87867505921
2024-07-05 14:00:00,10304.87867505921
2024-07-05 15:00:00,10304.87867505921
2024-07-05 16:00:00,10304.87867505921
2024-07-05 17:00:00,10304.87867505921
2024-07-05 18:00:00,10304.87867505921
2024-07-05 19:00:00,10304.87867505921
2024-07-05 20:00:00,10304.87867505921
2024-07-05 21:00:00,10304.87867505921
2024-07-05 22:00:00,10304.87867505921
2024-07-05 23:00:00,10304.87867505921
2024-07-06 00:00:00,10304.87867505921
2024-07-06 01:00:00,10304.87867505921
2024-07-06 02:00:00,10304.87867505921
2024-07-06 03:00:00,10304.87867505921
2024-07-06 04:00:00,10304.87867505921
2024-07-06 05:00:00,10304.87867505921
2024-07-06 06:00:00,10304.87867505921
2024-07-06 07:00:00,10304.87867505921
2024-07-06 08:00:00,10304.87867505921
2024-07-06 09:00:00,10304.87867505921
2024-07-06 10:00:00,10304.87867505921
2024-07-06 11:00:00,10304.87867505921
2024-07-06 12:00:00,10304.87867505921
2024-07-06 13:00:00,10304.87867505921
2024-07-06 14:00:00,10304.87867505921
2024-07-06 15:00:00,10304.87867505921
2024-07-06 16:00:00,10304.87867505921
2024-07-06 17:00:00,10304.87867505921
2024-07-06 18:00:00,10304.87867505921
2024-07-06 19:00:00,10304.87867505921
2024-07-06 20:00:00,10304.87867505921
2024-07-06 21:00:00,10304.87867505921
2024-07-06 22:00:00,10304.87867505921
2024-07-06 23:00:00,10304.87867505921
2024-07-07 00:00:00,10304.87867505921
2024-07-07 01:00:00,10304.87867505921
2024-07-07 02:00:00,10304.87867505921
2024-07-07 03:00:00,10304.87867505921
2024-07-07 04:00:00,10304.87867505921
2024-07-07 05:00:00,10304.87867505921
2024-07-07 06:00:00,10304.87867505921
2024-07-07 07:00:00,10304.87867505921
2024-07-07 08:00:00,10304.87867505921
2024-07-07 09:00:00,10304.87867505921
2024-07-07 10:00:00,10304.87867505921
2024-07-07 11:00:00,10304.87867505921
2024-07-07 12:00:00,10304.87867505921
2024-07-07 13:00:00,10304.87867505921
2024-07-07 14:00:00,10304.87867505921
2024-07-07 15:00:00,10304.87867505921
2024-07-07 16:00:00,10304.87867505921
2024-07-07 17:00:00,10304.87867505921
2024-07-07 18:00:00,10304.87867505921
2024-07-07 19:00:00,10304.87867505921
2024-07-07 20:00:00,10304.87867505921
2024-07-07 21:00:00,10304.87867505921
2024-07-07 22:00:00,10304.87867505921
2024-07-07 23:00:00,10304.87867505921
2024-07-08 00:00:00,10304.87867505921
2024-07-08 01:00:00,10304.87867505921
2024-07-08 02:00:00,10304.87867505921
2024-07-08 03:00:00,10304.87867505921
2024-07-08 04:00:00,10304.87867505921
2024-07-08 05:00:00,10304.87867505921
2024-07-08 06:00:00,10304.87867505921
2024-07-08 07:00:00,10304.87867505921
2024-07-08 08:00:00,10304.87867505921
2024-07-08 09:00:00,10304.87867505921
2024-07-08 10:00:00,10304.87867505921
2024-07-08 11:00:00,10304.87867505921
2024-07-08 12:00:00,10304.87867505921
2024-07-08 13:00:00,10304.87867505921
2024-07-08 14:00:00,10304.87867505921
2024-07-08 15:00:00,10304.87867505921
2024-07-08 16:00:00,10304.87867505921
2024-07-08 17:00:00,10304.87867505921
2024-07-08 18:00:00,10304.87867505921
2024-07-08 19:00:00,10304.87867505921
2024-07-08 20:00:00,10304.87867505921
2024-07-08 21:00:00,10304.87867505921
2024-07-08 22:00:00,10304.87867505921
2024-07-08 23:00:00,10304.87867505921
2024-07-09 00:00:00,10304.87867505921
2024-07-09 01:00:00,10304.87867505921
2024-07-09 02:00:00,10304.87867505921
2024-07-09 03:00:00,10304.87867505921
2024-07-09 04:00:00,10304.87867505921
2024-07-09 05:00:00,10304.87867505921
2024-07-09 06:00:00,10304.87867505921
2024-07-09 07:00:00,10304.87867505921
2024-07-09 08:00:00,10304.87867505921
2024-07-09 09:00:00,10304.87867505921
2024-07-09 10:00:00,10304.87867505921
2024-07-09 11:00:00,10304.87867505921
2024-07-09 12:00:00,10304.87867505921
2024-07-09 13:00:00,10304.87867505921
2024-07-09 14:00:00,10304.87867505921
2024-07-09 15:00:00,10304.87867505921
2024-07-09 16:00:00,10304.87867505921
2024-07-09 17:00:00,10304.87867505921
2024-07-09 18:00:00,10304.87867505921
2024-07-09 19:00:00,10301.568437021615
2024-07-09 20:00:00,10304.55835095862
2024-07-09 21:00:00,10298.811526490766
2024-07-09 22:00:00,10304.858498476091
2024-07-09 23:00:00,10309.927656548942
2024-07-10 00:00:00,10284.865116508581
2024-07-10 01:00:00,10298.761724236016
2024-07-10 02:00:00,10302.481774800706
2024-07-10 03:00:00,10315.708720066938
2024-07-10 04:00:00,10367.620011373856
2024-07-10 05:00:00,10351.059427680242
2024-07-10 06:00:00,10362.774518784396
2024-07-10 07:00:00,10351.191937250918
2024-07-10 08:00:00,10341.321308224502
2024-07-10 09:00:00,10329.492828058193
2024-07-10 10:00:00,10336.874678336035
2024-07-10 11:00:00,10329.581760655963
2024-07-10 12:00:00,10314.393851608918
2024-07-10 13:00:00,10297.032429872392
2024-07-10 14:00:00,10294.943847813778
2024-07-10 15:00:00,10294.350667386658
2024-07-10 16:00:00,10294.219047141958
2024-07-10 17:00:00,10291.154429822827
2024-07-10 18:00:00,10291.258925625207
2024-07-10 19:00:00,10280.670165871803
2024-07-10 20:00:00,10281.434986212618
2024-07-10 21:00:00,10282.554647618535
2024-07-10 22:00:00,10294.841575326343
2024-07-10 23:00:00,10295.51390576548
2024-07-11 00:00:00,10291.202453425623
2024-07-11 01:00:00,10320.170468497025
2024-07-11 02:00:00,10301.923278086715
2024-07-11 03:00:00,10288.494900486536
2024-07-11 04:00:00,10297.921311187096
2024-07-11 05:00:00,10307.43798847439
2024-07-11 06:00:00,10307.526476409172
2024-07-11 07:00:00,10316.219637841123
2024-07-11 08:00:00,10314.77848509427
2024-07-11 09:00:00,10320.605348900115
2024-07-11 10:00:00,10328.2606669161
2024-07-11 11:00:00,10342.298677473986
2024-07-11 12:00:00,10344.004404699202
2024-07-11 13:00:00,10332.879381381248
2024-07-11 14:00:00,10298.36686350192
2024-07-11 15:00:00,10281.11393953467
2024-07-11 16:00:00,10291.733825697294
2024-07-11 17:00:00,10298.691912146767
2024-07-11 18:00:00,10300.646205982746
2024-07-11 19:00:00,10280.04674836144
2024-07-11 20:00:00,10287.87237230215
2024-07-11 21:00:00,10283.69342953297
2024-07-11 22:00:00,10278.293442196418
2024-07-11 23:00:00,10278.351693047956
2024-07-12 00:00:00,10271.153043921518
2024-07-12 01:00:00,10261.015172438805
2024-07-12 02:00:00,10278.039984292775
2024-07-12 03:00:00,10259.414385678958
2024-07-12 04:00:00,10264.038436099972
2024-07-12 05:00:00,10264.39416649105
2024-07-12 06:00:00,10272.575965485828
2024-07-12 07:00:00,10267.993268722776
2024-07-12 08:00:00,10277.601546585773
2024-07-12 09:00:00,10261.014283112827
2024-07-12 10:00:00,10270.923597819274
2024-07-12 11:00:00,10272.288713195034
2024-07-12 12:00:00,10280.237508783655
2024-07-12 13:00:00,10301.043290031786
2024-07-12 14:00:00,10299.700852468459
2024-07-12 15:00:00,10317.220129566027
2024-07-12 16:00:00,10312.86287693832
2024-07-12 17:00:00,10314.899878090226
2024-07-12 18:00:00,10320.906385743565
2024-07-12 19:00:00,10288.851075540602
2024-07-12 20:00:00,10287.339221378525
2024-07-12 21:00:00,10289.785757143158
2024-07-12 22:00:00,10298.45579609969
2024-07-12 23:00:00,10302.7730290584
2024-07-13 00:00:00,10300.393192742094
2024-07-13 01:00:00,10302.36838573855
2024-07-13 02:00:00,10305.322281973458
2024-07-13 03:00:00,10299.433610012162
2024-07-13 04:00:00,10297.737665372702
2024-07-13 05:00:00,10311.084669645921
2024-07-13 06:00:00,10309.418517426713
2024-07-13 07:00:00,10315.277841630745
2024-07-13 08:00:00,10305.477914019555
2024-07-13 09:00:00,10337.853381574487
2024-07-13 10:00:00,10327.121440338675
2024-07-13 11:00:00,10331.449345209117
2024-07-13 12:00:00,10341.854903811118
2024-07-13 13:00:00,10335.172063751743
2024-07-13 14:00:00,10343.277380712438
2024-07-13 15:00:00,10344.639383447275
2024-07-13 16:00:00,10335.361934847979
2024-07-13 17:00:00,10339.186481215049
2024-07-13 18:00:00,10336.331744826653
2024-07-13 19:00:00,10335.468209302313
2024-07-13 20:00:00,10334.206700402956
2024-07-13 21:00:00,10338.208222639587
2024-07-13 22:00:00,10372.82657031026
2024-07-13 23:00:00,10361.242654787819
2024-07-14 00:00:00,10385.697785185415
2024-07-14 01:00:00,10383.56340283895
2024-07-14 02:00:00,10368.00064289231
2024-07-14 03:00:00,10372.898605714454
2024-07-14 04:00:00,10394.413624429797
2024-07-14 05:00:00,10408.437405772042
2024-07-14 06:00:00,10391.122673649343
2024-07-14 07:00:00,10399.394294567868
2024-07-14 08:00:00,10405.619131748732
2024-07-14 09:00:00,10404.908115629565
2024-07-14 10:00:00,10393.102313275689
2024-07-14 11:00:00,10401.0435495935
2024-07-14 12:00:00,10378.132733756167
2024-07-14 13:00:00,10383.38286966548
2024-07-14 14:00:00,10397.170534960645
2024-07-14 15:00:00,10400.372108480342
2024-07-14 16:00:00,10401.40950723332
2024-07-14 17:00:00,10396.88417199583
2024-07-14 18:00:00,10397.531156644602
2024-07-14 19:00:00,10392.90132560473
2024-07-14 20:00:00,10400.372108480342
2024-07-14 21:00:00,10453.391944618455
2024-07-14 22:00:00,10434.940209233277
2024-07-14 23:00:00,10432.11704391709
2024-07-15 00:00:00,10450.52964895925
2024-07-15 01:00:00,10458.445094823708
2024-07-15 02:00:00,10507.002293205758
2024-07-15 03:00:00,10507.655046302249
2024-07-15 04:00:00,10507.655046302249
2024-07-15 05:00:00,10507.655046302249
2024-07-15 06:00:00,10507.655046302249
2024-07-15 07:00:00,10507.655046302249
2024-07-15 08:00:00,10507.655046302249
2024-07-15 09:00:00,10507.655046302249
2024-07-15 10:00:00,10507.655046302249
2024-07-15 11:00:00,10507.655046302249
2024-07-15 12:00:00,10507.655046302249
2024-07-15 13:00:00,10507.655046302249
2024-07-15 14:00:00,10507.655046302249
2024-07-15 15:00:00,10507.655046302249
2024-07-15 16:00:00,10507.655046302249
2024-07-15 17:00:00,10507.655046302249
2024-07-15 18:00:00,10507.655046302249
2024-07-15 19:00:00,10507.655046302249
2024-07-15 20:00:00,10507.655046302249
2024-07-15 21:00:00,10507.655046302249
2024-07-15 22:00:00,10507.655046302249
2024-07-15 23:00:00,10507.655046302249
2024-07-16 00:00:00,10507.655046302249
2024-07-16 01:00:00,10507.655046302249
2024-07-16 02:00:00,10507.655046302249
2024-07-16 03:00:00,10507.655046302249
2024-07-16 04:00:00,10507.655046302249
2024-07-16 05:00:00,10507.655046302249
2024-07-16 06:00:00,10507.655046302249
2024-07-16 07:00:00,10507.655046302249
2024-07-16 08:00:00,10507.655046302249
2024-07-16 09:00:00,10507.655046302249
2024-07-16 10:00:00,10507.655046302249
2024-07-16 11:00:00,10507.655046302249
2024-07-16 12:00:00,10507.655046302249
2024-07-16 13:00:00,10507.655046302249
2024-07-16 14:00:00,10507.655046302249
2024-07-16 15:00:00,10507.655046302249
2024-07-16 16:00:00,10507.655046302249
2024-07-16 17:00:00,10507.655046302249
2024-07-16 18:00:00,10507.655046302249
2024-07-16 19:00:00,10507.655046302249
2024-07-16 20:00:00,10507.655046302249
2024-07-16 21:00:00,10507.655046302249
2024-07-16 22:00:00,10507.655046302249
2024-07-16 23:00:00,10507.655046302249
2024-07-17 00:00:00,10507.655046302249
2024-07-17 01:00:00,10507.655046302249
2024-07-17 02:00:00,10507.655046302249
2024-07-17 03:00:00,10507.655046302249
2024-07-17 04:00:00,10507.655046302249
2024-07-17 05:00:00,10507.655046302249
2024-07-17 06:00:00,10507.655046302249
2024-07-17 07:00:00,10507.655046302249
2024-07-17 08:00:00,10507.655046302249
2024-07-17 09:00:00,10507.655046302249
2024-07-17 10:00:00,10507.655046302249
2024-07-17 11:00:00,10507.655046302249
2024-07-17 12:00:00,10507.655046302249
2024-07-17 13:00:00,10507.655046302249
2024-07-17 14:00:00,10507.655046302249
2024-07-17 15:00:00,10507.655046302249
2024-07-17 16:00:00,10507.655046302249
2024-07-17 17:00:00,10507.655046302249
2024-07-17 18:00:00,10507.655046302249
2024-07-17 19:00:00,10507.655046302249
2024-07-17 20:00:00,10507.655046302249
2024-07-17 21:00:00,10507.655046302249
2024-07-17 22:00:00,10507.655046302249
2024-07-17 23:00:00,10507.655046302249
2024-07-18 00:00:00,10507.655046302249
2024-07-18 01:00:00,10507.655046302249
2024-07-18 02:00:00,10507.655046302249
2024-07-18 03:00:00,10507.655046302249
2024-07-18 04:00:00,10507.655046302249
2024-07-18 05:00:00,10507.655046302249
2024-07-18 06:00:00,10507.655046302249
2024-07-18 07:00:00,10507.655046302249
2024-07-18 08:00:00,10507.655046302249
2024-07-18 09:00:00,10507.655046302249
2024-07-18 10:00:00,10507.655046302249
2024-07-18 11:00:00,10507.655046302249
2024-07-18 12:00:00,10507.655046302249
2024-07-18 13:00:00,10507.655046302249
2024-07-18 14:00:00,10507.655046302249
2024-07-18 15:00:00,10507.655046302249
2024-07-18 16:00:00,10507.655046302249
2024-07-18 17:00:00,10507.655046302249
2024-07-18 18:00:00,10507.655046302249
2024-07-18 19:00:00,10507.655046302249
2024-07-18 20:00:00,10507.655046302249
2024-07-18 21:00:00,10507.655046302249
2024-07-18 22:00:00,10507.655046302249
2024-07-18 23:00:00,10507.655046302249
2024-07-19 00:00:00,10507.655046302249
2024-07-19 01:00:00,10507.655046302249
2024-07-19 02:00:00,10507.655046302249
2024-07-19 03:00:00,10507.655046302249
2024-07-19 04:00:00,10507.655046302249
2024-07-19 05:00:00,10507.655046302249
2024-07-19 06:00:00,10507.655046302249
2024-07-19 07:00:00,10507.655046302249
2024-07-19 08:00:00,10507.655046302249
2024-07-19 09:00:00,10507.655046302249
2024-07-19 10:00:00,10507.655046302249
2024-07-19 11:00:00,10507.655046302249
2024-07-19 12:00:00,10507.655046302249
2024-07-19 13:00:00,10507.655046302249
2024-07-19 14:00:00,10507.655046302249
2024-07-19 15:00:00,10507.655046302249
2024-07-19 16:00:00,10507.655046302249
2024-07-19 17:00:00,10507.655046302249
2024-07-19 18:00:00,10507.655046302249
2024-07-19 19:00:00,10507.655046302249
2024-07-19 20:00:00,10507.655046302249
2024-07-19 21:00:00,10507.655046302249
2024-07-19 22:00:00,10507.655046302249
2024-07-19 23:00:00,10507.655046302249
2024-07-20 00:00:00,10507.655046302249
2024-07-20 01:00:00,10507.655046302249
2024-07-20 02:00:00,10507.655046302249
2024-07-20 03:00:00,10507.655046302249
2024-07-20 04:00:00,10507.655046302249
2024-07-20 05:00:00,10507.655046302249
2024-07-20 06:00:00,10507.655046302249
2024-07-20 07:00:00,10507.655046302249
2024-07-20 08:00:00,10507.655046302249
2024-07-20 09:00:00,10507.655046302249
2024-07-20 10:00:00,10507.655046302249
2024-07-20 11:00:00,10507.655046302249
2024-07-20 12:00:00,10507.655046302249
2024-07-20 13:00:00,10507.655046302249
2024-07-20 14:00:00,10507.655046302249
2024-07-20 15:00:00,10507.655046302249
2024-07-20 16:00:00,10507.655046302249
2024-07-20 17:00:00,10507.655046302249
2024-07-20 18:00:00,10507.655046302249
2024-07-20 19:00:00,10507.655046302249
2024-07-20 20:00:00,10507.655046302249
2024-07-20 21:00:00,10507.655046302249
2024-07-20 22:00:00,10507.655046302249
2024-07-20 23:00:00,10507.655046302249
2024-07-21 00:00:00,10507.655046302249
2024-07-21 01:00:00,10507.655046302249
2024-07-21 02:00:00,10507.655046302249
2024-07-21 03:00:00,10507.655046302249
2024-07-21 04:00:00,10507.655046302249
2024-07-21 05:00:00,10507.655046302249
2024-07-21 06:00:00,10507.655046302249
2024-07-21 07:00:00,10507.655046302249
2024-07-21 08:00:00,10507.655046302249
2024-07-21 09:00:00,10507.655046302249
2024-07-21 10:00:00,10507.655046302249
2024-07-21 11:00:00,10507.655046302249
2024-07-21 12:00:00,10507.655046302249
2024-07-21 13:00:00,10507.655046302249
2024-07-21 14:00:00,10507.655046302249
2024-07-21 15:00:00,10507.655046302249
2024-07-21 16:00:00,10507.655046302249
2024-07-21 17:00:00,10507.655046302249
2024-07-21 18:00:00,10507.655046302249
2024-07-21 19:00:00,10507.655046302249
2024-07-21 20:00:00,10507.655046302249
2024-07-21 21:00:00,10507.655046302249
2024-07-21 22:00:00,10507.655046302249
2024-07-21 23:00:00,10507.655046302249
2024-07-22 00:00:00,10507.655046302249
2024-07-22 01:00:00,10507.655046302249
2024-07-22 02:00:00,10507.655046302249
2024-07-22 03:00:00,10507.655046302249
2024-07-22 04:00:00,10507.655046302249
2024-07-22 05:00:00,10507.655046302249
2024-07-22 06:00:00,10507.655046302249
2024-07-22 07:00:00,10507.655046302249
2024-07-22 08:00:00,10507.655046302249
2024-07-22 09:00:00,10507.655046302249
2024-07-22 10:00:00,10507.655046302249
2024-07-22 11:00:00,10507.655046302249
2024-07-22 12:00:00,10507.655046302249
2024-07-22 13:00:00,10507.655046302249
2024-07-22 14:00:00,10507.655046302249
2024-07-22 15:00:00,10507.655046302249
2024-07-22 16:00:00,10507.655046302249
2024-07-22 17:00:00,10507.655046302249
2024-07-22 18:00:00,10507.655046302249
2024-07-22 19:00:00,10507.655046302249
2024-07-22 20:00:00,10507.655046302249
2024-07-22 21:00:00,10507.655046302249
2024-07-22 22:00:00,10507.655046302249
2024-07-22 23:00:00,10507.655046302249
2024-07-23 00:00:00,10507.655046302249
2024-07-23 01:00:00,10507.655046302249
2024-07-23 02:00:00,10507.655046302249
2024-07-23 03:00:00,10507.655046302249
2024-07-23 04:00:00,10507.655046302249
2024-07-23 05:00:00,10507.655046302249
2024-07-23 06:00:00,10507.655046302249
2024-07-23 07:00:00,10507.655046302249
2024-07-23 08:00:00,10507.655046302249
2024-07-23 09:00:00,10507.655046302249
2024-07-23 10:00:00,10507.655046302249
2024-07-23 11:00:00,10507.655046302249
2024-07-23 12:00:00,10507.655046302249
2024-07-23 13:00:00,10507.655046302249
2024-07-23 14:00:00,10507.655046302249
2024-07-23 15:00:00,10507.655046302249
2024-07-23 16:00:00,10507.655046302249
2024-07-23 17:00:00,10507.655046302249
2024-07-23 18:00:00,10507.655046302249
2024-07-23 19:00:00,10507.655046302249
2024-07-23 20:00:00,10507.655046302249
2024-07-23 21:00:00,10507.655046302249
2024-07-23 22:00:00,10507.655046302249
2024-07-23 23:00:00,10507.655046302249
2024-07-24 00:00:00,10507.655046302249
2024-07-24 01:00:00,10507.655046302249
2024-07-24 02:00:00,10507.655046302249
2024-07-24 03:00:00,10507.655046302249
2024-07-24 04:00:00,10507.655046302249
2024-07-24 05:00:00,10507.655046302249
2024-07-24 06:00:00,10507.655046302249
2024-07-24 07:00:00,10507.655046302249
2024-07-24 08:00:00,10507.655046302249
2024-07-24 09:00:00,10507.655046302249
2024-07-24 10:00:00,10507.655046302249
2024-07-24 11:00:00,10507.655046302249
2024-07-24 12:00:00,10507.655046302249
2024-07-24 13:00:00,10507.655046302249
2024-07-24 14:00:00,10507.655046302249
2024-07-24 15:00:00,10483.373746906122
2024-07-24 16:00:00,10491.94745756792
2024-07-24 17:00:00,10499.499008871458
2024-07-24 18:00:00,10466.776930854385
2024-07-24 19:00:00,10458.380987301687
2024-07-24 20:00:00,10458.380987301687
2024-07-24 21:00:00,10458.380987301687
2024-07-24 22:00:00,10458.380987301687
2024-07-24 23:00:00,10458.380987301687
2024-07-25 00:00:00,10458.380987301687
2024-07-25 01:00:00,10458.380987301687
2024-07-25 02:00:00,10458.380987301687
2024-07-25 03:00:00,10458.380987301687
2024-07-25 04:00:00,10458.380987301687
2024-07-25 05:00:00,10458.380987301687
2024-07-25 06:00:00,10458.380987301687
2024-07-25 07:00:00,10458.380987301687
2024-07-25 08:00:00,10458.380987301687
2024-07-25 09:00:00,10458.380987301687
2024-07-25 10:00:00,10458.380987301687
2024-07-25 11:00:00,10458.380987301687
2024-07-25 12:00:00,10458.380987301687
2024-07-25 13:00:00,10458.380987301687
2024-07-25 14:00:00,10458.380987301687
2024-07-25 15:00:00,10458.380987301687
2024-07-25 16:00:00,10458.380987301687
2024-07-25 17:00:00,10458.380987301687
2024-07-25 18:00:00,10458.380987301687
2024-07-25 19:00:00,10458.380987301687
2024-07-25 20:00:00,10458.380987301687
2024-07-25 21:00:00,10458.380987301687
2024-07-25 22:00:00,10458.380987301687
2024-07-25 23:00:00,10458.380987301687
2024-07-26 00:00:00,10458.380987301687
2024-07-26 01:00:00,10458.380987301687
2024-07-26 02:00:00,10458.380987301687
2024-07-26 03:00:00,10458.380987301687
2024-07-26 04:00:00,10458.380987301687
2024-07-26 05:00:00,10458.380987301687
2024-07-26 06:00:00,10458.380987301687
2024-07-26 07:00:00,10458.380987301687
2024-07-26 08:00:00,10458.380987301687
2024-07-26 09:00:00,10458.380987301687
2024-07-26 10:00:00,10458.380987301687
2024-07-26 11:00:00,10458.380987301687
2024-07-26 12:00:00,10458.380987301687
2024-07-26 13:00:00,10458.380987301687
2024-07-26 14:00:00,10458.380987301687
2024-07-26 15:00:00,10458.380987301687
2024-07-26 16:00:00,10458.380987301687
2024-07-26 17:00:00,10458.380987301687
2024-07-26 18:00:00,10458.380987301687
2024-07-26 19:00:00,10458.380987301687
2024-07-26 20:00:00,10458.380987301687
2024-07-26 21:00:00,10458.380987301687
2024-07-26 22:00:00,10458.380987301687
2024-07-26 23:00:00,10458.380987301687
2024-07-27 00:00:00,10458.380987301687
2024-07-27 01:00:00,10458.380987301687
2024-07-27 02:00:00,10458.380987301687
2024-07-27 03:00:00,10458.380987301687
2024-07-27 04:00:00,10458.380987301687
2024-07-27 05:00:00,10458.380987301687
2024-07-27 06:00:00,10458.380987301687
2024-07-27 07:00:00,10458.380987301687
2024-07-27 08:00:00,10458.380987301687
2024-07-27 09:00:00,10458.380987301687
2024-07-27 10:00:00,10458.380987301687
2024-07-27 11:00:00,10458.380987301687
2024-07-27 12:00:00,10458.380987301687
2024-07-27 13:00:00,10458.380987301687
2024-07-27 14:00:00,10458.380987301687
2024-07-27 15:00:00,10458.380987301687
2024-07-27 16:00:00,10458.380987301687
2024-07-27 17:00:00,10458.380987301687
2024-07-27 18:00:00,10458.380987301687
2024-07-27 19:00:00,10458.380987301687
2024-07-27 20:00:00,10458.380987301687
2024-07-27 21:00:00,10458.380987301687
2024-07-27 22:00:00,10458.380987301687
2024-07-27 23:00:00,10458.380987301687
2024-07-28 00:00:00,10458.380987301687
2024-07-28 01:00:00,10458.380987301687
2024-07-28 02:00:00,10458.380987301687
2024-07-28 03:00:00,10458.380987301687
2024-07-28 04:00:00,10458.380987301687
2024-07-28 05:00:00,10458.380987301687
2024-07-28 06:00:00,10458.380987301687
2024-07-28 07:00:00,10458.380987301687
2024-07-28 08:00:00,10458.380987301687
2024-07-28 09:00:00,10458.380987301687
2024-07-28 10:00:00,10458.380987301687
2024-07-28 11:00:00,10458.380987301687
2024-07-28 12:00:00,10458.380987301687
2024-07-28 13:00:00,10458.380987301687
2024-07-28 14:00:00,10458.380987301687
2024-07-28 15:00:00,10458.380987301687
2024-07-28 16:00:00,10458.380987301687
2024-07-28 17:00:00,10458.380987301687
2024-07-28 18:00:00,10458.380987301687
2024-07-28 19:00:00,10458.380987301687
2024-07-28 20:00:00,10458.380987301687
2024-07-28 21:00:00,10458.380987301687
2024-07-28 22:00:00,10458.380987301687
2024-07-28 23:00:00,10458.380987301687
2024-07-29 00:00:00,10458.380987301687
2024-07-29 01:00:00,10458.380987301687
2024-07-29 02:00:00,10458.380987301687
2024-07-29 03:00:00,10458.380987301687
2024-07-29 04:00:00,10458.380987301687
2024-07-29 05:00:00,10458.380987301687
2024-07-29 06:00:00,10458.380987301687
2024-07-29 07:00:00,10458.380987301687
2024-07-29 08:00:00,10458.380987301687
2024-07-29 09:00:00,10458.380987301687
2024-07-29 10:00:00,10458.380987301687
2024-07-29 11:00:00,10458.380987301687
2024-07-29 12:00:00,10458.380987301687
2024-07-29 13:00:00,10458.380987301687
2024-07-29 14:00:00,10458.380987301687
2024-07-29 15:00:00,10458.380987301687
2024-07-29 16:00:00,10458.380987301687
2024-07-29 17:00:00,10458.380987301687
2024-07-29 18:00:00,10458.380987301687
2024-07-29 19:00:00,10458.380987301687
2024-07-29 20:00:00,10458.380987301687
2024-07-29 21:00:00,10458.380987301687
2024-07-29 22:00:00,10458.380987301687
2024-07-29 23:00:00,10458.380987301687
2024-07-30 00:00:00,10458.380987301687
2024-07-30 01:00:00,10458.380987301687
2024-07-30 02:00:00,10458.380987301687
2024-07-30 03:00:00,10458.380987301687
2024-07-30 04:00:00,10458.380987301687
2024-07-30 05:00:00,10458.380987301687
2024-07-30 06:00:00,10458.380987301687
2024-07-30 07:00:00,10458.380987301687
2024-07-30 08:00:00,10458.380987301687
2024-07-30 09:00:00,10458.380987301687
2024-07-30 10:00:00,10458.380987301687
2024-07-30 11:00:00,10458.380987301687
2024-07-30 12:00:00,10458.380987301687
2024-07-30 13:00:00,10458.380987301687
2024-07-30 14:00:00,10458.380987301687
2024-07-30 15:00:00,10458.380987301687
2024-07-30 16:00:00,10458.380987301687
2024-07-30 17:00:00,10458.380987301687
2024-07-30 18:00:00,10458.380987301687
2024-07-30 19:00:00,10458.380987301687
2024-07-30 20:00:00,10458.380987301687
2024-07-30 21:00:00,10458.380987301687
2024-07-30 22:00:00,10458.380987301687
2024-07-30 23:00:00,10458.380987301687
2024-07-31 00:00:00,10458.380987301687
2024-07-31 01:00:00,10458.380987301687
2024-07-31 02:00:00,10458.380987301687
2024-07-31 03:00:00,10458.380987301687
2024-07-31 04:00:00,10458.380987301687
2024-07-31 05:00:00,10458.380987301687
2024-07-31 06:00:00,10458.380987301687
2024-07-31 07:00:00,10458.380987301687
2024-07-31 08:00:00,10458.380987301687
2024-07-31 09:00:00,10458.380987301687
2024-07-31 10:00:00,10458.380987301687
2024-07-31 11:00:00,10458.380987301687
2024-07-31 12:00:00,10458.380987301687
2024-07-31 13:00:00,10458.380987301687
2024-07-31 14:00:00,10458.380987301687
2024-07-31 15:00:00,10458.380987301687
2024-07-31 16:00:00,10458.380987301687
2024-07-31 17:00:00,10458.380987301687
2024-07-31 18:00:00,10458.380987301687
2024-07-31 19:00:00,10458.380987301687
2024-07-31 20:00:00,10458.380987301687
2024-07-31 21:00:00,10458.380987301687
2024-07-31 22:00:00,10458.380987301687
2024-07-31 23:00:00,10458.380987301687
2024-08-01 00:00:00,10458.380987301687
2024-08-01 01:00:00,10458.380987301687
2024-08-01 02:00:00,10458.380987301687
2024-08-01 03:00:00,10458.380987301687
2024-08-01 04:00:00,10458.380987301687
2024-08-01 05:00:00,10458.380987301687
2024-08-01 06:00:00,10458.380987301687
2024-08-01 07:00:00,10458.380987301687
2024-08-01 08:00:00,10458.380987301687
2024-08-01 09:00:00,10458.380987301687
2024-08-01 10:00:00,10458.380987301687
2024-08-01 11:00:00,10458.380987301687
2024-08-01 12:00:00,10458.380987301687
2024-08-01 13:00:00,10458.380987301687
2024-08-01 14:00:00,10458.380987301687
2024-08-01 15:00:00,10458.380987301687
2024-08-01 16:00:00,10458.380987301687
2024-08-01 17:00:00,10458.380987301687
2024-08-01 18:00:00,10458.380987301687
2024-08-01 19:00:00,10458.380987301687
2024-08-01 20:00:00,10458.380987301687
2024-08-01 21:00:00,10458.380987301687
2024-08-01 22:00:00,10458.380987301687
2024-08-01 23:00:00,10458.380987301687
2024-08-02 00:00:00,10458.380987301687
2024-08-02 01:00:00,10458.380987301687
2024-08-02 02:00:00,10458.380987301687
2024-08-02 03:00:00,10458.380987301687
2024-08-02 04:00:00,10458.380987301687
2024-08-02 05:00:00,10458.380987301687
2024-08-02 06:00:00,10458.380987301687
2024-08-02 07:00:00,10458.380987301687
2024-08-02 08:00:00,10458.380987301687
2024-08-02 09:00:00,10458.380987301687
2024-08-02 10:00:00,10458.380987301687
2024-08-02 11:00:00,10458.380987301687
2024-08-02 12:00:00,10458.380987301687
2024-08-02 13:00:00,10458.380987301687
2024-08-02 14:00:00,10458.380987301687
2024-08-02 15:00:00,10458.380987301687
2024-08-02 16:00:00,10458.380987301687
2024-08-02 17:00:00,10458.380987301687
2024-08-02 18:00:00,10458.380987301687
2024-08-02 19:00:00,10458.380987301687
2024-08-02 20:00:00,10458.380987301687
2024-08-02 21:00:00,10458.380987301687
2024-08-02 22:00:00,10458.380987301687
2024-08-02 23:00:00,10458.380987301687
2024-08-03 00:00:00,10458.380987301687
2024-08-03 01:00:00,10458.380987301687
2024-08-03 02:00:00,10458.380987301687
2024-08-03 03:00:00,10458.380987301687
2024-08-03 04:00:00,10458.380987301687
2024-08-03 05:00:00,10458.380987301687
2024-08-03 06:00:00,10458.380987301687
2024-08-03 07:00:00,10458.380987301687
2024-08-03 08:00:00,10458.380987301687
2024-08-03 09:00:00,10458.380987301687
2024-08-03 10:00:00,10458.380987301687
2024-08-03 11:00:00,10458.380987301687
2024-08-03 12:00:00,10458.380987301687
2024-08-03 13:00:00,10458.380987301687
2024-08-03 14:00:00,10458.380987301687
2024-08-03 15:00:00,10458.380987301687
2024-08-03 16:00:00,10458.380987301687
2024-08-03 17:00:00,10458.380987301687
2024-08-03 18:00:00,10458.380987301687
2024-08-03 19:00:00,10458.380987301687
2024-08-03 20:00:00,10458.380987301687
2024-08-03 21:00:00,10458.380987301687
2024-08-03 22:00:00,10458.380987301687
2024-08-03 23:00:00,10458.380987301687
2024-08-04 00:00:00,10458.380987301687
2024-08-04 01:00:00,10458.380987301687
2024-08-04 02:00:00,10458.380987301687
2024-08-04 03:00:00,10458.380987301687
2024-08-04 04:00:00,10458.380987301687
2024-08-04 05:00:00,10458.380987301687
2024-08-04 06:00:00,10458.380987301687
2024-08-04 07:00:00,10458.380987301687
2024-08-04 08:00:00,10458.380987301687
2024-08-04 09:00:00,10458.380987301687
2024-08-04 10:00:00,10458.380987301687
2024-08-04 11:00:00,10458.380987301687
2024-08-04 12:00:00,10458.380987301687
2024-08-04 13:00:00,10458.380987301687
2024-08-04 14:00:00,10458.380987301687
2024-08-04 15:00:00,10458.380987301687
2024-08-04 16:00:00,10458.380987301687
2024-08-04 17:00:00,10458.380987301687
2024-08-04 18:00:00,10458.380987301687
2024-08-04 19:00:00,10458.380987301687
2024-08-04 20:00:00,10458.380987301687
2024-08-04 21:00:00,10458.380987301687
2024-08-04 22:00:00,10458.380987301687
2024-08-04 23:00:00,10458.380987301687
2024-08-05 00:00:00,10458.380987301687
2024-08-05 01:00:00,10458.380987301687
2024-08-05 02:00:00,10458.380987301687
2024-08-05 03:00:00,10458.380987301687
2024-08-05 04:00:00,10458.380987301687
2024-08-05 05:00:00,10458.380987301687
2024-08-05 06:00:00,10458.380987301687
2024-08-05 07:00:00,10458.380987301687
2024-08-05 08:00:00,10458.380987301687
2024-08-05 09:00:00,10458.380987301687
2024-08-05 10:00:00,10458.380987301687
2024-08-05 11:00:00,10458.380987301687
2024-08-05 12:00:00,10458.380987301687
2024-08-05 13:00:00,10458.380987301687
2024-08-05 14:00:00,10458.380987301687
2024-08-05 15:00:00,10458.380987301687
2024-08-05 16:00:00,10458.380987301687
2024-08-05 17:00:00,10458.380987301687
2024-08-05 18:00:00,10458.380987301687
2024-08-05 19:00:00,10458.380987301687
2024-08-05 20:00:00,10458.380987301687
2024-08-05 21:00:00,10458.380987301687
2024-08-05 22:00:00,10458.380987301687
2024-08-05 23:00:00,10458.380987301687
2024-08-06 00:00:00,10458.380987301687
2024-08-06 01:00:00,10458.380987301687
2024-08-06 02:00:00,10458.380987301687
2024-08-06 03:00:00,10458.380987301687
2024-08-06 04:00:00,10458.380987301687
2024-08-06 05:00:00,10458.380987301687
2024-08-06 06:00:00,10458.380987301687
2024-08-06 07:00:00,10458.380987301687
2024-08-06 08:00:00,10458.380987301687
2024-08-06 09:00:00,10458.380987301687
2024-08-06 10:00:00,10458.380987301687
2024-08-06 11:00:00,10458.380987301687
2024-08-06 12:00:00,10458.380987301687
2024-08-06 13:00:00,10458.380987301687
2024-08-06 14:00:00,10458.380987301687
2024-08-06 15:00:00,10458.380987301687
2024-08-06 16:00:00,10458.380987301687
2024-08-06 17:00:00,10458.380987301687
2024-08-06 18:00:00,10458.380987301687
2024-08-06 19:00:00,10458.380987301687
2024-08-06 20:00:00,10458.380987301687
2024-08-06 21:00:00,10458.380987301687
2024-08-06 22:00:00,10458.380987301687
2024-08-06 23:00:00,10458.380987301687
2024-08-07 00:00:00,10458.380987301687
2024-08-07 01:00:00,10458.380987301687
2024-08-07 02:00:00,10458.380987301687
2024-08-07 03:00:00,10458.380987301687
2024-08-07 04:00:00,10458.380987301687
2024-08-07 05:00:00,10458.380987301687
2024-08-07 06:00:00,10458.380987301687
2024-08-07 07:00:00,10458.380987301687
2024-08-07 08:00:00,10458.380987301687
2024-08-07 09:00:00,10458.380987301687
2024-08-07 10:00:00,10458.380987301687
2024-08-07 11:00:00,10458.380987301687
2024-08-07 12:00:00,10458.380987301687
2024-08-07 13:00:00,10458.380987301687
2024-08-07 14:00:00,10458.380987301687
2024-08-07 15:00:00,10458.380987301687
2024-08-07 16:00:00,10458.380987301687
2024-08-07 17:00:00,10458.380987301687
2024-08-07 18:00:00,10458.380987301687
2024-08-07 19:00:00,10458.380987301687
2024-08-07 20:00:00,10458.380987301687
2024-08-07 21:00:00,10458.380987301687
2024-08-07 22:00:00,10458.380987301687
2024-08-07 23:00:00,10458.380987301687
2024-08-08 00:00:00,10458.380987301687
2024-08-08 01:00:00,10458.380987301687
2024-08-08 02:00:00,10458.380987301687
2024-08-08 03:00:00,10458.380987301687
2024-08-08 04:00:00,10458.380987301687
2024-08-08 05:00:00,10458.380987301687
2024-08-08 06:00:00,10458.380987301687
2024-08-08 07:00:00,10458.380987301687
2024-08-08 08:00:00,10458.380987301687
2024-08-08 09:00:00,10458.380987301687
2024-08-08 10:00:00,10458.380987301687
2024-08-08 11:00:00,10458.380987301687
2024-08-08 12:00:00,10458.380987301687
2024-08-08 13:00:00,10458.380987301687
2024-08-08 14:00:00,10458.380987301687
2024-08-08 15:00:00,10458.380987301687
2024-08-08 16:00:00,10458.380987301687
2024-08-08 17:00:00,10458.380987301687
2024-08-08 18:00:00,10458.380987301687
2024-08-08 19:00:00,10458.380987301687
2024-08-08 20:00:00,10458.380987301687
2024-08-08 21:00:00,10458.380987301687
2024-08-08 22:00:00,10458.380987301687
2024-08-08 23:00:00,10458.380987301687
2024-08-09 00:00:00,10458.380987301687
2024-08-09 01:00:00,10458.380987301687
2024-08-09 02:00:00,10458.380987301687
2024-08-09 03:00:00,10458.380987301687
2024-08-09 04:00:00,10458.380987301687
2024-08-09 05:00:00,10458.380987301687
2024-08-09 06:00:00,10458.380987301687
2024-08-09 07:00:00,10458.380987301687
2024-08-09 08:00:00,10458.380987301687
2024-08-09 09:00:00,10458.380987301687
2024-08-09 10:00:00,10458.380987301687
2024-08-09 11:00:00,10458.380987301687
2024-08-09 12:00:00,10458.380987301687
2024-08-09 13:00:00,10458.380987301687
2024-08-09 14:00:00,10458.380987301687
2024-08-09 15:00:00,10458.380987301687
2024-08-09 16:00:00,10458.380987301687
2024-08-09 17:00:00,10458.380987301687
2024-08-09 18:00:00,10458.380987301687
2024-08-09 19:00:00,10458.380987301687
2024-08-09 20:00:00,10458.380987301687
2024-08-09 21:00:00,10458.380987301687
2024-08-09 22:00:00,10458.380987301687
2024-08-09 23:00:00,10458.380987301687
2024-08-10 00:00:00,10458.380987301687
2024-08-10 01:00:00,10458.380987301687
2024-08-10 02:00:00,10458.380987301687
2024-08-10 03:00:00,10458.380987301687
2024-08-10 04:00:00,10458.380987301687
2024-08-10 05:00:00,10458.380987301687
2024-08-10 06:00:00,10458.380987301687
2024-08-10 07:00:00,10458.380987301687
2024-08-10 08:00:00,10458.380987301687
2024-08-10 09:00:00,10458.380987301687
2024-08-10 10:00:00,10458.380987301687
2024-08-10 11:00:00,10458.380987301687
2024-08-10 12:00:00,10458.380987301687
2024-08-10 13:00:00,10458.380987301687
2024-08-10 14:00:00,10458.380987301687
2024-08-10 15:00:00,10458.380987301687
2024-08-10 16:00:00,10458.380987301687
2024-08-10 17:00:00,10458.380987301687
2024-08-10 18:00:00,10458.380987301687
2024-08-10 19:00:00,10458.380987301687
2024-08-10 20:00:00,10458.380987301687
2024-08-10 21:00:00,10458.380987301687
2024-08-10 22:00:00,10458.380987301687
2024-08-10 23:00:00,10458.380987301687
2024-08-11 00:00:00,10458.380987301687
2024-08-11 01:00:00,10458.380987301687
2024-08-11 02:00:00,10458.380987301687
2024-08-11 03:00:00,10458.380987301687
2024-08-11 04:00:00,10458.380987301687
2024-08-11 05:00:00,10458.380987301687
2024-08-11 06:00:00,10458.380987301687
2024-08-11 07:00:00,10458.380987301687
2024-08-11 08:00:00,10458.380987301687
2024-08-11 09:00:00,10458.380987301687
2024-08-11 10:00:00,10458.380987301687
2024-08-11 11:00:00,10458.380987301687
2024-08-11 12:00:00,10458.380987301687
2024-08-11 13:00:00,10458.380987301687
2024-08-11 14:00:00,10458.380987301687
2024-08-11 15:00:00,10458.380987301687
2024-08-11 16:00:00,10458.380987301687
2024-08-11 17:00:00,10458.380987301687
2024-08-11 18:00:00,10458.380987301687
2024-08-11 19:00:00,10458.380987301687
2024-08-11 20:00:00,10458.380987301687
2024-08-11 21:00:00,10458.380987301687
2024-08-11 22:00:00,10458.380987301687
2024-08-11 23:00:00,10458.380987301687
2024-08-12 00:00:00,10458.380987301687
2024-08-12 01:00:00,10458.380987301687
2024-08-12 02:00:00,10458.380987301687
2024-08-12 03:00:00,10458.380987301687
2024-08-12 04:00:00,10458.380987301687
2024-08-12 05:00:00,10458.380987301687
2024-08-12 06:00:00,10458.380987301687
2024-08-12 07:00:00,10458.380987301687
2024-08-12 08:00:00,10458.380987301687
2024-08-12 09:00:00,10458.380987301687
2024-08-12 10:00:00,10458.380987301687
2024-08-12 11:00:00,10458.380987301687
2024-08-12 12:00:00,10458.380987301687
2024-08-12 13:00:00,10458.380987301687
2024-08-12 14:00:00,10458.380987301687
2024-08-12 15:00:00,10458.380987301687
2024-08-12 16:00:00,10458.380987301687
2024-08-12 17:00:00,10458.380987301687
2024-08-12 18:00:00,10458.380987301687
2024-08-12 19:00:00,10458.380987301687
2024-08-12 20:00:00,10458.380987301687
2024-08-12 21:00:00,10458.380987301687
2024-08-12 22:00:00,10458.380987301687
2024-08-12 23:00:00,10458.380987301687
2024-08-13 00:00:00,10458.380987301687
2024-08-13 01:00:00,10458.380987301687
2024-08-13 02:00:00,10458.380987301687
2024-08-13 03:00:00,10458.380987301687
2024-08-13 04:00:00,10458.380987301687
2024-08-13 05:00:00,10458.380987301687
2024-08-13 06:00:00,10458.380987301687
2024-08-13 07:00:00,10458.380987301687
2024-08-13 08:00:00,10458.380987301687
2024-08-13 09:00:00,10458.380987301687
2024-08-13 10:00:00,10458.380987301687
2024-08-13 11:00:00,10458.380987301687
2024-08-13 12:00:00,10458.380987301687
2024-08-13 13:00:00,10458.380987301687
2024-08-13 14:00:00,10458.380987301687
2024-08-13 15:00:00,10458.380987301687
2024-08-13 16:00:00,10458.380987301687
2024-08-13 17:00:00,10458.380987301687
2024-08-13 18:00:00,10458.380987301687
2024-08-13 19:00:00,10458.380987301687
2024-08-13 20:00:00,10458.380987301687
2024-08-13 21:00:00,10458.380987301687
2024-08-13 22:00:00,10458.380987301687
2024-08-13 23:00:00,10458.380987301687
2024-08-14 00:00:00,10458.380987301687
2024-08-14 01:00:00,10458.380987301687
2024-08-14 02:00:00,10458.380987301687
2024-08-14 03:00:00,10458.380987301687
2024-08-14 04:00:00,10458.380987301687
2024-08-14 05:00:00,10458.380987301687
2024-08-14 06:00:00,10458.380987301687
2024-08-14 07:00:00,10458.380987301687
2024-08-14 08:00:00,10458.380987301687
2024-08-14 09:00:00,10458.380987301687
2024-08-14 10:00:00,10458.380987301687
2024-08-14 11:00:00,10458.380987301687
2024-08-14 12:00:00,10458.380987301687
2024-08-14 13:00:00,10458.380987301687
2024-08-14 14:00:00,10458.380987301687
2024-08-14 15:00:00,10458.380987301687
2024-08-14 16:00:00,10458.380987301687
2024-08-14 17:00:00,10458.380987301687
2024-08-14 18:00:00,10458.380987301687
2024-08-14 19:00:00,10458.380987301687
2024-08-14 20:00:00,10458.380987301687
2024-08-14 21:00:00,10458.380987301687
2024-08-14 22:00:00,10458.380987301687
2024-08-14 23:00:00,10458.380987301687
2024-08-15 00:00:00,10458.380987301687
2024-08-15 01:00:00,10458.380987301687
2024-08-15 02:00:00,10458.380987301687
2024-08-15 03:00:00,10458.380987301687
2024-08-15 04:00:00,10458.380987301687
2024-08-15 05:00:00,10458.380987301687
2024-08-15 06:00:00,10458.380987301687
2024-08-15 07:00:00,10458.380987301687
2024-08-15 08:00:00,10458.380987301687
2024-08-15 09:00:00,10458.380987301687
2024-08-15 10:00:00,10458.380987301687
2024-08-15 11:00:00,10458.380987301687
2024-08-15 12:00:00,10458.380987301687
2024-08-15 13:00:00,10458.380987301687
2024-08-15 14:00:00,10458.380987301687
2024-08-15 15:00:00,10458.380987301687
2024-08-15 16:00:00,10458.380987301687
2024-08-15 17:00:00,10458.380987301687
2024-08-15 18:00:00,10458.380987301687
2024-08-15 19:00:00,10458.380987301687
2024-08-15 20:00:00,10458.380987301687
2024-08-15 21:00:00,10458.380987301687
2024-08-15 22:00:00,10458.380987301687
2024-08-15 23:00:00,10458.380987301687
2024-08-16 00:00:00,10458.380987301687
2024-08-16 01:00:00,10458.380987301687
2024-08-16 02:00:00,10458.380987301687
2024-08-16 03:00:00,10458.380987301687
2024-08-16 04:00:00,10458.380987301687
2024-08-16 05:00:00,10458.380987301687
2024-08-16 06:00:00,10458.380987301687
2024-08-16 07:00:00,10458.380987301687
2024-08-16 08:00:00,10458.380987301687
2024-08-16 09:00:00,10458.380987301687
2024-08-16 10:00:00,10458.380987301687
2024-08-16 11:00:00,10458.380987301687
2024-08-16 12:00:00,10458.380987301687
2024-08-16 13:00:00,10458.380987301687
2024-08-16 14:00:00,10458.380987301687
2024-08-16 15:00:00,10458.380987301687
2024-08-16 16:00:00,10458.380987301687
2024-08-16 17:00:00,10458.380987301687
2024-08-16 18:00:00,10458.380987301687
2024-08-16 19:00:00,10458.380987301687
2024-08-16 20:00:00,10458.380987301687
2024-08-16 21:00:00,10458.380987301687
2024-08-16 22:00:00,10458.380987301687
2024-08-16 23:00:00,10458.380987301687
2024-08-17 00:00:00,10458.380987301687
2024-08-17 01:00:00,10458.380987301687
2024-08-17 02:00:00,10458.380987301687
2024-08-17 03:00:00,10458.380987301687
2024-08-17 04:00:00,10458.380987301687
2024-08-17 05:00:00,10454.710250170641
2024-08-17 06:00:00,10454.490036931502
2024-08-17 07:00:00,10458.453875235988
2024-08-17 08:00:00,10459.825463907813
2024-08-17 09:00:00,10461.911090697726
2024-08-17 10:00:00,10452.204938429986
2024-08-17 11:00:00,10453.56063997434
2024-08-17 12:00:00,10457.66260802602
2024-08-17 13:00:00,10461.820181023853
2024-08-17 14:00:00,10471.135774741218
2024-08-17 15:00:00,10464.637056986616
2024-08-17 16:00:00,10474.43367761913
2024-08-17 17:00:00,10466.422593590929
2024-08-17 18:00:00,10465.941566675778
2024-08-17 19:00:00,10468.391714779375
2024-08-17 20:00:00,10465.034676482534
2024-08-17 21:00:00,10460.916379994285
2024-08-17 22:00:00,10461.374900145516
2024-08-17 23:00:00,10469.221375880736
2024-08-18 00:00:00,10477.471208130128
2024-08-18 01:00:00,10466.748279704123
2024-08-18 02:00:00,10497.200813905969
2024-08-18 03:00:00,10462.400061176613
2024-08-18 04:00:00,10467.633104442544
2024-08-18 05:00:00,10469.133555370538
2024-08-18 06:00:00,10473.810990484013
2024-08-18 07:00:00,10472.813631925994
2024-08-18 08:00:00,10478.666714472462
2024-08-18 09:00:00,10486.34461013283
2024-08-18 10:00:00,10485.935516600404
2024-08-18 11:00:00,10492.69990243108
2024-08-18 12:00:00,10490.29653309171
2024-08-18 13:00:00,10484.049802831192
2024-08-18 14:00:00,10483.079364128056
2024-08-18 15:00:00,10485.638074269384
2024-08-18 16:00:00,10484.599232656295
2024-08-18 17:00:00,10470.791994955069
2024-08-18 18:00:00,10474.083719505632
2024-08-18 19:00:00,10478.77086341923
2024-08-18 20:00:00,10483.455359478248
2024-08-18 21:00:00,10466.89744217873
2024-08-18 22:00:00,10462.955228019971
2024-08-18 23:00:00,10422.237844234256
2024-08-19 00:00:00,10418.64911866177
2024-08-19 01:00:00,10428.268333037506
2024-08-19 02:00:00,10432.968716223997
2024-08-19 03:00:00,10435.896360769973
2024-08-19 04:00:00,10429.06268941115
2024-08-19 05:00:00,10424.348625642668
2024-08-19 06:00:00,10428.533118495387
2024-08-19 07:00:00,10425.540601512232
2024-08-19 08:00:00,10430.222008407574
2024-08-19 09:00:00,10401.571654627227
2024-08-19 10:00:00,10401.571654627227
2024-08-19 11:00:00,10401.571654627227
2024-08-19 12:00:00,10401.571654627227
2024-08-19 13:00:00,10401.571654627227
2024-08-19 14:00:00,10401.571654627227
2024-08-19 15:00:00,10401.571654627227
2024-08-19 16:00:00,10401.571654627227
2024-08-19 17:00:00,10401.571654627227
2024-08-19 18:00:00,10401.571654627227
2024-08-19 19:00:00,10401.571654627227
2024-08-19 20:00:00,10401.571654627227
2024-08-19 21:00:00,10401.571654627227
2024-08-19 22:00:00,10401.571654627227
2024-08-19 23:00:00,10401.571654627227
2024-08-20 00:00:00,10401.571654627227
2024-08-20 01:00:00,10401.571654627227
2024-08-20 02:00:00,10401.571654627227
2024-08-20 03:00:00,10401.571654627227
2024-08-20 04:00:00,10401.571654627227
2024-08-20 05:00:00,10401.571654627227
2024-08-20 06:00:00,10401.571654627227
2024-08-20 07:00:00,10401.571654627227
2024-08-20 08:00:00,10401.571654627227
2024-08-20 09:00:00,10401.571654627227
2024-08-20 10:00:00,10401.571654627227
2024-08-20 11:00:00,10401.571654627227
2024-08-20 12:00:00,10401.571654627227
2024-08-20 13:00:00,10401.571654627227
2024-08-20 14:00:00,10401.571654627227
2024-08-20 15:00:00,10401.571654627227
2024-08-20 16:00:00,10401.571654627227
2024-08-20 17:00:00,10401.571654627227
2024-08-20 18:00:00,10401.571654627227
2024-08-20 19:00:00,10401.571654627227
2024-08-20 20:00:00,10401.571654627227
2024-08-20 21:00:00,10401.571654627227
2024-08-20 22:00:00,10401.571654627227
2024-08-20 23:00:00,10401.571654627227
2024-08-21 00:00:00,10401.571654627227
2024-08-21 01:00:00,10401.571654627227
2024-08-21 02:00:00,10401.571654627227
2024-08-21 03:00:00,10401.571654627227
2024-08-21 04:00:00,10401.571654627227
2024-08-21 05:00:00,10401.571654627227
2024-08-21 06:00:00,10401.571654627227
2024-08-21 07:00:00,10403.96322178745
2024-08-21 08:00:00,10392.237789289129
2024-08-21 09:00:00,10385.590907498537
2024-08-21 10:00:00,10393.344949086368
2024-08-21 11:00:00,10388.669596336293
2024-08-21 12:00:00,10395.023124369585
2024-08-21 13:00:00,10413.378438960823
2024-08-21 14:00:00,10390.817224809127
2024-08-21 15:00:00,10395.23671031472
2024-08-21 16:00:00,10411.529394921497
2024-08-21 17:00:00,10413.39674632755
2024-08-21 18:00:00,10450.136144229167
2024-08-21 19:00:00,10484.95152506582
2024-08-21 20:00:00,10470.392809621808
2024-08-21 21:00:00,10470.391501952756
2024-08-21 22:00:00,10467.797958333238
2024-08-21 23:00:00,10466.906999819239
2024-08-22 00:00:00,10452.179159177853
2024-08-22 01:00:00,10458.798144028671
2024-08-22 02:00:00,10424.645315511627
2024-08-22 03:00:00,10440.442829437432
2024-08-22 04:00:00,10452.892710590484
2024-08-22 05:00:00,10448.07525780344
2024-08-22 06:00:00,10449.7713045637
2024-08-22 07:00:00,10459.421902166407
2024-08-22 08:00:00,10456.91553648368
2024-08-22 09:00:00,10455.222976840894
2024-08-22 10:00:00,10475.36238790855
2024-08-22 11:00:00,10474.755629468487
2024-08-22 12:00:00,10454.8398298087
2024-08-22 13:00:00,10452.085007006119
2024-08-22 14:00:00,10438.768141271687
2024-08-22 15:00:00,10434.274990409505
2024-08-22 16:00:00,10430.888127565195
2024-08-22 17:00:00,10423.69594777998
2024-08-22 18:00:00,10430.951767459052
2024-08-22 19:00:00,10429.942246951017
2024-08-22 20:00:00,10446.157779083735
2024-08-22 21:00:00,10440.293319275837
2024-08-22 22:00:00,10435.480225385634
2024-08-22 23:00:00,10432.899322566951
2024-08-23 00:00:00,10448.169409975175
2024-08-23 01:00:00,10450.01278744861
2024-08-23 02:00:00,10443.790462210187
2024-08-23 03:00:00,10442.378615523865
2024-08-23 04:00:00,10447.356475714603
2024-08-23 05:00:00,10453.840334763396
2024-08-23 06:00:00,10468.3694097089
2024-08-23 07:00:00,10463.125220921267
2024-08-23 08:00:00,10474.115307522761
2024-08-23 09:00:00,10461.070436951115
2024-08-23 10:00:00,10462.75384291054
2024-08-23 11:00:00,10448.845910764669
2024-08-23 12:00:00,10466.495084067905
2024-08-23 13:00:00,10465.336053398274
2024-08-23 14:00:00,10459.883945231397
2024-08-23 15:00:00,10483.340912683616
2024-08-23 16:00:00,10492.012502056166
2024-08-23 17:00:00,10530.415105670709
2024-08-23 18:00:00,10530.415105670709
2024-08-23 19:00:00,10530.415105670709
2024-08-23 20:00:00,10530.415105670709
2024-08-23 21:00:00,10530.415105670709
2024-08-23 22:00:00,10530.415105670709
2024-08-23 23:00:00,10530.415105670709
2024-08-24 00:00:00,10530.415105670709
2024-08-24 01:00:00,10530.415105670709
2024-08-24 02:00:00,10530.415105670709
2024-08-24 03:00:00,10530.415105670709
2024-08-24 04:00:00,10530.415105670709
2024-08-24 05:00:00,10530.415105670709
2024-08-24 06:00:00,10530.415105670709
2024-08-24 07:00:00,10530.415105670709
2024-08-24 08:00:00,10530.415105670709
2024-08-24 09:00:00,10530.415105670709
2024-08-24 10:00:00,10530.415105670709
2024-08-24 11:00:00,10530.415105670709
2024-08-24 12:00:00,10530.415105670709
2024-08-24 13:00:00,10530.415105670709
2024-08-24 14:00:00,10530.415105670709
2024-08-24 15:00:00,10530.415105670709
2024-08-24 16:00:00,10530.415105670709
2024-08-24 17:00:00,10530.415105670709
2024-08-24 18:00:00,10530.415105670709
2024-08-24 19:00:00,10530.415105670709
2024-08-24 20:00:00,10530.415105670709
2024-08-24 21:00:00,10530.415105670709
2024-08-24 22:00:00,10530.415105670709
2024-08-24 23:00:00,10530.415105670709
2024-08-25 00:00:00,10530.415105670709
2024-08-25 01:00:00,10530.415105670709
2024-08-25 02:00:00,10530.415105670709
2024-08-25 03:00:00,10530.415105670709
2024-08-25 04:00:00,10530.415105670709
2024-08-25 05:00:00,10530.415105670709
2024-08-25 06:00:00,10530.415105670709
2024-08-25 07:00:00,10530.415105670709
2024-08-25 08:00:00,10530.415105670709
2024-08-25 09:00:00,10530.415105670709
2024-08-25 10:00:00,10530.415105670709
2024-08-25 11:00:00,10530.415105670709
2024-08-25 12:00:00,10530.415105670709
2024-08-25 13:00:00,10530.415105670709
2024-08-25 14:00:00,10530.415105670709
2024-08-25 15:00:00,10530.415105670709
2024-08-25 16:00:00,10530.415105670709
2024-08-25 17:00:00,10530.415105670709
2024-08-25 18:00:00,10530.415105670709
2024-08-25 19:00:00,10530.415105670709
2024-08-25 20:00:00,10530.415105670709
2024-08-25 21:00:00,10530.415105670709
2024-08-25 22:00:00,10530.415105670709
2024-08-25 23:00:00,10530.415105670709
2024-08-26 00:00:00,10530.415105670709
2024-08-26 01:00:00,10530.415105670709
2024-08-26 02:00:00,10530.415105670709
2024-08-26 03:00:00,10530.415105670709
2024-08-26 04:00:00,10530.415105670709
2024-08-26 05:00:00,10530.415105670709
2024-08-26 06:00:00,10530.415105670709
2024-08-26 07:00:00,10530.415105670709
2024-08-26 08:00:00,10530.415105670709
2024-08-26 09:00:00,10530.415105670709
2024-08-26 10:00:00,10530.415105670709
2024-08-26 11:00:00,10530.415105670709
2024-08-26 12:00:00,10530.415105670709
2024-08-26 13:00:00,10530.415105670709
2024-08-26 14:00:00,10530.415105670709
2024-08-26 15:00:00,10530.415105670709
2024-08-26 16:00:00,10530.415105670709
2024-08-26 17:00:00,10530.415105670709
2024-08-26 18:00:00,10530.415105670709
2024-08-26 19:00:00,10530.415105670709
2024-08-26 20:00:00,10530.415105670709
2024-08-26 21:00:00,10530.415105670709
2024-08-26 22:00:00,10530.415105670709
2024-08-26 23:00:00,10530.415105670709
2024-08-27 00:00:00,10530.415105670709
2024-08-27 01:00:00,10530.415105670709
2024-08-27 02:00:00,10530.415105670709
2024-08-27 03:00:00,10530.415105670709
2024-08-27 04:00:00,10530.415105670709
2024-08-27 05:00:00,10530.415105670709
2024-08-27 06:00:00,10530.415105670709
2024-08-27 07:00:00,10530.415105670709
2024-08-27 08:00:00,10530.415105670709
2024-08-27 09:00:00,10530.415105670709
2024-08-27 10:00:00,10530.415105670709
2024-08-27 11:00:00,10530.415105670709
2024-08-27 12:00:00,10530.415105670709
2024-08-27 13:00:00,10530.415105670709
2024-08-27 14:00:00,10530.415105670709
2024-08-27 15:00:00,10530.415105670709
2024-08-27 16:00:00,10530.415105670709
2024-08-27 17:00:00,10530.415105670709
2024-08-27 18:00:00,10530.415105670709
2024-08-27 19:00:00,10530.415105670709
2024-08-27 20:00:00,10530.415105670709
2024-08-27 21:00:00,10530.415105670709
2024-08-27 22:00:00,10530.415105670709
2024-08-27 23:00:00,10530.415105670709
2024-08-28 00:00:00,10530.415105670709
2024-08-28 01:00:00,10530.415105670709
2024-08-28 02:00:00,10530.415105670709
2024-08-28 03:00:00,10530.415105670709
2024-08-28 04:00:00,10530.415105670709
2024-08-28 05:00:00,10530.415105670709
2024-08-28 06:00:00,10530.415105670709
2024-08-28 07:00:00,10530.415105670709
2024-08-28 08:00:00,10530.415105670709
2024-08-28 09:00:00,10530.415105670709
2024-08-28 10:00:00,10530.415105670709
2024-08-28 11:00:00,10530.415105670709
2024-08-28 12:00:00,10530.415105670709
2024-08-28 13:00:00,10530.415105670709
2024-08-28 14:00:00,10530.415105670709
2024-08-28 15:00:00,10530.415105670709
2024-08-28 16:00:00,10530.415105670709
2024-08-28 17:00:00,10530.415105670709
2024-08-28 18:00:00,10530.415105670709
2024-08-28 19:00:00,10530.415105670709
2024-08-28 20:00:00,10530.415105670709
2024-08-28 21:00:00,10530.415105670709
2024-08-28 22:00:00,10530.415105670709
2024-08-28 23:00:00,10530.415105670709
2024-08-29 00:00:00,10530.415105670709
2024-08-29 01:00:00,10530.415105670709
2024-08-29 02:00:00,10530.415105670709
2024-08-29 03:00:00,10530.415105670709
2024-08-29 04:00:00,10530.415105670709
2024-08-29 05:00:00,10530.415105670709
2024-08-29 06:00:00,10530.415105670709
2024-08-29 07:00:00,10530.415105670709
2024-08-29 08:00:00,10530.415105670709
2024-08-29 09:00:00,10530.415105670709
2024-08-29 10:00:00,10530.415105670709
2024-08-29 11:00:00,10530.415105670709
2024-08-29 12:00:00,10530.415105670709
2024-08-29 13:00:00,10530.415105670709
2024-08-29 14:00:00,10530.415105670709
2024-08-29 15:00:00,10530.415105670709
2024-08-29 16:00:00,10530.415105670709
2024-08-29 17:00:00,10530.415105670709
2024-08-29 18:00:00,10530.415105670709
2024-08-29 19:00:00,10530.415105670709
2024-08-29 20:00:00,10530.415105670709
2024-08-29 21:00:00,10530.415105670709
2024-08-29 22:00:00,10530.415105670709
2024-08-29 23:00:00,10530.415105670709
2024-08-30 00:00:00,10530.415105670709
2024-08-30 01:00:00,10530.415105670709
2024-08-30 02:00:00,10530.415105670709
2024-08-30 03:00:00,10530.415105670709
2024-08-30 04:00:00,10530.415105670709
2024-08-30 05:00:00,10530.415105670709
2024-08-30 06:00:00,10530.415105670709
2024-08-30 07:00:00,10530.415105670709
2024-08-30 08:00:00,10530.415105670709
2024-08-30 09:00:00,10530.415105670709
2024-08-30 10:00:00,10530.415105670709
2024-08-30 11:00:00,10530.415105670709
2024-08-30 12:00:00,10530.415105670709
2024-08-30 13:00:00,10530.415105670709
2024-08-30 14:00:00,10530.415105670709
2024-08-30 15:00:00,10530.415105670709
2024-08-30 16:00:00,10530.415105670709
2024-08-30 17:00:00,10530.415105670709
2024-08-30 18:00:00,10530.415105670709
2024-08-30 19:00:00,10530.415105670709
2024-08-30 20:00:00,10530.415105670709
2024-08-30 21:00:00,10530.415105670709
2024-08-30 22:00:00,10530.415105670709
2024-08-30 23:00:00,10530.415105670709
2024-08-31 00:00:00,10530.415105670709
2024-08-31 01:00:00,10530.415105670709
2024-08-31 02:00:00,10530.415105670709
2024-08-31 03:00:00,10530.415105670709
2024-08-31 04:00:00,10530.415105670709
2024-08-31 05:00:00,10530.415105670709
2024-08-31 06:00:00,10530.415105670709
2024-08-31 07:00:00,10530.415105670709
2024-08-31 08:00:00,10530.415105670709
2024-08-31 09:00:00,10530.415105670709
2024-08-31 10:00:00,10530.415105670709
2024-08-31 11:00:00,10530.415105670709
2024-08-31 12:00:00,10530.415105670709
2024-08-31 13:00:00,10530.415105670709
2024-08-31 14:00:00,10530.415105670709
2024-08-31 15:00:00,10530.415105670709
2024-08-31 16:00:00,10530.415105670709
2024-08-31 17:00:00,10530.415105670709
2024-08-31 18:00:00,10530.415105670709
2024-08-31 19:00:00,10530.415105670709
2024-08-31 20:00:00,10530.415105670709
2024-08-31 21:00:00,10530.415105670709
2024-08-31 22:00:00,10530.415105670709
2024-08-31 23:00:00,10530.415105670709
2024-09-01 00:00:00,10530.415105670709
2024-09-01 01:00:00,10530.415105670709
2024-09-01 02:00:00,10530.415105670709
2024-09-01 03:00:00,10530.415105670709
2024-09-01 04:00:00,10530.415105670709
2024-09-01 05:00:00,10530.415105670709
2024-09-01 06:00:00,10530.415105670709
2024-09-01 07:00:00,10530.415105670709
2024-09-01 08:00:00,10530.415105670709
2024-09-01 09:00:00,10530.415105670709
2024-09-01 10:00:00,10530.415105670709
2024-09-01 11:00:00,10530.415105670709
2024-09-01 12:00:00,10530.415105670709
2024-09-01 13:00:00,10530.415105670709
2024-09-01 14:00:00,10530.415105670709
2024-09-01 15:00:00,10530.415105670709
2024-09-01 16:00:00,10530.415105670709
2024-09-01 17:00:00,10530.415105670709
2024-09-01 18:00:00,10530.415105670709
2024-09-01 19:00:00,10530.415105670709
2024-09-01 20:00:00,10530.415105670709
2024-09-01 21:00:00,10530.415105670709
2024-09-01 22:00:00,10530.415105670709
2024-09-01 23:00:00,10530.415105670709
2024-09-02 00:00:00,10530.415105670709
2024-09-02 01:00:00,10530.415105670709
2024-09-02 02:00:00,10530.415105670709
2024-09-02 03:00:00,10530.415105670709
2024-09-02 04:00:00,10530.415105670709
2024-09-02 05:00:00,10530.415105670709
2024-09-02 06:00:00,10530.415105670709
2024-09-02 07:00:00,10530.415105670709
2024-09-02 08:00:00,10530.415105670709
2024-09-02 09:00:00,10530.415105670709
2024-09-02 10:00:00,10530.415105670709
2024-09-02 11:00:00,10530.415105670709
2024-09-02 12:00:00,10530.415105670709
2024-09-02 13:00:00,10530.415105670709
2024-09-02 14:00:00,10530.415105670709
2024-09-02 15:00:00,10530.415105670709
2024-09-02 16:00:00,10530.415105670709
2024-09-02 17:00:00,10530.415105670709
2024-09-02 18:00:00,10530.415105670709
2024-09-02 19:00:00,10530.415105670709
2024-09-02 20:00:00,10530.415105670709
2024-09-02 21:00:00,10530.415105670709
2024-09-02 22:00:00,10530.415105670709
2024-09-02 23:00:00,10530.415105670709
2024-09-03 00:00:00,10530.415105670709
2024-09-03 01:00:00,10530.415105670709
2024-09-03 02:00:00,10530.415105670709
2024-09-03 03:00:00,10530.415105670709
2024-09-03 04:00:00,10530.415105670709
2024-09-03 05:00:00,10530.415105670709
2024-09-03 06:00:00,10515.984366834762
2024-09-03 07:00:00,10525.809573424998
2024-09-03 08:00:00,10511.450545259775
2024-09-03 09:00:00,10515.228581712436
2024-09-03 10:00:00,10524.339793651816
2024-09-03 11:00:00,10524.031255490114
2024-09-03 12:00:00,10526.83255081704
2024-09-03 13:00:00,10483.25547630519
2024-09-03 14:00:00,10483.25547630519
2024-09-03 15:00:00,10483.25547630519
2024-09-03 16:00:00,10483.25547630519
2024-09-03 17:00:00,10483.25547630519
2024-09-03 18:00:00,10483.25547630519
2024-09-03 19:00:00,10483.25547630519
2024-09-03 20:00:00,10483.25547630519
2024-09-03 21:00:00,10483.25547630519
2024-09-03 22:00:00,10483.25547630519
2024-09-03 23:00:00,10483.25547630519
2024-09-04 00:00:00,10483.25547630519
2024-09-04 01:00:00,10483.25547630519
2024-09-04 02:00:00,10483.25547630519
2024-09-04 03:00:00,10483.25547630519
2024-09-04 04:00:00,10483.25547630519
2024-09-04 05:00:00,10483.25547630519
2024-09-04 06:00:00,10483.25547630519
2024-09-04 07:00:00,10483.25547630519
2024-09-04 08:00:00,10483.25547630519
2024-09-04 09:00:00,10483.25547630519
2024-09-04 10:00:00,10483.25547630519
2024-09-04 11:00:00,10483.25547630519
2024-09-04 12:00:00,10483.25547630519
2024-09-04 13:00:00,10483.25547630519
2024-09-04 14:00:00,10483.25547630519
2024-09-04 15:00:00,10483.25547630519
2024-09-04 16:00:00,10483.25547630519
2024-09-04 17:00:00,10483.25547630519
2024-09-04 18:00:00,10483.25547630519
2024-09-04 19:00:00,10483.25547630519
2024-09-04 20:00:00,10483.25547630519
2024-09-04 21:00:00,10483.25547630519
2024-09-04 22:00:00,10483.25547630519
2024-09-04 23:00:00,10483.25547630519
2024-09-05 00:00:00,10483.25547630519
2024-09-05 01:00:00,10483.25547630519
2024-09-05 02:00:00,10483.25547630519
2024-09-05 03:00:00,10483.25547630519
2024-09-05 04:00:00,10483.25547630519
2024-09-05 05:00:00,10483.25547630519
2024-09-05 06:00:00,10483.25547630519
2024-09-05 07:00:00,10483.25547630519
2024-09-05 08:00:00,10483.25547630519
2024-09-05 09:00:00,10483.25547630519
2024-09-05 10:00:00,10483.25547630519
2024-09-05 11:00:00,10483.25547630519
2024-09-05 12:00:00,10483.25547630519
2024-09-05 13:00:00,10483.25547630519
2024-09-05 14:00:00,10483.25547630519
2024-09-05 15:00:00,10483.25547630519
2024-09-05 16:00:00,10483.25547630519
2024-09-05 17:00:00,10483.25547630519
2024-09-05 18:00:00,10483.25547630519
2024-09-05 19:00:00,10483.25547630519
2024-09-05 20:00:00,10483.25547630519
2024-09-05 21:00:00,10483.25547630519
2024-09-05 22:00:00,10483.25547630519
2024-09-05 23:00:00,10483.25547630519
2024-09-06 00:00:00,10483.25547630519
2024-09-06 01:00:00,10483.25547630519
2024-09-06 02:00:00,10483.25547630519
2024-09-06 03:00:00,10483.25547630519
2024-09-06 04:00:00,10483.25547630519
2024-09-06 05:00:00,10483.25547630519
2024-09-06 06:00:00,10483.25547630519
2024-09-06 07:00:00,10483.25547630519
2024-09-06 08:00:00,10483.25547630519
2024-09-06 09:00:00,10483.25547630519
2024-09-06 10:00:00,10483.25547630519
2024-09-06 11:00:00,10483.25547630519
2024-09-06 12:00:00,10483.25547630519
2024-09-06 13:00:00,10483.25547630519
2024-09-06 14:00:00,10483.25547630519
2024-09-06 15:00:00,10483.25547630519
2024-09-06 16:00:00,10483.25547630519
2024-09-06 17:00:00,10483.25547630519
2024-09-06 18:00:00,10483.25547630519
2024-09-06 19:00:00,10483.25547630519
2024-09-06 20:00:00,10483.25547630519
2024-09-06 21:00:00,10483.25547630519
2024-09-06 22:00:00,10483.25547630519
2024-09-06 23:00:00,10483.25547630519
2024-09-07 00:00:00,10483.25547630519
2024-09-07 01:00:00,10483.25547630519
2024-09-07 02:00:00,10483.25547630519
2024-09-07 03:00:00,10483.25547630519
2024-09-07 04:00:00,10483.25547630519
2024-09-07 05:00:00,10483.25547630519
2024-09-07 06:00:00,10483.25547630519
2024-09-07 07:00:00,10483.25547630519
2024-09-07 08:00:00,10483.25547630519
2024-09-07 09:00:00,10483.25547630519
2024-09-07 10:00:00,10483.25547630519
2024-09-07 11:00:00,10483.25547630519
2024-09-07 12:00:00,10483.25547630519
2024-09-07 13:00:00,10483.25547630519
2024-09-07 14:00:00,10483.25547630519
2024-09-07 15:00:00,10483.25547630519
2024-09-07 16:00:00,10483.25547630519
2024-09-07 17:00:00,10483.25547630519
2024-09-07 18:00:00,10483.25547630519
2024-09-07 19:00:00,10483.25547630519
2024-09-07 20:00:00,10483.25547630519
2024-09-07 21:00:00,10483.25547630519
2024-09-07 22:00:00,10483.25547630519
2024-09-07 23:00:00,10483.25547630519
2024-09-08 00:00:00,10483.25547630519
2024-09-08 01:00:00,10483.25547630519
2024-09-08 02:00:00,10483.25547630519
2024-09-08 03:00:00,10483.25547630519
2024-09-08 04:00:00,10483.25547630519
2024-09-08 05:00:00,10483.25547630519
2024-09-08 06:00:00,10483.25547630519
2024-09-08 07:00:00,10483.25547630519
2024-09-08 08:00:00,10483.25547630519
2024-09-08 09:00:00,10483.25547630519
2024-09-08 10:00:00,10483.25547630519
2024-09-08 11:00:00,10483.25547630519
2024-09-08 12:00:00,10483.25547630519
2024-09-08 13:00:00,10483.25547630519
2024-09-08 14:00:00,10483.25547630519
2024-09-08 15:00:00,10483.25547630519
2024-09-08 16:00:00,10483.25547630519
2024-09-08 17:00:00,10483.25547630519
2024-09-08 18:00:00,10483.25547630519
2024-09-08 19:00:00,10483.25547630519
2024-09-08 20:00:00,10483.25547630519
2024-09-08 21:00:00,10483.25547630519
2024-09-08 22:00:00,10483.25547630519
2024-09-08 23:00:00,10483.25547630519
2024-09-09 00:00:00,10483.25547630519
2024-09-09 01:00:00,10483.25547630519
2024-09-09 02:00:00,10483.25547630519
2024-09-09 03:00:00,10483.25547630519
2024-09-09 04:00:00,10483.25547630519
2024-09-09 05:00:00,10483.25547630519
2024-09-09 06:00:00,10483.25547630519
2024-09-09 07:00:00,10483.25547630519
2024-09-09 08:00:00,10483.25547630519
2024-09-09 09:00:00,10483.25547630519
2024-09-09 10:00:00,10483.25547630519
2024-09-09 11:00:00,10483.25547630519
2024-09-09 12:00:00,10483.25547630519
2024-09-09 13:00:00,10483.25547630519
2024-09-09 14:00:00,10483.25547630519
2024-09-09 15:00:00,10483.25547630519
2024-09-09 16:00:00,10483.25547630519
2024-09-09 17:00:00,10483.25547630519
2024-09-09 18:00:00,10483.25547630519
2024-09-09 19:00:00,10483.25547630519
2024-09-09 20:00:00,10483.25547630519
2024-09-09 21:00:00,10483.25547630519
2024-09-09 22:00:00,10483.25547630519
2024-09-09 23:00:00,10483.25547630519
2024-09-10 00:00:00,10483.25547630519
2024-09-10 01:00:00,10483.25547630519
2024-09-10 02:00:00,10483.25547630519
2024-09-10 03:00:00,10483.25547630519
2024-09-10 04:00:00,10483.25547630519
2024-09-10 05:00:00,10483.25547630519
2024-09-10 06:00:00,10483.25547630519
2024-09-10 07:00:00,10483.25547630519
2024-09-10 08:00:00,10483.25547630519
2024-09-10 09:00:00,10483.25547630519
2024-09-10 10:00:00,10483.25547630519
2024-09-10 11:00:00,10483.25547630519
2024-09-10 12:00:00,10483.25547630519
2024-09-10 13:00:00,10483.25547630519
2024-09-10 14:00:00,10483.25547630519
2024-09-10 15:00:00,10483.25547630519
2024-09-10 16:00:00,10483.25547630519
2024-09-10 17:00:00,10483.25547630519
2024-09-10 18:00:00,10483.25547630519
2024-09-10 19:00:00,10483.25547630519
2024-09-10 20:00:00,10483.25547630519
2024-09-10 21:00:00,10483.25547630519
2024-09-10 22:00:00,10483.25547630519
2024-09-10 23:00:00,10483.25547630519
2024-09-11 00:00:00,10483.25547630519
2024-09-11 01:00:00,10483.25547630519
2024-09-11 02:00:00,10483.25547630519
2024-09-11 03:00:00,10483.25547630519
2024-09-11 04:00:00,10483.25547630519
2024-09-11 05:00:00,10483.25547630519
2024-09-11 06:00:00,10483.25547630519
2024-09-11 07:00:00,10483.25547630519
2024-09-11 08:00:00,10483.25547630519
2024-09-11 09:00:00,10483.25547630519
2024-09-11 10:00:00,10483.25547630519
2024-09-11 11:00:00,10483.25547630519
2024-09-11 12:00:00,10483.25547630519
2024-09-11 13:00:00,10483.25547630519
2024-09-11 14:00:00,10483.25547630519
2024-09-11 15:00:00,10483.25547630519
2024-09-11 16:00:00,10483.25547630519
2024-09-11 17:00:00,10483.25547630519
2024-09-11 18:00:00,10483.25547630519
2024-09-11 19:00:00,10483.25547630519
2024-09-11 20:00:00,10483.25547630519
2024-09-11 21:00:00,10483.25547630519
2024-09-11 22:00:00,10483.25547630519
2024-09-11 23:00:00,10483.25547630519
2024-09-12 00:00:00,10483.25547630519
2024-09-12 01:00:00,10483.25547630519
2024-09-12 02:00:00,10483.25547630519
2024-09-12 03:00:00,10483.25547630519
2024-09-12 04:00:00,10483.25547630519
2024-09-12 05:00:00,10483.25547630519
2024-09-12 06:00:00,10483.25547630519
2024-09-12 07:00:00,10483.25547630519
2024-09-12 08:00:00,10483.25547630519
2024-09-12 09:00:00,10483.25547630519
2024-09-12 10:00:00,10483.25547630519
2024-09-12 11:00:00,10483.25547630519
2024-09-12 12:00:00,10483.25547630519
2024-09-12 13:00:00,10483.25547630519
2024-09-12 14:00:00,10483.25547630519
2024-09-12 15:00:00,10483.25547630519
2024-09-12 16:00:00,10483.25547630519
2024-09-12 17:00:00,10483.25547630519
2024-09-12 18:00:00,10483.25547630519
2024-09-12 19:00:00,10483.25547630519
2024-09-12 20:00:00,10483.25547630519
2024-09-12 21:00:00,10483.25547630519
2024-09-12 22:00:00,10483.25547630519
2024-09-12 23:00:00,10483.25547630519
2024-09-13 00:00:00,10483.25547630519
2024-09-13 01:00:00,10483.25547630519
2024-09-13 02:00:00,10483.25547630519
2024-09-13 03:00:00,10483.25547630519
2024-09-13 04:00:00,10483.25547630519
2024-09-13 05:00:00,10483.25547630519
2024-09-13 06:00:00,10483.25547630519
2024-09-13 07:00:00,10483.25547630519
2024-09-13 08:00:00,10483.25547630519
2024-09-13 09:00:00,10483.25547630519
2024-09-13 10:00:00,10483.25547630519
2024-09-13 11:00:00,10483.25547630519
2024-09-13 12:00:00,10483.25547630519
2024-09-13 13:00:00,10483.25547630519
2024-09-13 14:00:00,10483.25547630519
2024-09-13 15:00:00,10483.25547630519
2024-09-13 16:00:00,10483.25547630519
2024-09-13 17:00:00,10483.25547630519
2024-09-13 18:00:00,10483.25547630519
2024-09-13 19:00:00,10483.25547630519
2024-09-13 20:00:00,10483.25547630519
2024-09-13 21:00:00,10483.25547630519
2024-09-13 22:00:00,10483.25547630519
2024-09-13 23:00:00,10483.25547630519
2024-09-14 00:00:00,10483.25547630519
2024-09-14 01:00:00,10483.25547630519
2024-09-14 02:00:00,10483.25547630519
2024-09-14 03:00:00,10483.25547630519
2024-09-14 04:00:00,10483.25547630519
2024-09-14 05:00:00,10483.25547630519
2024-09-14 06:00:00,10483.25547630519
2024-09-14 07:00:00,10483.25547630519
2024-09-14 08:00:00,10483.25547630519
2024-09-14 09:00:00,10483.25547630519
2024-09-14 10:00:00,10483.25547630519
2024-09-14 11:00:00,10483.25547630519
2024-09-14 12:00:00,10483.25547630519
2024-09-14 13:00:00,10483.25547630519
2024-09-14 14:00:00,10483.25547630519
2024-09-14 15:00:00,10483.25547630519
2024-09-14 16:00:00,10483.25547630519
2024-09-14 17:00:00,10483.25547630519
2024-09-14 18:00:00,10483.25547630519
2024-09-14 19:00:00,10483.25547630519
2024-09-14 20:00:00,10483.25547630519
2024-09-14 21:00:00,10483.25547630519
2024-09-14 22:00:00,10483.25547630519
2024-09-14 23:00:00,10483.25547630519
2024-09-15 00:00:00,10483.25547630519
2024-09-15 01:00:00,10483.25547630519
2024-09-15 02:00:00,10483.25547630519
2024-09-15 03:00:00,10483.25547630519
2024-09-15 04:00:00,10483.25547630519
2024-09-15 05:00:00,10483.25547630519
2024-09-15 06:00:00,10483.25547630519
2024-09-15 07:00:00,10483.25547630519
2024-09-15 08:00:00,10483.25547630519
2024-09-15 09:00:00,10483.25547630519
2024-09-15 10:00:00,10483.25547630519
2024-09-15 11:00:00,10483.25547630519
2024-09-15 12:00:00,10483.25547630519
2024-09-15 13:00:00,10483.25547630519
2024-09-15 14:00:00,10483.25547630519
2024-09-15 15:00:00,10483.25547630519
2024-09-15 16:00:00,10483.25547630519
2024-09-15 17:00:00,10483.25547630519
2024-09-15 18:00:00,10483.25547630519
2024-09-15 19:00:00,10483.25547630519
2024-09-15 20:00:00,10483.25547630519
2024-09-15 21:00:00,10483.25547630519
2024-09-15 22:00:00,10483.25547630519
2024-09-15 23:00:00,10483.25547630519
2024-09-16 00:00:00,10483.25547630519
2024-09-16 01:00:00,10483.25547630519
2024-09-16 02:00:00,10483.25547630519
2024-09-16 03:00:00,10483.25547630519
2024-09-16 04:00:00,10483.25547630519
2024-09-16 05:00:00,10483.25547630519
2024-09-16 06:00:00,10483.25547630519
2024-09-16 07:00:00,10483.25547630519
2024-09-16 08:00:00,10483.25547630519
2024-09-16 09:00:00,10483.25547630519
2024-09-16 10:00:00,10483.25547630519
2024-09-16 11:00:00,10483.25547630519
2024-09-16 12:00:00,10483.25547630519
2024-09-16 13:00:00,10483.25547630519
2024-09-16 14:00:00,10483.25547630519
2024-09-16 15:00:00,10483.25547630519
2024-09-16 16:00:00,10483.25547630519
2024-09-16 17:00:00,10483.25547630519
2024-09-16 18:00:00,10483.25547630519
2024-09-16 19:00:00,10483.25547630519
2024-09-16 20:00:00,10483.25547630519
2024-09-16 21:00:00,10483.25547630519
2024-09-16 22:00:00,10483.25547630519
2024-09-16 23:00:00,10483.25547630519
2024-09-17 00:00:00,10483.25547630519
2024-09-17 01:00:00,10483.25547630519
2024-09-17 02:00:00,10483.25547630519
2024-09-17 03:00:00,10483.25547630519
2024-09-17 04:00:00,10483.25547630519
2024-09-17 05:00:00,10483.25547630519
2024-09-17 06:00:00,10483.25547630519
2024-09-17 07:00:00,10483.25547630519
2024-09-17 08:00:00,10483.25547630519
2024-09-17 09:00:00,10483.25547630519
2024-09-17 10:00:00,10483.25547630519
2024-09-17 11:00:00,10483.25547630519
2024-09-17 12:00:00,10483.25547630519
2024-09-17 13:00:00,10463.634238622904
2024-09-17 14:00:00,10520.945086076152
2024-09-17 15:00:00,10559.338329349921
2024-09-17 16:00:00,10547.796491001078
2024-09-17 17:00:00,10551.524517139515
2024-09-17 18:00:00,10533.076279876534
2024-09-17 19:00:00,10507.835456353978
2024-09-17 20:00:00,10514.541139152509
2024-09-17 21:00:00,10523.984501541046
2024-09-17 22:00:00,10519.835192126997
2024-09-17 23:00:00,10523.09870382646
2024-09-18 00:00:00,10519.834750992675
2024-09-18 01:00:00,10514.2764585605
2024-09-18 02:00:00,10524.775455376832
2024-09-18 03:00:00,10531.744936498731
2024-09-18 04:00:00,10528.215861938621
2024-09-18 05:00:00,10519.881952364918
2024-09-18 06:00:00,10529.274584306653
2024-09-18 07:00:00,10528.128517343257
2024-09-18 08:00:00,10517.984192520218
2024-09-18 09:00:00,10494.018247182503
2024-09-18 10:00:00,10505.166593717893
2024-09-18 11:00:00,10502.454058784127
2024-09-18 12:00:00,10508.287619031991
2024-09-18 13:00:00,10487.56577548366
2024-09-18 14:00:00,10486.643804754829
2024-09-18 15:00:00,10484.066698057308
2024-09-18 16:00:00,10505.509355084545
2024-09-18 17:00:00,10509.821443062681
2024-09-18 18:00:00,10537.0297256525
2024-09-18 19:00:00,10511.805665234102
2024-09-18 20:00:00,10519.394057806981
2024-09-18 21:00:00,10518.04639245934
2024-09-18 22:00:00,10539.455523278255
2024-09-18 23:00:00,10586.88672650047
2024-09-19 00:00:00,10605.050130241541
2024-09-19 01:00:00,10605.050130241541
2024-09-19 02:00:00,10605.050130241541
2024-09-19 03:00:00,10605.050130241541
2024-09-19 04:00:00,10605.050130241541
2024-09-19 05:00:00,10605.050130241541
2024-09-19 06:00:00,10605.050130241541
2024-09-19 07:00:00,10605.050130241541
2024-09-19 08:00:00,10605.050130241541
2024-09-19 09:00:00,10605.050130241541
2024-09-19 10:00:00,10605.050130241541
2024-09-19 11:00:00,10605.050130241541
2024-09-19 12:00:00,10605.050130241541
2024-09-19 13:00:00,10605.050130241541
2024-09-19 14:00:00,10605.050130241541
2024-09-19 15:00:00,10605.050130241541
2024-09-19 16:00:00,10605.050130241541
2024-09-19 17:00:00,10605.050130241541
2024-09-19 18:00:00,10605.050130241541
2024-09-19 19:00:00,10605.050130241541
2024-09-19 20:00:00,10605.050130241541
2024-09-19 21:00:00,10605.050130241541
2024-09-19 22:00:00,10605.050130241541
2024-09-19 23:00:00,10605.050130241541
2024-09-20 00:00:00,10605.050130241541
2024-09-20 01:00:00,10605.050130241541
2024-09-20 02:00:00,10605.050130241541
2024-09-20 03:00:00,10605.050130241541
2024-09-20 04:00:00,10605.050130241541
2024-09-20 05:00:00,10605.050130241541
2024-09-20 06:00:00,10605.050130241541
2024-09-20 07:00:00,10605.050130241541
2024-09-20 08:00:00,10605.050130241541
2024-09-20 09:00:00,10605.050130241541
2024-09-20 10:00:00,10605.050130241541
2024-09-20 11:00:00,10605.050130241541
2024-09-20 12:00:00,10605.050130241541
2024-09-20 13:00:00,10605.050130241541
2024-09-20 14:00:00,10605.050130241541
2024-09-20 15:00:00,10605.050130241541
2024-09-20 16:00:00,10605.050130241541
2024-09-20 17:00:00,10605.050130241541
2024-09-20 18:00:00,10605.050130241541
2024-09-20 19:00:00,10605.050130241541
2024-09-20 20:00:00,10605.050130241541
2024-09-20 21:00:00,10605.050130241541
2024-09-20 22:00:00,10605.050130241541
2024-09-20 23:00:00,10605.050130241541
2024-09-21 00:00:00,10605.050130241541
2024-09-21 01:00:00,10605.050130241541
2024-09-21 02:00:00,10605.050130241541
2024-09-21 03:00:00,10605.050130241541
2024-09-21 04:00:00,10605.050130241541
2024-09-21 05:00:00,10605.050130241541
2024-09-21 06:00:00,10605.050130241541
2024-09-21 07:00:00,10605.050130241541
2024-09-21 08:00:00,10605.050130241541
2024-09-21 09:00:00,10605.050130241541
2024-09-21 10:00:00,10605.050130241541
2024-09-21 11:00:00,10605.050130241541
2024-09-21 12:00:00,10605.050130241541
2024-09-21 13:00:00,10605.050130241541
2024-09-21 14:00:00,10605.050130241541
2024-09-21 15:00:00,10605.050130241541
2024-09-21 16:00:00,10605.050130241541
2024-09-21 17:00:00,10605.050130241541
2024-09-21 18:00:00,10605.050130241541
2024-09-21 19:00:00,10605.050130241541
2024-09-21 20:00:00,10605.050130241541
2024-09-21 21:00:00,10605.050130241541
2024-09-21 22:00:00,10605.050130241541
2024-09-21 23:00:00,10605.050130241541
2024-09-22 00:00:00,10605.050130241541
2024-09-22 01:00:00,10605.050130241541
2024-09-22 02:00:00,10605.050130241541
2024-09-22 03:00:00,10605.050130241541
2024-09-22 04:00:00,10605.050130241541
2024-09-22 05:00:00,10605.050130241541
2024-09-22 06:00:00,10605.050130241541
2024-09-22 07:00:00,10605.050130241541
2024-09-22 08:00:00,10605.050130241541
2024-09-22 09:00:00,10605.050130241541
2024-09-22 10:00:00,10605.050130241541
2024-09-22 11:00:00,10605.050130241541
2024-09-22 12:00:00,10605.050130241541
2024-09-22 13:00:00,10605.050130241541
2024-09-22 14:00:00,10605.050130241541
2024-09-22 15:00:00,10605.050130241541
2024-09-22 16:00:00,10605.050130241541
2024-09-22 17:00:00,10605.050130241541
2024-09-22 18:00:00,10605.050130241541
2024-09-22 19:00:00,10605.050130241541
2024-09-22 20:00:00,10605.050130241541
2024-09-22 21:00:00,10605.050130241541
2024-09-22 22:00:00,10605.050130241541
2024-09-22 23:00:00,10605.050130241541
2024-09-23 00:00:00,10605.050130241541
2024-09-23 01:00:00,10605.050130241541
2024-09-23 02:00:00,10605.050130241541
2024-09-23 03:00:00,10605.050130241541
2024-09-23 04:00:00,10605.050130241541
2024-09-23 05:00:00,10605.050130241541
2024-09-23 06:00:00,10605.050130241541
2024-09-23 07:00:00,10605.050130241541
2024-09-23 08:00:00,10605.050130241541
2024-09-23 09:00:00,10605.050130241541
2024-09-23 10:00:00,10605.050130241541
2024-09-23 11:00:00,10605.050130241541
2024-09-23 12:00:00,10605.050130241541
2024-09-23 13:00:00,10605.050130241541
2024-09-23 14:00:00,10605.050130241541
2024-09-23 15:00:00,10605.050130241541
2024-09-23 16:00:00,10605.050130241541
2024-09-23 17:00:00,10605.050130241541
2024-09-23 18:00:00,10605.050130241541
2024-09-23 19:00:00,10605.050130241541
2024-09-23 20:00:00,10605.050130241541
2024-09-23 21:00:00,10605.050130241541
2024-09-23 22:00:00,10605.050130241541
2024-09-23 23:00:00,10605.050130241541
2024-09-24 00:00:00,10605.050130241541
2024-09-24 01:00:00,10605.050130241541
2024-09-24 02:00:00,10605.050130241541
2024-09-24 03:00:00,10605.050130241541
2024-09-24 04:00:00,10605.050130241541
2024-09-24 05:00:00,10605.050130241541
2024-09-24 06:00:00,10605.050130241541
2024-09-24 07:00:00,10605.050130241541
2024-09-24 08:00:00,10605.050130241541
2024-09-24 09:00:00,10605.050130241541
2024-09-24 10:00:00,10605.050130241541
2024-09-24 11:00:00,10605.050130241541
2024-09-24 12:00:00,10605.050130241541
2024-09-24 13:00:00,10605.050130241541
2024-09-24 14:00:00,10605.050130241541
2024-09-24 15:00:00,10605.050130241541
2024-09-24 16:00:00,10605.050130241541
2024-09-24 17:00:00,10605.050130241541
2024-09-24 18:00:00,10605.050130241541
2024-09-24 19:00:00,10605.050130241541
2024-09-24 20:00:00,10605.050130241541
2024-09-24 21:00:00,10605.050130241541
2024-09-24 22:00:00,10605.050130241541
2024-09-24 23:00:00,10605.050130241541
2024-09-25 00:00:00,10605.050130241541
2024-09-25 01:00:00,10605.050130241541
2024-09-25 02:00:00,10605.050130241541
2024-09-25 03:00:00,10605.050130241541
2024-09-25 04:00:00,10605.050130241541
2024-09-25 05:00:00,10605.050130241541
2024-09-25 06:00:00,10605.050130241541
2024-09-25 07:00:00,10605.050130241541
2024-09-25 08:00:00,10605.050130241541
2024-09-25 09:00:00,10605.050130241541
2024-09-25 10:00:00,10605.050130241541
2024-09-25 11:00:00,10605.050130241541
2024-09-25 12:00:00,10605.050130241541
2024-09-25 13:00:00,10605.050130241541
2024-09-25 14:00:00,10605.050130241541
2024-09-25 15:00:00,10605.050130241541
2024-09-25 16:00:00,10605.050130241541
2024-09-25 17:00:00,10605.050130241541
2024-09-25 18:00:00,10605.050130241541
2024-09-25 19:00:00,10605.050130241541
2024-09-25 20:00:00,10605.050130241541
2024-09-25 21:00:00,10605.050130241541
2024-09-25 22:00:00,10605.050130241541
2024-09-25 23:00:00,10605.050130241541
2024-09-26 00:00:00,10605.050130241541
2024-09-26 01:00:00,10605.050130241541
2024-09-26 02:00:00,10605.050130241541
2024-09-26 03:00:00,10605.050130241541
2024-09-26 04:00:00,10605.050130241541
2024-09-26 05:00:00,10605.050130241541
2024-09-26 06:00:00,10605.050130241541
2024-09-26 07:00:00,10605.050130241541
2024-09-26 08:00:00,10605.050130241541
2024-09-26 09:00:00,10605.050130241541
2024-09-26 10:00:00,10605.050130241541
2024-09-26 11:00:00,10605.050130241541
2024-09-26 12:00:00,10605.050130241541
2024-09-26 13:00:00,10605.050130241541
2024-09-26 14:00:00,10605.050130241541
2024-09-26 15:00:00,10605.050130241541
2024-09-26 16:00:00,10605.050130241541
2024-09-26 17:00:00,10605.050130241541
2024-09-26 18:00:00,10605.050130241541
2024-09-26 19:00:00,10605.050130241541
2024-09-26 20:00:00,10605.050130241541
2024-09-26 21:00:00,10605.050130241541
2024-09-26 22:00:00,10605.050130241541
2024-09-26 23:00:00,10605.050130241541
2024-09-27 00:00:00,10605.050130241541
2024-09-27 01:00:00,10605.050130241541
2024-09-27 02:00:00,10605.050130241541
2024-09-27 03:00:00,10605.050130241541
2024-09-27 04:00:00,10605.050130241541
2024-09-27 05:00:00,10605.050130241541
2024-09-27 06:00:00,10605.050130241541
2024-09-27 07:00:00,10605.050130241541
2024-09-27 08:00:00,10605.050130241541
2024-09-27 09:00:00,10605.050130241541
2024-09-27 10:00:00,10605.050130241541
2024-09-27 11:00:00,10605.050130241541
2024-09-27 12:00:00,10605.050130241541
2024-09-27 13:00:00,10605.050130241541
2024-09-27 14:00:00,10605.050130241541
2024-09-27 15:00:00,10605.050130241541
2024-09-27 16:00:00,10605.050130241541
2024-09-27 17:00:00,10605.050130241541
2024-09-27 18:00:00,10605.050130241541
2024-09-27 19:00:00,10605.050130241541
2024-09-27 20:00:00,10605.050130241541
2024-09-27 21:00:00,10605.050130241541
2024-09-27 22:00:00,10605.050130241541
2024-09-27 23:00:00,10605.050130241541
2024-09-28 00:00:00,10605.050130241541
2024-09-28 01:00:00,10605.050130241541
2024-09-28 02:00:00,10605.050130241541
2024-09-28 03:00:00,10605.050130241541
2024-09-28 04:00:00,10605.050130241541
2024-09-28 05:00:00,10605.050130241541
2024-09-28 06:00:00,10605.050130241541
2024-09-28 07:00:00,10605.050130241541
2024-09-28 08:00:00,10605.050130241541
2024-09-28 09:00:00,10605.050130241541
2024-09-28 10:00:00,10605.050130241541
2024-09-28 11:00:00,10605.050130241541
2024-09-28 12:00:00,10605.050130241541
2024-09-28 13:00:00,10605.050130241541
2024-09-28 14:00:00,10605.050130241541
2024-09-28 15:00:00,10605.050130241541
2024-09-28 16:00:00,10605.050130241541
2024-09-28 17:00:00,10605.050130241541
2024-09-28 18:00:00,10605.050130241541
2024-09-28 19:00:00,10605.050130241541
2024-09-28 20:00:00,10605.050130241541
2024-09-28 21:00:00,10605.050130241541
2024-09-28 22:00:00,10605.050130241541
2024-09-28 23:00:00,10605.050130241541
2024-09-29 00:00:00,10605.050130241541
2024-09-29 01:00:00,10605.050130241541
2024-09-29 02:00:00,10605.050130241541
2024-09-29 03:00:00,10605.050130241541
2024-09-29 04:00:00,10605.050130241541
2024-09-29 05:00:00,10605.050130241541
2024-09-29 06:00:00,10605.050130241541
2024-09-29 07:00:00,10605.050130241541
2024-09-29 08:00:00,10605.050130241541
2024-09-29 09:00:00,10605.050130241541
2024-09-29 10:00:00,10605.050130241541
2024-09-29 11:00:00,10605.050130241541
2024-09-29 12:00:00,10605.050130241541
2024-09-29 13:00:00,10605.050130241541
2024-09-29 14:00:00,10605.050130241541
2024-09-29 15:00:00,10605.050130241541
2024-09-29 16:00:00,10605.050130241541
2024-09-29 17:00:00,10605.050130241541
2024-09-29 18:00:00,10605.050130241541
2024-09-29 19:00:00,10605.050130241541
2024-09-29 20:00:00,10605.050130241541
2024-09-29 21:00:00,10605.050130241541
2024-09-29 22:00:00,10605.050130241541
2024-09-29 23:00:00,10605.050130241541
2024-09-30 00:00:00,10605.050130241541
2024-09-30 01:00:00,10605.050130241541
2024-09-30 02:00:00,10605.050130241541
2024-09-30 03:00:00,10605.050130241541
2024-09-30 04:00:00,10605.050130241541
2024-09-30 05:00:00,10605.050130241541
2024-09-30 06:00:00,10605.050130241541
2024-09-30 07:00:00,10605.050130241541
2024-09-30 08:00:00,10605.050130241541
2024-09-30 09:00:00,10605.050130241541
2024-09-30 10:00:00,10605.050130241541
2024-09-30 11:00:00,10605.050130241541
2024-09-30 12:00:00,10605.050130241541
2024-09-30 13:00:00,10605.050130241541
2024-09-30 14:00:00,10605.050130241541
2024-09-30 15:00:00,10605.050130241541
2024-09-30 16:00:00,10605.050130241541
2024-09-30 17:00:00,10605.050130241541
2024-09-30 18:00:00,10605.050130241541
2024-09-30 19:00:00,10605.050130241541
2024-09-30 20:00:00,10605.050130241541
2024-09-30 21:00:00,10605.050130241541
2024-09-30 22:00:00,10605.050130241541
2024-09-30 23:00:00,10605.050130241541
2024-10-01 00:00:00,10605.050130241541
2024-10-01 01:00:00,10605.050130241541
2024-10-01 02:00:00,10605.050130241541
2024-10-01 03:00:00,10605.050130241541
2024-10-01 04:00:00,10605.050130241541
2024-10-01 05:00:00,10605.050130241541
2024-10-01 06:00:00,10605.050130241541
2024-10-01 07:00:00,10605.050130241541
2024-10-01 08:00:00,10605.050130241541
2024-10-01 09:00:00,10605.050130241541
2024-10-01 10:00:00,10605.050130241541
2024-10-01 11:00:00,10605.050130241541
2024-10-01 12:00:00,10605.050130241541
2024-10-01 13:00:00,10605.050130241541
2024-10-01 14:00:00,10605.050130241541
2024-10-01 15:00:00,10605.050130241541
2024-10-01 16:00:00,10605.050130241541
2024-10-01 17:00:00,10605.050130241541
2024-10-01 18:00:00,10605.050130241541
2024-10-01 19:00:00,10605.050130241541
2024-10-01 20:00:00,10605.050130241541
2024-10-01 21:00:00,10605.050130241541
2024-10-01 22:00:00,10605.050130241541
2024-10-01 23:00:00,10605.050130241541
2024-10-02 00:00:00,10605.050130241541
2024-10-02 01:00:00,10605.050130241541
2024-10-02 02:00:00,10605.050130241541
2024-10-02 03:00:00,10605.050130241541
2024-10-02 04:00:00,10605.050130241541
2024-10-02 05:00:00,10605.050130241541
2024-10-02 06:00:00,10605.050130241541
2024-10-02 07:00:00,10605.050130241541
2024-10-02 08:00:00,10605.050130241541
2024-10-02 09:00:00,10605.050130241541
2024-10-02 10:00:00,10605.050130241541
2024-10-02 11:00:00,10605.050130241541
2024-10-02 12:00:00,10605.050130241541
2024-10-02 13:00:00,10605.050130241541
2024-10-02 14:00:00,10605.050130241541
2024-10-02 15:00:00,10605.050130241541
2024-10-02 16:00:00,10605.050130241541
2024-10-02 17:00:00,10605.050130241541
2024-10-02 18:00:00,10605.050130241541
2024-10-02 19:00:00,10605.050130241541
2024-10-02 20:00:00,10605.050130241541
2024-10-02 21:00:00,10605.050130241541
2024-10-02 22:00:00,10605.050130241541
2024-10-02 23:00:00,10605.050130241541
2024-10-03 00:00:00,10605.050130241541
2024-10-03 01:00:00,10605.050130241541
2024-10-03 02:00:00,10605.050130241541
2024-10-03 03:00:00,10605.050130241541
2024-10-03 04:00:00,10605.050130241541
2024-10-03 05:00:00,10605.050130241541
2024-10-03 06:00:00,10605.050130241541
2024-10-03 07:00:00,10605.050130241541
2024-10-03 08:00:00,10605.050130241541
2024-10-03 09:00:00,10605.050130241541
2024-10-03 10:00:00,10605.050130241541
2024-10-03 11:00:00,10605.050130241541
2024-10-03 12:00:00,10605.050130241541
2024-10-03 13:00:00,10605.050130241541
2024-10-03 14:00:00,10605.050130241541
2024-10-03 15:00:00,10605.050130241541
2024-10-03 16:00:00,10605.050130241541
2024-10-03 17:00:00,10605.050130241541
2024-10-03 18:00:00,10605.050130241541
2024-10-03 19:00:00,10605.050130241541
2024-10-03 20:00:00,10605.050130241541
2024-10-03 21:00:00,10605.050130241541
2024-10-03 22:00:00,10605.050130241541
2024-10-03 23:00:00,10605.050130241541
2024-10-04 00:00:00,10605.050130241541
2024-10-04 01:00:00,10605.050130241541
2024-10-04 02:00:00,10605.050130241541
2024-10-04 03:00:00,10605.050130241541
2024-10-04 04:00:00,10605.050130241541
2024-10-04 05:00:00,10605.050130241541
2024-10-04 06:00:00,10605.050130241541
2024-10-04 07:00:00,10605.050130241541
2024-10-04 08:00:00,10605.050130241541
2024-10-04 09:00:00,10605.050130241541
2024-10-04 10:00:00,10605.050130241541
2024-10-04 11:00:00,10605.050130241541
2024-10-04 12:00:00,10605.050130241541
2024-10-04 13:00:00,10605.050130241541
2024-10-04 14:00:00,10605.050130241541
2024-10-04 15:00:00,10605.050130241541
2024-10-04 16:00:00,10605.050130241541
2024-10-04 17:00:00,10605.050130241541
2024-10-04 18:00:00,10605.050130241541
2024-10-04 19:00:00,10605.050130241541
2024-10-04 20:00:00,10605.050130241541
2024-10-04 21:00:00,10605.050130241541
2024-10-04 22:00:00,10605.050130241541
2024-10-04 23:00:00,10605.050130241541
2024-10-05 00:00:00,10605.050130241541
2024-10-05 01:00:00,10605.050130241541
2024-10-05 02:00:00,10605.050130241541
2024-10-05 03:00:00,10605.050130241541
2024-10-05 04:00:00,10605.050130241541
2024-10-05 05:00:00,10605.050130241541
2024-10-05 06:00:00,10605.050130241541
2024-10-05 07:00:00,10605.050130241541
2024-10-05 08:00:00,10605.050130241541
2024-10-05 09:00:00,10605.050130241541
2024-10-05 10:00:00,10605.050130241541
2024-10-05 11:00:00,10605.050130241541
2024-10-05 12:00:00,10605.050130241541
2024-10-05 13:00:00,10597.401671184265
2024-10-05 14:00:00,10599.216160288644
2024-10-05 15:00:00,10598.010328921811
2024-10-05 16:00:00,10589.109294349064
2024-10-05 17:00:00,10591.56008811827
2024-10-05 18:00:00,10585.094535170389
2024-10-05 19:00:00,10584.434411614366
2024-10-05 20:00:00,10571.892927683846
2024-10-05 21:00:00,10571.892927683846
2024-10-05 22:00:00,10571.892927683846
2024-10-05 23:00:00,10571.892927683846
2024-10-06 00:00:00,10571.892927683846
2024-10-06 01:00:00,10571.892927683846
2024-10-06 02:00:00,10571.892927683846
2024-10-06 03:00:00,10571.892927683846
2024-10-06 04:00:00,10571.892927683846
2024-10-06 05:00:00,10571.892927683846
2024-10-06 06:00:00,10571.892927683846
2024-10-06 07:00:00,10571.892927683846
2024-10-06 08:00:00,10571.892927683846
2024-10-06 09:00:00,10571.892927683846
2024-10-06 10:00:00,10571.892927683846
2024-10-06 11:00:00,10571.892927683846
2024-10-06 12:00:00,10571.892927683846
2024-10-06 13:00:00,10571.892927683846
2024-10-06 14:00:00,10571.892927683846
2024-10-06 15:00:00,10571.892927683846
2024-10-06 16:00:00,10571.892927683846
2024-10-06 17:00:00,10571.892927683846
2024-10-06 18:00:00,10571.892927683846
2024-10-06 19:00:00,10571.892927683846
2024-10-06 20:00:00,10571.892927683846
2024-10-06 21:00:00,10571.892927683846
2024-10-06 22:00:00,10571.892927683846
2024-10-06 23:00:00,10571.892927683846
2024-10-07 00:00:00,10571.892927683846
2024-10-07 01:00:00,10571.892927683846
2024-10-07 02:00:00,10571.892927683846
2024-10-07 03:00:00,10571.892927683846
2024-10-07 04:00:00,10571.892927683846
2024-10-07 05:00:00,10571.892927683846
2024-10-07 06:00:00,10571.892927683846
2024-10-07 07:00:00,10571.892927683846
2024-10-07 08:00:00,10571.892927683846
2024-10-07 09:00:00,10571.892927683846
2024-10-07 10:00:00,10571.892927683846
2024-10-07 11:00:00,10571.892927683846
2024-10-07 12:00:00,10571.892927683846
2024-10-07 13:00:00,10571.892927683846
2024-10-07 14:00:00,10571.892927683846
2024-10-07 15:00:00,10571.892927683846
2024-10-07 16:00:00,10571.892927683846
2024-10-07 17:00:00,10571.892927683846
2024-10-07 18:00:00,10571.892927683846
2024-10-07 19:00:00,10571.892927683846
2024-10-07 20:00:00,10571.892927683846
2024-10-07 21:00:00,10571.892927683846
2024-10-07 22:00:00,10571.892927683846
2024-10-07 23:00:00,10571.892927683846
2024-10-08 00:00:00,10571.892927683846
2024-10-08 01:00:00,10571.892927683846
2024-10-08 02:00:00,10571.892927683846
2024-10-08 03:00:00,10571.892927683846
2024-10-08 04:00:00,10571.892927683846
2024-10-08 05:00:00,10571.892927683846
2024-10-08 06:00:00,10571.892927683846
2024-10-08 07:00:00,10571.892927683846
2024-10-08 08:00:00,10571.892927683846
2024-10-08 09:00:00,10571.892927683846
2024-10-08 10:00:00,10571.892927683846
2024-10-08 11:00:00,10571.892927683846
2024-10-08 12:00:00,10571.892927683846
2024-10-08 13:00:00,10571.892927683846
2024-10-08 14:00:00,10571.892927683846
2024-10-08 15:00:00,10571.892927683846
2024-10-08 16:00:00,10571.892927683846
2024-10-08 17:00:00,10571.892927683846
2024-10-08 18:00:00,10571.892927683846
2024-10-08 19:00:00,10571.892927683846
2024-10-08 20:00:00,10571.892927683846
2024-10-08 21:00:00,10571.892927683846
2024-10-08 22:00:00,10571.892927683846
2024-10-08 23:00:00,10571.892927683846
2024-10-09 00:00:00,10571.892927683846
2024-10-09 01:00:00,10571.892927683846
2024-10-09 02:00:00,10571.892927683846
2024-10-09 03:00:00,10571.892927683846
2024-10-09 04:00:00,10571.892927683846
2024-10-09 05:00:00,10571.892927683846
2024-10-09 06:00:00,10571.892927683846
2024-10-09 07:00:00,10571.892927683846
2024-10-09 08:00:00,10571.892927683846
2024-10-09 09:00:00,10571.892927683846
2024-10-09 10:00:00,10571.892927683846
2024-10-09 11:00:00,10571.892927683846
2024-10-09 12:00:00,10571.892927683846
2024-10-09 13:00:00,10571.892927683846
2024-10-09 14:00:00,10571.892927683846
2024-10-09 15:00:00,10571.892927683846
2024-10-09 16:00:00,10571.892927683846
2024-10-09 17:00:00,10571.892927683846
2024-10-09 18:00:00,10571.892927683846
2024-10-09 19:00:00,10571.892927683846
2024-10-09 20:00:00,10571.892927683846
2024-10-09 21:00:00,10571.892927683846
2024-10-09 22:00:00,10571.892927683846
2024-10-09 23:00:00,10571.892927683846
2024-10-10 00:00:00,10571.892927683846
2024-10-10 01:00:00,10571.892927683846
2024-10-10 02:00:00,10571.892927683846
2024-10-10 03:00:00,10571.892927683846
2024-10-10 04:00:00,10571.892927683846
2024-10-10 05:00:00,10571.892927683846
2024-10-10 06:00:00,10571.892927683846
2024-10-10 07:00:00,10571.892927683846
2024-10-10 08:00:00,10571.892927683846
2024-10-10 09:00:00,10571.892927683846
2024-10-10 10:00:00,10571.892927683846
2024-10-10 11:00:00,10571.892927683846
2024-10-10 12:00:00,10571.892927683846
2024-10-10 13:00:00,10571.892927683846
2024-10-10 14:00:00,10571.892927683846
2024-10-10 15:00:00,10571.892927683846
2024-10-10 16:00:00,10571.892927683846
2024-10-10 17:00:00,10571.892927683846
2024-10-10 18:00:00,10571.892927683846
2024-10-10 19:00:00,10571.892927683846
2024-10-10 20:00:00,10571.892927683846
2024-10-10 21:00:00,10571.892927683846
2024-10-10 22:00:00,10571.892927683846
2024-10-10 23:00:00,10571.892927683846
2024-10-11 00:00:00,10571.892927683846
2024-10-11 01:00:00,10571.892927683846
2024-10-11 02:00:00,10571.892927683846
2024-10-11 03:00:00,10571.892927683846
2024-10-11 04:00:00,10571.892927683846
2024-10-11 05:00:00,10571.892927683846
2024-10-11 06:00:00,10571.892927683846
2024-10-11 07:00:00,10571.892927683846
2024-10-11 08:00:00,10571.892927683846
2024-10-11 09:00:00,10571.892927683846
2024-10-11 10:00:00,10571.892927683846
2024-10-11 11:00:00,10571.892927683846
2024-10-11 12:00:00,10571.892927683846
2024-10-11 13:00:00,10571.892927683846
2024-10-11 14:00:00,10571.892927683846
2024-10-11 15:00:00,10571.892927683846
2024-10-11 16:00:00,10571.892927683846
2024-10-11 17:00:00,10571.892927683846
2024-10-11 18:00:00,10571.892927683846
2024-10-11 19:00:00,10571.892927683846
2024-10-11 20:00:00,10571.892927683846
2024-10-11 21:00:00,10571.892927683846
2024-10-11 22:00:00,10571.892927683846
2024-10-11 23:00:00,10571.892927683846
2024-10-12 00:00:00,10571.892927683846
2024-10-12 01:00:00,10571.892927683846
2024-10-12 02:00:00,10571.892927683846
2024-10-12 03:00:00,10571.892927683846
2024-10-12 04:00:00,10571.892927683846
2024-10-12 05:00:00,10571.892927683846
2024-10-12 06:00:00,10571.892927683846
2024-10-12 07:00:00,10571.892927683846
2024-10-12 08:00:00,10571.892927683846
2024-10-12 09:00:00,10571.892927683846
2024-10-12 10:00:00,10571.892927683846
2024-10-12 11:00:00,10571.892927683846
2024-10-12 12:00:00,10571.892927683846
2024-10-12 13:00:00,10571.892927683846
2024-10-12 14:00:00,10571.892927683846
2024-10-12 15:00:00,10571.892927683846
2024-10-12 16:00:00,10571.892927683846
2024-10-12 17:00:00,10571.892927683846
2024-10-12 18:00:00,10571.892927683846
2024-10-12 19:00:00,10571.892927683846
2024-10-12 20:00:00,10571.892927683846
2024-10-12 21:00:00,10571.892927683846
2024-10-12 22:00:00,10571.892927683846
2024-10-12 23:00:00,10571.892927683846
2024-10-13 00:00:00,10571.892927683846
2024-10-13 01:00:00,10571.892927683846
2024-10-13 02:00:00,10571.892927683846
2024-10-13 03:00:00,10571.892927683846
2024-10-13 04:00:00,10571.892927683846
2024-10-13 05:00:00,10571.892927683846
2024-10-13 06:00:00,10571.892927683846
2024-10-13 07:00:00,10571.892927683846
2024-10-13 08:00:00,10571.892927683846
2024-10-13 09:00:00,10571.892927683846
2024-10-13 10:00:00,10571.892927683846
2024-10-13 11:00:00,10571.892927683846
2024-10-13 12:00:00,10571.892927683846
2024-10-13 13:00:00,10571.892927683846
2024-10-13 14:00:00,10571.892927683846
2024-10-13 15:00:00,10571.892927683846
2024-10-13 16:00:00,10571.892927683846
2024-10-13 17:00:00,10571.892927683846
2024-10-13 18:00:00,10571.892927683846
2024-10-13 19:00:00,10571.892927683846
2024-10-13 20:00:00,10571.892927683846
2024-10-13 21:00:00,10571.892927683846
2024-10-13 22:00:00,10571.892927683846
2024-10-13 23:00:00,10571.892927683846
2024-10-14 00:00:00,10571.892927683846
2024-10-14 01:00:00,10571.892927683846
2024-10-14 02:00:00,10571.892927683846
2024-10-14 03:00:00,10571.892927683846
2024-10-14 04:00:00,10571.892927683846
2024-10-14 05:00:00,10571.892927683846
2024-10-14 06:00:00,10571.892927683846
2024-10-14 07:00:00,10571.892927683846
2024-10-14 08:00:00,10571.892927683846
2024-10-14 09:00:00,10571.892927683846
2024-10-14 10:00:00,10571.892927683846
2024-10-14 11:00:00,10571.892927683846
2024-10-14 12:00:00,10571.892927683846
2024-10-14 13:00:00,10571.892927683846
2024-10-14 14:00:00,10571.892927683846
2024-10-14 15:00:00,10571.892927683846
2024-10-14 16:00:00,10571.892927683846
2024-10-14 17:00:00,10571.892927683846
2024-10-14 18:00:00,10571.892927683846
2024-10-14 19:00:00,10571.892927683846
2024-10-14 20:00:00,10571.892927683846
2024-10-14 21:00:00,10571.892927683846
2024-10-14 22:00:00,10571.892927683846
2024-10-14 23:00:00,10571.892927683846
2024-10-15 00:00:00,10571.892927683846
2024-10-15 01:00:00,10571.892927683846
2024-10-15 02:00:00,10571.892927683846
2024-10-15 03:00:00,10571.892927683846
2024-10-15 04:00:00,10571.892927683846
2024-10-15 05:00:00,10571.892927683846
2024-10-15 06:00:00,10571.892927683846
2024-10-15 07:00:00,10571.892927683846
2024-10-15 08:00:00,10571.892927683846
2024-10-15 09:00:00,10571.892927683846
2024-10-15 10:00:00,10571.892927683846
2024-10-15 11:00:00,10571.892927683846
2024-10-15 12:00:00,10571.892927683846
2024-10-15 13:00:00,10571.892927683846
2024-10-15 14:00:00,10571.892927683846
2024-10-15 15:00:00,10571.892927683846
2024-10-15 16:00:00,10571.892927683846
2024-10-15 17:00:00,10571.892927683846
2024-10-15 18:00:00,10571.892927683846
2024-10-15 19:00:00,10571.892927683846
2024-10-15 20:00:00,10571.892927683846
2024-10-15 21:00:00,10571.892927683846
2024-10-15 22:00:00,10571.892927683846
2024-10-15 23:00:00,10571.892927683846
2024-10-16 00:00:00,10571.892927683846
2024-10-16 01:00:00,10571.892927683846
2024-10-16 02:00:00,10571.892927683846
2024-10-16 03:00:00,10571.892927683846
2024-10-16 04:00:00,10571.892927683846
2024-10-16 05:00:00,10571.892927683846
2024-10-16 06:00:00,10571.892927683846
2024-10-16 07:00:00,10571.892927683846
2024-10-16 08:00:00,10571.892927683846
2024-10-16 09:00:00,10571.892927683846
2024-10-16 10:00:00,10571.892927683846
2024-10-16 11:00:00,10571.892927683846
2024-10-16 12:00:00,10571.892927683846
2024-10-16 13:00:00,10571.892927683846
2024-10-16 14:00:00,10571.892927683846
2024-10-16 15:00:00,10571.892927683846
2024-10-16 16:00:00,10571.892927683846
2024-10-16 17:00:00,10571.892927683846
2024-10-16 18:00:00,10571.892927683846
2024-10-16 19:00:00,10571.892927683846
2024-10-16 20:00:00,10571.892927683846
2024-10-16 21:00:00,10571.892927683846
2024-10-16 22:00:00,10571.892927683846
2024-10-16 23:00:00,10571.892927683846
2024-10-17 00:00:00,10571.892927683846
2024-10-17 01:00:00,10571.892927683846
2024-10-17 02:00:00,10571.892927683846
2024-10-17 03:00:00,10571.892927683846
2024-10-17 04:00:00,10571.892927683846
2024-10-17 05:00:00,10571.892927683846
2024-10-17 06:00:00,10571.892927683846
2024-10-17 07:00:00,10571.892927683846
2024-10-17 08:00:00,10571.892927683846
2024-10-17 09:00:00,10571.892927683846
2024-10-17 10:00:00,10571.892927683846
2024-10-17 11:00:00,10571.892927683846
2024-10-17 12:00:00,10571.892927683846
2024-10-17 13:00:00,10571.892927683846
2024-10-17 14:00:00,10571.892927683846
2024-10-17 15:00:00,10571.892927683846
2024-10-17 16:00:00,10571.892927683846
2024-10-17 17:00:00,10571.892927683846
2024-10-17 18:00:00,10571.892927683846
2024-10-17 19:00:00,10571.892927683846
2024-10-17 20:00:00,10571.892927683846
2024-10-17 21:00:00,10571.892927683846
2024-10-17 22:00:00,10571.892927683846
2024-10-17 23:00:00,10571.892927683846
2024-10-18 00:00:00,10571.892927683846
2024-10-18 01:00:00,10571.892927683846
2024-10-18 02:00:00,10571.892927683846
2024-10-18 03:00:00,10571.892927683846
2024-10-18 04:00:00,10571.892927683846
2024-10-18 05:00:00,10571.892927683846
2024-10-18 06:00:00,10571.892927683846
2024-10-18 07:00:00,10571.892927683846
2024-10-18 08:00:00,10571.892927683846
2024-10-18 09:00:00,10571.892927683846
2024-10-18 10:00:00,10571.892927683846
2024-10-18 11:00:00,10571.892927683846
2024-10-18 12:00:00,10571.892927683846
2024-10-18 13:00:00,10571.892927683846
2024-10-18 14:00:00,10571.892927683846
2024-10-18 15:00:00,10571.892927683846
2024-10-18 16:00:00,10571.892927683846
2024-10-18 17:00:00,10571.892927683846
2024-10-18 18:00:00,10571.892927683846
2024-10-18 19:00:00,10571.892927683846
2024-10-18 20:00:00,10571.892927683846
2024-10-18 21:00:00,10571.892927683846
2024-10-18 22:00:00,10571.892927683846
2024-10-18 23:00:00,10571.892927683846
2024-10-19 00:00:00,10571.892927683846
2024-10-19 01:00:00,10571.892927683846
2024-10-19 02:00:00,10571.892927683846
2024-10-19 03:00:00,10571.892927683846
2024-10-19 04:00:00,10571.892927683846
2024-10-19 05:00:00,10571.892927683846
2024-10-19 06:00:00,10571.892927683846
2024-10-19 07:00:00,10571.892927683846
2024-10-19 08:00:00,10571.892927683846
2024-10-19 09:00:00,10571.892927683846
2024-10-19 10:00:00,10571.892927683846
2024-10-19 11:00:00,10571.892927683846
2024-10-19 12:00:00,10571.892927683846
2024-10-19 13:00:00,10571.892927683846
2024-10-19 14:00:00,10571.892927683846
2024-10-19 15:00:00,10571.892927683846
2024-10-19 16:00:00,10571.892927683846
2024-10-19 17:00:00,10571.892927683846
2024-10-19 18:00:00,10571.892927683846
2024-10-19 19:00:00,10571.892927683846
2024-10-19 20:00:00,10571.892927683846
2024-10-19 21:00:00,10571.892927683846
2024-10-19 22:00:00,10571.892927683846
2024-10-19 23:00:00,10571.892927683846
2024-10-20 00:00:00,10571.892927683846
2024-10-20 01:00:00,10571.892927683846
2024-10-20 02:00:00,10571.892927683846
2024-10-20 03:00:00,10571.892927683846
2024-10-20 04:00:00,10571.892927683846
2024-10-20 05:00:00,10571.892927683846
2024-10-20 06:00:00,10571.892927683846
2024-10-20 07:00:00,10571.892927683846
2024-10-20 08:00:00,10571.892927683846
2024-10-20 09:00:00,10571.892927683846
2024-10-20 10:00:00,10571.892927683846
2024-10-20 11:00:00,10571.892927683846
2024-10-20 12:00:00,10571.892927683846
2024-10-20 13:00:00,10571.892927683846
2024-10-20 14:00:00,10571.892927683846
2024-10-20 15:00:00,10571.892927683846
2024-10-20 16:00:00,10571.892927683846
2024-10-20 17:00:00,10571.892927683846
2024-10-20 18:00:00,10571.892927683846
2024-10-20 19:00:00,10571.892927683846
2024-10-20 20:00:00,10571.892927683846
2024-10-20 21:00:00,10571.892927683846
2024-10-20 22:00:00,10571.892927683846
2024-10-20 23:00:00,10571.892927683846
2024-10-21 00:00:00,10571.892927683846
2024-10-21 01:00:00,10571.892927683846
2024-10-21 02:00:00,10571.892927683846
2024-10-21 03:00:00,10571.892927683846
2024-10-21 04:00:00,10571.892927683846
2024-10-21 05:00:00,10571.892927683846
2024-10-21 06:00:00,10571.892927683846
2024-10-21 07:00:00,10571.892927683846
2024-10-21 08:00:00,10571.892927683846
2024-10-21 09:00:00,10571.892927683846
2024-10-21 10:00:00,10571.892927683846
2024-10-21 11:00:00,10571.892927683846
2024-10-21 12:00:00,10571.892927683846
2024-10-21 13:00:00,10571.892927683846
2024-10-21 14:00:00,10571.892927683846
2024-10-21 15:00:00,10571.892927683846
2024-10-21 16:00:00,10571.892927683846
2024-10-21 17:00:00,10571.892927683846
2024-10-21 18:00:00,10571.892927683846
2024-10-21 19:00:00,10571.892927683846
2024-10-21 20:00:00,10571.892927683846
2024-10-21 21:00:00,10571.892927683846
2024-10-21 22:00:00,10571.892927683846
2024-10-21 23:00:00,10571.892927683846
2024-10-22 00:00:00,10571.892927683846
2024-10-22 01:00:00,10571.892927683846
2024-10-22 02:00:00,10571.892927683846
2024-10-22 03:00:00,10571.892927683846
2024-10-22 04:00:00,10571.892927683846
2024-10-22 05:00:00,10571.892927683846
2024-10-22 06:00:00,10571.892927683846
2024-10-22 07:00:00,10571.892927683846
2024-10-22 08:00:00,10571.892927683846
2024-10-22 09:00:00,10571.892927683846
2024-10-22 10:00:00,10571.892927683846
2024-10-22 11:00:00,10571.892927683846
2024-10-22 12:00:00,10571.892927683846
2024-10-22 13:00:00,10571.892927683846
2024-10-22 14:00:00,10571.892927683846
2024-10-22 15:00:00,10571.892927683846
2024-10-22 16:00:00,10571.892927683846
2024-10-22 17:00:00,10571.892927683846
2024-10-22 18:00:00,10571.892927683846
2024-10-22 19:00:00,10571.892927683846
2024-10-22 20:00:00,10571.892927683846
2024-10-22 21:00:00,10571.892927683846
2024-10-22 22:00:00,10571.892927683846
2024-10-22 23:00:00,10571.892927683846
2024-10-23 00:00:00,10571.892927683846
2024-10-23 01:00:00,10571.892927683846
2024-10-23 02:00:00,10571.892927683846
2024-10-23 03:00:00,10571.892927683846
2024-10-23 04:00:00,10571.892927683846
2024-10-23 05:00:00,10571.892927683846
2024-10-23 06:00:00,10571.892927683846
2024-10-23 07:00:00,10571.892927683846
2024-10-23 08:00:00,10571.892927683846
2024-10-23 09:00:00,10571.892927683846
2024-10-23 10:00:00,10571.892927683846
2024-10-23 11:00:00,10571.892927683846
2024-10-23 12:00:00,10571.892927683846
2024-10-23 13:00:00,10571.892927683846
2024-10-23 14:00:00,10571.892927683846
2024-10-23 15:00:00,10571.892927683846
2024-10-23 16:00:00,10571.892927683846
2024-10-23 17:00:00,10571.892927683846
2024-10-23 18:00:00,10571.892927683846
2024-10-23 19:00:00,10571.892927683846
2024-10-23 20:00:00,10571.892927683846
2024-10-23 21:00:00,10571.892927683846
2024-10-23 22:00:00,10571.892927683846
2024-10-23 23:00:00,10571.892927683846
2024-10-24 00:00:00,10571.892927683846
2024-10-24 01:00:00,10571.892927683846
2024-10-24 02:00:00,10571.892927683846
2024-10-24 03:00:00,10571.892927683846
2024-10-24 04:00:00,10571.892927683846
2024-10-24 05:00:00,10571.892927683846
2024-10-24 06:00:00,10571.892927683846
2024-10-24 07:00:00,10571.892927683846
2024-10-24 08:00:00,10571.892927683846
2024-10-24 09:00:00,10571.892927683846
2024-10-24 10:00:00,10571.892927683846
2024-10-24 11:00:00,10571.892927683846
2024-10-24 12:00:00,10571.892927683846
2024-10-24 13:00:00,10571.892927683846
2024-10-24 14:00:00,10571.892927683846
2024-10-24 15:00:00,10567.257676050789
2024-10-24 16:00:00,10562.305328212227
2024-10-24 17:00:00,10565.395674321748
2024-10-24 18:00:00,10572.354214060917
2024-10-24 19:00:00,10590.973841648156
2024-10-24 20:00:00,10586.539409317735
2024-10-24 21:00:00,10592.463287150122
2024-10-24 22:00:00,10586.0631920484
2024-10-24 23:00:00,10586.628261639673
2024-10-25 00:00:00,10578.483075758828
2024-10-25 01:00:00,10577.72042666219
2024-10-25 02:00:00,10581.51184876806
2024-10-25 03:00:00,10579.212989789488
2024-10-25 04:00:00,10568.924826196631
2024-10-25 05:00:00,10569.439624079441
2024-10-25 06:00:00,10565.113918932444
2024-10-25 07:00:00,10560.661949959534
2024-10-25 08:00:00,10565.592864123944
2024-10-25 09:00:00,10572.559977332774
2024-10-25 10:00:00,10573.259494516455
2024-10-25 11:00:00,10583.023897053676
2024-10-25 12:00:00,10581.313489856362
2024-10-25 13:00:00,10591.917313014
2024-10-25 14:00:00,10591.033076529447
2024-10-25 15:00:00,10566.820818801258
2024-10-25 16:00:00,10566.0410227653
2024-10-25 17:00:00,10527.630258362024
2024-10-25 18:00:00,10527.630258362024
2024-10-25 19:00:00,10527.630258362024
2024-10-25 20:00:00,10527.630258362024
2024-10-25 21:00:00,10527.630258362024
2024-10-25 22:00:00,10527.630258362024
2024-10-25 23:00:00,10527.630258362024
2024-10-26 00:00:00,10527.630258362024
2024-10-26 01:00:00,10527.630258362024
2024-10-26 02:00:00,10527.630258362024
2024-10-26 03:00:00,10527.630258362024
2024-10-26 04:00:00,10527.630258362024
2024-10-26 05:00:00,10527.630258362024
2024-10-26 06:00:00,10527.630258362024
2024-10-26 07:00:00,10527.630258362024
2024-10-26 08:00:00,10527.630258362024
2024-10-26 09:00:00,10527.630258362024
2024-10-26 10:00:00,10527.630258362024
2024-10-26 11:00:00,10527.630258362024
2024-10-26 12:00:00,10527.630258362024
2024-10-26 13:00:00,10527.630258362024
2024-10-26 14:00:00,10527.630258362024
2024-10-26 15:00:00,10527.630258362024
2024-10-26 16:00:00,10527.630258362024
2024-10-26 17:00:00,10527.630258362024
2024-10-26 18:00:00,10527.630258362024
2024-10-26 19:00:00,10527.630258362024
2024-10-26 20:00:00,10527.630258362024
2024-10-26 21:00:00,10527.630258362024
2024-10-26 22:00:00,10527.630258362024
2024-10-26 23:00:00,10527.630258362024
2024-10-27 00:00:00,10527.630258362024
2024-10-27 01:00:00,10527.630258362024
2024-10-27 02:00:00,10527.630258362024
2024-10-27 03:00:00,10527.630258362024
2024-10-27 04:00:00,10527.630258362024
2024-10-27 05:00:00,10527.630258362024
2024-10-27 06:00:00,10527.630258362024
2024-10-27 07:00:00,10527.630258362024
2024-10-27 08:00:00,10527.630258362024
2024-10-27 09:00:00,10527.630258362024
2024-10-27 10:00:00,10527.630258362024
2024-10-27 11:00:00,10527.630258362024
2024-10-27 12:00:00,10527.630258362024
2024-10-27 13:00:00,10527.630258362024
2024-10-27 14:00:00,10527.630258362024
2024-10-27 15:00:00,10527.630258362024
2024-10-27 16:00:00,10527.630258362024
2024-10-27 17:00:00,10527.630258362024
2024-10-27 18:00:00,10527.630258362024
2024-10-27 19:00:00,10527.630258362024
2024-10-27 20:00:00,10527.630258362024
2024-10-27 21:00:00,10527.630258362024
2024-10-27 22:00:00,10527.630258362024
2024-10-27 23:00:00,10527.630258362024
2024-10-28 00:00:00,10527.630258362024
2024-10-28 01:00:00,10527.630258362024
2024-10-28 02:00:00,10527.630258362024
2024-10-28 03:00:00,10527.630258362024
2024-10-28 04:00:00,10527.630258362024
2024-10-28 05:00:00,10527.630258362024
2024-10-28 06:00:00,10527.630258362024
2024-10-28 07:00:00,10527.630258362024
2024-10-28 08:00:00,10527.630258362024
2024-10-28 09:00:00,10527.630258362024
2024-10-28 10:00:00,10527.630258362024
2024-10-28 11:00:00,10527.630258362024
2024-10-28 12:00:00,10527.630258362024
2024-10-28 13:00:00,10527.630258362024
2024-10-28 14:00:00,10527.630258362024
2024-10-28 15:00:00,10527.630258362024
2024-10-28 16:00:00,10527.630258362024
2024-10-28 17:00:00,10527.630258362024
2024-10-28 18:00:00,10527.630258362024
2024-10-28 19:00:00,10527.630258362024
2024-10-28 20:00:00,10527.630258362024
2024-10-28 21:00:00,10527.630258362024
2024-10-28 22:00:00,10527.630258362024
2024-10-28 23:00:00,10527.630258362024
2024-10-29 00:00:00,10527.630258362024
2024-10-29 01:00:00,10527.630258362024
2024-10-29 02:00:00,10527.630258362024
2024-10-29 03:00:00,10527.630258362024
2024-10-29 04:00:00,10527.630258362024
2024-10-29 05:00:00,10527.630258362024
2024-10-29 06:00:00,10527.630258362024
2024-10-29 07:00:00,10527.630258362024
2024-10-29 08:00:00,10527.630258362024
2024-10-29 09:00:00,10527.630258362024
2024-10-29 10:00:00,10527.630258362024
2024-10-29 11:00:00,10527.630258362024
2024-10-29 12:00:00,10527.630258362024
2024-10-29 13:00:00,10527.630258362024
2024-10-29 14:00:00,10527.630258362024
2024-10-29 15:00:00,10527.630258362024
2024-10-29 16:00:00,10527.630258362024
2024-10-29 17:00:00,10527.630258362024
2024-10-29 18:00:00,10527.630258362024
2024-10-29 19:00:00,10527.630258362024
2024-10-29 20:00:00,10527.630258362024
2024-10-29 21:00:00,10527.630258362024
2024-10-29 22:00:00,10527.630258362024
2024-10-29 23:00:00,10527.630258362024
2024-10-30 00:00:00,10527.630258362024
2024-10-30 01:00:00,10527.630258362024
2024-10-30 02:00:00,10527.630258362024
2024-10-30 03:00:00,10527.630258362024
2024-10-30 04:00:00,10527.630258362024
2024-10-30 05:00:00,10527.630258362024
2024-10-30 06:00:00,10527.630258362024
2024-10-30 07:00:00,10527.630258362024
2024-10-30 08:00:00,10527.630258362024
2024-10-30 09:00:00,10527.630258362024
2024-10-30 10:00:00,10527.630258362024
2024-10-30 11:00:00,10527.630258362024
2024-10-30 12:00:00,10527.630258362024
2024-10-30 13:00:00,10527.630258362024
2024-10-30 14:00:00,10527.630258362024
2024-10-30 15:00:00,10527.630258362024
2024-10-30 16:00:00,10527.630258362024
2024-10-30 17:00:00,10527.630258362024
2024-10-30 18:00:00,10527.630258362024
2024-10-30 19:00:00,10527.630258362024
2024-10-30 20:00:00,10527.630258362024
2024-10-30 21:00:00,10527.630258362024
2024-10-30 22:00:00,10527.630258362024
2024-10-30 23:00:00,10527.630258362024
2024-10-31 00:00:00,10527.630258362024
2024-10-31 01:00:00,10527.630258362024
2024-10-31 02:00:00,10527.630258362024
2024-10-31 03:00:00,10527.630258362024
2024-10-31 04:00:00,10527.630258362024
2024-10-31 05:00:00,10527.630258362024
2024-10-31 06:00:00,10527.630258362024
2024-10-31 07:00:00,10527.630258362024
2024-10-31 08:00:00,10527.630258362024
2024-10-31 09:00:00,10527.630258362024
2024-10-31 10:00:00,10527.630258362024
2024-10-31 11:00:00,10527.630258362024
2024-10-31 12:00:00,10527.630258362024
2024-10-31 13:00:00,10527.630258362024
2024-10-31 14:00:00,10527.630258362024
2024-10-31 15:00:00,10527.630258362024
2024-10-31 16:00:00,10527.630258362024
2024-10-31 17:00:00,10527.630258362024
2024-10-31 18:00:00,10527.630258362024
2024-10-31 19:00:00,10527.630258362024
2024-10-31 20:00:00,10527.630258362024
2024-10-31 21:00:00,10527.630258362024
2024-10-31 22:00:00,10527.630258362024
2024-10-31 23:00:00,10527.630258362024
2024-11-01 00:00:00,10527.630258362024
2024-11-01 01:00:00,10527.630258362024
2024-11-01 02:00:00,10527.630258362024
2024-11-01 03:00:00,10527.630258362024
2024-11-01 04:00:00,10527.630258362024
2024-11-01 05:00:00,10527.630258362024
2024-11-01 06:00:00,10527.630258362024
2024-11-01 07:00:00,10527.630258362024
2024-11-01 08:00:00,10527.630258362024
2024-11-01 09:00:00,10527.630258362024
2024-11-01 10:00:00,10527.630258362024
2024-11-01 11:00:00,10527.630258362024
2024-11-01 12:00:00,10527.630258362024
2024-11-01 13:00:00,10527.630258362024
2024-11-01 14:00:00,10527.630258362024
2024-11-01 15:00:00,10527.630258362024
2024-11-01 16:00:00,10527.630258362024
2024-11-01 17:00:00,10527.630258362024
2024-11-01 18:00:00,10527.630258362024
2024-11-01 19:00:00,10527.630258362024
2024-11-01 20:00:00,10527.630258362024
2024-11-01 21:00:00,10527.630258362024
2024-11-01 22:00:00,10527.630258362024
2024-11-01 23:00:00,10527.630258362024
2024-11-02 00:00:00,10527.630258362024
2024-11-02 01:00:00,10527.630258362024
2024-11-02 02:00:00,10527.630258362024
2024-11-02 03:00:00,10527.630258362024
2024-11-02 04:00:00,10527.630258362024
2024-11-02 05:00:00,10527.630258362024
2024-11-02 06:00:00,10527.630258362024
2024-11-02 07:00:00,10527.630258362024
2024-11-02 08:00:00,10527.630258362024
2024-11-02 09:00:00,10527.630258362024
2024-11-02 10:00:00,10527.630258362024
2024-11-02 11:00:00,10527.630258362024
2024-11-02 12:00:00,10527.630258362024
2024-11-02 13:00:00,10527.630258362024
2024-11-02 14:00:00,10527.630258362024
2024-11-02 15:00:00,10527.630258362024
2024-11-02 16:00:00,10527.630258362024
2024-11-02 17:00:00,10527.630258362024
2024-11-02 18:00:00,10527.630258362024
2024-11-02 19:00:00,10527.630258362024
2024-11-02 20:00:00,10527.630258362024
2024-11-02 21:00:00,10527.630258362024
2024-11-02 22:00:00,10527.630258362024
2024-11-02 23:00:00,10527.630258362024
2024-11-03 00:00:00,10527.630258362024
2024-11-03 01:00:00,10527.630258362024
2024-11-03 02:00:00,10527.630258362024
2024-11-03 03:00:00,10527.630258362024
2024-11-03 04:00:00,10527.630258362024
2024-11-03 05:00:00,10527.630258362024
2024-11-03 06:00:00,10527.630258362024
2024-11-03 07:00:00,10527.630258362024
2024-11-03 08:00:00,10527.630258362024
2024-11-03 09:00:00,10527.630258362024
2024-11-03 10:00:00,10527.630258362024
2024-11-03 11:00:00,10527.630258362024
2024-11-03 12:00:00,10527.630258362024
2024-11-03 13:00:00,10527.630258362024
2024-11-03 14:00:00,10527.630258362024
2024-11-03 15:00:00,10527.630258362024
2024-11-03 16:00:00,10527.630258362024
2024-11-03 17:00:00,10527.630258362024
2024-11-03 18:00:00,10527.630258362024
2024-11-03 19:00:00,10527.630258362024
2024-11-03 20:00:00,10527.630258362024
2024-11-03 21:00:00,10527.630258362024
2024-11-03 22:00:00,10527.630258362024
2024-11-03 23:00:00,10527.630258362024
2024-11-04 00:00:00,10527.630258362024
2024-11-04 01:00:00,10527.630258362024
2024-11-04 02:00:00,10527.630258362024
2024-11-04 03:00:00,10527.630258362024
2024-11-04 04:00:00,10527.630258362024
2024-11-04 05:00:00,10527.630258362024
2024-11-04 06:00:00,10527.630258362024
2024-11-04 07:00:00,10527.630258362024
2024-11-04 08:00:00,10527.630258362024
2024-11-04 09:00:00,10527.630258362024
2024-11-04 10:00:00,10527.630258362024
2024-11-04 11:00:00,10527.630258362024
2024-11-04 12:00:00,10527.630258362024
2024-11-04 13:00:00,10527.630258362024
2024-11-04 14:00:00,10527.630258362024
2024-11-04 15:00:00,10527.630258362024
2024-11-04 16:00:00,10527.630258362024
2024-11-04 17:00:00,10527.630258362024
2024-11-04 18:00:00,10527.630258362024
2024-11-04 19:00:00,10527.630258362024
2024-11-04 20:00:00,10527.630258362024
2024-11-04 21:00:00,10527.630258362024
2024-11-04 22:00:00,10527.630258362024
2024-11-04 23:00:00,10527.630258362024
2024-11-05 00:00:00,10527.630258362024
2024-11-05 01:00:00,10527.630258362024
2024-11-05 02:00:00,10527.630258362024
2024-11-05 03:00:00,10527.630258362024
2024-11-05 04:00:00,10527.630258362024
2024-11-05 05:00:00,10527.630258362024
2024-11-05 06:00:00,10527.630258362024
2024-11-05 07:00:00,10527.630258362024
2024-11-05 08:00:00,10527.630258362024
2024-11-05 09:00:00,10527.630258362024
2024-11-05 10:00:00,10527.630258362024
2024-11-05 11:00:00,10527.630258362024
2024-11-05 12:00:00,10527.630258362024
2024-11-05 13:00:00,10527.630258362024
2024-11-05 14:00:00,10527.630258362024
2024-11-05 15:00:00,10527.630258362024
2024-11-05 16:00:00,10527.630258362024
2024-11-05 17:00:00,10527.630258362024
2024-11-05 18:00:00,10527.630258362024
2024-11-05 19:00:00,10527.630258362024
2024-11-05 20:00:00,10527.630258362024
2024-11-05 21:00:00,10527.630258362024
2024-11-05 22:00:00,10527.630258362024
2024-11-05 23:00:00,10527.630258362024
2024-11-06 00:00:00,10527.630258362024
2024-11-06 01:00:00,10527.630258362024
2024-11-06 02:00:00,10527.630258362024
2024-11-06 03:00:00,10527.630258362024
2024-11-06 04:00:00,10527.630258362024
2024-11-06 05:00:00,10527.630258362024
2024-11-06 06:00:00,10527.630258362024
2024-11-06 07:00:00,10527.630258362024
2024-11-06 08:00:00,10527.630258362024
2024-11-06 09:00:00,10527.630258362024
2024-11-06 10:00:00,10527.630258362024
2024-11-06 11:00:00,10527.630258362024
2024-11-06 12:00:00,10527.630258362024
2024-11-06 13:00:00,10527.630258362024
2024-11-06 14:00:00,10527.630258362024
2024-11-06 15:00:00,10527.630258362024
2024-11-06 16:00:00,10527.630258362024
2024-11-06 17:00:00,10527.630258362024
2024-11-06 18:00:00,10527.630258362024
2024-11-06 19:00:00,10527.630258362024
2024-11-06 20:00:00,10527.630258362024
2024-11-06 21:00:00,10527.630258362024
2024-11-06 22:00:00,10527.630258362024
2024-11-06 23:00:00,10527.630258362024
2024-11-07 00:00:00,10527.630258362024
2024-11-07 01:00:00,10527.630258362024
2024-11-07 02:00:00,10527.630258362024
2024-11-07 03:00:00,10527.630258362024
2024-11-07 04:00:00,10527.630258362024
2024-11-07 05:00:00,10527.630258362024
2024-11-07 06:00:00,10527.630258362024
2024-11-07 07:00:00,10527.630258362024
2024-11-07 08:00:00,10527.630258362024
2024-11-07 09:00:00,10527.630258362024
2024-11-07 10:00:00,10527.630258362024
2024-11-07 11:00:00,10527.630258362024
2024-11-07 12:00:00,10527.630258362024
2024-11-07 13:00:00,10527.630258362024
2024-11-07 14:00:00,10527.630258362024
2024-11-07 15:00:00,10527.630258362024
2024-11-07 16:00:00,10527.630258362024
2024-11-07 17:00:00,10527.630258362024
2024-11-07 18:00:00,10527.630258362024
2024-11-07 19:00:00,10527.630258362024
2024-11-07 20:00:00,10527.630258362024
2024-11-07 21:00:00,10527.630258362024
2024-11-07 22:00:00,10527.630258362024
2024-11-07 23:00:00,10527.630258362024
2024-11-08 00:00:00,10527.630258362024
2024-11-08 01:00:00,10527.630258362024
2024-11-08 02:00:00,10527.630258362024
2024-11-08 03:00:00,10527.630258362024
2024-11-08 04:00:00,10527.630258362024
2024-11-08 05:00:00,10527.630258362024
2024-11-08 06:00:00,10527.630258362024
2024-11-08 07:00:00,10527.630258362024
2024-11-08 08:00:00,10527.630258362024
2024-11-08 09:00:00,10527.630258362024
2024-11-08 10:00:00,10527.630258362024
2024-11-08 11:00:00,10527.630258362024
2024-11-08 12:00:00,10527.630258362024
2024-11-08 13:00:00,10527.630258362024
2024-11-08 14:00:00,10527.630258362024
2024-11-08 15:00:00,10527.630258362024
2024-11-08 16:00:00,10527.630258362024
2024-11-08 17:00:00,10527.630258362024
2024-11-08 18:00:00,10527.630258362024
2024-11-08 19:00:00,10527.630258362024
2024-11-08 20:00:00,10527.630258362024
2024-11-08 21:00:00,10527.630258362024
2024-11-08 22:00:00,10527.630258362024
2024-11-08 23:00:00,10527.630258362024
2024-11-09 00:00:00,10527.630258362024
2024-11-09 01:00:00,10527.630258362024
2024-11-09 02:00:00,10527.630258362024
2024-11-09 03:00:00,10527.630258362024
2024-11-09 04:00:00,10527.630258362024
2024-11-09 05:00:00,10527.630258362024
2024-11-09 06:00:00,10527.630258362024
2024-11-09 07:00:00,10527.630258362024
2024-11-09 08:00:00,10527.630258362024
2024-11-09 09:00:00,10527.630258362024
2024-11-09 10:00:00,10527.630258362024
2024-11-09 11:00:00,10527.630258362024
2024-11-09 12:00:00,10527.630258362024
2024-11-09 13:00:00,10527.630258362024
2024-11-09 14:00:00,10527.630258362024
2024-11-09 15:00:00,10527.630258362024
2024-11-09 16:00:00,10527.630258362024
2024-11-09 17:00:00,10527.630258362024
2024-11-09 18:00:00,10527.630258362024
2024-11-09 19:00:00,10527.630258362024
2024-11-09 20:00:00,10527.630258362024
2024-11-09 21:00:00,10527.630258362024
2024-11-09 22:00:00,10527.630258362024
2024-11-09 23:00:00,10527.630258362024
2024-11-10 00:00:00,10527.630258362024
2024-11-10 01:00:00,10527.630258362024
2024-11-10 02:00:00,10527.630258362024
2024-11-10 03:00:00,10527.630258362024
2024-11-10 04:00:00,10527.630258362024
2024-11-10 05:00:00,10527.630258362024
2024-11-10 06:00:00,10527.630258362024
2024-11-10 07:00:00,10527.630258362024
2024-11-10 08:00:00,10527.630258362024
2024-11-10 09:00:00,10527.630258362024
2024-11-10 10:00:00,10527.630258362024
2024-11-10 11:00:00,10527.630258362024
2024-11-10 12:00:00,10527.630258362024
2024-11-10 13:00:00,10527.630258362024
2024-11-10 14:00:00,10527.630258362024
2024-11-10 15:00:00,10527.630258362024
2024-11-10 16:00:00,10527.630258362024
2024-11-10 17:00:00,10527.630258362024
2024-11-10 18:00:00,10527.630258362024
2024-11-10 19:00:00,10527.630258362024
2024-11-10 20:00:00,10527.630258362024
2024-11-10 21:00:00,10527.630258362024
2024-11-10 22:00:00,10527.630258362024
2024-11-10 23:00:00,10527.630258362024
2024-11-11 00:00:00,10527.630258362024
2024-11-11 01:00:00,10527.630258362024
2024-11-11 02:00:00,10527.630258362024
2024-11-11 03:00:00,10527.630258362024
2024-11-11 04:00:00,10527.630258362024
2024-11-11 05:00:00,10527.630258362024
2024-11-11 06:00:00,10527.630258362024
2024-11-11 07:00:00,10527.630258362024
2024-11-11 08:00:00,10527.630258362024
2024-11-11 09:00:00,10527.630258362024
2024-11-11 10:00:00,10527.630258362024
2024-11-11 11:00:00,10527.630258362024
2024-11-11 12:00:00,10527.630258362024
2024-11-11 13:00:00,10527.630258362024
2024-11-11 14:00:00,10527.630258362024
2024-11-11 15:00:00,10527.630258362024
2024-11-11 16:00:00,10527.630258362024
2024-11-11 17:00:00,10527.630258362024
2024-11-11 18:00:00,10527.630258362024
2024-11-11 19:00:00,10527.630258362024
2024-11-11 20:00:00,10527.630258362024
2024-11-11 21:00:00,10527.630258362024
2024-11-11 22:00:00,10527.630258362024
2024-11-11 23:00:00,10527.630258362024
2024-11-12 00:00:00,10527.630258362024
2024-11-12 01:00:00,10527.630258362024
2024-11-12 02:00:00,10527.630258362024
2024-11-12 03:00:00,10527.630258362024
2024-11-12 04:00:00,10527.630258362024
2024-11-12 05:00:00,10527.630258362024
2024-11-12 06:00:00,10527.630258362024
2024-11-12 07:00:00,10527.630258362024
2024-11-12 08:00:00,10527.630258362024
2024-11-12 09:00:00,10527.630258362024
2024-11-12 10:00:00,10527.630258362024
2024-11-12 11:00:00,10527.630258362024
2024-11-12 12:00:00,10527.630258362024
2024-11-12 13:00:00,10527.630258362024
2024-11-12 14:00:00,10527.630258362024
2024-11-12 15:00:00,10527.630258362024
2024-11-12 16:00:00,10527.630258362024
2024-11-12 17:00:00,10527.630258362024
2024-11-12 18:00:00,10527.630258362024
2024-11-12 19:00:00,10527.630258362024
2024-11-12 20:00:00,10527.630258362024
2024-11-12 21:00:00,10527.630258362024
2024-11-12 22:00:00,10527.630258362024
2024-11-12 23:00:00,10527.630258362024
2024-11-13 00:00:00,10527.630258362024
2024-11-13 01:00:00,10527.630258362024
2024-11-13 02:00:00,10527.630258362024
2024-11-13 03:00:00,10527.630258362024
2024-11-13 04:00:00,10527.630258362024
2024-11-13 05:00:00,10527.630258362024
2024-11-13 06:00:00,10527.630258362024
2024-11-13 07:00:00,10527.630258362024
2024-11-13 08:00:00,10527.630258362024
2024-11-13 09:00:00,10527.630258362024
2024-11-13 10:00:00,10527.630258362024
2024-11-13 11:00:00,10527.630258362024
2024-11-13 12:00:00,10527.630258362024
2024-11-13 13:00:00,10527.630258362024
2024-11-13 14:00:00,10527.630258362024
2024-11-13 15:00:00,10527.630258362024
2024-11-13 16:00:00,10527.630258362024
2024-11-13 17:00:00,10527.630258362024
2024-11-13 18:00:00,10527.630258362024
2024-11-13 19:00:00,10527.630258362024
2024-11-13 20:00:00,10527.630258362024
2024-11-13 21:00:00,10527.630258362024
2024-11-13 22:00:00,10527.630258362024
2024-11-13 23:00:00,10527.630258362024
2024-11-14 00:00:00,10527.630258362024
2024-11-14 01:00:00,10527.630258362024
2024-11-14 02:00:00,10527.630258362024
2024-11-14 03:00:00,10527.630258362024
2024-11-14 04:00:00,10527.630258362024
2024-11-14 05:00:00,10527.630258362024
2024-11-14 06:00:00,10527.630258362024
2024-11-14 07:00:00,10527.630258362024
2024-11-14 08:00:00,10527.630258362024
2024-11-14 09:00:00,10527.630258362024
2024-11-14 10:00:00,10527.630258362024
2024-11-14 11:00:00,10527.630258362024
2024-11-14 12:00:00,10527.630258362024
2024-11-14 13:00:00,10527.630258362024
2024-11-14 14:00:00,10527.630258362024
2024-11-14 15:00:00,10527.630258362024
2024-11-14 16:00:00,10527.630258362024
2024-11-14 17:00:00,10527.630258362024
2024-11-14 18:00:00,10527.630258362024
2024-11-14 19:00:00,10527.630258362024
2024-11-14 20:00:00,10527.630258362024
2024-11-14 21:00:00,10527.630258362024
2024-11-14 22:00:00,10527.630258362024
2024-11-14 23:00:00,10527.630258362024
2024-11-15 00:00:00,10527.630258362024
2024-11-15 01:00:00,10527.630258362024
2024-11-15 02:00:00,10527.630258362024
2024-11-15 03:00:00,10527.630258362024
2024-11-15 04:00:00,10527.630258362024
2024-11-15 05:00:00,10527.630258362024
2024-11-15 06:00:00,10527.630258362024
2024-11-15 07:00:00,10527.630258362024
2024-11-15 08:00:00,10527.630258362024
2024-11-15 09:00:00,10527.630258362024
2024-11-15 10:00:00,10527.630258362024
2024-11-15 11:00:00,10527.630258362024
2024-11-15 12:00:00,10527.630258362024
2024-11-15 13:00:00,10527.630258362024
2024-11-15 14:00:00,10527.630258362024
2024-11-15 15:00:00,10527.630258362024
2024-11-15 16:00:00,10527.630258362024
2024-11-15 17:00:00,10527.630258362024
2024-11-15 18:00:00,10527.630258362024
2024-11-15 19:00:00,10527.630258362024
2024-11-15 20:00:00,10527.630258362024
2024-11-15 21:00:00,10527.630258362024
2024-11-15 22:00:00,10527.630258362024
2024-11-15 23:00:00,10527.630258362024
2024-11-16 00:00:00,10527.630258362024
2024-11-16 01:00:00,10527.630258362024
2024-11-16 02:00:00,10527.630258362024
2024-11-16 03:00:00,10527.630258362024
2024-11-16 04:00:00,10527.630258362024
2024-11-16 05:00:00,10527.630258362024
2024-11-16 06:00:00,10527.630258362024
2024-11-16 07:00:00,10527.630258362024
2024-11-16 08:00:00,10527.630258362024
2024-11-16 09:00:00,10527.630258362024
2024-11-16 10:00:00,10527.630258362024
2024-11-16 11:00:00,10527.630258362024
2024-11-16 12:00:00,10527.630258362024
2024-11-16 13:00:00,10527.630258362024
2024-11-16 14:00:00,10527.630258362024
2024-11-16 15:00:00,10527.630258362024
2024-11-16 16:00:00,10527.630258362024
2024-11-16 17:00:00,10527.630258362024
2024-11-16 18:00:00,10527.630258362024
2024-11-16 19:00:00,10527.630258362024
2024-11-16 20:00:00,10527.630258362024
2024-11-16 21:00:00,10527.630258362024
2024-11-16 22:00:00,10527.630258362024
2024-11-16 23:00:00,10527.630258362024
2024-11-17 00:00:00,10527.630258362024
2024-11-17 01:00:00,10527.630258362024
2024-11-17 02:00:00,10527.630258362024
2024-11-17 03:00:00,10527.630258362024
2024-11-17 04:00:00,10527.630258362024
2024-11-17 05:00:00,10527.630258362024
2024-11-17 06:00:00,10527.630258362024
2024-11-17 07:00:00,10527.630258362024
2024-11-17 08:00:00,10527.630258362024
2024-11-17 09:00:00,10527.630258362024
2024-11-17 10:00:00,10527.630258362024
2024-11-17 11:00:00,10527.630258362024
2024-11-17 12:00:00,10527.630258362024
2024-11-17 13:00:00,10527.630258362024
2024-11-17 14:00:00,10527.630258362024
2024-11-17 15:00:00,10527.630258362024
2024-11-17 16:00:00,10527.630258362024
2024-11-17 17:00:00,10527.630258362024
2024-11-17 18:00:00,10527.630258362024
2024-11-17 19:00:00,10527.630258362024
2024-11-17 20:00:00,10527.630258362024
2024-11-17 21:00:00,10527.630258362024
2024-11-17 22:00:00,10527.630258362024
2024-11-17 23:00:00,10527.630258362024
2024-11-18 00:00:00,10527.630258362024
2024-11-18 01:00:00,10527.630258362024
2024-11-18 02:00:00,10527.630258362024
2024-11-18 03:00:00,10527.630258362024
2024-11-18 04:00:00,10527.630258362024
2024-11-18 05:00:00,10527.630258362024
2024-11-18 06:00:00,10527.630258362024
2024-11-18 07:00:00,10527.630258362024
2024-11-18 08:00:00,10527.630258362024
2024-11-18 09:00:00,10527.630258362024
2024-11-18 10:00:00,10527.630258362024
2024-11-18 11:00:00,10527.630258362024
2024-11-18 12:00:00,10527.630258362024
2024-11-18 13:00:00,10527.630258362024
2024-11-18 14:00:00,10527.630258362024
2024-11-18 15:00:00,10527.630258362024
2024-11-18 16:00:00,10527.630258362024
2024-11-18 17:00:00,10527.630258362024
2024-11-18 18:00:00,10527.630258362024
2024-11-18 19:00:00,10527.630258362024
2024-11-18 20:00:00,10527.630258362024
2024-11-18 21:00:00,10527.630258362024
2024-11-18 22:00:00,10527.630258362024
2024-11-18 23:00:00,10527.630258362024
2024-11-19 00:00:00,10527.630258362024
2024-11-19 01:00:00,10527.630258362024
2024-11-19 02:00:00,10527.630258362024
2024-11-19 03:00:00,10527.630258362024
2024-11-19 04:00:00,10527.630258362024
2024-11-19 05:00:00,10527.630258362024
2024-11-19 06:00:00,10527.630258362024
2024-11-19 07:00:00,10527.630258362024
2024-11-19 08:00:00,10527.630258362024
2024-11-19 09:00:00,10527.630258362024
2024-11-19 10:00:00,10527.630258362024
2024-11-19 11:00:00,10527.630258362024
2024-11-19 12:00:00,10527.630258362024
2024-11-19 13:00:00,10527.630258362024
2024-11-19 14:00:00,10527.630258362024
2024-11-19 15:00:00,10527.630258362024
2024-11-19 16:00:00,10527.630258362024
2024-11-19 17:00:00,10527.630258362024
2024-11-19 18:00:00,10527.630258362024
2024-11-19 19:00:00,10527.630258362024
2024-11-19 20:00:00,10527.630258362024
2024-11-19 21:00:00,10527.630258362024
2024-11-19 22:00:00,10527.630258362024
2024-11-19 23:00:00,10527.630258362024
2024-11-20 00:00:00,10527.630258362024
2024-11-20 01:00:00,10527.630258362024
2024-11-20 02:00:00,10527.630258362024
2024-11-20 03:00:00,10527.630258362024
2024-11-20 04:00:00,10527.630258362024
2024-11-20 05:00:00,10527.630258362024
2024-11-20 06:00:00,10527.630258362024
2024-11-20 07:00:00,10527.630258362024
2024-11-20 08:00:00,10527.630258362024
2024-11-20 09:00:00,10527.630258362024
2024-11-20 10:00:00,10527.630258362024
2024-11-20 11:00:00,10527.630258362024
2024-11-20 12:00:00,10527.630258362024
2024-11-20 13:00:00,10527.630258362024
2024-11-20 14:00:00,10527.630258362024
2024-11-20 15:00:00,10527.630258362024
2024-11-20 16:00:00,10527.630258362024
2024-11-20 17:00:00,10527.630258362024
2024-11-20 18:00:00,10527.630258362024
2024-11-20 19:00:00,10527.630258362024
2024-11-20 20:00:00,10527.630258362024
2024-11-20 21:00:00,10527.630258362024
2024-11-20 22:00:00,10527.630258362024
2024-11-20 23:00:00,10527.630258362024
2024-11-21 00:00:00,10527.630258362024
2024-11-21 01:00:00,10527.630258362024
2024-11-21 02:00:00,10527.630258362024
2024-11-21 03:00:00,10527.630258362024
2024-11-21 04:00:00,10527.630258362024
2024-11-21 05:00:00,10527.630258362024
2024-11-21 06:00:00,10527.630258362024
2024-11-21 07:00:00,10527.630258362024
2024-11-21 08:00:00,10527.630258362024
2024-11-21 09:00:00,10527.630258362024
2024-11-21 10:00:00,10527.630258362024
2024-11-21 11:00:00,10527.630258362024
2024-11-21 12:00:00,10527.630258362024
2024-11-21 13:00:00,10527.630258362024
2024-11-21 14:00:00,10527.630258362024
2024-11-21 15:00:00,10527.630258362024
2024-11-21 16:00:00,10527.630258362024
2024-11-21 17:00:00,10527.630258362024
2024-11-21 18:00:00,10527.630258362024
2024-11-21 19:00:00,10527.630258362024
2024-11-21 20:00:00,10527.630258362024
2024-11-21 21:00:00,10527.630258362024
2024-11-21 22:00:00,10527.630258362024
2024-11-21 23:00:00,10527.630258362024
2024-11-22 00:00:00,10527.630258362024
2024-11-22 01:00:00,10527.630258362024
2024-11-22 02:00:00,10527.630258362024
2024-11-22 03:00:00,10527.630258362024
2024-11-22 04:00:00,10527.630258362024
2024-11-22 05:00:00,10527.630258362024
2024-11-22 06:00:00,10527.630258362024
2024-11-22 07:00:00,10527.630258362024
2024-11-22 08:00:00,10527.630258362024
2024-11-22 09:00:00,10527.630258362024
2024-11-22 10:00:00,10527.630258362024
2024-11-22 11:00:00,10527.630258362024
2024-11-22 12:00:00,10527.630258362024
2024-11-22 13:00:00,10527.630258362024
2024-11-22 14:00:00,10527.630258362024
2024-11-22 15:00:00,10527.630258362024
2024-11-22 16:00:00,10527.630258362024
2024-11-22 17:00:00,10527.630258362024
2024-11-22 18:00:00,10527.630258362024
2024-11-22 19:00:00,10527.630258362024
2024-11-22 20:00:00,10527.630258362024
2024-11-22 21:00:00,10527.630258362024
2024-11-22 22:00:00,10527.630258362024
2024-11-22 23:00:00,10527.630258362024
2024-11-23 00:00:00,10527.630258362024
2024-11-23 01:00:00,10527.630258362024
2024-11-23 02:00:00,10527.630258362024
2024-11-23 03:00:00,10527.630258362024
2024-11-23 04:00:00,10527.630258362024
2024-11-23 05:00:00,10527.630258362024
2024-11-23 06:00:00,10527.630258362024
2024-11-23 07:00:00,10527.630258362024
2024-11-23 08:00:00,10527.630258362024
2024-11-23 09:00:00,10527.630258362024
2024-11-23 10:00:00,10527.630258362024
2024-11-23 11:00:00,10527.630258362024
2024-11-23 12:00:00,10527.630258362024
2024-11-23 13:00:00,10527.630258362024
2024-11-23 14:00:00,10527.630258362024
2024-11-23 15:00:00,10527.630258362024
2024-11-23 16:00:00,10527.630258362024
2024-11-23 17:00:00,10527.630258362024
2024-11-23 18:00:00,10527.630258362024
2024-11-23 19:00:00,10527.630258362024
2024-11-23 20:00:00,10527.630258362024
2024-11-23 21:00:00,10527.630258362024
2024-11-23 22:00:00,10527.630258362024
2024-11-23 23:00:00,10527.630258362024
2024-11-24 00:00:00,10527.630258362024
2024-11-24 01:00:00,10527.630258362024
2024-11-24 02:00:00,10527.630258362024
2024-11-24 03:00:00,10527.630258362024
2024-11-24 04:00:00,10527.630258362024
2024-11-24 05:00:00,10527.630258362024
2024-11-24 06:00:00,10527.630258362024
2024-11-24 07:00:00,10527.630258362024
2024-11-24 08:00:00,10527.630258362024
2024-11-24 09:00:00,10527.630258362024
2024-11-24 10:00:00,10527.630258362024
2024-11-24 11:00:00,10527.630258362024
2024-11-24 12:00:00,10527.630258362024
2024-11-24 13:00:00,10527.630258362024
2024-11-24 14:00:00,10527.630258362024
2024-11-24 15:00:00,10527.630258362024
2024-11-24 16:00:00,10527.630258362024
2024-11-24 17:00:00,10527.630258362024
2024-11-24 18:00:00,10527.630258362024
2024-11-24 19:00:00,10527.630258362024
2024-11-24 20:00:00,10527.630258362024
2024-11-24 21:00:00,10527.630258362024
2024-11-24 22:00:00,10527.630258362024
2024-11-24 23:00:00,10527.630258362024
2024-11-25 00:00:00,10527.630258362024
2024-11-25 01:00:00,10527.630258362024
2024-11-25 02:00:00,10527.630258362024
2024-11-25 03:00:00,10527.630258362024
2024-11-25 04:00:00,10527.630258362024
2024-11-25 05:00:00,10527.630258362024
2024-11-25 06:00:00,10527.630258362024
2024-11-25 07:00:00,10527.630258362024
2024-11-25 08:00:00,10527.630258362024
2024-11-25 09:00:00,10527.630258362024
2024-11-25 10:00:00,10527.630258362024
2024-11-25 11:00:00,10527.630258362024
2024-11-25 12:00:00,10527.630258362024
2024-11-25 13:00:00,10527.630258362024
2024-11-25 14:00:00,10527.630258362024
2024-11-25 15:00:00,10527.630258362024
2024-11-25 16:00:00,10527.630258362024
2024-11-25 17:00:00,10527.630258362024
2024-11-25 18:00:00,10527.630258362024
2024-11-25 19:00:00,10527.630258362024
2024-11-25 20:00:00,10527.630258362024
2024-11-25 21:00:00,10527.630258362024
2024-11-25 22:00:00,10527.630258362024
2024-11-25 23:00:00,10527.630258362024
2024-11-26 00:00:00,10527.630258362024
2024-11-26 01:00:00,10527.630258362024
2024-11-26 02:00:00,10527.630258362024
2024-11-26 03:00:00,10527.630258362024
2024-11-26 04:00:00,10527.630258362024
2024-11-26 05:00:00,10527.630258362024
2024-11-26 06:00:00,10527.630258362024
2024-11-26 07:00:00,10527.630258362024
2024-11-26 08:00:00,10527.630258362024
2024-11-26 09:00:00,10527.630258362024
2024-11-26 10:00:00,10527.630258362024
2024-11-26 11:00:00,10527.630258362024
2024-11-26 12:00:00,10527.630258362024
2024-11-26 13:00:00,10527.630258362024
2024-11-26 14:00:00,10527.630258362024
2024-11-26 15:00:00,10527.630258362024
2024-11-26 16:00:00,10527.630258362024
2024-11-26 17:00:00,10527.630258362024
2024-11-26 18:00:00,10527.630258362024
2024-11-26 19:00:00,10527.630258362024
2024-11-26 20:00:00,10527.630258362024
2024-11-26 21:00:00,10527.630258362024
2024-11-26 22:00:00,10527.630258362024
2024-11-26 23:00:00,10527.630258362024
2024-11-27 00:00:00,10527.630258362024
2024-11-27 01:00:00,10527.630258362024
2024-11-27 02:00:00,10527.630258362024
2024-11-27 03:00:00,10527.630258362024
2024-11-27 04:00:00,10527.630258362024
2024-11-27 05:00:00,10527.630258362024
2024-11-27 06:00:00,10527.630258362024
2024-11-27 07:00:00,10527.630258362024
2024-11-27 08:00:00,10527.630258362024
2024-11-27 09:00:00,10527.630258362024
2024-11-27 10:00:00,10527.630258362024
2024-11-27 11:00:00,10527.630258362024
2024-11-27 12:00:00,10527.630258362024
2024-11-27 13:00:00,10527.630258362024
2024-11-27 14:00:00,10527.630258362024
2024-11-27 15:00:00,10527.630258362024
2024-11-27 16:00:00,10527.630258362024
2024-11-27 17:00:00,10527.630258362024
2024-11-27 18:00:00,10527.630258362024
2024-11-27 19:00:00,10527.630258362024
2024-11-27 20:00:00,10527.630258362024
2024-11-27 21:00:00,10527.630258362024
2024-11-27 22:00:00,10527.630258362024
2024-11-27 23:00:00,10527.630258362024
2024-11-28 00:00:00,10527.630258362024
2024-11-28 01:00:00,10527.630258362024
2024-11-28 02:00:00,10527.630258362024
2024-11-28 03:00:00,10527.630258362024
2024-11-28 04:00:00,10527.630258362024
2024-11-28 05:00:00,10527.630258362024
2024-11-28 06:00:00,10527.630258362024
2024-11-28 07:00:00,10527.630258362024
2024-11-28 08:00:00,10527.630258362024
2024-11-28 09:00:00,10527.630258362024
2024-11-28 10:00:00,10527.630258362024
2024-11-28 11:00:00,10527.630258362024
2024-11-28 12:00:00,10527.630258362024
2024-11-28 13:00:00,10527.630258362024
2024-11-28 14:00:00,10527.630258362024
2024-11-28 15:00:00,10527.630258362024
2024-11-28 16:00:00,10527.630258362024
2024-11-28 17:00:00,10527.630258362024
2024-11-28 18:00:00,10527.630258362024
2024-11-28 19:00:00,10527.630258362024
2024-11-28 20:00:00,10527.630258362024
2024-11-28 21:00:00,10527.630258362024
2024-11-28 22:00:00,10527.630258362024
2024-11-28 23:00:00,10526.100448502135
2024-11-29 00:00:00,10521.480977925292
2024-11-29 01:00:00,10533.691484214583
2024-11-29 02:00:00,10556.242377133553
2024-11-29 03:00:00,10552.127563847209
2024-11-29 04:00:00,10543.147414252302
2024-11-29 05:00:00,10540.123045738072
2024-11-29 06:00:00,10543.212318405194
2024-11-29 07:00:00,10525.579840191009
2024-11-29 08:00:00,10535.341314778998
2024-11-29 09:00:00,10545.665475370453
2024-11-29 10:00:00,10559.103385195163
2024-11-29 11:00:00,10569.936328341071
2024-11-29 12:00:00,10561.442684875263
2024-11-29 13:00:00,10569.536177737435
2024-11-29 14:00:00,10590.950422927994
2024-11-29 15:00:00,10591.43060365236
2024-11-29 16:00:00,10584.844482239356
2024-11-29 17:00:00,10562.521303890704
2024-11-29 18:00:00,10568.233419380436
2024-11-29 19:00:00,10572.461539916743
2024-11-29 20:00:00,10571.863376643265
2024-11-29 21:00:00,10574.010989058253
2024-11-29 22:00:00,10571.44287473745
2024-11-29 23:00:00,10576.04419415289
2024-11-30 00:00:00,10562.514978485973
2024-11-30 01:00:00,10547.585923250317
2024-11-30 02:00:00,10552.645972017557
2024-11-30 03:00:00,10553.49330123392
2024-11-30 04:00:00,10554.59777190348
2024-11-30 05:00:00,10566.207364743323
2024-11-30 06:00:00,10553.483400600428
2024-11-30 07:00:00,10557.43595350454
2024-11-30 08:00:00,10562.114277847142
2024-11-30 09:00:00,10557.34244752156
2024-11-30 10:00:00,10539.672566914182
2024-11-30 11:00:00,10543.261821572656
2024-11-30 12:00:00,10551.10642350954
2024-11-30 13:00:00,10547.039188267478
2024-11-30 14:00:00,10548.615039098298
2024-11-30 15:00:00,10553.641535718703
2024-11-30 16:00:00,10559.854183234978
2024-11-30 17:00:00,10557.35344822544
2024-11-30 18:00:00,10562.46850051208
2024-11-30 19:00:00,10563.934619321697
2024-11-30 20:00:00,10562.513053362794
2024-11-30 21:00:00,10557.673568708351
2024-11-30 22:00:00,10548.710470204458
2024-11-30 23:00:00,10547.112067930682
2024-12-01 00:00:00,10545.258724344487
2024-12-01 01:00:00,10538.823862609834
2024-12-01 02:00:00,10529.737281204889
2024-12-01 03:00:00,10545.152842569642
2024-12-01 04:00:00,10550.069332151246
2024-12-01 05:00:00,10544.38499343881
2024-12-01 06:00:00,10544.902851573966
2024-12-01 07:00:00,10548.899132276001
2024-12-01 08:00:00,10564.713744174003
2024-12-01 09:00:00,10564.22256274576
2024-12-01 10:00:00,10558.222778849564
2024-12-01 11:00:00,10566.388051304551
2024-12-01 12:00:00,10557.191462860806
2024-12-01 13:00:00,10565.371586266032
2024-12-01 14:00:00,10571.36284461672
2024-12-01 15:00:00,10564.163983997598
2024-12-01 16:00:00,10568.563165479241
2024-12-01 17:00:00,10571.643087548066
2024-12-01 18:00:00,10566.657568549614
2024-12-01 19:00:00,10568.308774202014
2024-12-01 20:00:00,10566.14328564322
2024-12-01 21:00:00,10584.504285471865
2024-12-01 22:00:00,10578.864774627742
2024-12-01 23:00:00,10568.48616055208
2024-12-02 00:00:00,10575.40477823986
2024-12-02 01:00:00,10589.930657678311
2024-12-02 02:00:00,10581.125419275098
2024-12-02 03:00:00,10549.19560124557
2024-12-02 04:00:00,10555.36287085834
2024-12-02 05:00:00,10545.791983465073
2024-12-02 06:00:00,10543.591842689058
2024-12-02 07:00:00,10535.891349973002
2024-12-02 08:00:00,10509.865609715913
2024-12-02 09:00:00,10521.953183139343
2024-12-02 10:00:00,10507.620091036391
2024-12-02 11:00:00,10511.928791728622
2024-12-02 12:00:00,10507.620366053989
2024-12-02 13:00:00,10527.09078686894
2024-12-02 14:00:00,10544.727115329482
2024-12-02 15:00:00,10564.713469156408
2024-12-02 16:00:00,10540.497069669995
2024-12-02 17:00:00,10497.499993501913
2024-12-02 18:00:00,10526.159852303086
2024-12-02 19:00:00,10530.831301205762
2024-12-02 20:00:00,10526.724188412134
2024-12-02 21:00:00,10519.579781277218
2024-12-02 22:00:00,10518.620519898874
2024-12-02 23:00:00,10531.508394529581
2024-12-03 00:00:00,10530.502105142152
2024-12-03 01:00:00,10522.80298751408
2024-12-03 02:00:00,10536.867662442359
2024-12-03 03:00:00,10538.074164640406
2024-12-03 04:00:00,10533.709085340792
2024-12-03 05:00:00,10540.159348060875
2024-12-03 06:00:00,10525.77702780806
2024-12-03 07:00:00,10523.51583312551
2024-12-03 08:00:00,10522.910794412104
2024-12-03 09:00:00,10515.430590791248
2024-12-03 10:00:00,10500.08158368497
2024-12-03 11:00:00,10508.060119191594
2024-12-03 12:00:00,10503.26298724709
2024-12-03 13:00:00,10479.665268583207
2024-12-03 14:00:00,10479.665268583207
2024-12-03 15:00:00,10479.665268583207
2024-12-03 16:00:00,10479.665268583207
2024-12-03 17:00:00,10479.665268583207
2024-12-03 18:00:00,10479.665268583207
2024-12-03 19:00:00,10479.665268583207
2024-12-03 20:00:00,10479.665268583207
2024-12-03 21:00:00,10479.665268583207
2024-12-03 22:00:00,10479.665268583207
2024-12-03 23:00:00,10479.665268583207
2024-12-04 00:00:00,10479.665268583207
2024-12-04 01:00:00,10479.665268583207
2024-12-04 02:00:00,10479.665268583207
2024-12-04 03:00:00,10479.665268583207
2024-12-04 04:00:00,10479.665268583207
2024-12-04 05:00:00,10479.665268583207
2024-12-04 06:00:00,10479.665268583207
2024-12-04 07:00:00,10479.688328755097
2024-12-04 08:00:00,10482.366075953027
2024-12-04 09:00:00,10485.84481458891
2024-12-04 10:00:00,10477.60488302705
2024-12-04 11:00:00,10468.881861132986
2024-12-04 12:00:00,10462.848521290649
2024-12-04 13:00:00,10454.64412304351
2024-12-04 14:00:00,10458.91571571703
2024-12-04 15:00:00,10456.740859858744
2024-12-04 16:00:00,10429.348266010198
2024-12-04 17:00:00,10429.348266010198
2024-12-04 18:00:00,10429.348266010198
2024-12-04 19:00:00,10429.348266010198
2024-12-04 20:00:00,10469.285401292713
2024-12-04 21:00:00,10440.952685056636
2024-12-04 22:00:00,10453.91454216178
2024-12-04 23:00:00,10464.978633259741
2024-12-05 00:00:00,10457.169080843403
2024-12-05 01:00:00,10454.03598417354
2024-12-05 02:00:00,10536.312276931645
2024-12-05 03:00:00,10578.185740225232
2024-12-05 04:00:00,10578.185740225232
2024-12-05 05:00:00,10578.185740225232
2024-12-05 06:00:00,10578.185740225232
2024-12-05 07:00:00,10578.185740225232
2024-12-05 08:00:00,10578.185740225232
2024-12-05 09:00:00,10578.185740225232
2024-12-05 10:00:00,10578.185740225232
2024-12-05 11:00:00,10578.185740225232
2024-12-05 12:00:00,10578.185740225232
2024-12-05 13:00:00,10578.185740225232
2024-12-05 14:00:00,10578.185740225232
2024-12-05 15:00:00,10578.185740225232
2024-12-05 16:00:00,10578.185740225232
2024-12-05 17:00:00,10578.185740225232
2024-12-05 18:00:00,10578.185740225232
2024-12-05 19:00:00,10578.185740225232
2024-12-05 20:00:00,10578.185740225232
2024-12-05 21:00:00,10578.185740225232
2024-12-05 22:00:00,10578.185740225232
2024-12-05 23:00:00,10578.185740225232
2024-12-06 00:00:00,10578.185740225232
2024-12-06 01:00:00,10578.185740225232
2024-12-06 02:00:00,10578.185740225232
2024-12-06 03:00:00,10578.185740225232
2024-12-06 04:00:00,10578.185740225232
2024-12-06 05:00:00,10578.185740225232
2024-12-06 06:00:00,10578.185740225232
2024-12-06 07:00:00,10578.185740225232
2024-12-06 08:00:00,10578.185740225232
2024-12-06 09:00:00,10578.185740225232
2024-12-06 10:00:00,10578.185740225232
2024-12-06 11:00:00,10578.185740225232
2024-12-06 12:00:00,10578.185740225232
2024-12-06 13:00:00,10578.185740225232
2024-12-06 14:00:00,10578.185740225232
2024-12-06 15:00:00,10578.185740225232
2024-12-06 16:00:00,10578.185740225232
2024-12-06 17:00:00,10578.185740225232
2024-12-06 18:00:00,10578.185740225232
2024-12-06 19:00:00,10578.185740225232
2024-12-06 20:00:00,10578.185740225232
2024-12-06 21:00:00,10578.185740225232
2024-12-06 22:00:00,10578.185740225232
2024-12-06 23:00:00,10578.185740225232
2024-12-07 00:00:00,10578.185740225232
2024-12-07 01:00:00,10578.185740225232
2024-12-07 02:00:00,10578.185740225232
2024-12-07 03:00:00,10578.185740225232
2024-12-07 04:00:00,10578.185740225232
2024-12-07 05:00:00,10578.185740225232
2024-12-07 06:00:00,10578.185740225232
2024-12-07 07:00:00,10578.185740225232
2024-12-07 08:00:00,10578.185740225232
2024-12-07 09:00:00,10578.185740225232
2024-12-07 10:00:00,10578.185740225232
2024-12-07 11:00:00,10578.185740225232
2024-12-07 12:00:00,10578.185740225232
2024-12-07 13:00:00,10578.185740225232
2024-12-07 14:00:00,10578.185740225232
2024-12-07 15:00:00,10578.185740225232
2024-12-07 16:00:00,10578.185740225232
2024-12-07 17:00:00,10578.185740225232
2024-12-07 18:00:00,10578.185740225232
2024-12-07 19:00:00,10578.185740225232
2024-12-07 20:00:00,10578.185740225232
2024-12-07 21:00:00,10578.185740225232
2024-12-07 22:00:00,10578.185740225232
2024-12-07 23:00:00,10578.185740225232
2024-12-08 00:00:00,10578.185740225232
2024-12-08 01:00:00,10578.185740225232
2024-12-08 02:00:00,10578.185740225232
2024-12-08 03:00:00,10578.185740225232
2024-12-08 04:00:00,10578.185740225232
2024-12-08 05:00:00,10578.185740225232
2024-12-08 06:00:00,10578.185740225232
2024-12-08 07:00:00,10578.185740225232
2024-12-08 08:00:00,10578.185740225232
2024-12-08 09:00:00,10578.185740225232
2024-12-08 10:00:00,10578.185740225232
2024-12-08 11:00:00,10578.185740225232
2024-12-08 12:00:00,10578.185740225232
2024-12-08 13:00:00,10578.185740225232
2024-12-08 14:00:00,10578.185740225232
2024-12-08 15:00:00,10578.185740225232
2024-12-08 16:00:00,10578.185740225232
2024-12-08 17:00:00,10578.185740225232
2024-12-08 18:00:00,10578.185740225232
2024-12-08 19:00:00,10578.185740225232
2024-12-08 20:00:00,10578.185740225232
2024-12-08 21:00:00,10578.185740225232
2024-12-08 22:00:00,10578.185740225232
2024-12-08 23:00:00,10578.185740225232
2024-12-09 00:00:00,10578.185740225232
2024-12-09 01:00:00,10578.185740225232
2024-12-09 02:00:00,10578.185740225232
2024-12-09 03:00:00,10578.185740225232
2024-12-09 04:00:00,10578.185740225232
2024-12-09 05:00:00,10578.185740225232
2024-12-09 06:00:00,10578.185740225232
2024-12-09 07:00:00,10578.185740225232
2024-12-09 08:00:00,10578.185740225232
2024-12-09 09:00:00,10578.185740225232
2024-12-09 10:00:00,10578.185740225232
2024-12-09 11:00:00,10578.185740225232
2024-12-09 12:00:00,10578.185740225232
2024-12-09 13:00:00,10578.185740225232
2024-12-09 14:00:00,10578.185740225232
2024-12-09 15:00:00,10520.927094805853
2024-12-09 16:00:00,10520.927094805853
2024-12-09 17:00:00,10520.927094805853
2024-12-09 18:00:00,10520.927094805853
2024-12-09 19:00:00,10520.927094805853
2024-12-09 20:00:00,10520.927094805853
2024-12-09 21:00:00,10520.927094805853
2024-12-09 22:00:00,10520.927094805853
2024-12-09 23:00:00,10520.927094805853
2024-12-10 00:00:00,10520.927094805853
2024-12-10 01:00:00,10520.927094805853
2024-12-10 02:00:00,10520.927094805853
2024-12-10 03:00:00,10520.927094805853
2024-12-10 04:00:00,10520.927094805853
2024-12-10 05:00:00,10520.927094805853
2024-12-10 06:00:00,10520.927094805853
2024-12-10 07:00:00,10520.927094805853
2024-12-10 08:00:00,10520.927094805853
2024-12-10 09:00:00,10520.927094805853
2024-12-10 10:00:00,10520.927094805853
2024-12-10 11:00:00,10520.927094805853
2024-12-10 12:00:00,10520.927094805853
2024-12-10 13:00:00,10520.927094805853
2024-12-10 14:00:00,10520.927094805853
2024-12-10 15:00:00,10520.927094805853
2024-12-10 16:00:00,10520.927094805853
2024-12-10 17:00:00,10520.927094805853
2024-12-10 18:00:00,10520.927094805853
2024-12-10 19:00:00,10520.927094805853
2024-12-10 20:00:00,10520.927094805853
2024-12-10 21:00:00,10520.927094805853
2024-12-10 22:00:00,10520.927094805853
2024-12-10 23:00:00,10520.927094805853
2024-12-11 00:00:00,10520.927094805853
2024-12-11 01:00:00,10520.927094805853
2024-12-11 02:00:00,10520.927094805853
2024-12-11 03:00:00,10520.927094805853
2024-12-11 04:00:00,10520.927094805853
2024-12-11 05:00:00,10520.927094805853
2024-12-11 06:00:00,10520.927094805853
2024-12-11 07:00:00,10520.927094805853
2024-12-11 08:00:00,10520.927094805853
2024-12-11 09:00:00,10520.927094805853
2024-12-11 10:00:00,10520.927094805853
2024-12-11 11:00:00,10520.927094805853
2024-12-11 12:00:00,10520.927094805853
2024-12-11 13:00:00,10520.927094805853
2024-12-11 14:00:00,10520.927094805853
2024-12-11 15:00:00,10541.952201151573
2024-12-11 16:00:00,10547.614692440457
2024-12-11 17:00:00,10526.637189722518
2024-12-11 18:00:00,10542.66731026839
2024-12-11 19:00:00,10562.057413398976
2024-12-11 20:00:00,10565.98958894528
2024-12-11 21:00:00,10572.55580697544
2024-12-11 22:00:00,10564.356487888697
2024-12-11 23:00:00,10562.117908407381
2024-12-12 00:00:00,10552.804847157167
2024-12-12 01:00:00,10545.509518982042
2024-12-12 02:00:00,10580.603492285662
2024-12-12 03:00:00,10559.499187803382
2024-12-12 04:00:00,10550.248734924313
2024-12-12 05:00:00,10548.747190698234
2024-12-12 06:00:00,10547.836067187369
2024-12-12 07:00:00,10545.60699783838
2024-12-12 08:00:00,10558.287438442892
2024-12-12 09:00:00,10553.904059951805
2024-12-12 10:00:00,10547.705831208577
2024-12-12 11:00:00,10541.867138301326
2024-12-12 12:00:00,10554.272049238738
2024-12-12 13:00:00,10556.490815944375
2024-12-12 14:00:00,10577.361593843993
2024-12-12 15:00:00,10579.873853800013
2024-12-12 16:00:00,10571.033393292315
2024-12-12 17:00:00,10575.132260324659
2024-12-12 18:00:00,10555.053729281835
2024-12-12 19:00:00,10518.696757571304
2024-12-12 20:00:00,10533.138686018798
2024-12-12 21:00:00,10526.058920843052
2024-12-12 22:00:00,10544.127908091403
2024-12-12 23:00:00,10532.512073966675
2024-12-13 00:00:00,10534.596906308727
2024-12-13 01:00:00,10514.539244722951
2024-12-13 02:00:00,10518.793708086958
2024-12-13 03:00:00,10525.242106144418
2024-12-13 04:00:00,10532.410896725545
2024-12-13 05:00:00,10529.492871123632
2024-12-13 06:00:00,10524.473634618438
2024-12-13 07:00:00,10535.832959340716
2024-12-13 08:00:00,10539.58417820249
2024-12-13 09:00:00,10535.04044831358
2024-12-13 10:00:00,10544.487708097722
2024-12-13 11:00:00,10541.733732278424
2024-12-13 12:00:00,10540.319892606016
2024-12-13 13:00:00,10539.91042857533
2024-12-13 14:00:00,10559.294455788038
2024-12-13 15:00:00,10529.048008267066
2024-12-13 16:00:00,10558.499038887137
2024-12-13 17:00:00,10578.30864452142
2024-12-13 18:00:00,10571.916250576543
2024-12-13 19:00:00,10571.029430737179
2024-12-13 20:00:00,10576.77936240939
2024-12-13 21:00:00,10566.837047403631
2024-12-13 22:00:00,10564.819842669229
2024-12-13 23:00:00,10570.023205903059
2024-12-14 00:00:00,10566.76915562564
2024-12-14 01:00:00,10589.070680099578
2024-12-14 02:00:00,10586.094272851999
2024-12-14 03:00:00,10587.557512378435
2024-12-14 04:00:00,10576.82717724136
2024-12-14 05:00:00,10577.910011474769
2024-12-14 06:00:00,10582.750932998857
2024-12-14 07:00:00,10580.58341533964
2024-12-14 08:00:00,10580.029450131673
2024-12-14 09:00:00,10573.378961762293
2024-12-14 10:00:00,10573.360469838326
2024-12-14 11:00:00,10574.243062952213
2024-12-14 12:00:00,10566.68699864916
2024-12-14 13:00:00,10563.307995799796
2024-12-14 14:00:00,10570.288697097149
2024-12-14 15:00:00,10575.329595570416
2024-12-14 16:00:00,10576.006928328274
2024-12-14 17:00:00,10558.498774716794
2024-12-14 18:00:00,10556.067879226228
2024-12-14 19:00:00,10567.098576042585
2024-12-14 20:00:00,10552.475690910564
2024-12-14 21:00:00,10560.788603244531
2024-12-14 22:00:00,10561.923214865048
2024-12-14 23:00:00,10569.910933507548
2024-12-15 00:00:00,10570.50320341516
2024-12-15 01:00:00,10588.78537612981
2024-12-15 02:00:00,10580.772297134441
2024-12-15 03:00:00,10578.201127192071
2024-12-15 04:00:00,10594.905938792377
2024-12-15 05:00:00,10589.44078274925
2024-12-15 06:00:00,10578.88744174157
2024-12-15 07:00:00,10578.15542572284
2024-12-15 08:00:00,10585.633031434207
2024-12-15 09:00:00,10592.215892195936
2024-12-15 10:00:00,10592.629582952102
2024-12-15 11:00:00,10602.970266834167
2024-12-15 12:00:00,10610.237592953
2024-12-15 13:00:00,10605.960939280234
2024-12-15 14:00:00,10611.501119700597
2024-12-15 15:00:00,10603.830669639294
2024-12-15 16:00:00,10615.006924314303
2024-12-15 17:00:00,10615.982241218366
2024-12-15 18:00:00,10617.038922587879
2024-12-15 19:00:00,10618.332036413822
2024-12-15 20:00:00,10615.475826672026
2024-12-15 21:00:00,10607.926630797874
2024-12-15 22:00:00,10618.975819538198
2024-12-15 23:00:00,10650.324121557233
2024-12-16 00:00:00,10685.611078834749
2024-12-16 01:00:00,10685.611078834749
2024-12-16 02:00:00,10685.611078834749
2024-12-16 03:00:00,10685.611078834749
2024-12-16 04:00:00,10685.611078834749
2024-12-16 05:00:00,10685.611078834749
2024-12-16 06:00:00,10685.611078834749
2024-12-16 07:00:00,10685.611078834749
2024-12-16 08:00:00,10685.611078834749
2024-12-16 09:00:00,10685.611078834749
2024-12-16 10:00:00,10685.611078834749
2024-12-16 11:00:00,10685.611078834749
2024-12-16 12:00:00,10685.611078834749
2024-12-16 13:00:00,10685.611078834749
2024-12-16 14:00:00,10685.611078834749
2024-12-16 15:00:00,10685.611078834749
2024-12-16 16:00:00,10685.611078834749
2024-12-16 17:00:00,10685.611078834749
2024-12-16 18:00:00,10685.611078834749
2024-12-16 19:00:00,10685.611078834749
2024-12-16 20:00:00,10685.611078834749
2024-12-16 21:00:00,10685.611078834749
2024-12-16 22:00:00,10685.611078834749
2024-12-16 23:00:00,10685.611078834749
2024-12-17 00:00:00,10685.611078834749
2024-12-17 01:00:00,10685.611078834749
2024-12-17 02:00:00,10685.611078834749
2024-12-17 03:00:00,10685.611078834749
2024-12-17 04:00:00,10685.611078834749
2024-12-17 05:00:00,10685.611078834749
2024-12-17 06:00:00,10685.611078834749
2024-12-17 07:00:00,10685.611078834749
2024-12-17 08:00:00,10685.611078834749
2024-12-17 09:00:00,10685.611078834749
2024-12-17 10:00:00,10685.611078834749
2024-12-17 11:00:00,10685.611078834749
2024-12-17 12:00:00,10685.611078834749
2024-12-17 13:00:00,10685.611078834749
2024-12-17 14:00:00,10685.611078834749
2024-12-17 15:00:00,10685.611078834749
2024-12-17 16:00:00,10685.611078834749
2024-12-17 17:00:00,10685.611078834749
2024-12-17 18:00:00,10685.611078834749
2024-12-17 19:00:00,10685.611078834749
2024-12-17 20:00:00,10685.611078834749
2024-12-17 21:00:00,10685.611078834749
2024-12-17 22:00:00,10685.611078834749
2024-12-17 23:00:00,10685.611078834749
2024-12-18 00:00:00,10685.611078834749
2024-12-18 01:00:00,10685.611078834749
2024-12-18 02:00:00,10685.611078834749
2024-12-18 03:00:00,10685.611078834749
2024-12-18 04:00:00,10685.611078834749
2024-12-18 05:00:00,10685.611078834749
2024-12-18 06:00:00,10685.611078834749
2024-12-18 07:00:00,10685.611078834749
2024-12-18 08:00:00,10685.611078834749
2024-12-18 09:00:00,10685.611078834749
2024-12-18 10:00:00,10685.611078834749
2024-12-18 11:00:00,10685.611078834749
2024-12-18 12:00:00,10685.611078834749
2024-12-18 13:00:00,10685.611078834749
2024-12-18 14:00:00,10685.611078834749
2024-12-18 15:00:00,10685.611078834749
2024-12-18 16:00:00,10685.611078834749
2024-12-18 17:00:00,10685.611078834749
2024-12-18 18:00:00,10685.611078834749
2024-12-18 19:00:00,10685.611078834749
2024-12-18 20:00:00,10685.611078834749
2024-12-18 21:00:00,10685.611078834749
2024-12-18 22:00:00,10685.611078834749
2024-12-18 23:00:00,10685.611078834749
2024-12-19 00:00:00,10685.611078834749
2024-12-19 01:00:00,10685.611078834749
2024-12-19 02:00:00,10685.611078834749
2024-12-19 03:00:00,10685.611078834749
2024-12-19 04:00:00,10685.611078834749
2024-12-19 05:00:00,10685.611078834749
2024-12-19 06:00:00,10685.611078834749
2024-12-19 07:00:00,10685.611078834749
2024-12-19 08:00:00,10685.611078834749
2024-12-19 09:00:00,10685.611078834749
2024-12-19 10:00:00,10685.611078834749
2024-12-19 11:00:00,10685.611078834749
2024-12-19 12:00:00,10685.611078834749
2024-12-19 13:00:00,10685.611078834749
2024-12-19 14:00:00,10685.611078834749
2024-12-19 15:00:00,10685.611078834749
2024-12-19 16:00:00,10685.611078834749
2024-12-19 17:00:00,10685.611078834749
2024-12-19 18:00:00,10685.611078834749
2024-12-19 19:00:00,10685.611078834749
2024-12-19 20:00:00,10685.611078834749
2024-12-19 21:00:00,10685.611078834749
2024-12-19 22:00:00,10685.611078834749
2024-12-19 23:00:00,10685.611078834749
2024-12-20 00:00:00,10685.611078834749
2024-12-20 01:00:00,10685.611078834749
2024-12-20 02:00:00,10685.611078834749
2024-12-20 03:00:00,10685.611078834749
2024-12-20 04:00:00,10685.611078834749
2024-12-20 05:00:00,10685.611078834749
2024-12-20 06:00:00,10685.611078834749
2024-12-20 07:00:00,10685.611078834749
2024-12-20 08:00:00,10685.611078834749
2024-12-20 09:00:00,10685.611078834749
2024-12-20 10:00:00,10685.611078834749
2024-12-20 11:00:00,10685.611078834749
2024-12-20 12:00:00,10685.611078834749
2024-12-20 13:00:00,10685.611078834749
2024-12-20 14:00:00,10685.611078834749
2024-12-20 15:00:00,10685.611078834749
2024-12-20 16:00:00,10685.611078834749
2024-12-20 17:00:00,10685.611078834749
2024-12-20 18:00:00,10685.611078834749
2024-12-20 19:00:00,10685.611078834749
2024-12-20 20:00:00,10685.611078834749
2024-12-20 21:00:00,10685.611078834749
2024-12-20 22:00:00,10685.611078834749
2024-12-20 23:00:00,10685.611078834749
2024-12-21 00:00:00,10685.611078834749
2024-12-21 01:00:00,10685.611078834749
2024-12-21 02:00:00,10685.611078834749
2024-12-21 03:00:00,10685.611078834749
2024-12-21 04:00:00,10685.611078834749
2024-12-21 05:00:00,10685.611078834749
2024-12-21 06:00:00,10685.611078834749
2024-12-21 07:00:00,10685.611078834749
2024-12-21 08:00:00,10685.611078834749
2024-12-21 09:00:00,10685.611078834749
2024-12-21 10:00:00,10685.611078834749
2024-12-21 11:00:00,10685.611078834749
2024-12-21 12:00:00,10685.611078834749
2024-12-21 13:00:00,10685.611078834749
2024-12-21 14:00:00,10685.611078834749
2024-12-21 15:00:00,10685.611078834749
2024-12-21 16:00:00,10685.611078834749
2024-12-21 17:00:00,10685.611078834749
2024-12-21 18:00:00,10685.611078834749
2024-12-21 19:00:00,10685.611078834749
2024-12-21 20:00:00,10685.611078834749
2024-12-21 21:00:00,10685.611078834749
2024-12-21 22:00:00,10685.611078834749
2024-12-21 23:00:00,10685.611078834749
2024-12-22 00:00:00,10685.611078834749
2024-12-22 01:00:00,10685.611078834749
2024-12-22 02:00:00,10685.611078834749
2024-12-22 03:00:00,10685.611078834749
2024-12-22 04:00:00,10685.611078834749
2024-12-22 05:00:00,10685.611078834749
2024-12-22 06:00:00,10685.611078834749
2024-12-22 07:00:00,10685.611078834749
2024-12-22 08:00:00,10685.611078834749
2024-12-22 09:00:00,10685.611078834749
2024-12-22 10:00:00,10685.611078834749
2024-12-22 11:00:00,10685.611078834749
2024-12-22 12:00:00,10685.611078834749
2024-12-22 13:00:00,10685.611078834749
2024-12-22 14:00:00,10685.611078834749
2024-12-22 15:00:00,10685.611078834749
2024-12-22 16:00:00,10685.611078834749
2024-12-22 17:00:00,10685.611078834749
2024-12-22 18:00:00,10685.611078834749
2024-12-22 19:00:00,10685.611078834749
2024-12-22 20:00:00,10685.611078834749
2024-12-22 21:00:00,10685.611078834749
2024-12-22 22:00:00,10685.611078834749
2024-12-22 23:00:00,10685.611078834749
2024-12-23 00:00:00,10685.611078834749
2024-12-23 01:00:00,10685.611078834749
2024-12-23 02:00:00,10685.611078834749
2024-12-23 03:00:00,10685.611078834749
2024-12-23 04:00:00,10685.611078834749
2024-12-23 05:00:00,10685.611078834749
2024-12-23 06:00:00,10685.611078834749
2024-12-23 07:00:00,10685.611078834749
2024-12-23 08:00:00,10685.611078834749
2024-12-23 09:00:00,10685.611078834749
2024-12-23 10:00:00,10685.611078834749
2024-12-23 11:00:00,10685.611078834749
2024-12-23 12:00:00,10685.611078834749
2024-12-23 13:00:00,10685.611078834749
2024-12-23 14:00:00,10685.611078834749
2024-12-23 15:00:00,10685.611078834749
2024-12-23 16:00:00,10685.611078834749
2024-12-23 17:00:00,10685.611078834749
2024-12-23 18:00:00,10685.611078834749
2024-12-23 19:00:00,10685.611078834749
2024-12-23 20:00:00,10685.611078834749
2024-12-23 21:00:00,10685.611078834749
2024-12-23 22:00:00,10685.611078834749
2024-12-23 23:00:00,10685.611078834749
2024-12-24 00:00:00,10685.611078834749
2024-12-24 01:00:00,10685.611078834749
2024-12-24 02:00:00,10685.611078834749
2024-12-24 03:00:00,10685.611078834749
2024-12-24 04:00:00,10685.611078834749
2024-12-24 05:00:00,10685.611078834749
2024-12-24 06:00:00,10685.611078834749
2024-12-24 07:00:00,10685.611078834749
2024-12-24 08:00:00,10685.611078834749
2024-12-24 09:00:00,10685.611078834749
2024-12-24 10:00:00,10685.611078834749
2024-12-24 11:00:00,10685.611078834749
2024-12-24 12:00:00,10685.611078834749
2024-12-24 13:00:00,10685.611078834749
2024-12-24 14:00:00,10685.611078834749
2024-12-24 15:00:00,10685.611078834749
2024-12-24 16:00:00,10685.611078834749
2024-12-24 17:00:00,10685.611078834749
2024-12-24 18:00:00,10685.611078834749
2024-12-24 19:00:00,10685.611078834749
2024-12-24 20:00:00,10676.529980664016
2024-12-24 21:00:00,10706.627417627096
2024-12-24 22:00:00,10717.00192849082
2024-12-24 23:00:00,10713.89545817997
2024-12-25 00:00:00,10707.187255401781
2024-12-25 01:00:00,10695.27797910394
2024-12-25 02:00:00,10699.324626635618
2024-12-25 03:00:00,10696.544865172753
2024-12-25 04:00:00,10702.19605264126
2024-12-25 05:00:00,10703.380030183323
2024-12-25 06:00:00,10692.574559155804
2024-12-25 07:00:00,10698.04570104477
2024-12-25 08:00:00,10697.645660562566
2024-12-25 09:00:00,10700.924514938933
2024-12-25 10:00:00,10708.24290258396
2024-12-25 11:00:00,10693.210191194217
2024-12-25 12:00:00,10700.55484688732
2024-12-25 13:00:00,10708.395038362416
2024-12-25 14:00:00,10715.165627754794
2024-12-25 15:00:00,10709.966195988145
2024-12-25 16:00:00,10707.381255881864
2024-12-25 17:00:00,10711.357308034332
2024-12-25 18:00:00,10716.431419321601
2024-12-25 19:00:00,10723.607521706199
2024-12-25 20:00:00,10727.057939271584
2024-12-25 21:00:00,10709.593518056023
2024-12-25 22:00:00,10717.933623321123
2024-12-25 23:00:00,10734.855718794051
2024-12-26 00:00:00,10723.884977964035
2024-12-26 01:00:00,10724.660706258868
2024-12-26 02:00:00,10716.269433025114
2024-12-26 03:00:00,10722.968606161776
2024-12-26 04:00:00,10703.94698222103
2024-12-26 05:00:00,10705.999447102706
2024-12-26 06:00:00,10699.054558266305
2024-12-26 07:00:00,10688.076429547766
2024-12-26 08:00:00,10637.690208949625
2024-12-26 09:00:00,10619.006695896715
2024-12-26 10:00:00,10619.006695896715
2024-12-26 11:00:00,10619.006695896715
2024-12-26 12:00:00,10619.006695896715
2024-12-26 13:00:00,10619.006695896715
2024-12-26 14:00:00,10619.006695896715
2024-12-26 15:00:00,10619.006695896715
2024-12-26 16:00:00,10619.006695896715
2024-12-26 17:00:00,10619.006695896715
2024-12-26 18:00:00,10619.006695896715
2024-12-26 19:00:00,10619.006695896715
2024-12-26 20:00:00,10619.006695896715
2024-12-26 21:00:00,10619.006695896715
2024-12-26 22:00:00,10619.006695896715
2024-12-26 23:00:00,10619.006695896715
2024-12-27 00:00:00,10619.006695896715
2024-12-27 01:00:00,10619.006695896715
2024-12-27 02:00:00,10619.006695896715
2024-12-27 03:00:00,10619.006695896715
2024-12-27 04:00:00,10619.006695896715
2024-12-27 05:00:00,10619.006695896715
2024-12-27 06:00:00,10619.006695896715
2024-12-27 07:00:00,10619.006695896715
2024-12-27 08:00:00,10619.006695896715
2024-12-27 09:00:00,10619.006695896715
2024-12-27 10:00:00,10619.006695896715
2024-12-27 11:00:00,10619.006695896715
2024-12-27 12:00:00,10619.006695896715
2024-12-27 13:00:00,10619.006695896715
2024-12-27 14:00:00,10619.006695896715
2024-12-27 15:00:00,10619.006695896715
2024-12-27 16:00:00,10619.006695896715
2024-12-27 17:00:00,10619.006695896715
2024-12-27 18:00:00,10619.006695896715
2024-12-27 19:00:00,10619.006695896715
2024-12-27 20:00:00,10619.006695896715
2024-12-27 21:00:00,10619.006695896715
2024-12-27 22:00:00,10619.006695896715
2024-12-27 23:00:00,10619.006695896715
2024-12-28 00:00:00,10619.006695896715
2024-12-28 01:00:00,10619.006695896715
2024-12-28 02:00:00,10619.006695896715
2024-12-28 03:00:00,10619.006695896715
2024-12-28 04:00:00,10619.006695896715
2024-12-28 05:00:00,10619.006695896715
2024-12-28 06:00:00,10619.006695896715
2024-12-28 07:00:00,10619.006695896715
2024-12-28 08:00:00,10619.006695896715
2024-12-28 09:00:00,10619.006695896715
2024-12-28 10:00:00,10619.006695896715
2024-12-28 11:00:00,10619.006695896715
2024-12-28 12:00:00,10619.006695896715
2024-12-28 13:00:00,10619.006695896715
2024-12-28 14:00:00,10619.006695896715
2024-12-28 15:00:00,10619.006695896715
2024-12-28 16:00:00,10619.006695896715
2024-12-28 17:00:00,10619.006695896715
2024-12-28 18:00:00,10619.006695896715
2024-12-28 19:00:00,10619.006695896715
2024-12-28 20:00:00,10619.006695896715
2024-12-28 21:00:00,10619.006695896715
2024-12-28 22:00:00,10619.006695896715
2024-12-28 23:00:00,10619.006695896715
2024-12-29 00:00:00,10619.006695896715
2024-12-29 01:00:00,10619.006695896715
2024-12-29 02:00:00,10619.006695896715
2024-12-29 03:00:00,10619.006695896715
2024-12-29 04:00:00,10619.006695896715
2024-12-29 05:00:00,10619.006695896715
2024-12-29 06:00:00,10619.006695896715
2024-12-29 07:00:00,10619.006695896715
2024-12-29 08:00:00,10619.006695896715
2024-12-29 09:00:00,10619.006695896715
2024-12-29 10:00:00,10619.006695896715
2024-12-29 11:00:00,10619.006695896715
2024-12-29 12:00:00,10619.006695896715
2024-12-29 13:00:00,10619.006695896715
2024-12-29 14:00:00,10619.006695896715
2024-12-29 15:00:00,10619.006695896715
2024-12-29 16:00:00,10619.006695896715
2024-12-29 17:00:00,10619.006695896715
2024-12-29 18:00:00,10619.006695896715
2024-12-29 19:00:00,10619.006695896715
2024-12-29 20:00:00,10619.006695896715
2024-12-29 21:00:00,10619.006695896715
2024-12-29 22:00:00,10619.006695896715
2024-12-29 23:00:00,10619.006695896715
2024-12-30 00:00:00,10619.006695896715
2024-12-30 01:00:00,10619.006695896715
2024-12-30 02:00:00,10619.006695896715
2024-12-30 03:00:00,10619.006695896715
2024-12-30 04:00:00,10619.006695896715
2024-12-30 05:00:00,10619.006695896715
2024-12-30 06:00:00,10619.006695896715
2024-12-30 07:00:00,10619.006695896715
2024-12-30 08:00:00,10619.006695896715
2024-12-30 09:00:00,10619.006695896715
2024-12-30 10:00:00,10619.006695896715
2024-12-30 11:00:00,10619.006695896715
2024-12-30 12:00:00,10619.006695896715
2024-12-30 13:00:00,10619.006695896715
2024-12-30 14:00:00,10619.006695896715
2024-12-30 15:00:00,10619.006695896715
2024-12-30 16:00:00,10619.006695896715
2024-12-30 17:00:00,10619.006695896715
2024-12-30 18:00:00,10619.006695896715
2024-12-30 19:00:00,10619.006695896715
2024-12-30 20:00:00,10619.006695896715
2024-12-30 21:00:00,10619.006695896715
2024-12-30 22:00:00,10619.006695896715
2024-12-30 23:00:00,10619.006695896715
2024-12-31 00:00:00,10619.006695896715
2024-12-31 01:00:00,10619.006695896715
2024-12-31 02:00:00,10619.006695896715
2024-12-31 03:00:00,10619.006695896715
2024-12-31 04:00:00,10619.006695896715
2024-12-31 05:00:00,10619.006695896715
2024-12-31 06:00:00,10619.006695896715
2024-12-31 07:00:00,10619.006695896715
2024-12-31 08:00:00,10619.006695896715
2024-12-31 09:00:00,10619.006695896715
2024-12-31 10:00:00,10619.006695896715
2024-12-31 11:00:00,10619.006695896715
2024-12-31 12:00:00,10619.006695896715
2024-12-31 13:00:00,10619.006695896715
2024-12-31 14:00:00,10619.006695896715
2024-12-31 15:00:00,10619.006695896715
2024-12-31 16:00:00,10619.006695896715
2024-12-31 17:00:00,10619.006695896715
2024-12-31 18:00:00,10619.006695896715
2024-12-31 19:00:00,10619.006695896715
2024-12-31 20:00:00,10619.006695896715
2024-12-31 21:00:00,10619.006695896715
2024-12-31 22:00:00,10619.006695896715
2024-12-31 23:00:00,10619.006695896715
2025-01-01 00:00:00,10619.006695896715
2025-01-01 01:00:00,10619.006695896715
2025-01-01 02:00:00,10619.006695896715
2025-01-01 03:00:00,10619.006695896715
2025-01-01 04:00:00,10619.006695896715
2025-01-01 05:00:00,10619.006695896715
2025-01-01 06:00:00,10619.006695896715
2025-01-01 07:00:00,10619.006695896715
2025-01-01 08:00:00,10619.006695896715
2025-01-01 09:00:00,10619.006695896715
2025-01-01 10:00:00,10619.006695896715
2025-01-01 11:00:00,10619.006695896715
2025-01-01 12:00:00,10619.006695896715
2025-01-01 13:00:00,10619.006695896715
2025-01-01 14:00:00,10619.006695896715
2025-01-01 15:00:00,10619.006695896715
2025-01-01 16:00:00,10619.006695896715
2025-01-01 17:00:00,10619.006695896715
2025-01-01 18:00:00,10619.006695896715
2025-01-01 19:00:00,10619.006695896715
2025-01-01 20:00:00,10619.006695896715
2025-01-01 21:00:00,10619.006695896715
2025-01-01 22:00:00,10619.006695896715
2025-01-01 23:00:00,10611.768742094702
2025-01-02 00:00:00,10626.793147119584
2025-01-02 01:00:00,10619.351756352138
2025-01-02 02:00:00,10629.753525881659
2025-01-02 03:00:00,10623.483187845659
2025-01-02 04:00:00,10643.012115494803
2025-01-02 05:00:00,10639.88884173041
2025-01-02 06:00:00,10639.287361730438
2025-01-02 07:00:00,10646.200883126108
2025-01-02 08:00:00,10655.381220026557
2025-01-02 09:00:00,10672.328737699088
2025-01-02 10:00:00,10670.998988290125
2025-01-02 11:00:00,10671.698429202143
2025-01-02 12:00:00,10674.97368232437
2025-01-02 13:00:00,10664.006538388176
2025-01-02 14:00:00,10686.350582761243
2025-01-02 15:00:00,10663.918093679013
2025-01-02 16:00:00,10685.601881504881
2025-01-02 17:00:00,10672.386394693036
2025-01-02 18:00:00,10688.120876386101
2025-01-02 19:00:00,10688.064898722074
2025-01-02 20:00:00,10687.74918469696
2025-01-02 21:00:00,10685.124392030728
2025-01-02 22:00:00,10676.681840742158
2025-01-02 23:00:00,10678.746017103158
2025-01-03 00:00:00,10674.296632477963
2025-01-03 01:00:00,10678.765049508927
2025-01-03 02:00:00,10678.243897456834
2025-01-03 03:00:00,10680.91543147253
2025-01-03 04:00:00,10673.949291072673
2025-01-03 05:00:00,10672.603867917782
2025-01-03 06:00:00,10666.282590207518
2025-01-03 07:00:00,10659.691500156645
2025-01-03 08:00:00,10654.820603721324
2025-01-03 09:00:00,10666.69766458628
2025-01-03 10:00:00,10664.856279328107
2025-01-03 11:00:00,10672.386674581356
2025-01-03 12:00:00,10669.841929974684
2025-01-03 13:00:00,10665.311377736647
2025-01-03 14:00:00,10679.619828438621
2025-01-03 15:00:00,10693.763704808356
2025-01-03 16:00:00,10703.471631192258
2025-01-03 17:00:00,10707.888268883999
2025-01-03 18:00:00,10721.938102778167
2025-01-03 19:00:00,10723.730227691996
2025-01-03 20:00:00,10715.879640200512
2025-01-03 21:00:00,10714.793113741745
2025-01-03 22:00:00,10715.455609395505
2025-01-03 23:00:00,10712.035654011768
2025-01-04 00:00:00,10705.761397539289
2025-01-04 01:00:00,10708.28011253219
2025-01-04 02:00:00,10715.683438488097
2025-01-04 03:00:00,10712.758325654358
2025-01-04 04:00:00,10707.18854808366
2025-01-04 05:00:00,10710.693029740078
2025-01-04 06:00:00,10710.730254886656
2025-01-04 07:00:00,10714.770162899495
2025-01-04 08:00:00,10704.531568260612
2025-01-04 09:00:00,10698.494377195288
2025-01-04 10:00:00,10701.263872123029
2025-01-04 11:00:00,10704.064714542626
2025-01-04 12:00:00,10704.029168725969
2025-01-04 13:00:00,10706.406260228881
2025-01-04 14:00:00,10708.141287925402
2025-01-04 15:00:00,10697.586699373087
2025-01-04 16:00:00,10698.89265827484
2025-01-04 17:00:00,10707.615657660188
2025-01-04 18:00:00,10706.084668549045
2025-01-04 19:00:00,10711.813982462221
2025-01-04 20:00:00,10723.926429404411
2025-01-04 21:00:00,10717.304551638323
2025-01-04 22:00:00,10718.838899409306
2025-01-04 23:00:00,10713.332096710637
2025-01-05 00:00:00,10713.1342156683
2025-01-05 01:00:00,10710.618019670283
2025-01-05 02:00:00,10713.527458758092
2025-01-05 03:00:00,10712.421340116916
2025-01-05 04:00:00,10717.165447143216
2025-01-05 05:00:00,10717.207990167875
2025-01-05 06:00:00,10719.796677240809
2025-01-05 07:00:00,10714.683117631932
2025-01-05 08:00:00,10703.271231155042
2025-01-05 09:00:00,10697.42604347733
2025-01-05 10:00:00,10699.812931071447
2025-01-05 11:00:00,10697.130201522947
2025-01-05 12:00:00,10700.723407776848
2025-01-05 13:00:00,10698.482901774161
2025-01-05 14:00:00,10703.1038579396
2025-01-05 15:00:00,10707.9716756034
2025-01-05 16:00:00,10708.144926473564
2025-01-05 17:00:00,10699.63380254656
2025-01-05 18:00:00,10704.890944863668
2025-01-05 19:00:00,10709.389309944887
2025-01-05 20:00:00,10714.877360126105
2025-01-05 21:00:00,10721.05757412302
2025-01-05 22:00:00,10726.618675155796
2025-01-05 23:00:00,10717.337578460098
2025-01-06 00:00:00,10713.240573229952
2025-01-06 01:00:00,10728.416117947707
2025-01-06 02:00:00,10729.328003871968
2025-01-06 03:00:00,10729.328003871968
2025-01-06 04:00:00,10729.328003871968
2025-01-06 05:00:00,10729.328003871968
2025-01-06 06:00:00,10729.328003871968
2025-01-06 07:00:00,10729.328003871968
2025-01-06 08:00:00,10729.328003871968
2025-01-06 09:00:00,10729.328003871968
2025-01-06 10:00:00,10729.328003871968
2025-01-06 11:00:00,10729.328003871968
2025-01-06 12:00:00,10729.328003871968
2025-01-06 13:00:00,10729.328003871968
2025-01-06 14:00:00,10729.328003871968
2025-01-06 15:00:00,10729.328003871968
2025-01-06 16:00:00,10729.328003871968
2025-01-06 17:00:00,10729.328003871968
2025-01-06 18:00:00,10729.328003871968
2025-01-06 19:00:00,10729.328003871968
2025-01-06 20:00:00,10729.328003871968
2025-01-06 21:00:00,10729.328003871968
2025-01-06 22:00:00,10729.328003871968
2025-01-06 23:00:00,10729.328003871968
2025-01-07 00:00:00,10729.328003871968
2025-01-07 01:00:00,10729.328003871968
2025-01-07 02:00:00,10729.328003871968
2025-01-07 03:00:00,10729.328003871968
2025-01-07 04:00:00,10729.328003871968
2025-01-07 05:00:00,10729.328003871968
2025-01-07 06:00:00,10729.328003871968
2025-01-07 07:00:00,10729.328003871968
2025-01-07 08:00:00,10729.328003871968
2025-01-07 09:00:00,10729.328003871968
2025-01-07 10:00:00,10729.328003871968
2025-01-07 11:00:00,10729.328003871968
2025-01-07 12:00:00,10729.328003871968
2025-01-07 13:00:00,10729.328003871968
2025-01-07 14:00:00,10729.328003871968
2025-01-07 15:00:00,10729.328003871968
2025-01-07 16:00:00,10729.328003871968
2025-01-07 17:00:00,10729.328003871968
2025-01-07 18:00:00,10729.328003871968
2025-01-07 19:00:00,10729.328003871968
2025-01-07 20:00:00,10729.328003871968
2025-01-07 21:00:00,10729.328003871968
2025-01-07 22:00:00,10729.328003871968
2025-01-07 23:00:00,10729.328003871968
2025-01-08 00:00:00,10729.328003871968
2025-01-08 01:00:00,10729.328003871968
2025-01-08 02:00:00,10729.328003871968
2025-01-08 03:00:00,10729.328003871968
2025-01-08 04:00:00,10729.328003871968
2025-01-08 05:00:00,10729.328003871968
2025-01-08 06:00:00,10729.328003871968
2025-01-08 07:00:00,10729.328003871968
2025-01-08 08:00:00,10729.328003871968
2025-01-08 09:00:00,10729.328003871968
2025-01-08 10:00:00,10729.328003871968
2025-01-08 11:00:00,10729.328003871968
2025-01-08 12:00:00,10729.328003871968
2025-01-08 13:00:00,10729.328003871968
2025-01-08 14:00:00,10729.328003871968
2025-01-08 15:00:00,10729.328003871968
2025-01-08 16:00:00,10729.328003871968
2025-01-08 17:00:00,10729.328003871968
2025-01-08 18:00:00,10729.328003871968
2025-01-08 19:00:00,10729.328003871968
2025-01-08 20:00:00,10729.328003871968
2025-01-08 21:00:00,10729.328003871968
2025-01-08 22:00:00,10729.328003871968
2025-01-08 23:00:00,10729.328003871968
2025-01-09 00:00:00,10729.328003871968
2025-01-09 01:00:00,10729.328003871968
2025-01-09 02:00:00,10729.328003871968
2025-01-09 03:00:00,10729.328003871968
2025-01-09 04:00:00,10729.328003871968
2025-01-09 05:00:00,10729.328003871968
2025-01-09 06:00:00,10729.328003871968
2025-01-09 07:00:00,10729.328003871968
2025-01-09 08:00:00,10729.328003871968
2025-01-09 09:00:00,10729.328003871968
2025-01-09 10:00:00,10729.328003871968
2025-01-09 11:00:00,10729.328003871968
2025-01-09 12:00:00,10729.328003871968
2025-01-09 13:00:00,10729.328003871968
2025-01-09 14:00:00,10729.328003871968
2025-01-09 15:00:00,10729.328003871968
2025-01-09 16:00:00,10729.328003871968
2025-01-09 17:00:00,10729.328003871968
2025-01-09 18:00:00,10729.328003871968
2025-01-09 19:00:00,10729.328003871968
2025-01-09 20:00:00,10729.328003871968
2025-01-09 21:00:00,10729.328003871968
2025-01-09 22:00:00,10729.328003871968
2025-01-09 23:00:00,10729.328003871968
2025-01-10 00:00:00,10729.328003871968
2025-01-10 01:00:00,10729.328003871968
2025-01-10 02:00:00,10729.328003871968
2025-01-10 03:00:00,10729.328003871968
2025-01-10 04:00:00,10729.328003871968
2025-01-10 05:00:00,10729.328003871968
2025-01-10 06:00:00,10729.328003871968
2025-01-10 07:00:00,10729.328003871968
2025-01-10 08:00:00,10729.328003871968
2025-01-10 09:00:00,10729.328003871968
2025-01-10 10:00:00,10729.328003871968
2025-01-10 11:00:00,10729.328003871968
2025-01-10 12:00:00,10729.328003871968
2025-01-10 13:00:00,10729.328003871968
2025-01-10 14:00:00,10729.328003871968
2025-01-10 15:00:00,10729.328003871968
2025-01-10 16:00:00,10729.328003871968
2025-01-10 17:00:00,10729.328003871968
2025-01-10 18:00:00,10729.328003871968
2025-01-10 19:00:00,10729.328003871968
2025-01-10 20:00:00,10729.328003871968
2025-01-10 21:00:00,10729.328003871968
2025-01-10 22:00:00,10729.328003871968
2025-01-10 23:00:00,10729.328003871968
2025-01-11 00:00:00,10729.328003871968
2025-01-11 01:00:00,10729.328003871968
2025-01-11 02:00:00,10729.328003871968
2025-01-11 03:00:00,10729.328003871968
2025-01-11 04:00:00,10729.328003871968
2025-01-11 05:00:00,10729.328003871968
2025-01-11 06:00:00,10729.328003871968
2025-01-11 07:00:00,10729.328003871968
2025-01-11 08:00:00,10729.328003871968
2025-01-11 09:00:00,10729.328003871968
2025-01-11 10:00:00,10729.328003871968
2025-01-11 11:00:00,10729.328003871968
2025-01-11 12:00:00,10729.328003871968
2025-01-11 13:00:00,10729.328003871968
2025-01-11 14:00:00,10729.328003871968
2025-01-11 15:00:00,10729.328003871968
2025-01-11 16:00:00,10729.328003871968
2025-01-11 17:00:00,10729.328003871968
2025-01-11 18:00:00,10729.328003871968
2025-01-11 19:00:00,10729.328003871968
2025-01-11 20:00:00,10729.328003871968
2025-01-11 21:00:00,10729.328003871968
2025-01-11 22:00:00,10729.328003871968
2025-01-11 23:00:00,10729.328003871968
2025-01-12 00:00:00,10729.328003871968
2025-01-12 01:00:00,10729.328003871968
2025-01-12 02:00:00,10729.328003871968
2025-01-12 03:00:00,10729.328003871968
2025-01-12 04:00:00,10729.328003871968
2025-01-12 05:00:00,10729.328003871968
2025-01-12 06:00:00,10729.328003871968
2025-01-12 07:00:00,10729.328003871968
2025-01-12 08:00:00,10729.328003871968
2025-01-12 09:00:00,10729.328003871968
2025-01-12 10:00:00,10729.328003871968
2025-01-12 11:00:00,10729.328003871968
2025-01-12 12:00:00,10729.328003871968
2025-01-12 13:00:00,10729.328003871968
2025-01-12 14:00:00,10729.328003871968
2025-01-12 15:00:00,10729.328003871968
2025-01-12 16:00:00,10729.328003871968
2025-01-12 17:00:00,10729.328003871968
2025-01-12 18:00:00,10729.328003871968
2025-01-12 19:00:00,10729.328003871968
2025-01-12 20:00:00,10729.328003871968
2025-01-12 21:00:00,10729.328003871968
2025-01-12 22:00:00,10729.328003871968
2025-01-12 23:00:00,10729.328003871968
2025-01-13 00:00:00,10729.328003871968
2025-01-13 01:00:00,10729.328003871968
2025-01-13 02:00:00,10729.328003871968
2025-01-13 03:00:00,10729.328003871968
2025-01-13 04:00:00,10729.328003871968
2025-01-13 05:00:00,10729.328003871968
2025-01-13 06:00:00,10729.328003871968
2025-01-13 07:00:00,10729.328003871968
2025-01-13 08:00:00,10729.328003871968
2025-01-13 09:00:00,10729.328003871968
2025-01-13 10:00:00,10729.328003871968
2025-01-13 11:00:00,10729.328003871968
2025-01-13 12:00:00,10729.328003871968
2025-01-13 13:00:00,10729.328003871968
2025-01-13 14:00:00,10729.328003871968
2025-01-13 15:00:00,10729.328003871968
2025-01-13 16:00:00,10729.328003871968
2025-01-13 17:00:00,10729.328003871968
2025-01-13 18:00:00,10729.328003871968
2025-01-13 19:00:00,10729.328003871968
2025-01-13 20:00:00,10729.328003871968
2025-01-13 21:00:00,10729.328003871968
2025-01-13 22:00:00,10729.328003871968
2025-01-13 23:00:00,10729.328003871968
2025-01-14 00:00:00,10729.328003871968
2025-01-14 01:00:00,10729.328003871968
2025-01-14 02:00:00,10729.328003871968
2025-01-14 03:00:00,10729.328003871968
2025-01-14 04:00:00,10729.328003871968
2025-01-14 05:00:00,10729.328003871968
2025-01-14 06:00:00,10729.328003871968
2025-01-14 07:00:00,10729.328003871968
2025-01-14 08:00:00,10745.637050426425
2025-01-14 09:00:00,10792.860195328138
2025-01-14 10:00:00,10779.793243027783
2025-01-14 11:00:00,10775.58116029821
2025-01-14 12:00:00,10759.753632038217
2025-01-14 13:00:00,10769.5886078158
2025-01-14 14:00:00,10768.390323410715
2025-01-14 15:00:00,10773.422270069332
2025-01-14 16:00:00,10752.898258261295
2025-01-14 17:00:00,10775.013670891274
2025-01-14 18:00:00,10782.074505225388
2025-01-14 19:00:00,10775.291763309813
2025-01-14 20:00:00,10774.365919038337
2025-01-14 21:00:00,10773.830365041253
2025-01-14 22:00:00,10779.647131462352
2025-01-14 23:00:00,10775.9434717622
2025-01-15 00:00:00,10785.227349759145
2025-01-15 01:00:00,10798.234953067738
2025-01-15 02:00:00,10783.381878729615
2025-01-15 03:00:00,10797.31645676667
2025-01-15 04:00:00,10793.71566865224
2025-01-15 05:00:00,10789.201188678931
2025-01-15 06:00:00,10791.33520885412
2025-01-15 07:00:00,10796.870774099969
2025-01-15 08:00:00,10794.070349531576
2025-01-15 09:00:00,10783.167374516535
2025-01-15 10:00:00,10786.477352571335
2025-01-15 11:00:00,10781.633061772382
2025-01-15 12:00:00,10786.74131427755
2025-01-15 13:00:00,10843.859631791347
2025-01-15 14:00:00,10857.15408856012
2025-01-15 15:00:00,10844.66282147985
2025-01-15 16:00:00,10844.752127581738
2025-01-15 17:00:00,10834.862607254583
2025-01-15 18:00:00,10857.485595071244
2025-01-15 19:00:00,10868.755120763972
2025-01-15 20:00:00,10883.114191540826
2025-01-15 21:00:00,10883.114191540826
2025-01-15 22:00:00,10883.114191540826
2025-01-15 23:00:00,10883.114191540826
2025-01-16 00:00:00,10883.114191540826
2025-01-16 01:00:00,10883.114191540826
2025-01-16 02:00:00,10883.114191540826
2025-01-16 03:00:00,10883.114191540826
2025-01-16 04:00:00,10883.114191540826
2025-01-16 05:00:00,10883.114191540826
2025-01-16 06:00:00,10883.114191540826
2025-01-16 07:00:00,10883.114191540826
2025-01-16 08:00:00,10883.114191540826
2025-01-16 09:00:00,10883.114191540826
2025-01-16 10:00:00,10883.114191540826
2025-01-16 11:00:00,10883.114191540826
2025-01-16 12:00:00,10883.114191540826
2025-01-16 13:00:00,10883.114191540826
2025-01-16 14:00:00,10883.114191540826
2025-01-16 15:00:00,10883.114191540826
2025-01-16 16:00:00,10883.114191540826
2025-01-16 17:00:00,10883.114191540826
2025-01-16 18:00:00,10883.114191540826
2025-01-16 19:00:00,10883.114191540826
2025-01-16 20:00:00,10883.114191540826
2025-01-16 21:00:00,10883.114191540826
2025-01-16 22:00:00,10883.114191540826
2025-01-16 23:00:00,10883.114191540826
2025-01-17 00:00:00,10883.114191540826
2025-01-17 01:00:00,10883.114191540826
2025-01-17 02:00:00,10883.114191540826
2025-01-17 03:00:00,10883.114191540826
2025-01-17 04:00:00,10883.114191540826
2025-01-17 05:00:00,10883.114191540826
2025-01-17 06:00:00,10883.114191540826
2025-01-17 07:00:00,10883.114191540826
2025-01-17 08:00:00,10883.114191540826
2025-01-17 09:00:00,10883.114191540826
2025-01-17 10:00:00,10883.114191540826
2025-01-17 11:00:00,10883.114191540826
2025-01-17 12:00:00,10883.114191540826
2025-01-17 13:00:00,10883.114191540826
2025-01-17 14:00:00,10883.114191540826
2025-01-17 15:00:00,10883.114191540826
2025-01-17 16:00:00,10883.114191540826
2025-01-17 17:00:00,10883.114191540826
2025-01-17 18:00:00,10883.114191540826
2025-01-17 19:00:00,10883.114191540826
2025-01-17 20:00:00,10883.114191540826
2025-01-17 21:00:00,10883.114191540826
2025-01-17 22:00:00,10883.114191540826
2025-01-17 23:00:00,10883.114191540826
2025-01-18 00:00:00,10883.114191540826
2025-01-18 01:00:00,10883.114191540826
2025-01-18 02:00:00,10883.114191540826
2025-01-18 03:00:00,10883.114191540826
2025-01-18 04:00:00,10883.114191540826
2025-01-18 05:00:00,10883.114191540826
2025-01-18 06:00:00,10883.114191540826
2025-01-18 07:00:00,10883.114191540826
2025-01-18 08:00:00,10883.114191540826
2025-01-18 09:00:00,10883.114191540826
2025-01-18 10:00:00,10883.114191540826
2025-01-18 11:00:00,10883.114191540826
2025-01-18 12:00:00,10883.114191540826
2025-01-18 13:00:00,10883.114191540826
2025-01-18 14:00:00,10883.114191540826
2025-01-18 15:00:00,10883.114191540826
2025-01-18 16:00:00,10883.114191540826
2025-01-18 17:00:00,10883.114191540826
2025-01-18 18:00:00,10883.114191540826
2025-01-18 19:00:00,10883.114191540826
2025-01-18 20:00:00,10883.114191540826
2025-01-18 21:00:00,10883.114191540826
2025-01-18 22:00:00,10883.114191540826
2025-01-18 23:00:00,10883.114191540826
2025-01-19 00:00:00,10883.114191540826
2025-01-19 01:00:00,10883.114191540826
2025-01-19 02:00:00,10883.114191540826
2025-01-19 03:00:00,10883.114191540826
2025-01-19 04:00:00,10883.114191540826
2025-01-19 05:00:00,10883.114191540826
2025-01-19 06:00:00,10883.114191540826
2025-01-19 07:00:00,10883.114191540826
2025-01-19 08:00:00,10883.114191540826
2025-01-19 09:00:00,10883.114191540826
2025-01-19 10:00:00,10883.114191540826
2025-01-19 11:00:00,10883.114191540826
2025-01-19 12:00:00,10883.114191540826
2025-01-19 13:00:00,10883.114191540826
2025-01-19 14:00:00,10883.114191540826
2025-01-19 15:00:00,10883.114191540826
2025-01-19 16:00:00,10883.114191540826
2025-01-19 17:00:00,10883.114191540826
2025-01-19 18:00:00,10883.114191540826
2025-01-19 19:00:00,10883.114191540826
2025-01-19 20:00:00,10883.114191540826
2025-01-19 21:00:00,10883.114191540826
2025-01-19 22:00:00,10883.114191540826
2025-01-19 23:00:00,10883.114191540826
2025-01-20 00:00:00,10883.114191540826
2025-01-20 01:00:00,10883.114191540826
2025-01-20 02:00:00,10883.114191540826
2025-01-20 03:00:00,10883.114191540826
2025-01-20 04:00:00,10883.114191540826
2025-01-20 05:00:00,10883.114191540826
2025-01-20 06:00:00,10883.114191540826
2025-01-20 07:00:00,10883.114191540826
2025-01-20 08:00:00,10883.114191540826
2025-01-20 09:00:00,10883.114191540826
2025-01-20 10:00:00,10883.114191540826
2025-01-20 11:00:00,10883.114191540826
2025-01-20 12:00:00,10883.114191540826
2025-01-20 13:00:00,10883.114191540826
2025-01-20 14:00:00,10883.114191540826
2025-01-20 15:00:00,10883.114191540826
2025-01-20 16:00:00,10883.114191540826
2025-01-20 17:00:00,10883.114191540826
2025-01-20 18:00:00,10883.114191540826
2025-01-20 19:00:00,10883.114191540826
2025-01-20 20:00:00,10883.114191540826
2025-01-20 21:00:00,10883.114191540826
2025-01-20 22:00:00,10883.114191540826
2025-01-20 23:00:00,10883.114191540826
2025-01-21 00:00:00,10883.114191540826
2025-01-21 01:00:00,10883.114191540826
2025-01-21 02:00:00,10883.114191540826
2025-01-21 03:00:00,10883.114191540826
2025-01-21 04:00:00,10883.114191540826
2025-01-21 05:00:00,10883.114191540826
2025-01-21 06:00:00,10883.114191540826
2025-01-21 07:00:00,10883.114191540826
2025-01-21 08:00:00,10883.114191540826
2025-01-21 09:00:00,10883.114191540826
2025-01-21 10:00:00,10883.114191540826
2025-01-21 11:00:00,10883.114191540826
2025-01-21 12:00:00,10901.7188021812
2025-01-21 13:00:00,10900.069982553576
2025-01-21 14:00:00,10868.71960764055
2025-01-21 15:00:00,10886.596628460864
2025-01-21 16:00:00,10913.408359359972
2025-01-21 17:00:00,10945.049918282899
2025-01-21 18:00:00,10963.07973863316
2025-01-21 19:00:00,10967.539493009832
2025-01-21 20:00:00,10944.112940033216
2025-01-21 21:00:00,10960.74843191122
2025-01-21 22:00:00,10940.404340807198
2025-01-21 23:00:00,10944.278319970432
2025-01-22 00:00:00,10939.146037988532
2025-01-22 01:00:00,10935.266816988937
2025-01-22 02:00:00,10929.603012799944
2025-01-22 03:00:00,10930.02550481071
2025-01-22 04:00:00,10929.45938648363
2025-01-22 05:00:00,10932.361791277192
2025-01-22 06:00:00,10924.2542429763
2025-01-22 07:00:00,10916.521485975281
2025-01-22 08:00:00,10921.376998997273
2025-01-22 09:00:00,10913.902140345259
2025-01-22 10:00:00,10918.041356428403
2025-01-22 11:00:00,10916.930873395142
2025-01-22 12:00:00,10921.529798527223
2025-01-22 13:00:00,10890.028458726974
2025-01-22 14:00:00,10898.408058335048
2025-01-22 15:00:00,10892.808466641489
2025-01-22 16:00:00,10880.349407884796
2025-01-22 17:00:00,10897.153686893655
2025-01-22 18:00:00,10885.365059007643
2025-01-22 19:00:00,10904.60233636386
2025-01-22 20:00:00,10896.506320102964
2025-01-22 21:00:00,10890.397746098668
2025-01-22 22:00:00,10884.599226715176
2025-01-22 23:00:00,10880.40235043205
2025-01-23 00:00:00,10869.940955512864
2025-01-23 01:00:00,10860.097573100742
2025-01-23 02:00:00,10852.848113412285
2025-01-23 03:00:00,10847.761173314917
2025-01-23 04:00:00,10837.643642861069
2025-01-23 05:00:00,10849.629101702467
2025-01-23 06:00:00,10842.400085175821
2025-01-23 07:00:00,10854.287783769072
2025-01-23 08:00:00,10841.326819180731
2025-01-23 09:00:00,10827.075838663735
2025-01-23 10:00:00,10827.379865172723
2025-01-23 11:00:00,10834.217316523138
2025-01-23 12:00:00,10826.121038170422
2025-01-23 13:00:00,10849.098627862646
2025-01-23 14:00:00,10919.895393949593
2025-01-23 15:00:00,10921.206377223696
2025-01-23 16:00:00,10917.947527557526
2025-01-23 17:00:00,10938.616088332348
2025-01-23 18:00:00,10925.422648301359
2025-01-23 19:00:00,10882.063488375125
2025-01-23 20:00:00,10869.337358055796
2025-01-23 21:00:00,10863.953992112163
2025-01-23 22:00:00,10887.535441353273
2025-01-23 23:00:00,10885.740636582972
2025-01-24 00:00:00,10873.586914794358
2025-01-24 01:00:00,10868.022181312605
2025-01-24 02:00:00,10862.30097901545
2025-01-24 03:00:00,10885.253407893137
2025-01-24 04:00:00,10904.654492635662
2025-01-24 05:00:00,10920.122103372243
2025-01-24 06:00:00,10914.06411308884
2025-01-24 07:00:00,10915.526323341981
2025-01-24 08:00:00,10927.424243516136
2025-01-24 09:00:00,10918.143834329278
2025-01-24 10:00:00,10925.222410152337
2025-01-24 11:00:00,10925.310210911397
2025-01-24 12:00:00,10928.100964590452
2025-01-24 13:00:00,10917.39425172953
2025-01-24 14:00:00,10934.166293444763
2025-01-24 15:00:00,10936.839105805677
2025-01-24 16:00:00,10931.227982072121
2025-01-24 17:00:00,10952.524776934913
2025-01-24 18:00:00,10949.098188505164
2025-01-24 19:00:00,10934.243348439282
2025-01-24 20:00:00,10910.607122008192
2025-01-24 21:00:00,10917.565659778564
2025-01-24 22:00:00,10908.46163838528
2025-01-24 23:00:00,10910.905644589
2025-01-25 00:00:00,10899.087662419362
2025-01-25 01:00:00,10907.432927999265
2025-01-25 02:00:00,10902.755637413577
2025-01-25 03:00:00,10919.60447203151
2025-01-25 04:00:00,10905.074101636428
2025-01-25 05:00:00,10897.682326090748
2025-01-25 06:00:00,10896.162979821262
2025-01-25 07:00:00,10898.206771818752
2025-01-25 08:00:00,10897.053567819143
2025-01-25 09:00:00,10897.699624150742
2025-01-25 10:00:00,10902.243510001023
2025-01-25 11:00:00,10905.676650726224
2025-01-25 12:00:00,10907.827900369133
2025-01-25 13:00:00,10906.883583548542
2025-01-25 14:00:00,10903.8163230014
2025-01-25 15:00:00,10911.620893160576
2025-01-25 16:00:00,10905.254944990913
2025-01-25 17:00:00,10911.67121478965
2025-01-25 18:00:00,10913.867020041635
2025-01-25 19:00:00,10915.745432101907
2025-01-25 20:00:00,10913.401020789064
2025-01-25 21:00:00,10916.995085890576
2025-01-25 22:00:00,10916.3319935908
2025-01-25 23:00:00,10907.664879258278
2025-01-26 00:00:00,10903.815012542309
2025-01-26 01:00:00,10904.376151124847
2025-01-26 02:00:00,10906.338694658727
2025-01-26 03:00:00,10915.935710761843
2025-01-26 04:00:00,10918.867207747215
2025-01-26 05:00:00,10916.766541825198
2025-01-26 06:00:00,10914.05729870157
2025-01-26 07:00:00,10914.256488483321
2025-01-26 08:00:00,10915.096492760309
2025-01-26 09:00:00,10904.603122639315
2025-01-26 10:00:00,10906.837717480377
2025-01-26 11:00:00,10909.54774687946
2025-01-26 12:00:00,10911.416723634282
2025-01-26 13:00:00,10913.296708245463
2025-01-26 14:00:00,10912.832019451984
2025-01-26 15:00:00,10913.435092725416
2025-01-26 16:00:00,10912.675288544764
2025-01-26 17:00:00,10912.861111643793
2025-01-26 18:00:00,10918.889223459933
2025-01-26 19:00:00,10916.4391891444
2025-01-26 20:00:00,10912.989012451022
2025-01-26 21:00:00,10902.694045836324
2025-01-26 22:00:00,10896.745347841064
2025-01-26 23:00:00,10851.921880927144
2025-01-27 00:00:00,10828.54329075324
2025-01-27 01:00:00,10817.543035056053
2025-01-27 02:00:00,10809.463006396061
2025-01-27 03:00:00,10819.832407087097
2025-01-27 04:00:00,10794.00063749584
2025-01-27 05:00:00,10781.915652092652
2025-01-27 06:00:00,10781.915652092652
2025-01-27 07:00:00,10781.915652092652
2025-01-27 08:00:00,10781.915652092652
2025-01-27 09:00:00,10781.915652092652
2025-01-27 10:00:00,10781.915652092652
2025-01-27 11:00:00,10781.915652092652
2025-01-27 12:00:00,10781.915652092652
2025-01-27 13:00:00,10781.915652092652
2025-01-27 14:00:00,10781.915652092652
2025-01-27 15:00:00,10781.915652092652
2025-01-27 16:00:00,10781.915652092652
2025-01-27 17:00:00,10781.915652092652
2025-01-27 18:00:00,10781.915652092652
2025-01-27 19:00:00,10781.915652092652
2025-01-27 20:00:00,10781.915652092652
2025-01-27 21:00:00,10781.915652092652
2025-01-27 22:00:00,10781.915652092652
2025-01-27 23:00:00,10781.915652092652
2025-01-28 00:00:00,10781.915652092652
2025-01-28 01:00:00,10781.915652092652
2025-01-28 02:00:00,10781.915652092652
2025-01-28 03:00:00,10781.915652092652
2025-01-28 04:00:00,10781.915652092652
2025-01-28 05:00:00,10781.915652092652
2025-01-28 06:00:00,10781.915652092652
2025-01-28 07:00:00,10781.915652092652
2025-01-28 08:00:00,10781.915652092652
2025-01-28 09:00:00,10781.915652092652
2025-01-28 10:00:00,10781.915652092652
2025-01-28 11:00:00,10781.915652092652
2025-01-28 12:00:00,10781.915652092652
2025-01-28 13:00:00,10781.915652092652
2025-01-28 14:00:00,10781.915652092652
2025-01-28 15:00:00,10781.915652092652
2025-01-28 16:00:00,10781.915652092652
2025-01-28 17:00:00,10781.915652092652
2025-01-28 18:00:00,10781.915652092652
2025-01-28 19:00:00,10781.915652092652
2025-01-28 20:00:00,10781.915652092652
2025-01-28 21:00:00,10781.915652092652
2025-01-28 22:00:00,10781.915652092652
2025-01-28 23:00:00,10781.915652092652
2025-01-29 00:00:00,10781.915652092652
2025-01-29 01:00:00,10781.915652092652
2025-01-29 02:00:00,10781.915652092652
2025-01-29 03:00:00,10781.915652092652
2025-01-29 04:00:00,10781.915652092652
2025-01-29 05:00:00,10781.915652092652
2025-01-29 06:00:00,10781.915652092652
2025-01-29 07:00:00,10781.915652092652
2025-01-29 08:00:00,10781.915652092652
2025-01-29 09:00:00,10781.915652092652
2025-01-29 10:00:00,10781.915652092652
2025-01-29 11:00:00,10781.915652092652
2025-01-29 12:00:00,10781.915652092652
2025-01-29 13:00:00,10781.915652092652
2025-01-29 14:00:00,10781.915652092652
2025-01-29 15:00:00,10781.915652092652
2025-01-29 16:00:00,10781.915652092652
2025-01-29 17:00:00,10781.915652092652
2025-01-29 18:00:00,10781.915652092652
2025-01-29 19:00:00,10781.915652092652
2025-01-29 20:00:00,10781.915652092652
2025-01-29 21:00:00,10781.915652092652
2025-01-29 22:00:00,10781.915652092652
2025-01-29 23:00:00,10781.915652092652
2025-01-30 00:00:00,10781.915652092652
2025-01-30 01:00:00,10781.915652092652
2025-01-30 02:00:00,10781.915652092652
2025-01-30 03:00:00,10781.915652092652
2025-01-30 04:00:00,10781.915652092652
2025-01-30 05:00:00,10781.915652092652
2025-01-30 06:00:00,10781.915652092652
2025-01-30 07:00:00,10781.915652092652
2025-01-30 08:00:00,10781.915652092652
2025-01-30 09:00:00,10781.915652092652
2025-01-30 10:00:00,10781.915652092652
2025-01-30 11:00:00,10781.915652092652
2025-01-30 12:00:00,10781.915652092652
2025-01-30 13:00:00,10781.915652092652
2025-01-30 14:00:00,10781.915652092652
2025-01-30 15:00:00,10781.915652092652
2025-01-30 16:00:00,10781.915652092652
2025-01-30 17:00:00,10781.915652092652
2025-01-30 18:00:00,10781.915652092652
2025-01-30 19:00:00,10781.915652092652
2025-01-30 20:00:00,10781.915652092652
2025-01-30 21:00:00,10781.915652092652
2025-01-30 22:00:00,10781.915652092652
2025-01-30 23:00:00,10781.915652092652
2025-01-31 00:00:00,10781.915652092652
2025-01-31 01:00:00,10781.915652092652
2025-01-31 02:00:00,10781.915652092652
2025-01-31 03:00:00,10781.915652092652
2025-01-31 04:00:00,10781.915652092652
2025-01-31 05:00:00,10781.915652092652
2025-01-31 06:00:00,10781.915652092652
2025-01-31 07:00:00,10781.915652092652
2025-01-31 08:00:00,10781.915652092652
2025-01-31 09:00:00,10781.915652092652
2025-01-31 10:00:00,10781.915652092652
2025-01-31 11:00:00,10781.915652092652
2025-01-31 12:00:00,10781.915652092652
2025-01-31 13:00:00,10781.915652092652
2025-01-31 14:00:00,10781.915652092652
2025-01-31 15:00:00,10781.915652092652
2025-01-31 16:00:00,10781.915652092652
2025-01-31 17:00:00,10781.915652092652
2025-01-31 18:00:00,10781.915652092652
2025-01-31 19:00:00,10781.915652092652
2025-01-31 20:00:00,10781.915652092652
2025-01-31 21:00:00,10781.915652092652
2025-01-31 22:00:00,10781.915652092652
2025-01-31 23:00:00,10781.915652092652
2025-02-01 00:00:00,10781.915652092652
2025-02-01 01:00:00,10781.915652092652
2025-02-01 02:00:00,10781.915652092652
2025-02-01 03:00:00,10781.915652092652
2025-02-01 04:00:00,10781.915652092652
2025-02-01 05:00:00,10781.915652092652
2025-02-01 06:00:00,10781.915652092652
2025-02-01 07:00:00,10781.915652092652
2025-02-01 08:00:00,10781.915652092652
2025-02-01 09:00:00,10781.915652092652
2025-02-01 10:00:00,10781.915652092652
2025-02-01 11:00:00,10781.915652092652
2025-02-01 12:00:00,10781.915652092652
2025-02-01 13:00:00,10781.915652092652
2025-02-01 14:00:00,10781.915652092652
2025-02-01 15:00:00,10781.915652092652
2025-02-01 16:00:00,10781.915652092652
2025-02-01 17:00:00,10781.915652092652
2025-02-01 18:00:00,10781.915652092652
2025-02-01 19:00:00,10781.915652092652
2025-02-01 20:00:00,10781.915652092652
2025-02-01 21:00:00,10781.915652092652
2025-02-01 22:00:00,10781.915652092652
2025-02-01 23:00:00,10781.915652092652
2025-02-02 00:00:00,10781.915652092652
2025-02-02 01:00:00,10781.915652092652
2025-02-02 02:00:00,10781.915652092652
2025-02-02 03:00:00,10781.915652092652
2025-02-02 04:00:00,10781.915652092652
2025-02-02 05:00:00,10781.915652092652
2025-02-02 06:00:00,10781.915652092652
2025-02-02 07:00:00,10781.915652092652
2025-02-02 08:00:00,10781.915652092652
2025-02-02 09:00:00,10781.915652092652
2025-02-02 10:00:00,10781.915652092652
2025-02-02 11:00:00,10781.915652092652
2025-02-02 12:00:00,10781.915652092652
2025-02-02 13:00:00,10781.915652092652
2025-02-02 14:00:00,10781.915652092652
2025-02-02 15:00:00,10781.915652092652
2025-02-02 16:00:00,10781.915652092652
2025-02-02 17:00:00,10781.915652092652
2025-02-02 18:00:00,10781.915652092652
2025-02-02 19:00:00,10781.915652092652
2025-02-02 20:00:00,10781.915652092652
2025-02-02 21:00:00,10781.915652092652
2025-02-02 22:00:00,10781.915652092652
2025-02-02 23:00:00,10781.915652092652
2025-02-03 00:00:00,10781.915652092652
2025-02-03 01:00:00,10781.915652092652
2025-02-03 02:00:00,10781.915652092652
2025-02-03 03:00:00,10781.915652092652
2025-02-03 04:00:00,10781.915652092652
2025-02-03 05:00:00,10781.915652092652
2025-02-03 06:00:00,10781.915652092652
2025-02-03 07:00:00,10781.915652092652
2025-02-03 08:00:00,10781.915652092652
2025-02-03 09:00:00,10781.915652092652
2025-02-03 10:00:00,10781.915652092652
2025-02-03 11:00:00,10781.915652092652
2025-02-03 12:00:00,10781.915652092652
2025-02-03 13:00:00,10781.915652092652
2025-02-03 14:00:00,10781.915652092652
2025-02-03 15:00:00,10781.915652092652
2025-02-03 16:00:00,10781.915652092652
2025-02-03 17:00:00,10781.915652092652
2025-02-03 18:00:00,10781.915652092652
2025-02-03 19:00:00,10781.915652092652
2025-02-03 20:00:00,10781.915652092652
2025-02-03 21:00:00,10781.915652092652
2025-02-03 22:00:00,10781.915652092652
2025-02-03 23:00:00,10781.915652092652
2025-02-04 00:00:00,10781.915652092652
2025-02-04 01:00:00,10781.915652092652
2025-02-04 02:00:00,10781.915652092652
2025-02-04 03:00:00,10781.915652092652
2025-02-04 04:00:00,10765.131965167542
2025-02-04 05:00:00,10733.349253506398
2025-02-04 06:00:00,10746.778187441278
2025-02-04 07:00:00,10722.159055303162
2025-02-04 08:00:00,10718.312349372494
2025-02-04 09:00:00,10719.219677212071
2025-02-04 10:00:00,10731.044656857513
2025-02-04 11:00:00,10736.072307934352
2025-02-04 12:00:00,10746.629866513827
2025-02-04 13:00:00,10737.13036624713
2025-02-04 14:00:00,10763.300710395426
2025-02-04 15:00:00,10746.23229146462
2025-02-04 16:00:00,10738.101145458195
2025-02-04 17:00:00,10741.444256326531
2025-02-04 18:00:00,10748.053104871806
2025-02-04 19:00:00,10733.18272712215
2025-02-04 20:00:00,10727.624975979701
2025-02-04 21:00:00,10697.226370764127
2025-02-04 22:00:00,10697.226370764127
2025-02-04 23:00:00,10697.226370764127
2025-02-05 00:00:00,10697.226370764127
2025-02-05 01:00:00,10697.226370764127
2025-02-05 02:00:00,10697.226370764127
2025-02-05 03:00:00,10697.226370764127
2025-02-05 04:00:00,10697.226370764127
2025-02-05 05:00:00,10697.226370764127
2025-02-05 06:00:00,10697.226370764127
2025-02-05 07:00:00,10697.226370764127
2025-02-05 08:00:00,10697.226370764127
2025-02-05 09:00:00,10697.226370764127
2025-02-05 10:00:00,10697.226370764127
2025-02-05 11:00:00,10697.226370764127
2025-02-05 12:00:00,10697.226370764127
2025-02-05 13:00:00,10697.226370764127
2025-02-05 14:00:00,10697.226370764127
2025-02-05 15:00:00,10697.226370764127
2025-02-05 16:00:00,10697.226370764127
2025-02-05 17:00:00,10697.226370764127
2025-02-05 18:00:00,10697.226370764127
2025-02-05 19:00:00,10697.226370764127
2025-02-05 20:00:00,10697.226370764127
2025-02-05 21:00:00,10697.226370764127
2025-02-05 22:00:00,10697.226370764127
2025-02-05 23:00:00,10697.226370764127
2025-02-06 00:00:00,10697.226370764127
2025-02-06 01:00:00,10697.226370764127
2025-02-06 02:00:00,10697.226370764127
2025-02-06 03:00:00,10697.226370764127
2025-02-06 04:00:00,10697.226370764127
2025-02-06 05:00:00,10697.226370764127
2025-02-06 06:00:00,10697.226370764127
2025-02-06 07:00:00,10697.226370764127
2025-02-06 08:00:00,10697.226370764127
2025-02-06 09:00:00,10697.226370764127
2025-02-06 10:00:00,10697.226370764127
2025-02-06 11:00:00,10697.226370764127
2025-02-06 12:00:00,10697.226370764127
2025-02-06 13:00:00,10697.226370764127
2025-02-06 14:00:00,10697.226370764127
2025-02-06 15:00:00,10697.226370764127
2025-02-06 16:00:00,10697.226370764127
2025-02-06 17:00:00,10697.226370764127
2025-02-06 18:00:00,10697.226370764127
2025-02-06 19:00:00,10697.226370764127
2025-02-06 20:00:00,10697.226370764127
2025-02-06 21:00:00,10697.226370764127
2025-02-06 22:00:00,10697.226370764127
2025-02-06 23:00:00,10697.226370764127
2025-02-07 00:00:00,10697.226370764127
2025-02-07 01:00:00,10697.226370764127
2025-02-07 02:00:00,10697.226370764127
2025-02-07 03:00:00,10697.226370764127
2025-02-07 04:00:00,10697.226370764127
2025-02-07 05:00:00,10697.226370764127
2025-02-07 06:00:00,10697.226370764127
2025-02-07 07:00:00,10697.226370764127
2025-02-07 08:00:00,10697.226370764127
2025-02-07 09:00:00,10697.226370764127
2025-02-07 10:00:00,10697.226370764127
2025-02-07 11:00:00,10697.226370764127
2025-02-07 12:00:00,10697.226370764127
2025-02-07 13:00:00,10697.226370764127
2025-02-07 14:00:00,10697.226370764127
2025-02-07 15:00:00,10697.226370764127
2025-02-07 16:00:00,10697.226370764127
2025-02-07 17:00:00,10697.226370764127
2025-02-07 18:00:00,10697.226370764127
2025-02-07 19:00:00,10697.226370764127
2025-02-07 20:00:00,10697.226370764127
2025-02-07 21:00:00,10697.226370764127
2025-02-07 22:00:00,10697.226370764127
2025-02-07 23:00:00,10697.226370764127
2025-02-08 00:00:00,10697.226370764127
2025-02-08 01:00:00,10697.226370764127
2025-02-08 02:00:00,10697.226370764127
2025-02-08 03:00:00,10697.226370764127
2025-02-08 04:00:00,10697.226370764127
2025-02-08 05:00:00,10697.226370764127
2025-02-08 06:00:00,10697.226370764127
2025-02-08 07:00:00,10697.226370764127
2025-02-08 08:00:00,10697.226370764127
2025-02-08 09:00:00,10697.226370764127
2025-02-08 10:00:00,10697.226370764127
2025-02-08 11:00:00,10697.226370764127
2025-02-08 12:00:00,10697.226370764127
2025-02-08 13:00:00,10697.226370764127
2025-02-08 14:00:00,10697.226370764127
2025-02-08 15:00:00,10697.226370764127
2025-02-08 16:00:00,10697.226370764127
2025-02-08 17:00:00,10697.226370764127
2025-02-08 18:00:00,10697.226370764127
2025-02-08 19:00:00,10697.226370764127
2025-02-08 20:00:00,10697.226370764127
2025-02-08 21:00:00,10697.226370764127
2025-02-08 22:00:00,10697.226370764127
2025-02-08 23:00:00,10697.226370764127
2025-02-09 00:00:00,10697.226370764127
2025-02-09 01:00:00,10697.226370764127
2025-02-09 02:00:00,10697.226370764127
2025-02-09 03:00:00,10697.226370764127
2025-02-09 04:00:00,10697.226370764127
2025-02-09 05:00:00,10697.226370764127
2025-02-09 06:00:00,10697.226370764127
2025-02-09 07:00:00,10697.226370764127
2025-02-09 08:00:00,10697.226370764127
2025-02-09 09:00:00,10697.226370764127
2025-02-09 10:00:00,10697.226370764127
2025-02-09 11:00:00,10697.226370764127
2025-02-09 12:00:00,10697.226370764127
2025-02-09 13:00:00,10697.226370764127
2025-02-09 14:00:00,10697.226370764127
2025-02-09 15:00:00,10697.226370764127
2025-02-09 16:00:00,10697.226370764127
2025-02-09 17:00:00,10697.226370764127
2025-02-09 18:00:00,10697.226370764127
2025-02-09 19:00:00,10697.226370764127
2025-02-09 20:00:00,10697.226370764127
2025-02-09 21:00:00,10697.226370764127
2025-02-09 22:00:00,10697.226370764127
2025-02-09 23:00:00,10697.226370764127
2025-02-10 00:00:00,10697.226370764127
2025-02-10 01:00:00,10697.226370764127
2025-02-10 02:00:00,10697.226370764127
2025-02-10 03:00:00,10697.226370764127
2025-02-10 04:00:00,10697.226370764127
2025-02-10 05:00:00,10697.226370764127
2025-02-10 06:00:00,10697.226370764127
2025-02-10 07:00:00,10697.226370764127
2025-02-10 08:00:00,10697.226370764127
2025-02-10 09:00:00,10697.226370764127
2025-02-10 10:00:00,10697.226370764127
2025-02-10 11:00:00,10697.226370764127
2025-02-10 12:00:00,10697.226370764127
2025-02-10 13:00:00,10719.422301990773
2025-02-10 14:00:00,10693.47522747659
2025-02-10 15:00:00,10692.048945552297
2025-02-10 16:00:00,10694.301894439834
2025-02-10 17:00:00,10699.77228276352
2025-02-10 18:00:00,10701.144753088747
2025-02-10 19:00:00,10696.367875475506
2025-02-10 20:00:00,10695.158487241335
2025-02-10 21:00:00,10696.362659044982
2025-02-10 22:00:00,10696.759382313627
2025-02-10 23:00:00,10697.872952955579
2025-02-11 00:00:00,10707.545313339193
2025-02-11 01:00:00,10713.34131674704
2025-02-11 02:00:00,10707.020375699298
2025-02-11 03:00:00,10702.718193263556
2025-02-11 04:00:00,10715.28237799916
2025-02-11 05:00:00,10724.81773844433
2025-02-11 06:00:00,10725.14966815491
2025-02-11 07:00:00,10720.884275281796
2025-02-11 08:00:00,10719.643863013469
2025-02-11 09:00:00,10713.49945695655
2025-02-11 10:00:00,10712.435854228019
2025-02-11 11:00:00,10717.6596975723
2025-02-11 12:00:00,10707.07885463094
2025-02-11 13:00:00,10680.540950722901
2025-02-11 14:00:00,10685.002371564051
2025-02-11 15:00:00,10686.251569399574
2025-02-11 16:00:00,10668.61234686405
2025-02-11 17:00:00,10663.127956542647
2025-02-11 18:00:00,10648.533295516627
2025-02-11 19:00:00,10648.533295516627
2025-02-11 20:00:00,10648.533295516627
2025-02-11 21:00:00,10648.533295516627
2025-02-11 22:00:00,10648.533295516627
2025-02-11 23:00:00,10648.533295516627
2025-02-12 00:00:00,10648.533295516627
2025-02-12 01:00:00,10648.533295516627
2025-02-12 02:00:00,10648.533295516627
2025-02-12 03:00:00,10648.533295516627
2025-02-12 04:00:00,10648.533295516627
2025-02-12 05:00:00,10648.533295516627
2025-02-12 06:00:00,10648.533295516627
2025-02-12 07:00:00,10648.533295516627
2025-02-12 08:00:00,10648.533295516627
2025-02-12 09:00:00,10648.533295516627
2025-02-12 10:00:00,10648.533295516627
2025-02-12 11:00:00,10648.533295516627
2025-02-12 12:00:00,10648.533295516627
2025-02-12 13:00:00,10648.533295516627
2025-02-12 14:00:00,10648.533295516627
2025-02-12 15:00:00,10648.533295516627
2025-02-12 16:00:00,10648.533295516627
2025-02-12 17:00:00,10648.533295516627
2025-02-12 18:00:00,10648.533295516627
2025-02-12 19:00:00,10648.533295516627
2025-02-12 20:00:00,10648.533295516627
2025-02-12 21:00:00,10648.533295516627
2025-02-12 22:00:00,10648.533295516627
2025-02-12 23:00:00,10648.533295516627
2025-02-13 00:00:00,10645.813904361883
2025-02-13 01:00:00,10650.361764920399
2025-02-13 02:00:00,10636.42755298797
2025-02-13 03:00:00,10637.100705949644
2025-02-13 04:00:00,10621.577950901277
2025-02-13 05:00:00,10614.47993897745
2025-02-13 06:00:00,10587.602080084424
2025-02-13 07:00:00,10587.602080084424
2025-02-13 08:00:00,10587.602080084424
2025-02-13 09:00:00,10587.602080084424
2025-02-13 10:00:00,10587.602080084424
2025-02-13 11:00:00,10587.602080084424
2025-02-13 12:00:00,10587.602080084424
2025-02-13 13:00:00,10587.602080084424
2025-02-13 14:00:00,10587.602080084424
2025-02-13 15:00:00,10587.602080084424
2025-02-13 16:00:00,10587.602080084424
2025-02-13 17:00:00,10587.602080084424
2025-02-13 18:00:00,10587.602080084424
2025-02-13 19:00:00,10587.602080084424
2025-02-13 20:00:00,10587.602080084424
2025-02-13 21:00:00,10587.602080084424
2025-02-13 22:00:00,10587.602080084424
2025-02-13 23:00:00,10587.602080084424
2025-02-14 00:00:00,10587.602080084424
2025-02-14 01:00:00,10587.602080084424
2025-02-14 02:00:00,10587.602080084424
2025-02-14 03:00:00,10587.602080084424
2025-02-14 04:00:00,10587.602080084424
2025-02-14 05:00:00,10587.602080084424
2025-02-14 06:00:00,10587.602080084424
2025-02-14 07:00:00,10587.602080084424
2025-02-14 08:00:00,10587.602080084424
2025-02-14 09:00:00,10587.602080084424
2025-02-14 10:00:00,10583.802577624105
2025-02-14 11:00:00,10580.265271572613
2025-02-14 12:00:00,10573.863575824154
2025-02-14 13:00:00,10577.51693951412
2025-02-14 14:00:00,10591.255058141556
2025-02-14 15:00:00,10581.26865251744
2025-02-14 16:00:00,10601.273883622429
2025-02-14 17:00:00,10624.902238046794
2025-02-14 18:00:00,10615.825767898032
2025-02-14 19:00:00,10608.949761472151
2025-02-14 20:00:00,10588.670732417244
2025-02-14 21:00:00,10595.773132968878
2025-02-14 22:00:00,10586.995252425202
2025-02-14 23:00:00,10596.963404852657
2025-02-15 00:00:00,10596.156994970308
2025-02-15 01:00:00,10605.238913834492
2025-02-15 02:00:00,10606.186990317792
2025-02-15 03:00:00,10601.123771512572
2025-02-15 04:00:00,10597.703067971095
2025-02-15 05:00:00,10599.978996402562
2025-02-15 06:00:00,10596.640023592403
2025-02-15 07:00:00,10592.76190039131
2025-02-15 08:00:00,10597.1004400455
2025-02-15 09:00:00,10598.65441368365
2025-02-15 10:00:00,10601.144476631172
2025-02-15 11:00:00,10600.099413013371
2025-02-15 12:00:00,10603.865292676788
2025-02-15 13:00:00,10602.859187374248
2025-02-15 14:00:00,10599.500599188574
2025-02-15 15:00:00,10600.579717277758
2025-02-15 16:00:00,10597.91447812944
2025-02-15 17:00:00,10594.50603419766
2025-02-15 18:00:00,10598.061593445815
2025-02-15 19:00:00,10597.819398045338
2025-02-15 20:00:00,10598.023724873636
2025-02-15 21:00:00,10601.969412145954
2025-02-15 22:00:00,10598.196994024032
2025-02-15 23:00:00,10598.848115516876
2025-02-16 00:00:00,10599.526753022596
2025-02-16 01:00:00,10600.846159461858
2025-02-16 02:00:00,10597.627875698281
2025-02-16 03:00:00,10598.235407467753
2025-02-16 04:00:00,10597.789702546293
2025-02-16 05:00:00,10599.764589450735
2025-02-16 06:00:00,10596.60324476331
2025-02-16 07:00:00,10590.111645210402
2025-02-16 08:00:00,10587.792671927105
2025-02-16 09:00:00,10593.292605273342
2025-02-16 10:00:00,10588.259081967166
2025-02-16 11:00:00,10592.482381290198
2025-02-16 12:00:00,10586.751149974329
2025-02-16 13:00:00,10579.034134323174
2025-02-16 14:00:00,10582.499789766878
2025-02-16 15:00:00,10580.904133455757
2025-02-16 16:00:00,10584.762641281333
2025-02-16 17:00:00,10582.86403639279
2025-02-16 18:00:00,10579.85743522333
2025-02-16 19:00:00,10584.921471335863
2025-02-16 20:00:00,10580.86408539741
2025-02-16 21:00:00,10587.826181526947
2025-02-16 22:00:00,10579.672178899005
2025-02-16 23:00:00,10559.302973603877
2025-02-17 00:00:00,10564.78165695997
2025-02-17 01:00:00,10569.94186289969
2025-02-17 02:00:00,10562.32319656189
2025-02-17 03:00:00,10561.951321734388
2025-02-17 04:00:00,10556.793567716608
2025-02-17 05:00:00,10547.7222699722
2025-02-17 06:00:00,10547.7222699722
2025-02-17 07:00:00,10547.7222699722
2025-02-17 08:00:00,10547.7222699722
2025-02-17 09:00:00,10547.7222699722
2025-02-17 10:00:00,10547.7222699722
2025-02-17 11:00:00,10547.7222699722
2025-02-17 12:00:00,10547.7222699722
2025-02-17 13:00:00,10547.7222699722
2025-02-17 14:00:00,10547.7222699722
2025-02-17 15:00:00,10547.7222699722
2025-02-17 16:00:00,10547.7222699722
2025-02-17 17:00:00,10547.7222699722
2025-02-17 18:00:00,10547.7222699722
2025-02-17 19:00:00,10547.7222699722
2025-02-17 20:00:00,10547.7222699722
2025-02-17 21:00:00,10547.7222699722
2025-02-17 22:00:00,10547.7222699722
2025-02-17 23:00:00,10547.7222699722
2025-02-18 00:00:00,10547.7222699722
2025-02-18 01:00:00,10547.7222699722
2025-02-18 02:00:00,10547.7222699722
2025-02-18 03:00:00,10547.7222699722
2025-02-18 04:00:00,10547.7222699722
2025-02-18 05:00:00,10547.7222699722
2025-02-18 06:00:00,10547.7222699722
2025-02-18 07:00:00,10547.7222699722
2025-02-18 08:00:00,10547.7222699722
2025-02-18 09:00:00,10547.7222699722
2025-02-18 10:00:00,10547.7222699722
2025-02-18 11:00:00,10547.7222699722
2025-02-18 12:00:00,10547.7222699722
2025-02-18 13:00:00,10547.7222699722
2025-02-18 14:00:00,10547.7222699722
2025-02-18 15:00:00,10547.7222699722
2025-02-18 16:00:00,10547.7222699722
2025-02-18 17:00:00,10547.7222699722
2025-02-18 18:00:00,10547.7222699722
2025-02-18 19:00:00,10547.7222699722
2025-02-18 20:00:00,10547.7222699722
2025-02-18 21:00:00,10547.7222699722
2025-02-18 22:00:00,10547.7222699722
2025-02-18 23:00:00,10547.7222699722
2025-02-19 00:00:00,10547.7222699722
2025-02-19 01:00:00,10547.7222699722
2025-02-19 02:00:00,10547.7222699722
2025-02-19 03:00:00,10547.7222699722
2025-02-19 04:00:00,10547.7222699722
2025-02-19 05:00:00,10547.7222699722
2025-02-19 06:00:00,10547.7222699722
2025-02-19 07:00:00,10547.7222699722
2025-02-19 08:00:00,10547.7222699722
2025-02-19 09:00:00,10547.7222699722
2025-02-19 10:00:00,10547.7222699722
2025-02-19 11:00:00,10547.7222699722
2025-02-19 12:00:00,10547.7222699722
2025-02-19 13:00:00,10547.7222699722
2025-02-19 14:00:00,10547.7222699722
2025-02-19 15:00:00,10547.7222699722
2025-02-19 16:00:00,10547.7222699722
2025-02-19 17:00:00,10547.7222699722
2025-02-19 18:00:00,10547.7222699722
2025-02-19 19:00:00,10547.7222699722
2025-02-19 20:00:00,10547.7222699722
2025-02-19 21:00:00,10547.7222699722
2025-02-19 22:00:00,10547.7222699722
2025-02-19 23:00:00,10547.7222699722
2025-02-20 00:00:00,10552.120790273239
2025-02-20 01:00:00,10549.767008698464
2025-02-20 02:00:00,10559.771466706874
2025-02-20 03:00:00,10557.60967473106
2025-02-20 04:00:00,10562.224242918612
2025-02-20 05:00:00,10553.64825297748
2025-02-20 06:00:00,10553.593710477775
2025-02-20 07:00:00,10552.500951496182
2025-02-20 08:00:00,10560.193898367088
2025-02-20 09:00:00,10561.138029036985
2025-02-20 10:00:00,10566.301840196566
2025-02-20 11:00:00,10561.77317644605
2025-02-20 12:00:00,10567.784850763546
2025-02-20 13:00:00,10571.434562131313
2025-02-20 14:00:00,10555.200532519088
2025-02-20 15:00:00,10553.478625803396
2025-02-20 16:00:00,10571.122033608004
2025-02-20 17:00:00,10582.145618223401
2025-02-20 18:00:00,10591.42138843575
2025-02-20 19:00:00,10594.904472466918
2025-02-20 20:00:00,10595.744699674877
2025-02-20 21:00:00,10585.813874041069
2025-02-20 22:00:00,10587.054443196861
2025-02-20 23:00:00,10591.691919234288
2025-02-21 00:00:00,10589.818929794415
2025-02-21 01:00:00,10591.882817983256
2025-02-21 02:00:00,10586.404569312876
2025-02-21 03:00:00,10587.246432795824
2025-02-21 04:00:00,10588.93779571168
2025-02-21 05:00:00,10592.471331555074
2025-02-21 06:00:00,10594.555127756308
2025-02-21 07:00:00,10588.276467902755
2025-02-21 08:00:00,10589.194145460293
2025-02-21 09:00:00,10592.583689104467
2025-02-21 10:00:00,10600.064192939022
2025-02-21 11:00:00,10600.535985561472
2025-02-21 12:00:00,10608.027397895967
2025-02-21 13:00:00,10619.779397594926
2025-02-21 14:00:00,10604.584948027079
2025-02-21 15:00:00,10586.211488863919
2025-02-21 16:00:00,10589.259596459939
2025-02-21 17:00:00,10555.33661605585
2025-02-21 18:00:00,10543.654158044015
2025-02-21 19:00:00,10506.519806136635
2025-02-21 20:00:00,10506.519806136635
2025-02-21 21:00:00,10506.519806136635
2025-02-21 22:00:00,10506.519806136635
2025-02-21 23:00:00,10506.519806136635
2025-02-22 00:00:00,10506.519806136635
2025-02-22 01:00:00,10506.519806136635
2025-02-22 02:00:00,10506.519806136635
2025-02-22 03:00:00,10506.519806136635
2025-02-22 04:00:00,10506.519806136635
2025-02-22 05:00:00,10506.519806136635
2025-02-22 06:00:00,10506.519806136635
2025-02-22 07:00:00,10506.519806136635
2025-02-22 08:00:00,10506.519806136635
2025-02-22 09:00:00,10506.519806136635
2025-02-22 10:00:00,10506.519806136635
2025-02-22 11:00:00,10506.519806136635
2025-02-22 12:00:00,10506.519806136635
2025-02-22 13:00:00,10506.519806136635
2025-02-22 14:00:00,10506.519806136635
2025-02-22 15:00:00,10506.519806136635
2025-02-22 16:00:00,10506.519806136635
2025-02-22 17:00:00,10506.519806136635
2025-02-22 18:00:00,10506.519806136635
2025-02-22 19:00:00,10506.519806136635
2025-02-22 20:00:00,10506.519806136635
2025-02-22 21:00:00,10506.519806136635
2025-02-22 22:00:00,10506.519806136635
2025-02-22 23:00:00,10506.519806136635
2025-02-23 00:00:00,10506.519806136635
2025-02-23 01:00:00,10506.519806136635
2025-02-23 02:00:00,10506.519806136635
2025-02-23 03:00:00,10506.519806136635
2025-02-23 04:00:00,10506.519806136635
2025-02-23 05:00:00,10506.519806136635
2025-02-23 06:00:00,10506.519806136635
2025-02-23 07:00:00,10506.519806136635
2025-02-23 08:00:00,10506.519806136635
2025-02-23 09:00:00,10506.519806136635
2025-02-23 10:00:00,10506.519806136635
2025-02-23 11:00:00,10506.519806136635
2025-02-23 12:00:00,10506.519806136635
2025-02-23 13:00:00,10506.519806136635
2025-02-23 14:00:00,10506.519806136635
2025-02-23 15:00:00,10506.519806136635
2025-02-23 16:00:00,10506.519806136635
2025-02-23 17:00:00,10506.519806136635
2025-02-23 18:00:00,10506.519806136635
2025-02-23 19:00:00,10506.519806136635
2025-02-23 20:00:00,10506.519806136635
2025-02-23 21:00:00,10506.519806136635
2025-02-23 22:00:00,10506.519806136635
2025-02-23 23:00:00,10506.519806136635
2025-02-24 00:00:00,10506.519806136635
2025-02-24 01:00:00,10506.519806136635
2025-02-24 02:00:00,10506.519806136635
2025-02-24 03:00:00,10506.519806136635
2025-02-24 04:00:00,10506.519806136635
2025-02-24 05:00:00,10506.519806136635
2025-02-24 06:00:00,10506.519806136635
2025-02-24 07:00:00,10506.519806136635
2025-02-24 08:00:00,10506.519806136635
2025-02-24 09:00:00,10506.519806136635
2025-02-24 10:00:00,10506.519806136635
2025-02-24 11:00:00,10506.519806136635
2025-02-24 12:00:00,10506.519806136635
2025-02-24 13:00:00,10506.519806136635
2025-02-24 14:00:00,10506.519806136635
2025-02-24 15:00:00,10506.519806136635
2025-02-24 16:00:00,10506.519806136635
2025-02-24 17:00:00,10506.519806136635
2025-02-24 18:00:00,10506.519806136635
2025-02-24 19:00:00,10506.519806136635
2025-02-24 20:00:00,10506.519806136635
2025-02-24 21:00:00,10506.519806136635
2025-02-24 22:00:00,10506.519806136635
2025-02-24 23:00:00,10506.519806136635
2025-02-25 00:00:00,10506.519806136635
2025-02-25 01:00:00,10506.519806136635
2025-02-25 02:00:00,10506.519806136635
2025-02-25 03:00:00,10506.519806136635
2025-02-25 04:00:00,10506.519806136635
2025-02-25 05:00:00,10506.519806136635
2025-02-25 06:00:00,10506.519806136635
2025-02-25 07:00:00,10506.519806136635
2025-02-25 08:00:00,10506.519806136635
2025-02-25 09:00:00,10506.519806136635
2025-02-25 10:00:00,10506.519806136635
2025-02-25 11:00:00,10506.519806136635
2025-02-25 12:00:00,10506.519806136635
2025-02-25 13:00:00,10506.519806136635
2025-02-25 14:00:00,10506.519806136635
2025-02-25 15:00:00,10506.519806136635
2025-02-25 16:00:00,10506.519806136635
2025-02-25 17:00:00,10506.519806136635
2025-02-25 18:00:00,10506.519806136635
2025-02-25 19:00:00,10506.519806136635
2025-02-25 20:00:00,10506.519806136635
2025-02-25 21:00:00,10506.519806136635
2025-02-25 22:00:00,10506.519806136635
2025-02-25 23:00:00,10506.519806136635
2025-02-26 00:00:00,10506.519806136635
2025-02-26 01:00:00,10506.519806136635
2025-02-26 02:00:00,10506.519806136635
2025-02-26 03:00:00,10506.519806136635
2025-02-26 04:00:00,10506.519806136635
2025-02-26 05:00:00,10506.519806136635
2025-02-26 06:00:00,10506.519806136635
2025-02-26 07:00:00,10506.519806136635
2025-02-26 08:00:00,10506.519806136635
2025-02-26 09:00:00,10506.519806136635
2025-02-26 10:00:00,10506.519806136635
2025-02-26 11:00:00,10506.519806136635
2025-02-26 12:00:00,10506.519806136635
2025-02-26 13:00:00,10506.519806136635
2025-02-26 14:00:00,10506.519806136635
2025-02-26 15:00:00,10506.519806136635
2025-02-26 16:00:00,10506.519806136635
2025-02-26 17:00:00,10506.519806136635
2025-02-26 18:00:00,10506.519806136635
2025-02-26 19:00:00,10506.519806136635
2025-02-26 20:00:00,10506.519806136635
2025-02-26 21:00:00,10506.519806136635
2025-02-26 22:00:00,10506.519806136635
2025-02-26 23:00:00,10506.519806136635
2025-02-27 00:00:00,10506.519806136635
2025-02-27 01:00:00,10506.519806136635
2025-02-27 02:00:00,10506.519806136635
2025-02-27 03:00:00,10506.519806136635
2025-02-27 04:00:00,10506.519806136635
2025-02-27 05:00:00,10506.519806136635
2025-02-27 06:00:00,10506.519806136635
2025-02-27 07:00:00,10506.519806136635
2025-02-27 08:00:00,10506.519806136635
2025-02-27 09:00:00,10506.519806136635
2025-02-27 10:00:00,10506.519806136635
2025-02-27 11:00:00,10506.519806136635
2025-02-27 12:00:00,10506.519806136635
2025-02-27 13:00:00,10506.519806136635
2025-02-27 14:00:00,10506.519806136635
2025-02-27 15:00:00,10506.519806136635
2025-02-27 16:00:00,10506.519806136635
2025-02-27 17:00:00,10506.519806136635
2025-02-27 18:00:00,10506.519806136635
2025-02-27 19:00:00,10506.519806136635
2025-02-27 20:00:00,10506.519806136635
2025-02-27 21:00:00,10506.519806136635
2025-02-27 22:00:00,10506.519806136635
2025-02-27 23:00:00,10506.519806136635
2025-02-28 00:00:00,10506.519806136635
2025-02-28 01:00:00,10506.519806136635
2025-02-28 02:00:00,10506.519806136635
2025-02-28 03:00:00,10506.519806136635
2025-02-28 04:00:00,10506.519806136635
2025-02-28 05:00:00,10506.519806136635
2025-02-28 06:00:00,10506.519806136635
2025-02-28 07:00:00,10506.519806136635
2025-02-28 08:00:00,10506.519806136635
2025-02-28 09:00:00,10506.519806136635
2025-02-28 10:00:00,10506.519806136635
2025-02-28 11:00:00,10506.519806136635
2025-02-28 12:00:00,10506.519806136635
2025-02-28 13:00:00,10506.519806136635
2025-02-28 14:00:00,10506.519806136635
2025-02-28 15:00:00,10506.519806136635
2025-02-28 16:00:00,10506.519806136635
2025-02-28 17:00:00,10506.519806136635
2025-02-28 18:00:00,10506.519806136635
2025-02-28 19:00:00,10506.519806136635
2025-02-28 20:00:00,10506.519806136635
2025-02-28 21:00:00,10506.519806136635
2025-02-28 22:00:00,10506.519806136635
2025-02-28 23:00:00,10506.519806136635
2025-03-01 00:00:00,10506.519806136635
2025-03-01 01:00:00,10506.519806136635
2025-03-01 02:00:00,10506.519806136635
2025-03-01 03:00:00,10506.519806136635
2025-03-01 04:00:00,10506.519806136635
2025-03-01 05:00:00,10506.519806136635
2025-03-01 06:00:00,10506.519806136635
2025-03-01 07:00:00,10506.519806136635
2025-03-01 08:00:00,10506.519806136635
2025-03-01 09:00:00,10506.519806136635
2025-03-01 10:00:00,10506.519806136635
2025-03-01 11:00:00,10506.519806136635
2025-03-01 12:00:00,10506.519806136635
2025-03-01 13:00:00,10506.519806136635
2025-03-01 14:00:00,10506.519806136635
2025-03-01 15:00:00,10506.519806136635
2025-03-01 16:00:00,10506.519806136635
2025-03-01 17:00:00,10506.519806136635
2025-03-01 18:00:00,10506.519806136635
2025-03-01 19:00:00,10506.519806136635
2025-03-01 20:00:00,10506.519806136635
2025-03-01 21:00:00,10506.519806136635
2025-03-01 22:00:00,10506.519806136635
2025-03-01 23:00:00,10506.519806136635
2025-03-02 00:00:00,10506.519806136635
2025-03-02 01:00:00,10506.519806136635
2025-03-02 02:00:00,10506.519806136635
2025-03-02 03:00:00,10506.519806136635
2025-03-02 04:00:00,10506.519806136635
2025-03-02 05:00:00,10506.519806136635
2025-03-02 06:00:00,10506.519806136635
2025-03-02 07:00:00,10506.519806136635
2025-03-02 08:00:00,10506.519806136635
2025-03-02 09:00:00,10506.519806136635
2025-03-02 10:00:00,10506.519806136635
2025-03-02 11:00:00,10506.519806136635
2025-03-02 12:00:00,10506.519806136635
2025-03-02 13:00:00,10506.519806136635
2025-03-02 14:00:00,10506.519806136635
2025-03-02 15:00:00,10506.519806136635
2025-03-02 16:00:00,10506.519806136635
2025-03-02 17:00:00,10506.519806136635
2025-03-02 18:00:00,10506.519806136635
2025-03-02 19:00:00,10506.519806136635
2025-03-02 20:00:00,10506.519806136635
2025-03-02 21:00:00,10506.519806136635
2025-03-02 22:00:00,10506.519806136635
2025-03-02 23:00:00,10506.519806136635
2025-03-03 00:00:00,10506.519806136635
2025-03-03 01:00:00,10506.519806136635
2025-03-03 02:00:00,10506.519806136635
2025-03-03 03:00:00,10506.519806136635
2025-03-03 04:00:00,10506.519806136635
2025-03-03 05:00:00,10506.519806136635
2025-03-03 06:00:00,10506.519806136635
2025-03-03 07:00:00,10506.519806136635
2025-03-03 08:00:00,10506.519806136635
2025-03-03 09:00:00,10506.519806136635
2025-03-03 10:00:00,10506.519806136635
2025-03-03 11:00:00,10506.519806136635
2025-03-03 12:00:00,10506.519806136635
2025-03-03 13:00:00,10506.519806136635
2025-03-03 14:00:00,10506.519806136635
2025-03-03 15:00:00,10506.519806136635
2025-03-03 16:00:00,10506.519806136635
2025-03-03 17:00:00,10506.519806136635
2025-03-03 18:00:00,10506.519806136635
2025-03-03 19:00:00,10506.519806136635
2025-03-03 20:00:00,10506.519806136635
2025-03-03 21:00:00,10506.519806136635
2025-03-03 22:00:00,10506.519806136635
2025-03-03 23:00:00,10506.519806136635
2025-03-04 00:00:00,10506.519806136635
2025-03-04 01:00:00,10506.519806136635
2025-03-04 02:00:00,10506.519806136635
2025-03-04 03:00:00,10506.519806136635
2025-03-04 04:00:00,10506.519806136635
2025-03-04 05:00:00,10506.519806136635
2025-03-04 06:00:00,10506.519806136635
2025-03-04 07:00:00,10506.519806136635
2025-03-04 08:00:00,10506.519806136635
2025-03-04 09:00:00,10506.519806136635
2025-03-04 10:00:00,10506.519806136635
2025-03-04 11:00:00,10506.519806136635
2025-03-04 12:00:00,10506.519806136635
2025-03-04 13:00:00,10506.519806136635
2025-03-04 14:00:00,10506.519806136635
2025-03-04 15:00:00,10506.519806136635
2025-03-04 16:00:00,10506.519806136635
2025-03-04 17:00:00,10506.519806136635
2025-03-04 18:00:00,10506.519806136635
2025-03-04 19:00:00,10506.519806136635
2025-03-04 20:00:00,10506.519806136635
2025-03-04 21:00:00,10506.519806136635
2025-03-04 22:00:00,10506.519806136635
2025-03-04 23:00:00,10506.519806136635
2025-03-05 00:00:00,10506.519806136635
2025-03-05 01:00:00,10506.519806136635
2025-03-05 02:00:00,10506.519806136635
2025-03-05 03:00:00,10506.519806136635
2025-03-05 04:00:00,10506.519806136635
2025-03-05 05:00:00,10506.519806136635
2025-03-05 06:00:00,10506.519806136635
2025-03-05 07:00:00,10506.519806136635
2025-03-05 08:00:00,10506.519806136635
2025-03-05 09:00:00,10506.519806136635
2025-03-05 10:00:00,10548.44569509385
2025-03-05 11:00:00,10545.12773370039
2025-03-05 12:00:00,10561.202976222972
2025-03-05 13:00:00,10535.028145285676
2025-03-05 14:00:00,10506.718495077785
2025-03-05 15:00:00,10501.505191637998
2025-03-05 16:00:00,10518.784348781208
2025-03-05 17:00:00,10541.380671853045
2025-03-05 18:00:00,10542.09316852648
2025-03-05 19:00:00,10543.220818405305
2025-03-05 20:00:00,10565.466383014833
2025-03-05 21:00:00,10561.84306590419
2025-03-05 22:00:00,10563.97729167485
2025-03-05 23:00:00,10568.622912425637
2025-03-06 00:00:00,10552.014706960328
2025-03-06 01:00:00,10582.011677486904
2025-03-06 02:00:00,10604.410661829945
2025-03-06 03:00:00,10598.26823424
2025-03-06 04:00:00,10618.519639063818
2025-03-06 05:00:00,10631.889115377155
2025-03-06 06:00:00,10607.496861498306
2025-03-06 07:00:00,10590.596357314407
2025-03-06 08:00:00,10584.94623792156
2025-03-06 09:00:00,10572.959319709655
2025-03-06 10:00:00,10588.946427491706
2025-03-06 11:00:00,10590.700813303183
2025-03-06 12:00:00,10553.667010782774
2025-03-06 13:00:00,10537.853501732068
2025-03-06 14:00:00,10544.822971483141
2025-03-06 15:00:00,10574.993540741061
2025-03-06 16:00:00,10530.342463289193
2025-03-06 17:00:00,10509.925768733136
2025-03-06 18:00:00,10504.002639369626
2025-03-06 19:00:00,10506.903963807854
2025-03-06 20:00:00,10522.313002652025
2025-03-06 21:00:00,10548.829392802618
2025-03-06 22:00:00,10559.94742710789
2025-03-06 23:00:00,10548.61840357529
2025-03-07 00:00:00,10419.708779059545
2025-03-07 01:00:00,10419.708779059545
2025-03-07 02:00:00,10419.708779059545
2025-03-07 03:00:00,10419.708779059545
2025-03-07 04:00:00,10419.708779059545
2025-03-07 05:00:00,10419.708779059545
2025-03-07 06:00:00,10419.708779059545
2025-03-07 07:00:00,10419.708779059545
2025-03-07 08:00:00,10419.708779059545
2025-03-07 09:00:00,10419.708779059545
2025-03-07 10:00:00,10419.708779059545
2025-03-07 11:00:00,10409.760145184826
2025-03-07 12:00:00,10412.215206540975
2025-03-07 13:00:00,10414.690102062768
2025-03-07 14:00:00,10452.747199069421
2025-03-07 15:00:00,10394.914563879853
2025-03-07 16:00:00,10359.31165319263
2025-03-07 17:00:00,10372.396952296775
2025-03-07 18:00:00,10398.74547463804
2025-03-07 19:00:00,10376.308658112068
2025-03-07 20:00:00,10352.029889291443
2025-03-07 21:00:00,10322.632140592339
2025-03-07 22:00:00,10322.632140592339
2025-03-07 23:00:00,10322.632140592339
2025-03-08 00:00:00,10322.632140592339
2025-03-08 01:00:00,10322.632140592339
2025-03-08 02:00:00,10322.632140592339
2025-03-08 03:00:00,10322.632140592339
2025-03-08 04:00:00,10322.632140592339
2025-03-08 05:00:00,10322.632140592339
2025-03-08 06:00:00,10322.632140592339
2025-03-08 07:00:00,10322.632140592339
2025-03-08 08:00:00,10322.632140592339
2025-03-08 09:00:00,10322.632140592339
2025-03-08 10:00:00,10322.632140592339
2025-03-08 11:00:00,10322.632140592339
2025-03-08 12:00:00,10322.632140592339
2025-03-08 13:00:00,10322.632140592339
2025-03-08 14:00:00,10322.632140592339
2025-03-08 15:00:00,10322.632140592339
2025-03-08 16:00:00,10322.632140592339
2025-03-08 17:00:00,10322.632140592339
2025-03-08 18:00:00,10322.632140592339
2025-03-08 19:00:00,10322.632140592339
2025-03-08 20:00:00,10322.632140592339
2025-03-08 21:00:00,10322.632140592339
2025-03-08 22:00:00,10322.632140592339
2025-03-08 23:00:00,10322.632140592339
2025-03-09 00:00:00,10322.632140592339
2025-03-09 01:00:00,10322.632140592339
2025-03-09 02:00:00,10322.632140592339
2025-03-09 03:00:00,10322.632140592339
2025-03-09 04:00:00,10322.632140592339
2025-03-09 05:00:00,10322.632140592339
2025-03-09 06:00:00,10322.632140592339
2025-03-09 07:00:00,10322.632140592339
2025-03-09 08:00:00,10322.632140592339
2025-03-09 09:00:00,10322.632140592339
2025-03-09 10:00:00,10322.632140592339
2025-03-09 11:00:00,10322.632140592339
2025-03-09 12:00:00,10322.632140592339
2025-03-09 13:00:00,10322.632140592339
2025-03-09 14:00:00,10322.632140592339
2025-03-09 15:00:00,10322.632140592339
2025-03-09 16:00:00,10322.632140592339
2025-03-09 17:00:00,10322.632140592339
2025-03-09 18:00:00,10322.632140592339
2025-03-09 19:00:00,10322.632140592339
2025-03-09 20:00:00,10322.632140592339
2025-03-09 21:00:00,10322.632140592339
2025-03-09 22:00:00,10322.632140592339
2025-03-09 23:00:00,10322.632140592339
2025-03-10 00:00:00,10322.632140592339
2025-03-10 01:00:00,10322.632140592339
2025-03-10 02:00:00,10322.632140592339
2025-03-10 03:00:00,10322.632140592339
2025-03-10 04:00:00,10322.632140592339
2025-03-10 05:00:00,10322.632140592339
2025-03-10 06:00:00,10322.632140592339
2025-03-10 07:00:00,10322.632140592339
2025-03-10 08:00:00,10322.632140592339
2025-03-10 09:00:00,10322.632140592339
2025-03-10 10:00:00,10322.632140592339
2025-03-10 11:00:00,10322.632140592339
2025-03-10 12:00:00,10322.632140592339
2025-03-10 13:00:00,10322.632140592339
2025-03-10 14:00:00,10322.632140592339
2025-03-10 15:00:00,10322.632140592339
2025-03-10 16:00:00,10322.632140592339
2025-03-10 17:00:00,10322.632140592339
2025-03-10 18:00:00,10322.632140592339
2025-03-10 19:00:00,10322.632140592339
2025-03-10 20:00:00,10322.632140592339
2025-03-10 21:00:00,10322.632140592339
2025-03-10 22:00:00,10322.632140592339
2025-03-10 23:00:00,10322.632140592339
2025-03-11 00:00:00,10322.632140592339
2025-03-11 01:00:00,10322.632140592339
2025-03-11 02:00:00,10322.632140592339
2025-03-11 03:00:00,10322.632140592339
2025-03-11 04:00:00,10322.632140592339
2025-03-11 05:00:00,10322.632140592339
2025-03-11 06:00:00,10322.632140592339
2025-03-11 07:00:00,10322.632140592339
2025-03-11 08:00:00,10322.632140592339
2025-03-11 09:00:00,10322.632140592339
2025-03-11 10:00:00,10322.632140592339
2025-03-11 11:00:00,10322.632140592339
2025-03-11 12:00:00,10322.632140592339
2025-03-11 13:00:00,10322.632140592339
2025-03-11 14:00:00,10322.632140592339
2025-03-11 15:00:00,10322.632140592339
2025-03-11 16:00:00,10322.632140592339
2025-03-11 17:00:00,10322.632140592339
2025-03-11 18:00:00,10322.632140592339
2025-03-11 19:00:00,10322.632140592339
2025-03-11 20:00:00,10322.632140592339
2025-03-11 21:00:00,10322.632140592339
2025-03-11 22:00:00,10322.632140592339
2025-03-11 23:00:00,10322.632140592339
2025-03-12 00:00:00,10322.632140592339
2025-03-12 01:00:00,10322.632140592339
2025-03-12 02:00:00,10322.632140592339
2025-03-12 03:00:00,10322.632140592339
2025-03-12 04:00:00,10322.632140592339
2025-03-12 05:00:00,10322.632140592339
2025-03-12 06:00:00,10322.632140592339
2025-03-12 07:00:00,10322.632140592339
2025-03-12 08:00:00,10322.632140592339
2025-03-12 09:00:00,10322.632140592339
2025-03-12 10:00:00,10322.632140592339
2025-03-12 11:00:00,10322.632140592339
2025-03-12 12:00:00,10322.632140592339
2025-03-12 13:00:00,10322.632140592339
2025-03-12 14:00:00,10322.632140592339
2025-03-12 15:00:00,10322.632140592339
2025-03-12 16:00:00,10322.632140592339
2025-03-12 17:00:00,10322.632140592339
2025-03-12 18:00:00,10322.632140592339
2025-03-12 19:00:00,10322.632140592339
2025-03-12 20:00:00,10322.632140592339
2025-03-12 21:00:00,10322.632140592339
2025-03-12 22:00:00,10322.632140592339
2025-03-12 23:00:00,10322.632140592339
2025-03-13 00:00:00,10322.632140592339
2025-03-13 01:00:00,10322.632140592339
2025-03-13 02:00:00,10322.632140592339
2025-03-13 03:00:00,10314.925251110306
2025-03-13 04:00:00,10305.981800337433
2025-03-13 05:00:00,10301.996021632522
2025-03-13 06:00:00,10306.16558885113
2025-03-13 07:00:00,10301.836861395368
2025-03-13 08:00:00,10296.337367243477
2025-03-13 09:00:00,10310.299137215296
2025-03-13 10:00:00,10303.058423911865
2025-03-13 11:00:00,10296.414638461129
2025-03-13 12:00:00,10282.318952235612
2025-03-13 13:00:00,10251.526344854452
2025-03-13 14:00:00,10251.526344854452
2025-03-13 15:00:00,10251.526344854452
2025-03-13 16:00:00,10251.526344854452
2025-03-13 17:00:00,10251.526344854452
2025-03-13 18:00:00,10251.526344854452
2025-03-13 19:00:00,10251.526344854452
2025-03-13 20:00:00,10251.526344854452
2025-03-13 21:00:00,10251.526344854452
2025-03-13 22:00:00,10251.526344854452
2025-03-13 23:00:00,10251.526344854452
2025-03-14 00:00:00,10251.526344854452
2025-03-14 01:00:00,10251.526344854452
2025-03-14 02:00:00,10251.526344854452
2025-03-14 03:00:00,10251.526344854452
2025-03-14 04:00:00,10251.526344854452
2025-03-14 05:00:00,10251.526344854452
2025-03-14 06:00:00,10251.526344854452
2025-03-14 07:00:00,10251.526344854452
2025-03-14 08:00:00,10251.526344854452
2025-03-14 09:00:00,10251.526344854452
2025-03-14 10:00:00,10251.526344854452
2025-03-14 11:00:00,10251.526344854452
2025-03-14 12:00:00,10251.526344854452
2025-03-14 13:00:00,10251.526344854452
2025-03-14 14:00:00,10251.526344854452
2025-03-14 15:00:00,10287.041291243479
2025-03-14 16:00:00,10288.966981737101
2025-03-14 17:00:00,10276.018944318686
2025-03-14 18:00:00,10282.317077775768
2025-03-14 19:00:00,10281.809816734767
2025-03-14 20:00:00,10268.720396402263
2025-03-14 21:00:00,10271.130653065646
2025-03-14 22:00:00,10278.254082448566
2025-03-14 23:00:00,10264.304097133565
2025-03-15 00:00:00,10273.932242914227
2025-03-15 01:00:00,10275.671467438726
2025-03-15 02:00:00,10281.930958277208
2025-03-15 03:00:00,10279.908047862184
2025-03-15 04:00:00,10278.821760917064
2025-03-15 05:00:00,10272.98519207105
2025-03-15 06:00:00,10270.440299617461
2025-03-15 07:00:00,10259.523146487749
2025-03-15 08:00:00,10261.487479599973
2025-03-15 09:00:00,10263.805730028591
2025-03-15 10:00:00,10262.126309556688
2025-03-15 11:00:00,10268.000907646405
2025-03-15 12:00:00,10269.006535792381
2025-03-15 13:00:00,10278.926954712144
2025-03-15 14:00:00,10268.859939191656
2025-03-15 15:00:00,10275.43133116599
2025-03-15 16:00:00,10275.949326267715
2025-03-15 17:00:00,10277.769209591357
2025-03-15 18:00:00,10271.667356101772
2025-03-15 19:00:00,10274.019342149802
2025-03-15 20:00:00,10276.758981133642
2025-03-15 21:00:00,10276.741193261587
2025-03-15 22:00:00,10276.554727292465
2025-03-15 23:00:00,10275.198862079485
2025-03-16 00:00:00,10272.59447226075
2025-03-16 01:00:00,10260.811233774453
2025-03-16 02:00:00,10263.778128158161
2025-03-16 03:00:00,10275.011782735462
2025-03-16 04:00:00,10277.3619286588
2025-03-16 05:00:00,10276.942993603172
2025-03-16 06:00:00,10271.811805890353
2025-03-16 07:00:00,10273.221341406945
2025-03-16 08:00:00,10273.049596435385
2025-03-16 09:00:00,10261.661064696229
2025-03-16 10:00:00,10254.606026614483
2025-03-16 11:00:00,10216.056640997933
2025-03-16 12:00:00,10226.664039803938
2025-03-16 13:00:00,10221.763481052929
2025-03-16 14:00:00,10245.594935981642
2025-03-16 15:00:00,10243.9900405599
2025-03-16 16:00:00,10253.610825841779
2025-03-16 17:00:00,10262.157898363957
2025-03-16 18:00:00,10255.672378875404
2025-03-16 19:00:00,10237.170538439152
2025-03-16 20:00:00,10240.8050913998
2025-03-16 21:00:00,10226.990048562455
2025-03-16 22:00:00,10206.355810291809
2025-03-16 23:00:00,10221.101956224971
2025-03-17 00:00:00,10235.83460791037
2025-03-17 01:00:00,10241.32093968938
2025-03-17 02:00:00,10240.668002110002
2025-03-17 03:00:00,10254.871924632953
2025-03-17 04:00:00,10253.028119688272
2025-03-17 05:00:00,10237.830836517312
2025-03-17 06:00:00,10240.925619567342
2025-03-17 07:00:00,10251.566447305311
2025-03-17 08:00:00,10250.931604285435
2025-03-17 09:00:00,10254.524141065542
2025-03-17 10:00:00,10244.711062753006
2025-03-17 11:00:00,10249.936710200182
2025-03-17 12:00:00,10235.745361862648
2025-03-17 13:00:00,10234.867622382995
2025-03-17 14:00:00,10231.483326380905
2025-03-17 15:00:00,10250.437530804751
2025-03-17 16:00:00,10247.916559972202
2025-03-17 17:00:00,10270.87518242045
2025-03-17 18:00:00,10280.048817401374
2025-03-17 19:00:00,10279.618534910125
2025-03-17 20:00:00,10263.419610530029
2025-03-17 21:00:00,10267.20536040314
2025-03-17 22:00:00,10266.695952549993
2025-03-17 23:00:00,10265.12693955981
2025-03-18 00:00:00,10258.38625611351
2025-03-18 01:00:00,10239.118003741667
2025-03-18 02:00:00,10245.425644509676
2025-03-18 03:00:00,10238.677293877146
2025-03-18 04:00:00,10233.816604494534
2025-03-18 05:00:00,10234.483956384027
2025-03-18 06:00:00,10217.283084107345
2025-03-18 07:00:00,10239.174434232324
2025-03-18 08:00:00,10242.777398385702
2025-03-18 09:00:00,10229.259228999197
2025-03-18 10:00:00,10228.619478980134
2025-03-18 11:00:00,10221.303449879106
2025-03-18 12:00:00,10215.892256525154
2025-03-18 13:00:00,10195.72199122591
2025-03-18 14:00:00,10195.72199122591
2025-03-18 15:00:00,10195.72199122591
2025-03-18 16:00:00,10195.72199122591
2025-03-18 17:00:00,10195.72199122591
2025-03-18 18:00:00,10195.72199122591
2025-03-18 19:00:00,10195.72199122591
2025-03-18 20:00:00,10195.72199122591
2025-03-18 21:00:00,10195.72199122591
2025-03-18 22:00:00,10195.72199122591
2025-03-18 23:00:00,10195.72199122591
2025-03-19 00:00:00,10195.72199122591
2025-03-19 01:00:00,10195.72199122591
2025-03-19 02:00:00,10195.72199122591
2025-03-19 03:00:00,10195.72199122591
2025-03-19 04:00:00,10195.72199122591
2025-03-19 05:00:00,10195.72199122591
2025-03-19 06:00:00,10195.72199122591
2025-03-19 07:00:00,10195.72199122591
2025-03-19 08:00:00,10195.72199122591
2025-03-19 09:00:00,10195.72199122591
2025-03-19 10:00:00,10195.72199122591
2025-03-19 11:00:00,10195.72199122591
2025-03-19 12:00:00,10190.419300029975
2025-03-19 13:00:00,10200.84939271874
2025-03-19 14:00:00,10207.72655380175
2025-03-19 15:00:00,10220.314586228835
2025-03-19 16:00:00,10215.484202893402
2025-03-19 17:00:00,10205.065347892227
2025-03-19 18:00:00,10247.017761709925
2025-03-19 19:00:00,10241.585099063994
2025-03-19 20:00:00,10239.173855772999
2025-03-19 21:00:00,10247.73879604332
2025-03-19 22:00:00,10263.60914441017
2025-03-19 23:00:00,10284.48755306487
2025-03-20 00:00:00,10259.331533815588
2025-03-20 01:00:00,10254.784218718876
2025-03-20 02:00:00,10260.784232727394
2025-03-20 03:00:00,10255.484600004811
2025-03-20 04:00:00,10249.2206521986
2025-03-20 05:00:00,10253.548680526688
2025-03-20 06:00:00,10251.483375780654
2025-03-20 07:00:00,10253.217928046037
2025-03-20 08:00:00,10266.115756185027
2025-03-20 09:00:00,10255.067286957597
2025-03-20 10:00:00,10233.700494474719
2025-03-20 11:00:00,10243.674397791638
2025-03-20 12:00:00,10239.237029800524
2025-03-20 13:00:00,10244.027929368753
2025-03-20 14:00:00,10264.014308605936
2025-03-20 15:00:00,10219.060521038191
2025-03-20 16:00:00,10192.036919600177
2025-03-20 17:00:00,10200.887965322083
2025-03-20 18:00:00,10199.888722290547
2025-03-20 19:00:00,10203.359041706457
2025-03-20 20:00:00,10214.150562725777
2025-03-20 21:00:00,10208.680542361646
2025-03-20 22:00:00,10202.34218284032
2025-03-20 23:00:00,10204.835127157301
2025-03-21 00:00:00,10213.451092603702
2025-03-21 01:00:00,10221.59082307337
2025-03-21 02:00:00,10218.867354300179
2025-03-21 03:00:00,10211.777284595555
2025-03-21 04:00:00,10218.17912186569
2025-03-21 05:00:00,10212.314871272096
2025-03-21 06:00:00,10204.124723068922
2025-03-21 07:00:00,10196.16661792839
2025-03-21 08:00:00,10198.728203256047
2025-03-21 09:00:00,10202.241347373309
2025-03-21 10:00:00,10203.036489700533
2025-03-21 11:00:00,10199.463208768606
2025-03-21 12:00:00,10181.891717477853
2025-03-21 13:00:00,10196.097369475141
2025-03-21 14:00:00,10205.349631016092
2025-03-21 15:00:00,10184.853000018124
2025-03-21 16:00:00,10200.965110528774
2025-03-21 17:00:00,10198.782569366273
2025-03-21 18:00:00,10201.137927940612
2025-03-21 19:00:00,10196.724857652393
2025-03-21 20:00:00,10204.616751552536
2025-03-21 21:00:00,10210.016916020846
2025-03-21 22:00:00,10203.68098626981
2025-03-21 23:00:00,10200.747038645295
2025-03-22 00:00:00,10204.3142451515
2025-03-22 01:00:00,10200.342785613388
2025-03-22 02:00:00,10203.789414768977
2025-03-22 03:00:00,10205.848037646716
2025-03-22 04:00:00,10209.209017399602
2025-03-22 05:00:00,10207.869606527542
2025-03-22 06:00:00,10208.250169299126
2025-03-22 07:00:00,10206.39412851927
2025-03-22 08:00:00,10204.793213619807
2025-03-22 09:00:00,10208.984567369114
2025-03-22 10:00:00,10210.612817184334
2025-03-22 11:00:00,10205.316829117184
2025-03-22 12:00:00,10205.108476314865
2025-03-22 13:00:00,10203.162230313012
2025-03-22 14:00:00,10198.269887835198
2025-03-22 15:00:00,10201.363592856243
2025-03-22 16:00:00,10202.33276748045
2025-03-22 17:00:00,10205.304072823164
2025-03-22 18:00:00,10205.313488183037
2025-03-22 19:00:00,10203.26185089488
2025-03-22 20:00:00,10196.370414911418
2025-03-22 21:00:00,10198.380442383368
2025-03-22 22:00:00,10196.87762945934
2025-03-22 23:00:00,10193.208676322267
2025-03-23 00:00:00,10198.262902245615
2025-03-23 01:00:00,10200.102238354732
2025-03-23 02:00:00,10205.150693573643
2025-03-23 03:00:00,10204.86549928592
2025-03-23 04:00:00,10201.087510207106
2025-03-23 05:00:00,10205.038924140328
2025-03-23 06:00:00,10205.407641781752
2025-03-23 07:00:00,10206.549026375224
2025-03-23 08:00:00,10208.593070631227
2025-03-23 09:00:00,10207.941284751081
2025-03-23 10:00:00,10212.081613324308
2025-03-23 11:00:00,10218.703041084354
2025-03-23 12:00:00,10220.077379904327
2025-03-23 13:00:00,10231.264953480828
2025-03-23 14:00:00,10225.37792379077
2025-03-23 15:00:00,10234.17521084502
2025-03-23 16:00:00,10236.015458117994
2025-03-23 17:00:00,10228.95879775485
2025-03-23 18:00:00,10227.595696622468
2025-03-23 19:00:00,10228.762290082692
2025-03-23 20:00:00,10231.539213802249
2025-03-23 21:00:00,10233.889105393437
2025-03-23 22:00:00,10239.393142541621
2025-03-23 23:00:00,10261.300255192617
2025-03-24 00:00:00,10259.454844657777
2025-03-24 01:00:00,10245.523149260625
2025-03-24 02:00:00,10255.245875073872
2025-03-24 03:00:00,10274.954653055485
2025-03-24 04:00:00,10284.362723616248
2025-03-24 05:00:00,10286.12126986324
2025-03-24 06:00:00,10292.609971421225
2025-03-24 07:00:00,10285.355588500775
2025-03-24 08:00:00,10301.812118949956
2025-03-24 09:00:00,10294.139511818435
2025-03-24 10:00:00,10303.97068905645
2025-03-24 11:00:00,10303.97068905645
2025-03-24 12:00:00,10303.97068905645
2025-03-24 13:00:00,10303.97068905645
2025-03-24 14:00:00,10303.97068905645
2025-03-24 15:00:00,10303.97068905645
2025-03-24 16:00:00,10303.97068905645
2025-03-24 17:00:00,10303.97068905645
2025-03-24 18:00:00,10303.97068905645
2025-03-24 19:00:00,10303.97068905645
2025-03-24 20:00:00,10303.97068905645
2025-03-24 21:00:00,10303.97068905645
2025-03-24 22:00:00,10303.97068905645
2025-03-24 23:00:00,10303.97068905645
2025-03-25 00:00:00,10303.97068905645
2025-03-25 01:00:00,10303.97068905645
2025-03-25 02:00:00,10303.97068905645
2025-03-25 03:00:00,10303.97068905645
2025-03-25 04:00:00,10303.97068905645
2025-03-25 05:00:00,10303.97068905645
2025-03-25 06:00:00,10303.97068905645
2025-03-25 07:00:00,10303.97068905645
2025-03-25 08:00:00,10303.97068905645
2025-03-25 09:00:00,10303.97068905645
2025-03-25 10:00:00,10303.97068905645
2025-03-25 11:00:00,10303.97068905645
2025-03-25 12:00:00,10303.97068905645
2025-03-25 13:00:00,10303.97068905645
2025-03-25 14:00:00,10303.97068905645
2025-03-25 15:00:00,10303.97068905645
2025-03-25 16:00:00,10303.97068905645
2025-03-25 17:00:00,10303.97068905645
2025-03-25 18:00:00,10303.97068905645
2025-03-25 19:00:00,10303.97068905645
2025-03-25 20:00:00,10303.97068905645
2025-03-25 21:00:00,10303.97068905645
2025-03-25 22:00:00,10303.97068905645
2025-03-25 23:00:00,10303.97068905645
2025-03-26 00:00:00,10303.97068905645
2025-03-26 01:00:00,10303.97068905645
2025-03-26 02:00:00,10303.97068905645
2025-03-26 03:00:00,10303.97068905645
2025-03-26 04:00:00,10303.97068905645
2025-03-26 05:00:00,10303.97068905645
2025-03-26 06:00:00,10303.97068905645
2025-03-26 07:00:00,10303.97068905645
2025-03-26 08:00:00,10303.97068905645
2025-03-26 09:00:00,10303.97068905645
2025-03-26 10:00:00,10303.97068905645
2025-03-26 11:00:00,10303.97068905645
2025-03-26 12:00:00,10303.97068905645
2025-03-26 13:00:00,10303.97068905645
2025-03-26 14:00:00,10303.97068905645
2025-03-26 15:00:00,10303.97068905645
2025-03-26 16:00:00,10303.97068905645
2025-03-26 17:00:00,10303.97068905645
2025-03-26 18:00:00,10303.97068905645
2025-03-26 19:00:00,10303.97068905645
2025-03-26 20:00:00,10303.97068905645
2025-03-26 21:00:00,10303.97068905645
2025-03-26 22:00:00,10303.97068905645
2025-03-26 23:00:00,10303.97068905645
2025-03-27 00:00:00,10303.97068905645
2025-03-27 01:00:00,10303.97068905645
2025-03-27 02:00:00,10303.97068905645
2025-03-27 03:00:00,10303.97068905645
2025-03-27 04:00:00,10303.97068905645
2025-03-27 05:00:00,10303.97068905645
2025-03-27 06:00:00,10303.97068905645
2025-03-27 07:00:00,10303.97068905645
2025-03-27 08:00:00,10303.97068905645
2025-03-27 09:00:00,10303.97068905645
2025-03-27 10:00:00,10303.97068905645
2025-03-27 11:00:00,10303.97068905645
2025-03-27 12:00:00,10303.97068905645
2025-03-27 13:00:00,10303.97068905645
2025-03-27 14:00:00,10303.97068905645
2025-03-27 15:00:00,10303.97068905645
2025-03-27 16:00:00,10303.97068905645
2025-03-27 17:00:00,10303.97068905645
2025-03-27 18:00:00,10303.97068905645
2025-03-27 19:00:00,10303.97068905645
2025-03-27 20:00:00,10303.97068905645
2025-03-27 21:00:00,10303.97068905645
2025-03-27 22:00:00,10303.97068905645
2025-03-27 23:00:00,10303.97068905645
2025-03-28 00:00:00,10303.97068905645
2025-03-28 01:00:00,10303.97068905645
2025-03-28 02:00:00,10303.97068905645
2025-03-28 03:00:00,10303.97068905645
2025-03-28 04:00:00,10303.97068905645
2025-03-28 05:00:00,10303.97068905645
2025-03-28 06:00:00,10303.97068905645
2025-03-28 07:00:00,10303.97068905645
2025-03-28 08:00:00,10303.97068905645
2025-03-28 09:00:00,10303.97068905645
2025-03-28 10:00:00,10303.97068905645
2025-03-28 11:00:00,10303.97068905645
2025-03-28 12:00:00,10303.97068905645
2025-03-28 13:00:00,10303.97068905645
2025-03-28 14:00:00,10303.97068905645
2025-03-28 15:00:00,10303.97068905645
2025-03-28 16:00:00,10303.97068905645
2025-03-28 17:00:00,10303.97068905645
2025-03-28 18:00:00,10303.97068905645
2025-03-28 19:00:00,10303.97068905645
2025-03-28 20:00:00,10303.97068905645
2025-03-28 21:00:00,10303.97068905645
2025-03-28 22:00:00,10303.97068905645
2025-03-28 23:00:00,10303.97068905645
2025-03-29 00:00:00,10303.97068905645
2025-03-29 01:00:00,10303.97068905645
2025-03-29 02:00:00,10303.97068905645
2025-03-29 03:00:00,10303.97068905645
2025-03-29 04:00:00,10303.97068905645
2025-03-29 05:00:00,10303.97068905645
2025-03-29 06:00:00,10303.97068905645
2025-03-29 07:00:00,10303.97068905645
2025-03-29 08:00:00,10303.97068905645
2025-03-29 09:00:00,10303.97068905645
2025-03-29 10:00:00,10303.97068905645
2025-03-29 11:00:00,10303.97068905645
2025-03-29 12:00:00,10303.97068905645
2025-03-29 13:00:00,10303.97068905645
2025-03-29 14:00:00,10303.97068905645
2025-03-29 15:00:00,10303.97068905645
2025-03-29 16:00:00,10303.97068905645
2025-03-29 17:00:00,10303.97068905645
2025-03-29 18:00:00,10303.97068905645
2025-03-29 19:00:00,10303.97068905645
2025-03-29 20:00:00,10303.97068905645
2025-03-29 21:00:00,10303.97068905645
2025-03-29 22:00:00,10303.97068905645
2025-03-29 23:00:00,10303.97068905645
2025-03-30 00:00:00,10303.97068905645
2025-03-30 01:00:00,10303.97068905645
2025-03-30 02:00:00,10303.97068905645
2025-03-30 03:00:00,10303.97068905645
2025-03-30 04:00:00,10303.97068905645
2025-03-30 05:00:00,10303.97068905645
2025-03-30 06:00:00,10303.97068905645
2025-03-30 07:00:00,10303.97068905645
2025-03-30 08:00:00,10303.97068905645
2025-03-30 09:00:00,10303.97068905645
2025-03-30 10:00:00,10303.97068905645
2025-03-30 11:00:00,10303.97068905645
2025-03-30 12:00:00,10303.97068905645
2025-03-30 13:00:00,10303.97068905645
2025-03-30 14:00:00,10303.97068905645
2025-03-30 15:00:00,10303.97068905645
2025-03-30 16:00:00,10303.97068905645
2025-03-30 17:00:00,10303.97068905645
2025-03-30 18:00:00,10303.97068905645
2025-03-30 19:00:00,10303.97068905645
2025-03-30 20:00:00,10303.97068905645
2025-03-30 21:00:00,10303.97068905645
2025-03-30 22:00:00,10303.97068905645
2025-03-30 23:00:00,10303.97068905645
2025-03-31 00:00:00,10303.97068905645
2025-03-31 01:00:00,10303.97068905645
2025-03-31 02:00:00,10303.97068905645
2025-03-31 03:00:00,10303.97068905645
2025-03-31 04:00:00,10303.97068905645
2025-03-31 05:00:00,10303.97068905645
2025-03-31 06:00:00,10303.97068905645
2025-03-31 07:00:00,10303.97068905645
2025-03-31 08:00:00,10303.97068905645
2025-03-31 09:00:00,10303.97068905645
2025-03-31 10:00:00,10303.97068905645
2025-03-31 11:00:00,10303.97068905645
2025-03-31 12:00:00,10303.97068905645
2025-03-31 13:00:00,10303.97068905645
2025-03-31 14:00:00,10303.97068905645
2025-03-31 15:00:00,10303.97068905645
2025-03-31 16:00:00,10303.97068905645
2025-03-31 17:00:00,10303.97068905645
2025-03-31 18:00:00,10303.97068905645
2025-03-31 19:00:00,10303.97068905645
2025-03-31 20:00:00,10303.97068905645
2025-03-31 21:00:00,10303.97068905645
2025-03-31 22:00:00,10303.97068905645
2025-03-31 23:00:00,10303.97068905645
2025-04-01 00:00:00,10303.97068905645
2025-04-01 01:00:00,10303.97068905645
2025-04-01 02:00:00,10303.97068905645
2025-04-01 03:00:00,10303.97068905645
2025-04-01 04:00:00,10303.97068905645
2025-04-01 05:00:00,10303.97068905645
2025-04-01 06:00:00,10303.97068905645
2025-04-01 07:00:00,10303.97068905645
2025-04-01 08:00:00,10303.97068905645
2025-04-01 09:00:00,10303.97068905645
2025-04-01 10:00:00,10303.97068905645
2025-04-01 11:00:00,10303.97068905645
2025-04-01 12:00:00,10303.97068905645
2025-04-01 13:00:00,10303.97068905645
2025-04-01 14:00:00,10303.97068905645
2025-04-01 15:00:00,10303.97068905645
2025-04-01 16:00:00,10303.97068905645
2025-04-01 17:00:00,10303.97068905645
2025-04-01 18:00:00,10303.97068905645
2025-04-01 19:00:00,10303.97068905645
2025-04-01 20:00:00,10303.97068905645
2025-04-01 21:00:00,10303.97068905645
2025-04-01 22:00:00,10303.97068905645
2025-04-01 23:00:00,10303.97068905645
2025-04-02 00:00:00,10303.97068905645
2025-04-02 01:00:00,10303.97068905645
2025-04-02 02:00:00,10303.97068905645
2025-04-02 03:00:00,10303.97068905645
2025-04-02 04:00:00,10303.97068905645
2025-04-02 05:00:00,10303.97068905645
2025-04-02 06:00:00,10303.97068905645
2025-04-02 07:00:00,10303.97068905645
2025-04-02 08:00:00,10303.97068905645
2025-04-02 09:00:00,10303.97068905645
2025-04-02 10:00:00,10303.97068905645
2025-04-02 11:00:00,10303.97068905645
2025-04-02 12:00:00,10303.97068905645
2025-04-02 13:00:00,10303.97068905645
2025-04-02 14:00:00,10303.97068905645
2025-04-02 15:00:00,10303.97068905645
2025-04-02 16:00:00,10303.97068905645
2025-04-02 17:00:00,10303.97068905645
2025-04-02 18:00:00,10303.97068905645
2025-04-02 19:00:00,10303.97068905645
2025-04-02 20:00:00,10303.97068905645
2025-04-02 21:00:00,10303.97068905645
2025-04-02 22:00:00,10303.97068905645
2025-04-02 23:00:00,10303.97068905645
2025-04-03 00:00:00,10303.97068905645
2025-04-03 01:00:00,10303.97068905645
2025-04-03 02:00:00,10303.97068905645
2025-04-03 03:00:00,10303.97068905645
2025-04-03 04:00:00,10303.97068905645
2025-04-03 05:00:00,10303.97068905645
2025-04-03 06:00:00,10303.97068905645
2025-04-03 07:00:00,10303.97068905645
2025-04-03 08:00:00,10303.97068905645
2025-04-03 09:00:00,10303.97068905645
2025-04-03 10:00:00,10303.97068905645
2025-04-03 11:00:00,10303.97068905645
2025-04-03 12:00:00,10303.97068905645
2025-04-03 13:00:00,10303.97068905645
2025-04-03 14:00:00,10303.97068905645
2025-04-03 15:00:00,10303.97068905645
2025-04-03 16:00:00,10303.97068905645
2025-04-03 17:00:00,10303.97068905645
2025-04-03 18:00:00,10303.97068905645
2025-04-03 19:00:00,10303.97068905645
2025-04-03 20:00:00,10303.97068905645
2025-04-03 21:00:00,10303.97068905645
2025-04-03 22:00:00,10303.97068905645
2025-04-03 23:00:00,10303.97068905645
2025-04-04 00:00:00,10303.97068905645
2025-04-04 01:00:00,10303.97068905645
2025-04-04 02:00:00,10303.97068905645
2025-04-04 03:00:00,10303.97068905645
2025-04-04 04:00:00,10303.97068905645
2025-04-04 05:00:00,10303.97068905645
2025-04-04 06:00:00,10303.97068905645
2025-04-04 07:00:00,10303.97068905645
2025-04-04 08:00:00,10303.97068905645
2025-04-04 09:00:00,10303.97068905645
2025-04-04 10:00:00,10303.97068905645
2025-04-04 11:00:00,10303.97068905645
2025-04-04 12:00:00,10303.97068905645
2025-04-04 13:00:00,10303.97068905645
2025-04-04 14:00:00,10303.97068905645
2025-04-04 15:00:00,10303.97068905645
2025-04-04 16:00:00,10303.97068905645
2025-04-04 17:00:00,10303.97068905645
2025-04-04 18:00:00,10303.97068905645
2025-04-04 19:00:00,10303.97068905645
2025-04-04 20:00:00,10303.97068905645
2025-04-04 21:00:00,10303.97068905645
2025-04-04 22:00:00,10298.735910867319
2025-04-04 23:00:00,10293.632425176767
2025-04-05 00:00:00,10290.504640185023
2025-04-05 01:00:00,10296.38494937015
2025-04-05 02:00:00,10296.285246827145
2025-04-05 03:00:00,10285.50146870952
2025-04-05 04:00:00,10287.14503148899
2025-04-05 05:00:00,10287.479004424455
2025-04-05 06:00:00,10281.014548438288
2025-04-05 07:00:00,10282.48378468551
2025-04-05 08:00:00,10282.31924490595
2025-04-05 09:00:00,10292.207840988682
2025-04-05 10:00:00,10286.036681747122
2025-04-05 11:00:00,10280.261885989408
2025-04-05 12:00:00,10275.023526613382
2025-04-05 13:00:00,10258.932881850918
2025-04-05 14:00:00,10263.807296361376
2025-04-05 15:00:00,10254.742010848486
2025-04-05 16:00:00,10258.464035229981
2025-04-05 17:00:00,10262.426752560385
2025-04-05 18:00:00,10267.521980678355
2025-04-05 19:00:00,10262.135290831908
2025-04-05 20:00:00,10268.725139586884
2025-04-05 21:00:00,10263.7834411517
2025-04-05 22:00:00,10272.179251613556
2025-04-05 23:00:00,10282.870667252691
2025-04-06 00:00:00,10282.54128185755
2025-04-06 01:00:00,10279.536442946443
2025-04-06 02:00:00,10275.592381613347
2025-04-06 03:00:00,10276.94203597617
2025-04-06 04:00:00,10281.708490371042
2025-04-06 05:00:00,10280.179921935649
2025-04-06 06:00:00,10269.788531433593
2025-04-06 07:00:00,10267.180361842355
2025-04-06 08:00:00,10267.464789342337
2025-04-06 09:00:00,10268.715352834195
2025-04-06 10:00:00,10262.44877275393
2025-04-06 11:00:00,10262.012650587292
2025-04-06 12:00:00,10257.180441447801
2025-04-06 13:00:00,10245.192281077561
2025-04-06 14:00:00,10256.234796469364
2025-04-06 15:00:00,10252.604217058293
2025-04-06 16:00:00,10229.619677639479
2025-04-06 17:00:00,10229.619677639479
2025-04-06 18:00:00,10229.619677639479
2025-04-06 19:00:00,10229.619677639479
2025-04-06 20:00:00,10229.619677639479
2025-04-06 21:00:00,10229.619677639479
2025-04-06 22:00:00,10229.619677639479
2025-04-06 23:00:00,10229.619677639479
2025-04-07 00:00:00,10229.619677639479
2025-04-07 01:00:00,10229.619677639479
2025-04-07 02:00:00,10229.619677639479
2025-04-07 03:00:00,10229.619677639479
2025-04-07 04:00:00,10229.619677639479
2025-04-07 05:00:00,10229.619677639479
2025-04-07 06:00:00,10229.619677639479
2025-04-07 07:00:00,10229.619677639479
2025-04-07 08:00:00,10229.619677639479
2025-04-07 09:00:00,10229.619677639479
2025-04-07 10:00:00,10229.619677639479
2025-04-07 11:00:00,10229.619677639479
2025-04-07 12:00:00,10229.619677639479
2025-04-07 13:00:00,10229.619677639479
2025-04-07 14:00:00,10229.619677639479
2025-04-07 15:00:00,10229.619677639479
2025-04-07 16:00:00,10229.619677639479
2025-04-07 17:00:00,10229.619677639479
2025-04-07 18:00:00,10229.619677639479
2025-04-07 19:00:00,10229.619677639479
2025-04-07 20:00:00,10229.619677639479
2025-04-07 21:00:00,10229.619677639479
2025-04-07 22:00:00,10229.619677639479
2025-04-07 23:00:00,10229.619677639479
2025-04-08 00:00:00,10229.619677639479
2025-04-08 01:00:00,10229.619677639479
2025-04-08 02:00:00,10229.619677639479
2025-04-08 03:00:00,10229.619677639479
2025-04-08 04:00:00,10229.619677639479
2025-04-08 05:00:00,10229.619677639479
2025-04-08 06:00:00,10229.619677639479
2025-04-08 07:00:00,10229.619677639479
2025-04-08 08:00:00,10229.619677639479
2025-04-08 09:00:00,10229.619677639479
2025-04-08 10:00:00,10229.619677639479
2025-04-08 11:00:00,10229.619677639479
2025-04-08 12:00:00,10229.619677639479
2025-04-08 13:00:00,10229.619677639479
2025-04-08 14:00:00,10229.619677639479
2025-04-08 15:00:00,10229.619677639479
2025-04-08 16:00:00,10229.619677639479
2025-04-08 17:00:00,10229.619677639479
2025-04-08 18:00:00,10229.619677639479
2025-04-08 19:00:00,10229.619677639479
2025-04-08 20:00:00,10229.619677639479
2025-04-08 21:00:00,10229.619677639479
2025-04-08 22:00:00,10229.619677639479
2025-04-08 23:00:00,10229.619677639479
2025-04-09 00:00:00,10229.619677639479
2025-04-09 01:00:00,10229.619677639479
2025-04-09 02:00:00,10229.619677639479
2025-04-09 03:00:00,10229.619677639479
2025-04-09 04:00:00,10229.619677639479
2025-04-09 05:00:00,10229.619677639479
2025-04-09 06:00:00,10229.619677639479
2025-04-09 07:00:00,10229.619677639479
2025-04-09 08:00:00,10229.619677639479
2025-04-09 09:00:00,10229.619677639479
2025-04-09 10:00:00,10229.619677639479
2025-04-09 11:00:00,10229.619677639479
2025-04-09 12:00:00,10229.619677639479
2025-04-09 13:00:00,10229.619677639479
2025-04-09 14:00:00,10229.619677639479
2025-04-09 15:00:00,10229.619677639479
2025-04-09 16:00:00,10229.619677639479
2025-04-09 17:00:00,10229.619677639479
2025-04-09 18:00:00,10229.619677639479
2025-04-09 19:00:00,10229.619677639479
2025-04-09 20:00:00,10229.619677639479
2025-04-09 21:00:00,10229.619677639479
2025-04-09 22:00:00,10229.619677639479
2025-04-09 23:00:00,10229.619677639479
2025-04-10 00:00:00,10229.619677639479
2025-04-10 01:00:00,10229.619677639479
2025-04-10 02:00:00,10229.619677639479
2025-04-10 03:00:00,10229.619677639479
2025-04-10 04:00:00,10229.619677639479
2025-04-10 05:00:00,10229.619677639479
2025-04-10 06:00:00,10229.619677639479
2025-04-10 07:00:00,10229.619677639479
2025-04-10 08:00:00,10229.619677639479
2025-04-10 09:00:00,10229.619677639479
2025-04-10 10:00:00,10229.619677639479
2025-04-10 11:00:00,10229.619677639479
2025-04-10 12:00:00,10229.619677639479
2025-04-10 13:00:00,10229.619677639479
2025-04-10 14:00:00,10229.619677639479
2025-04-10 15:00:00,10229.619677639479
2025-04-10 16:00:00,10229.619677639479
2025-04-10 17:00:00,10229.619677639479
2025-04-10 18:00:00,10229.619677639479
2025-04-10 19:00:00,10229.619677639479
2025-04-10 20:00:00,10229.619677639479
2025-04-10 21:00:00,10229.619677639479
2025-04-10 22:00:00,10229.619677639479
2025-04-10 23:00:00,10229.619677639479
2025-04-11 00:00:00,10229.619677639479
2025-04-11 01:00:00,10229.619677639479
2025-04-11 02:00:00,10229.619677639479
2025-04-11 03:00:00,10229.619677639479
2025-04-11 04:00:00,10229.619677639479
2025-04-11 05:00:00,10226.061935245072
2025-04-11 06:00:00,10235.099753160168
2025-04-11 07:00:00,10240.30629469755
2025-04-11 08:00:00,10251.84468090503
2025-04-11 09:00:00,10277.697580256496
2025-04-11 10:00:00,10285.814551968635
2025-04-11 11:00:00,10267.57490818397
2025-04-11 12:00:00,10267.127757402506
2025-04-11 13:00:00,10292.887118498627
2025-04-11 14:00:00,10260.253959665122
2025-04-11 15:00:00,10279.964618918137
2025-04-11 16:00:00,10288.519577190777
2025-04-11 17:00:00,10324.466707929023
2025-04-11 18:00:00,10314.290946576435
2025-04-11 19:00:00,10322.20030128262
2025-04-11 20:00:00,10321.875445449868
2025-04-11 21:00:00,10316.377228879772
2025-04-11 22:00:00,10308.20305978852
2025-04-11 23:00:00,10308.471666265019
2025-04-12 00:00:00,10306.741208541134
2025-04-12 01:00:00,10301.94768896232
2025-04-12 02:00:00,10288.911742646462
2025-04-12 03:00:00,10294.228886850637
2025-04-12 04:00:00,10301.652221838172
2025-04-12 05:00:00,10305.788129560997
2025-04-12 06:00:00,10313.008903664493
2025-04-12 07:00:00,10317.986023670184
2025-04-12 08:00:00,10314.189192122985
2025-04-12 09:00:00,10312.458418391481
2025-04-12 10:00:00,10308.36422367442
2025-04-12 11:00:00,10311.772681857365
2025-04-12 12:00:00,10321.302207628261
2025-04-12 13:00:00,10341.15949441668
2025-04-12 14:00:00,10352.836291961463
2025-04-12 15:00:00,10358.544969606084
2025-04-12 16:00:00,10347.509667528704
2025-04-12 17:00:00,10350.717776880945
2025-04-12 18:00:00,10363.90477483888
2025-04-12 19:00:00,10356.490920079927
2025-04-12 20:00:00,10374.626281350187
2025-04-12 21:00:00,10369.906391546696
2025-04-12 22:00:00,10368.897695225542
2025-04-12 23:00:00,10367.029774187215
2025-04-13 00:00:00,10373.944652915123
2025-04-13 01:00:00,10366.488453135167
2025-04-13 02:00:00,10367.829905479559
2025-04-13 03:00:00,10371.94084860045
2025-04-13 04:00:00,10346.270601653003
2025-04-13 05:00:00,10342.971482106372
2025-04-13 06:00:00,10345.913829050689
2025-04-13 07:00:00,10339.73303602267
2025-04-13 08:00:00,10347.680627650805
2025-04-13 09:00:00,10355.695844909495
2025-04-13 10:00:00,10348.381848558272
2025-04-13 11:00:00,10343.384820072559
2025-04-13 12:00:00,10341.17561080527
2025-04-13 13:00:00,10314.010963825638
2025-04-13 14:00:00,10329.624584293015
2025-04-13 15:00:00,10321.927902714691
2025-04-13 16:00:00,10333.81958544067
2025-04-13 17:00:00,10350.532596415971
2025-04-13 18:00:00,10349.747317481739
2025-04-13 19:00:00,10326.08814302421
2025-04-13 20:00:00,10310.878064286819
2025-04-13 21:00:00,10314.259661822112
2025-04-13 22:00:00,10305.695539328512
2025-04-13 23:00:00,10319.09457839907
2025-04-14 00:00:00,10336.972393459513
2025-04-14 01:00:00,10333.88373498741
2025-04-14 02:00:00,10362.725750410866
2025-04-14 03:00:00,10344.56574054629
2025-04-14 04:00:00,10354.149619627726
2025-04-14 05:00:00,10344.85488751805
2025-04-14 06:00:00,10346.404272876012
2025-04-14 07:00:00,10345.03121976968
2025-04-14 08:00:00,10350.795830762938
2025-04-14 09:00:00,10340.66905059136
2025-04-14 10:00:00,10347.435721745764
2025-04-14 11:00:00,10355.990048003163
2025-04-14 12:00:00,10362.34843731329
2025-04-14 13:00:00,10338.581504257543
2025-04-14 14:00:00,10371.665605963944
2025-04-14 15:00:00,10329.875494342827
2025-04-14 16:00:00,10337.485905841053
2025-04-14 17:00:00,10353.846884328332
2025-04-14 18:00:00,10357.901578092968
2025-04-14 19:00:00,10355.848476589668
2025-04-14 20:00:00,10353.912929920789
2025-04-14 21:00:00,10348.992059271352
2025-04-14 22:00:00,10342.479458242953
2025-04-14 23:00:00,10345.37314001388
2025-04-15 00:00:00,10356.089590403277
2025-04-15 01:00:00,10357.765378809003
2025-04-15 02:00:00,10365.63712860848
2025-04-15 03:00:00,10370.286548712844
2025-04-15 04:00:00,10373.778432907313
2025-04-15 05:00:00,10375.524375004548
2025-04-15 06:00:00,10370.646481391352
2025-04-15 07:00:00,10380.930001342158
2025-04-15 08:00:00,10385.140170855542
2025-04-15 09:00:00,10389.532676765328
2025-04-15 10:00:00,10378.445233430744
2025-04-15 11:00:00,10376.899640164216
2025-04-15 12:00:00,10384.183931799213
2025-04-15 13:00:00,10376.906276324224
2025-04-15 14:00:00,10362.92104311966
2025-04-15 15:00:00,10355.6926848333
2025-04-15 16:00:00,10353.881013151227
2025-04-15 17:00:00,10341.949197457585
2025-04-15 18:00:00,10332.8725106053
2025-04-15 19:00:00,10326.631992137212
2025-04-15 20:00:00,10327.311092511323
2025-04-15 21:00:00,10332.303696890365
2025-04-15 22:00:00,10321.574290188571
2025-04-15 23:00:00,10315.428574006308
2025-04-16 00:00:00,10299.69202657498
2025-04-16 01:00:00,10315.232649282272
2025-04-16 02:00:00,10323.518685070796
2025-04-16 03:00:00,10317.061385375793
2025-04-16 04:00:00,10313.658931337617
2025-04-16 05:00:00,10306.549075908535
2025-04-16 06:00:00,10315.428574006308
2025-04-16 07:00:00,10306.554448038065
2025-04-16 08:00:00,10318.361124714422
2025-04-16 09:00:00,10314.038772496146
2025-04-16 10:00:00,10324.688545277848
2025-04-16 11:00:00,10328.199073921862
2025-04-16 12:00:00,10319.022528661844
2025-04-16 13:00:00,10318.347852394407
2025-04-16 14:00:00,10345.807018475329
2025-04-16 15:00:00,10353.431334308809
2025-04-16 16:00:00,10359.813740198011
2025-04-16 17:00:00,10303.964449589388
2025-04-16 18:00:00,10327.625836100255
2025-04-16 19:00:00,10337.233731760763
2025-04-16 20:00:00,10336.032270791771
2025-04-16 21:00:00,10343.912552796972
2025-04-16 22:00:00,10341.228700085332
2025-04-16 23:00:00,10327.63879241265
2025-04-17 00:00:00,10333.314921272473
2025-04-17 01:00:00,10337.35950279329
2025-04-17 02:00:00,10335.301345168078
2025-04-17 03:00:00,10326.496424868486
2025-04-17 04:00:00,10331.515257879939
2025-04-17 05:00:00,10339.044139412357
2025-04-17 06:00:00,10351.124794694742
2025-04-17 07:00:00,10347.850639750046
2025-04-17 08:00:00,10340.758164740031
2025-04-17 09:00:00,10341.762120946894
2025-04-17 10:00:00,10338.600780722327
2025-04-17 11:00:00,10344.438389475668
2025-04-17 12:00:00,10351.200636523401
2025-04-17 13:00:00,10341.693547293482
2025-04-17 14:00:00,10329.4305556147
2025-04-17 15:00:00,10343.481202396479
2025-04-17 16:00:00,10356.193872917682
2025-04-17 17:00:00,10361.713261998279
2025-04-17 18:00:00,10355.110282790729
2025-04-17 19:00:00,10353.509704198423
2025-04-17 20:00:00,10362.703629877507
2025-04-17 21:00:00,10360.238770446116
2025-04-17 22:00:00,10349.437946022339
2025-04-17 23:00:00,10356.63343951628
2025-04-18 00:00:00,10352.499427839171
2025-04-18 01:00:00,10355.92779450214
2025-04-18 02:00:00,10354.740237868402
2025-04-18 03:00:00,10352.844192151948
2025-04-18 04:00:00,10347.652502972678
2025-04-18 05:00:00,10349.904373268586
2025-04-18 06:00:00,10349.475866936667
2025-04-18 07:00:00,10347.367148092351
2025-04-18 08:00:00,10347.134566484467
2025-04-18 09:00:00,10344.024419494242
2025-04-18 10:00:00,10343.150658426577
2025-04-18 11:00:00,10347.823147087158
2025-04-18 12:00:00,10347.080213173927
2025-04-18 13:00:00,10344.71047203598
2025-04-18 14:00:00,10345.10611357548
2025-04-18 15:00:00,10338.516090680325
2025-04-18 16:00:00,10341.787717564066
2025-04-18 17:00:00,10344.751869034122
2025-04-18 18:00:00,10346.175167351941
2025-04-18 19:00:00,10344.46461810808
2025-04-18 20:00:00,10343.114949565585
2025-04-18 21:00:00,10346.321162872107
2025-04-18 22:00:00,10343.157926601823
2025-04-18 23:00:00,10341.679326950609
2025-04-19 00:00:00,10340.477865981617
2025-04-19 01:00:00,10343.87147180645
2025-04-19 02:00:00,10351.510639998041
2025-04-19 03:00:00,10354.604670599674
2025-04-19 04:00:00,10358.971579892286
2025-04-19 05:00:00,10360.807268153434
2025-04-19 06:00:00,10355.814031759153
2025-04-19 07:00:00,10365.149212844113
2025-04-19 08:00:00,10368.127268649423
2025-04-19 09:00:00,10368.648365213829
2025-04-19 10:00:00,10366.179713691006
2025-04-19 11:00:00,10365.149528851733
2025-04-19 12:00:00,10367.61533630598
2025-04-19 13:00:00,10373.212147253333
2025-04-19 14:00:00,10371.396683479828
2025-04-19 15:00:00,10364.321272881261
2025-04-19 16:00:00,10353.410793813548
2025-04-19 17:00:00,10365.86117801064
2025-04-19 18:00:00,10362.850257412912
2025-04-19 19:00:00,10360.982968389826
2025-04-19 20:00:00,10364.468532431905
2025-04-19 21:00:00,10369.008929907573
2025-04-19 22:00:00,10366.491297203742
2025-04-19 23:00:00,10360.71309788285
2025-04-20 00:00:00,10363.588135204232
2025-04-20 01:00:00,10368.396507141159
2025-04-20 02:00:00,10365.435199739679
2025-04-20 03:00:00,10363.614047829024
2025-04-20 04:00:00,10364.1297722639
2025-04-20 05:00:00,10361.077454668028
2025-04-20 06:00:00,10356.870761238457
2025-04-20 07:00:00,10351.454074634166
2025-04-20 08:00:00,10347.133934469228
2025-04-20 09:00:00,10344.09520520099
2025-04-20 10:00:00,10332.49424948487
2025-04-20 11:00:00,10330.781488187671
2025-04-20 12:00:00,10338.2307358
2025-04-20 13:00:00,10336.639637436276
2025-04-20 14:00:00,10346.465894361796
2025-04-20 15:00:00,10337.570279875436
2025-04-20 16:00:00,10345.769097561
2025-04-20 17:00:00,10345.069772699248
2025-04-20 18:00:00,10344.937049499096
2025-04-20 19:00:00,10347.270133753193
2025-04-20 20:00:00,10362.311148414201
2025-04-20 21:00:00,10358.572462268974
2025-04-20 22:00:00,10353.074245698877
2025-04-20 23:00:00,10363.943643776067
2025-04-21 00:00:00,10409.652249877858
2025-04-21 01:00:00,10424.202108065672
2025-04-21 02:00:00,10424.202108065672
2025-04-21 03:00:00,10424.202108065672
2025-04-21 04:00:00,10424.202108065672
2025-04-21 05:00:00,10424.202108065672
2025-04-21 06:00:00,10424.202108065672
2025-04-21 07:00:00,10424.202108065672
2025-04-21 08:00:00,10424.202108065672
2025-04-21 09:00:00,10424.202108065672
2025-04-21 10:00:00,10424.202108065672
2025-04-21 11:00:00,10424.202108065672
2025-04-21 12:00:00,10424.202108065672
2025-04-21 13:00:00,10424.202108065672
2025-04-21 14:00:00,10424.202108065672
2025-04-21 15:00:00,10424.202108065672
2025-04-21 16:00:00,10424.202108065672
2025-04-21 17:00:00,10424.202108065672
2025-04-21 18:00:00,10424.202108065672
2025-04-21 19:00:00,10424.202108065672
2025-04-21 20:00:00,10424.202108065672
2025-04-21 21:00:00,10424.202108065672
2025-04-21 22:00:00,10424.202108065672
2025-04-21 23:00:00,10424.202108065672
2025-04-22 00:00:00,10424.202108065672
2025-04-22 01:00:00,10424.202108065672
2025-04-22 02:00:00,10424.202108065672
2025-04-22 03:00:00,10424.202108065672
2025-04-22 04:00:00,10424.202108065672
2025-04-22 05:00:00,10424.202108065672
2025-04-22 06:00:00,10424.202108065672
2025-04-22 07:00:00,10424.202108065672
2025-04-22 08:00:00,10424.202108065672
2025-04-22 09:00:00,10424.202108065672
2025-04-22 10:00:00,10424.202108065672
2025-04-22 11:00:00,10424.202108065672
2025-04-22 12:00:00,10424.202108065672
2025-04-22 13:00:00,10424.202108065672
2025-04-22 14:00:00,10424.202108065672
2025-04-22 15:00:00,10424.202108065672
2025-04-22 16:00:00,10424.202108065672
2025-04-22 17:00:00,10424.202108065672
2025-04-22 18:00:00,10424.202108065672
2025-04-22 19:00:00,10424.202108065672
2025-04-22 20:00:00,10424.202108065672
2025-04-22 21:00:00,10424.202108065672
2025-04-22 22:00:00,10424.202108065672
2025-04-22 23:00:00,10424.202108065672
2025-04-23 00:00:00,10424.202108065672
2025-04-23 01:00:00,10424.202108065672
2025-04-23 02:00:00,10424.202108065672
2025-04-23 03:00:00,10424.202108065672
2025-04-23 04:00:00,10424.202108065672
2025-04-23 05:00:00,10424.202108065672
2025-04-23 06:00:00,10424.202108065672
2025-04-23 07:00:00,10424.202108065672
2025-04-23 08:00:00,10424.202108065672
2025-04-23 09:00:00,10424.202108065672
2025-04-23 10:00:00,10424.202108065672
2025-04-23 11:00:00,10424.202108065672
2025-04-23 12:00:00,10424.202108065672
2025-04-23 13:00:00,10424.202108065672
2025-04-23 14:00:00,10424.202108065672
2025-04-23 15:00:00,10424.202108065672
2025-04-23 16:00:00,10424.202108065672
2025-04-23 17:00:00,10424.202108065672
2025-04-23 18:00:00,10424.202108065672
2025-04-23 19:00:00,10424.202108065672
2025-04-23 20:00:00,10424.202108065672
2025-04-23 21:00:00,10424.202108065672
2025-04-23 22:00:00,10424.202108065672
2025-04-23 23:00:00,10424.202108065672
2025-04-24 00:00:00,10424.202108065672
2025-04-24 01:00:00,10424.202108065672
2025-04-24 02:00:00,10424.202108065672
2025-04-24 03:00:00,10424.202108065672
2025-04-24 04:00:00,10424.202108065672
2025-04-24 05:00:00,10424.202108065672
2025-04-24 06:00:00,10424.202108065672
2025-04-24 07:00:00,10424.202108065672
2025-04-24 08:00:00,10424.202108065672
2025-04-24 09:00:00,10424.202108065672
2025-04-24 10:00:00,10424.202108065672
2025-04-24 11:00:00,10424.202108065672
2025-04-24 12:00:00,10424.202108065672
2025-04-24 13:00:00,10424.202108065672
2025-04-24 14:00:00,10424.202108065672
2025-04-24 15:00:00,10424.202108065672
2025-04-24 16:00:00,10424.202108065672
2025-04-24 17:00:00,10424.202108065672
2025-04-24 18:00:00,10424.202108065672
2025-04-24 19:00:00,10424.202108065672
2025-04-24 20:00:00,10424.202108065672
2025-04-24 21:00:00,10424.202108065672
2025-04-24 22:00:00,10424.202108065672
2025-04-24 23:00:00,10424.202108065672
2025-04-25 00:00:00,10424.202108065672
2025-04-25 01:00:00,10424.202108065672
2025-04-25 02:00:00,10424.202108065672
2025-04-25 03:00:00,10424.202108065672
2025-04-25 04:00:00,10424.202108065672
2025-04-25 05:00:00,10424.202108065672
2025-04-25 06:00:00,10424.202108065672
2025-04-25 07:00:00,10424.202108065672
2025-04-25 08:00:00,10424.202108065672
2025-04-25 09:00:00,10424.202108065672
2025-04-25 10:00:00,10424.202108065672
2025-04-25 11:00:00,10424.202108065672
2025-04-25 12:00:00,10424.202108065672
2025-04-25 13:00:00,10424.202108065672
2025-04-25 14:00:00,10424.202108065672
2025-04-25 15:00:00,10424.202108065672
2025-04-25 16:00:00,10424.202108065672
2025-04-25 17:00:00,10424.202108065672
2025-04-25 18:00:00,10424.202108065672
2025-04-25 19:00:00,10424.202108065672
2025-04-25 20:00:00,10424.202108065672
2025-04-25 21:00:00,10424.202108065672
2025-04-25 22:00:00,10424.202108065672
2025-04-25 23:00:00,10424.202108065672
2025-04-26 00:00:00,10424.202108065672
2025-04-26 01:00:00,10424.202108065672
2025-04-26 02:00:00,10424.202108065672
2025-04-26 03:00:00,10424.202108065672
2025-04-26 04:00:00,10424.202108065672
2025-04-26 05:00:00,10424.202108065672
2025-04-26 06:00:00,10424.202108065672
2025-04-26 07:00:00,10424.202108065672
2025-04-26 08:00:00,10424.202108065672
2025-04-26 09:00:00,10424.202108065672
2025-04-26 10:00:00,10424.202108065672
2025-04-26 11:00:00,10424.202108065672
2025-04-26 12:00:00,10424.202108065672
2025-04-26 13:00:00,10424.202108065672
2025-04-26 14:00:00,10424.202108065672
2025-04-26 15:00:00,10424.202108065672
2025-04-26 16:00:00,10424.202108065672
2025-04-26 17:00:00,10424.202108065672
2025-04-26 18:00:00,10424.202108065672
2025-04-26 19:00:00,10424.202108065672
2025-04-26 20:00:00,10424.202108065672
2025-04-26 21:00:00,10424.202108065672
2025-04-26 22:00:00,10424.202108065672
2025-04-26 23:00:00,10424.202108065672
2025-04-27 00:00:00,10424.202108065672
2025-04-27 01:00:00,10424.202108065672
2025-04-27 02:00:00,10424.202108065672
2025-04-27 03:00:00,10424.202108065672
2025-04-27 04:00:00,10424.202108065672
2025-04-27 05:00:00,10424.202108065672
2025-04-27 06:00:00,10424.202108065672
2025-04-27 07:00:00,10424.202108065672
2025-04-27 08:00:00,10424.202108065672
2025-04-27 09:00:00,10424.202108065672
2025-04-27 10:00:00,10424.202108065672
2025-04-27 11:00:00,10424.202108065672
2025-04-27 12:00:00,10424.202108065672
2025-04-27 13:00:00,10424.202108065672
2025-04-27 14:00:00,10424.202108065672
2025-04-27 15:00:00,10424.202108065672
2025-04-27 16:00:00,10424.202108065672
2025-04-27 17:00:00,10424.202108065672
2025-04-27 18:00:00,10424.202108065672
2025-04-27 19:00:00,10424.202108065672
2025-04-27 20:00:00,10424.202108065672
2025-04-27 21:00:00,10424.202108065672
2025-04-27 22:00:00,10424.202108065672
2025-04-27 23:00:00,10424.202108065672
2025-04-28 00:00:00,10424.202108065672
2025-04-28 01:00:00,10424.202108065672
2025-04-28 02:00:00,10424.202108065672
2025-04-28 03:00:00,10424.202108065672
2025-04-28 04:00:00,10424.202108065672
2025-04-28 05:00:00,10424.202108065672
2025-04-28 06:00:00,10424.202108065672
2025-04-28 07:00:00,10424.202108065672
2025-04-28 08:00:00,10424.202108065672
2025-04-28 09:00:00,10424.202108065672
2025-04-28 10:00:00,10424.202108065672
2025-04-28 11:00:00,10424.202108065672
2025-04-28 12:00:00,10424.202108065672
2025-04-28 13:00:00,10424.202108065672
2025-04-28 14:00:00,10424.202108065672
2025-04-28 15:00:00,10424.202108065672
2025-04-28 16:00:00,10424.202108065672
2025-04-28 17:00:00,10424.202108065672
2025-04-28 18:00:00,10424.202108065672
2025-04-28 19:00:00,10424.202108065672
2025-04-28 20:00:00,10424.202108065672
2025-04-28 21:00:00,10424.202108065672
2025-04-28 22:00:00,10424.202108065672
2025-04-28 23:00:00,10424.202108065672
2025-04-29 00:00:00,10424.202108065672
2025-04-29 01:00:00,10424.202108065672
2025-04-29 02:00:00,10424.202108065672
2025-04-29 03:00:00,10424.202108065672
2025-04-29 04:00:00,10424.202108065672
2025-04-29 05:00:00,10424.202108065672
2025-04-29 06:00:00,10424.202108065672
2025-04-29 07:00:00,10424.202108065672
2025-04-29 08:00:00,10424.202108065672
2025-04-29 09:00:00,10424.202108065672
2025-04-29 10:00:00,10424.202108065672
2025-04-29 11:00:00,10424.202108065672
2025-04-29 12:00:00,10424.202108065672
2025-04-29 13:00:00,10424.202108065672
2025-04-29 14:00:00,10424.202108065672
2025-04-29 15:00:00,10424.202108065672
2025-04-29 16:00:00,10424.202108065672
2025-04-29 17:00:00,10424.202108065672
2025-04-29 18:00:00,10424.202108065672
2025-04-29 19:00:00,10424.202108065672
2025-04-29 20:00:00,10424.202108065672
2025-04-29 21:00:00,10424.202108065672
2025-04-29 22:00:00,10424.202108065672
2025-04-29 23:00:00,10424.202108065672
2025-04-30 00:00:00,10424.202108065672
2025-04-30 01:00:00,10424.202108065672
2025-04-30 02:00:00,10424.202108065672
2025-04-30 03:00:00,10424.202108065672
2025-04-30 04:00:00,10424.202108065672
2025-04-30 05:00:00,10424.202108065672
2025-04-30 06:00:00,10424.202108065672
2025-04-30 07:00:00,10424.202108065672
2025-04-30 08:00:00,10424.202108065672
2025-04-30 09:00:00,10424.202108065672
2025-04-30 10:00:00,10424.202108065672
2025-04-30 11:00:00,10424.202108065672
2025-04-30 12:00:00,10424.202108065672
2025-04-30 13:00:00,10424.202108065672
2025-04-30 14:00:00,10424.202108065672
2025-04-30 15:00:00,10424.202108065672
2025-04-30 16:00:00,10424.202108065672
2025-04-30 17:00:00,10424.202108065672
2025-04-30 18:00:00,10424.202108065672
2025-04-30 19:00:00,10424.202108065672
2025-04-30 20:00:00,10424.202108065672
2025-04-30 21:00:00,10424.202108065672
2025-04-30 22:00:00,10424.202108065672
2025-04-30 23:00:00,10424.202108065672
2025-05-01 00:00:00,10424.202108065672
2025-05-01 01:00:00,10424.202108065672
2025-05-01 02:00:00,10424.202108065672
2025-05-01 03:00:00,10424.202108065672
2025-05-01 04:00:00,10424.202108065672
2025-05-01 05:00:00,10424.202108065672
2025-05-01 06:00:00,10424.202108065672
2025-05-01 07:00:00,10424.202108065672
2025-05-01 08:00:00,10424.202108065672
2025-05-01 09:00:00,10424.202108065672
2025-05-01 10:00:00,10424.202108065672
2025-05-01 11:00:00,10424.202108065672
2025-05-01 12:00:00,10424.202108065672
2025-05-01 13:00:00,10424.202108065672
2025-05-01 14:00:00,10424.202108065672
2025-05-01 15:00:00,10424.202108065672
2025-05-01 16:00:00,10424.202108065672
2025-05-01 17:00:00,10424.202108065672
2025-05-01 18:00:00,10424.202108065672
2025-05-01 19:00:00,10424.202108065672
2025-05-01 20:00:00,10424.202108065672
2025-05-01 21:00:00,10424.202108065672
2025-05-01 22:00:00,10424.202108065672
2025-05-01 23:00:00,10424.202108065672
2025-05-02 00:00:00,10424.202108065672
2025-05-02 01:00:00,10424.202108065672
2025-05-02 02:00:00,10424.202108065672
2025-05-02 03:00:00,10424.202108065672
2025-05-02 04:00:00,10424.202108065672
2025-05-02 05:00:00,10424.202108065672
2025-05-02 06:00:00,10424.202108065672
2025-05-02 07:00:00,10424.202108065672
2025-05-02 08:00:00,10424.202108065672
2025-05-02 09:00:00,10424.202108065672
2025-05-02 10:00:00,10424.202108065672
2025-05-02 11:00:00,10424.202108065672
2025-05-02 12:00:00,10424.202108065672
2025-05-02 13:00:00,10424.202108065672
2025-05-02 14:00:00,10424.202108065672
2025-05-02 15:00:00,10424.202108065672
2025-05-02 16:00:00,10424.202108065672
2025-05-02 17:00:00,10424.202108065672
2025-05-02 18:00:00,10424.202108065672
2025-05-02 19:00:00,10424.202108065672
2025-05-02 20:00:00,10424.202108065672
2025-05-02 21:00:00,10424.202108065672
2025-05-02 22:00:00,10424.202108065672
2025-05-02 23:00:00,10424.202108065672
2025-05-03 00:00:00,10424.202108065672
2025-05-03 01:00:00,10424.202108065672
2025-05-03 02:00:00,10424.202108065672
2025-05-03 03:00:00,10424.202108065672
2025-05-03 04:00:00,10424.202108065672
2025-05-03 05:00:00,10424.202108065672
2025-05-03 06:00:00,10424.202108065672
2025-05-03 07:00:00,10424.202108065672
2025-05-03 08:00:00,10424.202108065672
2025-05-03 09:00:00,10424.202108065672
2025-05-03 10:00:00,10424.202108065672
2025-05-03 11:00:00,10424.202108065672
2025-05-03 12:00:00,10424.202108065672
2025-05-03 13:00:00,10424.202108065672
2025-05-03 14:00:00,10424.202108065672
2025-05-03 15:00:00,10424.202108065672
2025-05-03 16:00:00,10424.202108065672
2025-05-03 17:00:00,10424.202108065672
2025-05-03 18:00:00,10424.202108065672
2025-05-03 19:00:00,10424.202108065672
2025-05-03 20:00:00,10424.202108065672
2025-05-03 21:00:00,10424.202108065672
2025-05-03 22:00:00,10424.202108065672
2025-05-03 23:00:00,10424.202108065672
2025-05-04 00:00:00,10424.202108065672
2025-05-04 01:00:00,10424.202108065672
2025-05-04 02:00:00,10424.202108065672
2025-05-04 03:00:00,10424.202108065672
2025-05-04 04:00:00,10424.202108065672
2025-05-04 05:00:00,10424.202108065672
2025-05-04 06:00:00,10424.202108065672
2025-05-04 07:00:00,10424.202108065672
2025-05-04 08:00:00,10424.202108065672
2025-05-04 09:00:00,10424.202108065672
2025-05-04 10:00:00,10424.202108065672
2025-05-04 11:00:00,10424.202108065672
2025-05-04 12:00:00,10424.202108065672
2025-05-04 13:00:00,10424.202108065672
2025-05-04 14:00:00,10424.202108065672
2025-05-04 15:00:00,10424.202108065672
2025-05-04 16:00:00,10424.202108065672
2025-05-04 17:00:00,10424.202108065672
2025-05-04 18:00:00,10424.202108065672
2025-05-04 19:00:00,10424.202108065672
2025-05-04 20:00:00,10424.202108065672
2025-05-04 21:00:00,10424.202108065672
2025-05-04 22:00:00,10424.202108065672
2025-05-04 23:00:00,10424.202108065672
2025-05-05 00:00:00,10424.202108065672
2025-05-05 01:00:00,10424.202108065672
2025-05-05 02:00:00,10424.202108065672
2025-05-05 03:00:00,10424.202108065672
2025-05-05 04:00:00,10424.202108065672
2025-05-05 05:00:00,10424.202108065672
2025-05-05 06:00:00,10424.202108065672
2025-05-05 07:00:00,10424.202108065672
2025-05-05 08:00:00,10424.202108065672
2025-05-05 09:00:00,10424.202108065672
2025-05-05 10:00:00,10424.202108065672
2025-05-05 11:00:00,10424.202108065672
2025-05-05 12:00:00,10424.202108065672
2025-05-05 13:00:00,10424.202108065672
2025-05-05 14:00:00,10424.202108065672
2025-05-05 15:00:00,10424.202108065672
2025-05-05 16:00:00,10424.202108065672
2025-05-05 17:00:00,10424.202108065672
2025-05-05 18:00:00,10424.202108065672
2025-05-05 19:00:00,10424.202108065672
2025-05-05 20:00:00,10424.202108065672
2025-05-05 21:00:00,10424.202108065672
2025-05-05 22:00:00,10424.202108065672
2025-05-05 23:00:00,10424.202108065672
2025-05-06 00:00:00,10424.202108065672
2025-05-06 01:00:00,10424.202108065672
2025-05-06 02:00:00,10424.202108065672
2025-05-06 03:00:00,10424.202108065672
2025-05-06 04:00:00,10424.202108065672
2025-05-06 05:00:00,10424.202108065672
2025-05-06 06:00:00,10424.202108065672
2025-05-06 07:00:00,10424.202108065672
2025-05-06 08:00:00,10424.202108065672
2025-05-06 09:00:00,10424.202108065672
2025-05-06 10:00:00,10424.202108065672
2025-05-06 11:00:00,10424.202108065672
2025-05-06 12:00:00,10424.202108065672
2025-05-06 13:00:00,10424.202108065672
2025-05-06 14:00:00,10424.202108065672
2025-05-06 15:00:00,10424.202108065672
2025-05-06 16:00:00,10424.202108065672
2025-05-06 17:00:00,10424.202108065672
2025-05-06 18:00:00,10424.202108065672
2025-05-06 19:00:00,10424.202108065672
2025-05-06 20:00:00,10424.202108065672
2025-05-06 21:00:00,10424.202108065672
2025-05-06 22:00:00,10424.202108065672
2025-05-06 23:00:00,10424.202108065672
2025-05-07 00:00:00,10424.202108065672
2025-05-07 01:00:00,10424.202108065672
2025-05-07 02:00:00,10424.202108065672
2025-05-07 03:00:00,10424.202108065672
2025-05-07 04:00:00,10424.202108065672
2025-05-07 05:00:00,10424.202108065672
2025-05-07 06:00:00,10424.202108065672
2025-05-07 07:00:00,10424.202108065672
2025-05-07 08:00:00,10424.202108065672
2025-05-07 09:00:00,10424.202108065672
2025-05-07 10:00:00,10424.202108065672
2025-05-07 11:00:00,10424.202108065672
2025-05-07 12:00:00,10424.202108065672
2025-05-07 13:00:00,10424.202108065672
2025-05-07 14:00:00,10424.202108065672
2025-05-07 15:00:00,10424.202108065672
2025-05-07 16:00:00,10424.202108065672
2025-05-07 17:00:00,10424.202108065672
2025-05-07 18:00:00,10424.202108065672
2025-05-07 19:00:00,10424.202108065672
2025-05-07 20:00:00,10424.202108065672
2025-05-07 21:00:00,10424.202108065672
2025-05-07 22:00:00,10424.202108065672
2025-05-07 23:00:00,10424.202108065672
2025-05-08 00:00:00,10424.202108065672
2025-05-08 01:00:00,10424.202108065672
2025-05-08 02:00:00,10424.202108065672
2025-05-08 03:00:00,10424.202108065672
2025-05-08 04:00:00,10424.202108065672
2025-05-08 05:00:00,10424.202108065672
2025-05-08 06:00:00,10424.202108065672
2025-05-08 07:00:00,10424.202108065672
2025-05-08 08:00:00,10424.202108065672
2025-05-08 09:00:00,10424.202108065672
2025-05-08 10:00:00,10424.202108065672
2025-05-08 11:00:00,10424.202108065672
2025-05-08 12:00:00,10424.202108065672
2025-05-08 13:00:00,10424.202108065672
2025-05-08 14:00:00,10424.202108065672
2025-05-08 15:00:00,10424.202108065672
2025-05-08 16:00:00,10424.202108065672
2025-05-08 17:00:00,10424.202108065672
2025-05-08 18:00:00,10424.202108065672
2025-05-08 19:00:00,10424.202108065672
2025-05-08 20:00:00,10424.202108065672
2025-05-08 21:00:00,10424.202108065672
2025-05-08 22:00:00,10424.202108065672
2025-05-08 23:00:00,10424.202108065672
2025-05-09 00:00:00,10424.202108065672
2025-05-09 01:00:00,10424.202108065672
2025-05-09 02:00:00,10424.202108065672
2025-05-09 03:00:00,10424.202108065672
2025-05-09 04:00:00,10424.202108065672
2025-05-09 05:00:00,10424.202108065672
2025-05-09 06:00:00,10424.202108065672
2025-05-09 07:00:00,10424.202108065672
2025-05-09 08:00:00,10424.202108065672
2025-05-09 09:00:00,10424.202108065672
2025-05-09 10:00:00,10424.202108065672
2025-05-09 11:00:00,10424.202108065672
2025-05-09 12:00:00,10424.202108065672
2025-05-09 13:00:00,10424.202108065672
2025-05-09 14:00:00,10424.202108065672
2025-05-09 15:00:00,10424.202108065672
2025-05-09 16:00:00,10424.202108065672
2025-05-09 17:00:00,10424.202108065672
2025-05-09 18:00:00,10424.202108065672
2025-05-09 19:00:00,10424.202108065672
2025-05-09 20:00:00,10424.202108065672
2025-05-09 21:00:00,10424.202108065672
2025-05-09 22:00:00,10424.202108065672
2025-05-09 23:00:00,10424.202108065672
2025-05-10 00:00:00,10424.202108065672
2025-05-10 01:00:00,10424.202108065672
2025-05-10 02:00:00,10424.202108065672
2025-05-10 03:00:00,10424.202108065672
2025-05-10 04:00:00,10424.202108065672
2025-05-10 05:00:00,10424.202108065672
2025-05-10 06:00:00,10424.202108065672
2025-05-10 07:00:00,10424.202108065672
2025-05-10 08:00:00,10424.202108065672
2025-05-10 09:00:00,10424.202108065672
2025-05-10 10:00:00,10424.202108065672
2025-05-10 11:00:00,10424.202108065672
2025-05-10 12:00:00,10424.202108065672
2025-05-10 13:00:00,10424.202108065672
2025-05-10 14:00:00,10424.202108065672
2025-05-10 15:00:00,10424.202108065672
2025-05-10 16:00:00,10424.202108065672
2025-05-10 17:00:00,10424.202108065672
2025-05-10 18:00:00,10424.202108065672
2025-05-10 19:00:00,10424.202108065672
2025-05-10 20:00:00,10424.202108065672
2025-05-10 21:00:00,10424.202108065672
2025-05-10 22:00:00,10424.202108065672
2025-05-10 23:00:00,10424.202108065672
2025-05-11 00:00:00,10424.202108065672
2025-05-11 01:00:00,10424.202108065672
2025-05-11 02:00:00,10424.202108065672
2025-05-11 03:00:00,10424.202108065672
2025-05-11 04:00:00,10424.202108065672
2025-05-11 05:00:00,10424.202108065672
2025-05-11 06:00:00,10424.202108065672
2025-05-11 07:00:00,10424.202108065672
2025-05-11 08:00:00,10424.202108065672
2025-05-11 09:00:00,10424.202108065672
2025-05-11 10:00:00,10424.202108065672
2025-05-11 11:00:00,10424.202108065672
2025-05-11 12:00:00,10424.202108065672
2025-05-11 13:00:00,10424.202108065672
2025-05-11 14:00:00,10424.202108065672
2025-05-11 15:00:00,10424.202108065672
2025-05-11 16:00:00,10424.202108065672
2025-05-11 17:00:00,10424.202108065672
2025-05-11 18:00:00,10424.202108065672
2025-05-11 19:00:00,10424.202108065672
2025-05-11 20:00:00,10424.202108065672
2025-05-11 21:00:00,10424.202108065672
2025-05-11 22:00:00,10424.202108065672
2025-05-11 23:00:00,10424.202108065672
2025-05-12 00:00:00,10424.202108065672
2025-05-12 01:00:00,10424.202108065672
2025-05-12 02:00:00,10424.202108065672
2025-05-12 03:00:00,10424.202108065672
2025-05-12 04:00:00,10424.202108065672
2025-05-12 05:00:00,10424.202108065672
2025-05-12 06:00:00,10424.202108065672
2025-05-12 07:00:00,10424.202108065672
2025-05-12 08:00:00,10424.202108065672
2025-05-12 09:00:00,10424.202108065672
2025-05-12 10:00:00,10424.202108065672
2025-05-12 11:00:00,10424.202108065672
2025-05-12 12:00:00,10424.202108065672
2025-05-12 13:00:00,10424.202108065672
2025-05-12 14:00:00,10424.202108065672
2025-05-12 15:00:00,10424.202108065672
2025-05-12 16:00:00,10424.202108065672
2025-05-12 17:00:00,10424.202108065672
2025-05-12 18:00:00,10424.202108065672
2025-05-12 19:00:00,10424.202108065672
2025-05-12 20:00:00,10424.202108065672
2025-05-12 21:00:00,10424.202108065672
2025-05-12 22:00:00,10424.202108065672
2025-05-12 23:00:00,10424.202108065672
2025-05-13 00:00:00,10424.202108065672
2025-05-13 01:00:00,10424.202108065672
2025-05-13 02:00:00,10424.202108065672
2025-05-13 03:00:00,10424.202108065672
2025-05-13 04:00:00,10424.202108065672
2025-05-13 05:00:00,10424.202108065672
2025-05-13 06:00:00,10424.202108065672
2025-05-13 07:00:00,10424.202108065672
2025-05-13 08:00:00,10424.202108065672
2025-05-13 09:00:00,10424.202108065672
2025-05-13 10:00:00,10424.202108065672
2025-05-13 11:00:00,10424.202108065672
2025-05-13 12:00:00,10424.202108065672
2025-05-13 13:00:00,10424.202108065672
2025-05-13 14:00:00,10424.202108065672
2025-05-13 15:00:00,10424.202108065672
2025-05-13 16:00:00,10424.202108065672
2025-05-13 17:00:00,10424.202108065672
2025-05-13 18:00:00,10424.202108065672
2025-05-13 19:00:00,10424.202108065672
2025-05-13 20:00:00,10424.202108065672
2025-05-13 21:00:00,10424.202108065672
2025-05-13 22:00:00,10424.202108065672
2025-05-13 23:00:00,10424.202108065672
2025-05-14 00:00:00,10424.202108065672
2025-05-14 01:00:00,10424.202108065672
2025-05-14 02:00:00,10424.202108065672
2025-05-14 03:00:00,10424.202108065672
2025-05-14 04:00:00,10424.202108065672
2025-05-14 05:00:00,10424.202108065672
2025-05-14 06:00:00,10424.202108065672
2025-05-14 07:00:00,10424.202108065672
2025-05-14 08:00:00,10424.202108065672
2025-05-14 09:00:00,10424.202108065672
2025-05-14 10:00:00,10424.202108065672
2025-05-14 11:00:00,10424.202108065672
2025-05-14 12:00:00,10424.202108065672
2025-05-14 13:00:00,10424.202108065672
2025-05-14 14:00:00,10424.202108065672
2025-05-14 15:00:00,10424.202108065672
2025-05-14 16:00:00,10424.202108065672
2025-05-14 17:00:00,10424.202108065672
2025-05-14 18:00:00,10424.202108065672
2025-05-14 19:00:00,10424.202108065672
2025-05-14 20:00:00,10424.202108065672
2025-05-14 21:00:00,10424.202108065672
2025-05-14 22:00:00,10424.202108065672
2025-05-14 23:00:00,10424.202108065672
2025-05-15 00:00:00,10424.202108065672
2025-05-15 01:00:00,10424.202108065672
2025-05-15 02:00:00,10424.202108065672
2025-05-15 03:00:00,10424.202108065672
2025-05-15 04:00:00,10424.202108065672
2025-05-15 05:00:00,10424.202108065672
2025-05-15 06:00:00,10424.202108065672
2025-05-15 07:00:00,10424.202108065672
2025-05-15 08:00:00,10424.202108065672
2025-05-15 09:00:00,10424.202108065672
2025-05-15 10:00:00,10424.202108065672
2025-05-15 11:00:00,10424.202108065672
2025-05-15 12:00:00,10424.202108065672
2025-05-15 13:00:00,10424.202108065672
2025-05-15 14:00:00,10424.202108065672
2025-05-15 15:00:00,10424.202108065672
2025-05-15 16:00:00,10424.202108065672
2025-05-15 17:00:00,10424.202108065672
2025-05-15 18:00:00,10424.202108065672
2025-05-15 19:00:00,10424.202108065672
2025-05-15 20:00:00,10430.127622348966
2025-05-15 21:00:00,10426.219891335666
2025-05-15 22:00:00,10431.353522715312
2025-05-15 23:00:00,10438.212757205896
2025-05-16 00:00:00,10438.24053249741
2025-05-16 01:00:00,10445.38130744288
2025-05-16 02:00:00,10449.224145275099
2025-05-16 03:00:00,10444.772271050784
2025-05-16 04:00:00,10442.157858611414
2025-05-16 05:00:00,10441.6167454322
2025-05-16 06:00:00,10443.872856611046
2025-05-16 07:00:00,10436.860858017139
2025-05-16 08:00:00,10428.741130297141
2025-05-16 09:00:00,10438.968750140362
2025-05-16 10:00:00,10439.051066004304
2025-05-16 11:00:00,10435.38472752452
2025-05-16 12:00:00,10431.707278928134
2025-05-16 13:00:00,10444.380639440444
2025-05-16 14:00:00,10433.541205675974
2025-05-16 15:00:00,10448.808273410346
2025-05-16 16:00:00,10447.852803382282
2025-05-16 17:00:00,10440.845097333426
2025-05-16 18:00:00,10436.39069808261
2025-05-16 19:00:00,10445.002300965047
2025-05-16 20:00:00,10436.414180829071
2025-05-16 21:00:00,10434.382039500884
2025-05-16 22:00:00,10432.108505639178
2025-05-16 23:00:00,10430.642475252565
2025-05-17 00:00:00,10428.019225220442
2025-05-17 01:00:00,10414.625474647331
2025-05-17 02:00:00,10426.150705609532
2025-05-17 03:00:00,10431.768132066813
2025-05-17 04:00:00,10435.544814204699
2025-05-17 05:00:00,10427.58441565693
2025-05-17 06:00:00,10431.249744126111
2025-05-17 07:00:00,10430.320281871009
2025-05-17 08:00:00,10429.687005224501
2025-05-17 09:00:00,10416.317747408453
2025-05-17 10:00:00,10415.740778852924
2025-05-17 11:00:00,10418.781668268351
2025-05-17 12:00:00,10417.100000618533
2025-05-17 13:00:00,10411.690636344954
2025-05-17 14:00:00,10422.080110386905
2025-05-17 15:00:00,10417.40199378808
2025-05-17 16:00:00,10417.371440967416
2025-05-17 17:00:00,10422.222269378923
2025-05-17 18:00:00,10418.605673921216
2025-05-17 19:00:00,10422.933569344319
2025-05-17 20:00:00,10428.322985908539
2025-05-17 21:00:00,10425.082114394214
2025-05-17 22:00:00,10419.712393036703
2025-05-17 23:00:00,10422.126823377177
2025-05-18 00:00:00,10428.594678760071
2025-05-18 01:00:00,10425.27906646131
2025-05-18 02:00:00,10427.683144193128
2025-05-18 03:00:00,10426.395380677503
2025-05-18 04:00:00,10427.89297389538
2025-05-18 05:00:00,10435.296099094328
2025-05-18 06:00:00,10430.952801009567
2025-05-18 07:00:00,10442.143718463007
2025-05-18 08:00:00,10441.977824221876
2025-05-18 09:00:00,10440.858227471232
2025-05-18 10:00:00,10440.563556878538
2025-05-18 11:00:00,10439.142724466297
2025-05-18 12:00:00,10442.655288832155
2025-05-18 13:00:00,10462.864338434727
2025-05-18 14:00:00,10476.271471648295
2025-05-18 15:00:00,10482.509044614277
2025-05-18 16:00:00,10490.19068023631
2025-05-18 17:00:00,10465.305281553465
2025-05-18 18:00:00,10456.753774301758
2025-05-18 19:00:00,10441.249354076272
2025-05-18 20:00:00,10445.518668884546
2025-05-18 21:00:00,10448.73378512856
2025-05-18 22:00:00,10492.86417829581
2025-05-18 23:00:00,10506.149857734667
2025-05-19 00:00:00,10476.01669647432
2025-05-19 01:00:00,10470.943665730705
2025-05-19 02:00:00,10460.469350798314
2025-05-19 03:00:00,10434.227507879008
2025-05-19 04:00:00,10418.981145361948
2025-05-19 05:00:00,10419.737138296416
2025-05-19 06:00:00,10398.930667423652
2025-05-19 07:00:00,10424.642759783
2025-05-19 08:00:00,10424.834914299743
2025-05-19 09:00:00,10420.484546140779
2025-05-19 10:00:00,10416.795229919835
2025-05-19 11:00:00,10418.004970116574
2025-05-19 12:00:00,10405.797476993741
2025-05-19 13:00:00,10426.355232756132
2025-05-19 14:00:00,10452.464006778822
2025-05-19 15:00:00,10464.036203233947
2025-05-19 16:00:00,10478.429611798892
2025-05-19 17:00:00,10479.048495794344
2025-05-19 18:00:00,10463.848593764906
2025-05-19 19:00:00,10482.501469534773
2025-05-19 20:00:00,10481.246531363662
2025-05-19 21:00:00,10481.414950631295
2025-05-19 22:00:00,10483.315033073468
2025-05-19 23:00:00,10483.91649438606
2025-05-20 00:00:00,10487.793167573394
2025-05-20 01:00:00,10506.042291605714
2025-05-20 02:00:00,10497.20444634877
2025-05-20 03:00:00,10488.668089256069
2025-05-20 04:00:00,10500.234478150242
2025-05-20 05:00:00,10497.337515245383
2025-05-20 06:00:00,10480.906662796597
2025-05-20 07:00:00,10469.977590591336
2025-05-20 08:00:00,10475.060468938305
2025-05-20 09:00:00,10476.643913057225
2025-05-20 10:00:00,10470.203327960544
2025-05-20 11:00:00,10474.574401336818
2025-05-20 12:00:00,10463.874349035219
2025-05-20 13:00:00,10455.492271061745
2025-05-20 14:00:00,10457.305240089625
2025-05-20 15:00:00,10477.854915767213
2025-05-20 16:00:00,10474.794836150377
2025-05-20 17:00:00,10499.7375529348
2025-05-20 18:00:00,10476.639368009523
2025-05-20 19:00:00,10520.59831187734
2025-05-20 20:00:00,10517.634435770198
2025-05-20 21:00:00,10510.309586392788
2025-05-20 22:00:00,10514.269585454664
2025-05-20 23:00:00,10516.142145107973
2025-05-21 00:00:00,10513.353253337367
2025-05-21 01:00:00,10507.304804856329
2025-05-21 02:00:00,10516.370660006334
2025-05-21 03:00:00,10515.980543411895
2025-05-21 04:00:00,10527.176763420986
2025-05-21 05:00:00,10533.615580999116
2025-05-21 06:00:00,10538.903238995337
2025-05-21 07:00:00,10507.990602054062
2025-05-21 08:00:00,10504.084133554014
2025-05-21 09:00:00,10499.730482860597
2025-05-21 10:00:00,10502.976151925275
2025-05-21 11:00:00,10508.477427163498
2025-05-21 12:00:00,10509.150851731376
2025-05-21 13:00:00,10526.110192226868
2025-05-21 14:00:00,10560.522220561887
2025-05-21 15:00:00,10560.522220561887
2025-05-21 16:00:00,10560.522220561887
2025-05-21 17:00:00,10560.522220561887
2025-05-21 18:00:00,10560.522220561887
2025-05-21 19:00:00,10560.522220561887
2025-05-21 20:00:00,10560.522220561887
2025-05-21 21:00:00,10560.522220561887
2025-05-21 22:00:00,10560.522220561887
2025-05-21 23:00:00,10560.522220561887
2025-05-22 00:00:00,10560.522220561887
2025-05-22 01:00:00,10560.522220561887
2025-05-22 02:00:00,10560.522220561887
2025-05-22 03:00:00,10560.522220561887
2025-05-22 04:00:00,10560.522220561887
2025-05-22 05:00:00,10560.522220561887
2025-05-22 06:00:00,10560.522220561887
2025-05-22 07:00:00,10560.522220561887
2025-05-22 08:00:00,10560.522220561887
2025-05-22 09:00:00,10560.522220561887
2025-05-22 10:00:00,10560.522220561887
2025-05-22 11:00:00,10560.522220561887
2025-05-22 12:00:00,10560.522220561887
2025-05-22 13:00:00,10560.522220561887
2025-05-22 14:00:00,10560.522220561887
2025-05-22 15:00:00,10560.522220561887
2025-05-22 16:00:00,10560.522220561887
2025-05-22 17:00:00,10560.522220561887
2025-05-22 18:00:00,10560.522220561887
2025-05-22 19:00:00,10560.522220561887
2025-05-22 20:00:00,10560.522220561887
2025-05-22 21:00:00,10560.522220561887
2025-05-22 22:00:00,10560.522220561887
2025-05-22 23:00:00,10560.522220561887
2025-05-23 00:00:00,10560.522220561887
2025-05-23 01:00:00,10560.522220561887
2025-05-23 02:00:00,10560.522220561887
2025-05-23 03:00:00,10560.522220561887
2025-05-23 04:00:00,10560.522220561887
2025-05-23 05:00:00,10560.522220561887
2025-05-23 06:00:00,10560.522220561887
2025-05-23 07:00:00,10560.522220561887
2025-05-23 08:00:00,10560.522220561887
2025-05-23 09:00:00,10560.522220561887
2025-05-23 10:00:00,10560.522220561887
2025-05-23 11:00:00,10560.522220561887
2025-05-23 12:00:00,10560.522220561887
2025-05-23 13:00:00,10560.522220561887
2025-05-23 14:00:00,10560.522220561887
2025-05-23 15:00:00,10560.522220561887
2025-05-23 16:00:00,10560.522220561887
2025-05-23 17:00:00,10560.522220561887
2025-05-23 18:00:00,10560.522220561887
2025-05-23 19:00:00,10560.522220561887
2025-05-23 20:00:00,10560.522220561887
2025-05-23 21:00:00,10560.522220561887
2025-05-23 22:00:00,10560.522220561887
2025-05-23 23:00:00,10560.522220561887
2025-05-24 00:00:00,10560.522220561887
2025-05-24 01:00:00,10560.522220561887
2025-05-24 02:00:00,10560.522220561887
2025-05-24 03:00:00,10560.522220561887
2025-05-24 04:00:00,10560.522220561887
2025-05-24 05:00:00,10560.522220561887
2025-05-24 06:00:00,10560.522220561887
2025-05-24 07:00:00,10560.522220561887
2025-05-24 08:00:00,10560.522220561887
2025-05-24 09:00:00,10560.522220561887
2025-05-24 10:00:00,10560.522220561887
2025-05-24 11:00:00,10560.522220561887
2025-05-24 12:00:00,10560.522220561887
2025-05-24 13:00:00,10560.522220561887
2025-05-24 14:00:00,10560.522220561887
2025-05-24 15:00:00,10560.522220561887
2025-05-24 16:00:00,10560.522220561887
2025-05-24 17:00:00,10560.522220561887
2025-05-24 18:00:00,10560.522220561887
2025-05-24 19:00:00,10560.522220561887
2025-05-24 20:00:00,10560.522220561887
2025-05-24 21:00:00,10560.522220561887
2025-05-24 22:00:00,10560.522220561887
2025-05-24 23:00:00,10560.522220561887
2025-05-25 00:00:00,10560.522220561887
2025-05-25 01:00:00,10560.522220561887
2025-05-25 02:00:00,10560.522220561887
2025-05-25 03:00:00,10560.522220561887
2025-05-25 04:00:00,10560.522220561887
2025-05-25 05:00:00,10560.522220561887
2025-05-25 06:00:00,10560.522220561887
2025-05-25 07:00:00,10560.522220561887
2025-05-25 08:00:00,10560.522220561887
2025-05-25 09:00:00,10560.522220561887
2025-05-25 10:00:00,10560.522220561887
2025-05-25 11:00:00,10560.522220561887
2025-05-25 12:00:00,10560.522220561887
2025-05-25 13:00:00,10560.522220561887
2025-05-25 14:00:00,10560.522220561887
2025-05-25 15:00:00,10560.522220561887
2025-05-25 16:00:00,10560.522220561887
2025-05-25 17:00:00,10560.522220561887
2025-05-25 18:00:00,10560.522220561887
2025-05-25 19:00:00,10560.522220561887
2025-05-25 20:00:00,10560.522220561887
2025-05-25 21:00:00,10560.522220561887
2025-05-25 22:00:00,10560.522220561887
2025-05-25 23:00:00,10560.522220561887
2025-05-26 00:00:00,10560.522220561887
2025-05-26 01:00:00,10559.323505050541
2025-05-26 02:00:00,10555.523574789779
2025-05-26 03:00:00,10561.204198314505
2025-05-26 04:00:00,10559.223291345172
2025-05-26 05:00:00,10561.842097092906
2025-05-26 06:00:00,10568.547743012683
2025-05-26 07:00:00,10572.552677752456
2025-05-26 08:00:00,10562.236929456121
2025-05-26 09:00:00,10563.34891614838
2025-05-26 10:00:00,10561.686717669918
2025-05-26 11:00:00,10564.798160502934
2025-05-26 12:00:00,10566.103829452682
2025-05-26 13:00:00,10560.532573769873
2025-05-26 14:00:00,10561.902321675458
2025-05-26 15:00:00,10570.50985991226
2025-05-26 16:00:00,10555.611502680305
2025-05-26 17:00:00,10550.324747925475
2025-05-26 18:00:00,10548.639905003974
2025-05-26 19:00:00,10549.325742550087
2025-05-26 20:00:00,10560.793948458153
2025-05-26 21:00:00,10554.534928042589
2025-05-26 22:00:00,10550.77209612468
2025-05-26 23:00:00,10556.657483230085
2025-05-27 00:00:00,10549.468595259903
2025-05-27 01:00:00,10515.098386713786
2025-05-27 02:00:00,10515.098386713786
2025-05-27 03:00:00,10515.098386713786
2025-05-27 04:00:00,10515.098386713786
2025-05-27 05:00:00,10515.098386713786
2025-05-27 06:00:00,10515.098386713786
2025-05-27 07:00:00,10515.098386713786
2025-05-27 08:00:00,10515.098386713786
2025-05-27 09:00:00,10515.098386713786
2025-05-27 10:00:00,10515.098386713786
2025-05-27 11:00:00,10515.098386713786
2025-05-27 12:00:00,10515.098386713786
2025-05-27 13:00:00,10515.098386713786
2025-05-27 14:00:00,10515.098386713786
2025-05-27 15:00:00,10515.098386713786
2025-05-27 16:00:00,10515.098386713786
2025-05-27 17:00:00,10515.098386713786
2025-05-27 18:00:00,10515.098386713786
2025-05-27 19:00:00,10515.098386713786
2025-05-27 20:00:00,10515.098386713786
2025-05-27 21:00:00,10515.098386713786
2025-05-27 22:00:00,10515.098386713786
2025-05-27 23:00:00,10515.098386713786
2025-05-28 00:00:00,10515.098386713786
2025-05-28 01:00:00,10515.098386713786
2025-05-28 02:00:00,10515.098386713786
2025-05-28 03:00:00,10515.098386713786
2025-05-28 04:00:00,10515.098386713786
2025-05-28 05:00:00,10515.098386713786
2025-05-28 06:00:00,10515.098386713786
2025-05-28 07:00:00,10515.098386713786
2025-05-28 08:00:00,10515.098386713786
2025-05-28 09:00:00,10515.098386713786
2025-05-28 10:00:00,10515.098386713786
2025-05-28 11:00:00,10515.098386713786
2025-05-28 12:00:00,10515.098386713786
2025-05-28 13:00:00,10515.098386713786
2025-05-28 14:00:00,10515.098386713786
2025-05-28 15:00:00,10515.098386713786
2025-05-28 16:00:00,10515.098386713786
2025-05-28 17:00:00,10515.098386713786
2025-05-28 18:00:00,10515.098386713786
2025-05-28 19:00:00,10515.098386713786
2025-05-28 20:00:00,10515.098386713786
2025-05-28 21:00:00,10515.098386713786
2025-05-28 22:00:00,10515.098386713786
2025-05-28 23:00:00,10515.098386713786
2025-05-29 00:00:00,10515.098386713786
2025-05-29 01:00:00,10515.098386713786
2025-05-29 02:00:00,10515.098386713786
2025-05-29 03:00:00,10515.098386713786
2025-05-29 04:00:00,10515.098386713786
2025-05-29 05:00:00,10515.098386713786
2025-05-29 06:00:00,10515.098386713786
2025-05-29 07:00:00,10515.098386713786
2025-05-29 08:00:00,10515.098386713786
2025-05-29 09:00:00,10515.098386713786
2025-05-29 10:00:00,10515.098386713786
2025-05-29 11:00:00,10515.098386713786
2025-05-29 12:00:00,10515.098386713786
2025-05-29 13:00:00,10515.098386713786
2025-05-29 14:00:00,10515.098386713786
2025-05-29 15:00:00,10515.098386713786
2025-05-29 16:00:00,10515.098386713786
2025-05-29 17:00:00,10515.098386713786
2025-05-29 18:00:00,10515.098386713786
2025-05-29 19:00:00,10515.098386713786
2025-05-29 20:00:00,10515.098386713786
2025-05-29 21:00:00,10515.098386713786
2025-05-29 22:00:00,10515.098386713786
2025-05-29 23:00:00,10515.098386713786
2025-05-30 00:00:00,10515.098386713786
2025-05-30 01:00:00,10515.098386713786
2025-05-30 02:00:00,10515.098386713786
2025-05-30 03:00:00,10515.098386713786
2025-05-30 04:00:00,10515.098386713786
2025-05-30 05:00:00,10515.098386713786
2025-05-30 06:00:00,10515.098386713786
2025-05-30 07:00:00,10515.098386713786
2025-05-30 08:00:00,10515.098386713786
2025-05-30 09:00:00,10515.098386713786
2025-05-30 10:00:00,10515.098386713786
2025-05-30 11:00:00,10515.098386713786
2025-05-30 12:00:00,10515.098386713786
2025-05-30 13:00:00,10515.098386713786
2025-05-30 14:00:00,10515.098386713786
2025-05-30 15:00:00,10515.098386713786
2025-05-30 16:00:00,10515.098386713786
2025-05-30 17:00:00,10515.098386713786
2025-05-30 18:00:00,10515.098386713786
2025-05-30 19:00:00,10515.098386713786
2025-05-30 20:00:00,10515.098386713786
2025-05-30 21:00:00,10515.098386713786
2025-05-30 22:00:00,10515.098386713786
2025-05-30 23:00:00,10515.098386713786
2025-05-31 00:00:00,10515.098386713786
2025-05-31 01:00:00,10515.098386713786
2025-05-31 02:00:00,10515.098386713786
2025-05-31 03:00:00,10515.098386713786
2025-05-31 04:00:00,10515.098386713786
2025-05-31 05:00:00,10515.098386713786
2025-05-31 06:00:00,10515.098386713786
2025-05-31 07:00:00,10515.098386713786
2025-05-31 08:00:00,10515.098386713786
2025-05-31 09:00:00,10515.098386713786
2025-05-31 10:00:00,10515.098386713786
2025-05-31 11:00:00,10515.098386713786
2025-05-31 12:00:00,10515.098386713786
2025-05-31 13:00:00,10515.098386713786
2025-05-31 14:00:00,10515.098386713786
2025-05-31 15:00:00,10515.098386713786
2025-05-31 16:00:00,10515.098386713786
2025-05-31 17:00:00,10515.098386713786
2025-05-31 18:00:00,10515.098386713786
2025-05-31 19:00:00,10515.098386713786
2025-05-31 20:00:00,10515.098386713786
2025-05-31 21:00:00,10515.098386713786
2025-05-31 22:00:00,10515.098386713786
2025-05-31 23:00:00,10515.098386713786
2025-06-01 00:00:00,10515.098386713786
2025-06-01 01:00:00,10515.098386713786
2025-06-01 02:00:00,10515.098386713786
2025-06-01 03:00:00,10515.098386713786
2025-06-01 04:00:00,10515.098386713786
2025-06-01 05:00:00,10515.098386713786
2025-06-01 06:00:00,10515.098386713786
2025-06-01 07:00:00,10515.098386713786
2025-06-01 08:00:00,10515.098386713786
2025-06-01 09:00:00,10515.098386713786
2025-06-01 10:00:00,10515.098386713786
2025-06-01 11:00:00,10515.098386713786
2025-06-01 12:00:00,10515.098386713786
2025-06-01 13:00:00,10515.098386713786
2025-06-01 14:00:00,10515.098386713786
2025-06-01 15:00:00,10515.098386713786
2025-06-01 16:00:00,10515.098386713786
2025-06-01 17:00:00,10515.098386713786
2025-06-01 18:00:00,10515.098386713786
2025-06-01 19:00:00,10515.098386713786
2025-06-01 20:00:00,10515.098386713786
2025-06-01 21:00:00,10515.098386713786
2025-06-01 22:00:00,10515.098386713786
2025-06-01 23:00:00,10515.098386713786
2025-06-02 00:00:00,10515.098386713786
2025-06-02 01:00:00,10515.098386713786
2025-06-02 02:00:00,10515.098386713786
2025-06-02 03:00:00,10515.098386713786
2025-06-02 04:00:00,10515.098386713786
2025-06-02 05:00:00,10515.098386713786
2025-06-02 06:00:00,10515.098386713786
2025-06-02 07:00:00,10515.098386713786
2025-06-02 08:00:00,10515.098386713786
2025-06-02 09:00:00,10515.098386713786
2025-06-02 10:00:00,10515.098386713786
2025-06-02 11:00:00,10515.098386713786
2025-06-02 12:00:00,10515.098386713786
2025-06-02 13:00:00,10515.098386713786
2025-06-02 14:00:00,10515.098386713786
2025-06-02 15:00:00,10515.098386713786
2025-06-02 16:00:00,10515.098386713786
2025-06-02 17:00:00,10515.098386713786
2025-06-02 18:00:00,10515.098386713786
2025-06-02 19:00:00,10515.098386713786
2025-06-02 20:00:00,10515.098386713786
2025-06-02 21:00:00,10515.098386713786
2025-06-02 22:00:00,10515.098386713786
2025-06-02 23:00:00,10515.098386713786
2025-06-03 00:00:00,10515.098386713786
2025-06-03 01:00:00,10515.098386713786
2025-06-03 02:00:00,10515.098386713786
2025-06-03 03:00:00,10515.098386713786
2025-06-03 04:00:00,10515.098386713786
2025-06-03 05:00:00,10515.098386713786
2025-06-03 06:00:00,10515.098386713786
2025-06-03 07:00:00,10515.098386713786
2025-06-03 08:00:00,10515.098386713786
2025-06-03 09:00:00,10515.098386713786
2025-06-03 10:00:00,10515.098386713786
2025-06-03 11:00:00,10515.098386713786
2025-06-03 12:00:00,10515.098386713786
2025-06-03 13:00:00,10515.098386713786
2025-06-03 14:00:00,10515.098386713786
2025-06-03 15:00:00,10515.098386713786
2025-06-03 16:00:00,10515.098386713786
2025-06-03 17:00:00,10515.098386713786
2025-06-03 18:00:00,10515.098386713786
2025-06-03 19:00:00,10515.098386713786
2025-06-03 20:00:00,10515.098386713786
2025-06-03 21:00:00,10515.098386713786
2025-06-03 22:00:00,10515.098386713786
2025-06-03 23:00:00,10515.098386713786
2025-06-04 00:00:00,10515.098386713786
2025-06-04 01:00:00,10515.098386713786
2025-06-04 02:00:00,10515.098386713786
2025-06-04 03:00:00,10515.098386713786
2025-06-04 04:00:00,10515.098386713786
2025-06-04 05:00:00,10515.098386713786
2025-06-04 06:00:00,10515.098386713786
2025-06-04 07:00:00,10515.098386713786
2025-06-04 08:00:00,10515.098386713786
2025-06-04 09:00:00,10515.098386713786
2025-06-04 10:00:00,10515.098386713786
2025-06-04 11:00:00,10515.098386713786
2025-06-04 12:00:00,10515.098386713786
2025-06-04 13:00:00,10515.098386713786
2025-06-04 14:00:00,10515.098386713786
2025-06-04 15:00:00,10515.098386713786
2025-06-04 16:00:00,10515.098386713786
2025-06-04 17:00:00,10515.098386713786
2025-06-04 18:00:00,10515.098386713786
2025-06-04 19:00:00,10515.098386713786
2025-06-04 20:00:00,10515.098386713786
2025-06-04 21:00:00,10515.098386713786
2025-06-04 22:00:00,10515.098386713786
2025-06-04 23:00:00,10515.098386713786
2025-06-05 00:00:00,10515.098386713786
2025-06-05 01:00:00,10515.098386713786
2025-06-05 02:00:00,10515.098386713786
2025-06-05 03:00:00,10515.098386713786
2025-06-05 04:00:00,10515.098386713786
2025-06-05 05:00:00,10515.098386713786
2025-06-05 06:00:00,10515.098386713786
2025-06-05 07:00:00,10515.098386713786
2025-06-05 08:00:00,10515.098386713786
2025-06-05 09:00:00,10515.098386713786
2025-06-05 10:00:00,10515.098386713786
2025-06-05 11:00:00,10515.098386713786
2025-06-05 12:00:00,10515.098386713786
2025-06-05 13:00:00,10515.098386713786
2025-06-05 14:00:00,10515.098386713786
2025-06-05 15:00:00,10515.098386713786
2025-06-05 16:00:00,10515.098386713786
2025-06-05 17:00:00,10515.098386713786
2025-06-05 18:00:00,10515.098386713786
2025-06-05 19:00:00,10515.098386713786
2025-06-05 20:00:00,10515.098386713786
2025-06-05 21:00:00,10515.098386713786
2025-06-05 22:00:00,10515.098386713786
2025-06-05 23:00:00,10515.098386713786
2025-06-06 00:00:00,10515.098386713786
2025-06-06 01:00:00,10515.098386713786
2025-06-06 02:00:00,10515.098386713786
2025-06-06 03:00:00,10515.098386713786
2025-06-06 04:00:00,10515.098386713786
2025-06-06 05:00:00,10515.098386713786
2025-06-06 06:00:00,10515.098386713786
2025-06-06 07:00:00,10515.098386713786
2025-06-06 08:00:00,10515.098386713786
2025-06-06 09:00:00,10515.098386713786
2025-06-06 10:00:00,10515.098386713786
2025-06-06 11:00:00,10515.098386713786
2025-06-06 12:00:00,10515.098386713786
2025-06-06 13:00:00,10515.098386713786
2025-06-06 14:00:00,10515.098386713786
2025-06-06 15:00:00,10515.098386713786
2025-06-06 16:00:00,10515.098386713786
2025-06-06 17:00:00,10515.098386713786
2025-06-06 18:00:00,10515.098386713786
2025-06-06 19:00:00,10515.098386713786
2025-06-06 20:00:00,10515.098386713786
2025-06-06 21:00:00,10515.098386713786
2025-06-06 22:00:00,10515.098386713786
2025-06-06 23:00:00,10515.098386713786
2025-06-07 00:00:00,10515.098386713786
2025-06-07 01:00:00,10515.098386713786
2025-06-07 02:00:00,10515.098386713786
2025-06-07 03:00:00,10515.098386713786
2025-06-07 04:00:00,10515.098386713786
2025-06-07 05:00:00,10515.098386713786
2025-06-07 06:00:00,10524.78278981778
2025-06-07 07:00:00,10513.525861931144
2025-06-07 08:00:00,10510.504506795436
2025-06-07 09:00:00,10513.051113342242
2025-06-07 10:00:00,10520.510553571574
2025-06-07 11:00:00,10520.615023313829
2025-06-07 12:00:00,10528.511633088088
2025-06-07 13:00:00,10532.152040341569
2025-06-07 14:00:00,10527.669862503015
2025-06-07 15:00:00,10530.839028545031
2025-06-07 16:00:00,10525.642347817002
2025-06-07 17:00:00,10526.707838977216
2025-06-07 18:00:00,10531.888235452854
2025-06-07 19:00:00,10535.0428709312
2025-06-07 20:00:00,10538.076000834022
2025-06-07 21:00:00,10536.013161846673
2025-06-07 22:00:00,10537.412855971317
2025-06-07 23:00:00,10530.689714476965
2025-06-08 00:00:00,10528.712054655962
2025-06-08 01:00:00,10534.151496008079
2025-06-08 02:00:00,10527.926903163812
2025-06-08 03:00:00,10528.671469288467
2025-06-08 04:00:00,10532.248743748069
2025-06-08 05:00:00,10527.838467146988
2025-06-08 06:00:00,10527.951955859797
2025-06-08 07:00:00,10527.540590591734
2025-06-08 08:00:00,10526.22181667512
2025-06-08 09:00:00,10520.364496353985
2025-06-08 10:00:00,10525.816714581053
2025-06-08 11:00:00,10534.060805248615
2025-06-08 12:00:00,10534.932388541909
2025-06-08 13:00:00,10532.587456197776
2025-06-08 14:00:00,10537.642088139573
2025-06-08 15:00:00,10541.521748639707
2025-06-08 16:00:00,10546.669326083605
2025-06-08 17:00:00,10543.987685505443
2025-06-08 18:00:00,10549.868805887763
2025-06-08 19:00:00,10549.174595682038
2025-06-08 20:00:00,10545.608845462588
2025-06-08 21:00:00,10550.225055224659
2025-06-08 22:00:00,10536.16122327994
2025-06-08 23:00:00,10535.245547241713
2025-06-09 00:00:00,10534.552589670788
2025-06-09 01:00:00,10530.077426587108
2025-06-09 02:00:00,10530.908675039867
2025-06-09 03:00:00,10533.369851893367
2025-06-09 04:00:00,10528.110789952338
2025-06-09 05:00:00,10526.354595963838
2025-06-09 06:00:00,10534.214127748039
2025-06-09 07:00:00,10530.90416555459
2025-06-09 08:00:00,10540.065435422137
2025-06-09 09:00:00,10557.25484171786
2025-06-09 10:00:00,10571.464229826248
2025-06-09 11:00:00,10585.982517676124
2025-06-09 12:00:00,10585.761552897542
2025-06-09 13:00:00,10567.625405220571
2025-06-09 14:00:00,10582.252672297978
2025-06-09 15:00:00,10582.893520261257
2025-06-09 16:00:00,10584.43676633389
2025-06-09 17:00:00,10600.471744398657
2025-06-09 18:00:00,10598.015182361933
2025-06-09 19:00:00,10598.015182361933
2025-06-09 20:00:00,10598.015182361933
2025-06-09 21:00:00,10598.015182361933
2025-06-09 22:00:00,10598.015182361933
2025-06-09 23:00:00,10598.015182361933
2025-06-10 00:00:00,10598.015182361933
2025-06-10 01:00:00,10598.015182361933
2025-06-10 02:00:00,10598.015182361933
2025-06-10 03:00:00,10598.015182361933
2025-06-10 04:00:00,10598.015182361933
2025-06-10 05:00:00,10598.015182361933
2025-06-10 06:00:00,10598.015182361933
2025-06-10 07:00:00,10598.015182361933
2025-06-10 08:00:00,10598.015182361933
2025-06-10 09:00:00,10598.015182361933
2025-06-10 10:00:00,10598.015182361933
2025-06-10 11:00:00,10598.015182361933
2025-06-10 12:00:00,10598.015182361933
2025-06-10 13:00:00,10598.015182361933
2025-06-10 14:00:00,10598.015182361933
2025-06-10 15:00:00,10598.015182361933
2025-06-10 16:00:00,10598.015182361933
2025-06-10 17:00:00,10598.015182361933
2025-06-10 18:00:00,10598.015182361933
2025-06-10 19:00:00,10598.015182361933
2025-06-10 20:00:00,10598.015182361933
2025-06-10 21:00:00,10598.015182361933
2025-06-10 22:00:00,10598.015182361933
2025-06-10 23:00:00,10598.015182361933
2025-06-11 00:00:00,10598.015182361933
2025-06-11 01:00:00,10598.015182361933
2025-06-11 02:00:00,10598.015182361933
2025-06-11 03:00:00,10598.015182361933
2025-06-11 04:00:00,10598.015182361933
2025-06-11 05:00:00,10598.015182361933
2025-06-11 06:00:00,10598.015182361933
2025-06-11 07:00:00,10598.015182361933
2025-06-11 08:00:00,10598.015182361933
2025-06-11 09:00:00,10598.015182361933
2025-06-11 10:00:00,10598.015182361933
2025-06-11 11:00:00,10598.015182361933
2025-06-11 12:00:00,10598.015182361933
2025-06-11 13:00:00,10598.015182361933
2025-06-11 14:00:00,10598.015182361933
2025-06-11 15:00:00,10598.015182361933
2025-06-11 16:00:00,10598.015182361933
2025-06-11 17:00:00,10598.015182361933
2025-06-11 18:00:00,10598.015182361933
2025-06-11 19:00:00,10598.015182361933
2025-06-11 20:00:00,10598.015182361933
2025-06-11 21:00:00,10598.015182361933
2025-06-11 22:00:00,10598.015182361933
2025-06-11 23:00:00,10598.015182361933
2025-06-12 00:00:00,10598.015182361933
2025-06-12 01:00:00,10598.015182361933
2025-06-12 02:00:00,10598.015182361933
2025-06-12 03:00:00,10598.015182361933
2025-06-12 04:00:00,10598.015182361933
2025-06-12 05:00:00,10598.015182361933
2025-06-12 06:00:00,10598.015182361933
2025-06-12 07:00:00,10598.015182361933
2025-06-12 08:00:00,10598.015182361933
2025-06-12 09:00:00,10598.015182361933
2025-06-12 10:00:00,10598.015182361933
2025-06-12 11:00:00,10598.015182361933
2025-06-12 12:00:00,10598.015182361933
2025-06-12 13:00:00,10598.015182361933
2025-06-12 14:00:00,10598.015182361933
2025-06-12 15:00:00,10598.015182361933
2025-06-12 16:00:00,10598.015182361933
2025-06-12 17:00:00,10598.015182361933
2025-06-12 18:00:00,10598.015182361933
2025-06-12 19:00:00,10598.015182361933
2025-06-12 20:00:00,10598.015182361933
2025-06-12 21:00:00,10598.015182361933
2025-06-12 22:00:00,10598.015182361933
2025-06-12 23:00:00,10598.015182361933
2025-06-13 00:00:00,10598.015182361933
2025-06-13 01:00:00,10598.015182361933
2025-06-13 02:00:00,10598.015182361933
2025-06-13 03:00:00,10598.015182361933
2025-06-13 04:00:00,10598.015182361933
2025-06-13 05:00:00,10598.015182361933
2025-06-13 06:00:00,10598.015182361933
2025-06-13 07:00:00,10598.015182361933
2025-06-13 08:00:00,10598.015182361933
2025-06-13 09:00:00,10598.015182361933
2025-06-13 10:00:00,10598.015182361933
2025-06-13 11:00:00,10598.015182361933
2025-06-13 12:00:00,10598.015182361933
2025-06-13 13:00:00,10598.015182361933
2025-06-13 14:00:00,10598.015182361933
2025-06-13 15:00:00,10598.015182361933
2025-06-13 16:00:00,10598.015182361933
2025-06-13 17:00:00,10598.015182361933
2025-06-13 18:00:00,10598.015182361933
2025-06-13 19:00:00,10598.015182361933
2025-06-13 20:00:00,10598.015182361933
2025-06-13 21:00:00,10598.015182361933
2025-06-13 22:00:00,10598.015182361933
2025-06-13 23:00:00,10598.015182361933
2025-06-14 00:00:00,10598.015182361933
2025-06-14 01:00:00,10598.015182361933
2025-06-14 02:00:00,10598.015182361933
2025-06-14 03:00:00,10598.015182361933
2025-06-14 04:00:00,10598.015182361933
2025-06-14 05:00:00,10598.015182361933
2025-06-14 06:00:00,10598.015182361933
2025-06-14 07:00:00,10598.015182361933
2025-06-14 08:00:00,10598.015182361933
2025-06-14 09:00:00,10598.015182361933
2025-06-14 10:00:00,10598.015182361933
2025-06-14 11:00:00,10598.015182361933
2025-06-14 12:00:00,10598.015182361933
2025-06-14 13:00:00,10598.015182361933
2025-06-14 14:00:00,10598.015182361933
2025-06-14 15:00:00,10598.015182361933
2025-06-14 16:00:00,10598.015182361933
2025-06-14 17:00:00,10598.015182361933
2025-06-14 18:00:00,10598.015182361933
2025-06-14 19:00:00,10598.015182361933
2025-06-14 20:00:00,10598.015182361933
2025-06-14 21:00:00,10598.015182361933
2025-06-14 22:00:00,10598.015182361933
2025-06-14 23:00:00,10598.015182361933
2025-06-15 00:00:00,10598.015182361933
2025-06-15 01:00:00,10598.015182361933
2025-06-15 02:00:00,10598.015182361933
2025-06-15 03:00:00,10598.015182361933
2025-06-15 04:00:00,10598.015182361933
2025-06-15 05:00:00,10598.015182361933
2025-06-15 06:00:00,10598.015182361933
2025-06-15 07:00:00,10598.015182361933
2025-06-15 08:00:00,10598.015182361933
2025-06-15 09:00:00,10598.015182361933
2025-06-15 10:00:00,10598.015182361933
2025-06-15 11:00:00,10598.015182361933
2025-06-15 12:00:00,10598.015182361933
2025-06-15 13:00:00,10598.015182361933
2025-06-15 14:00:00,10598.015182361933
2025-06-15 15:00:00,10598.015182361933
2025-06-15 16:00:00,10598.015182361933
2025-06-15 17:00:00,10598.015182361933
2025-06-15 18:00:00,10598.015182361933
2025-06-15 19:00:00,10598.015182361933
2025-06-15 20:00:00,10598.015182361933
2025-06-15 21:00:00,10598.015182361933
2025-06-15 22:00:00,10598.015182361933
2025-06-15 23:00:00,10598.015182361933
2025-06-16 00:00:00,10598.015182361933
2025-06-16 01:00:00,10598.015182361933
2025-06-16 02:00:00,10598.015182361933
2025-06-16 03:00:00,10598.015182361933
2025-06-16 04:00:00,10598.015182361933
2025-06-16 05:00:00,10598.015182361933
2025-06-16 06:00:00,10598.015182361933
2025-06-16 07:00:00,10598.015182361933
2025-06-16 08:00:00,10598.015182361933
2025-06-16 09:00:00,10598.015182361933
2025-06-16 10:00:00,10598.015182361933
2025-06-16 11:00:00,10598.015182361933
2025-06-16 12:00:00,10598.015182361933
2025-06-16 13:00:00,10598.015182361933
2025-06-16 14:00:00,10598.015182361933
2025-06-16 15:00:00,10598.015182361933
2025-06-16 16:00:00,10598.015182361933
2025-06-16 17:00:00,10598.015182361933
2025-06-16 18:00:00,10598.015182361933
2025-06-16 19:00:00,10598.015182361933
2025-06-16 20:00:00,10598.015182361933
2025-06-16 21:00:00,10598.015182361933
2025-06-16 22:00:00,10598.015182361933
2025-06-16 23:00:00,10598.015182361933
2025-06-17 00:00:00,10598.015182361933
2025-06-17 01:00:00,10598.015182361933
2025-06-17 02:00:00,10598.015182361933
2025-06-17 03:00:00,10598.015182361933
2025-06-17 04:00:00,10598.015182361933
2025-06-17 05:00:00,10598.015182361933
2025-06-17 06:00:00,10598.015182361933
2025-06-17 07:00:00,10598.015182361933
2025-06-17 08:00:00,10598.015182361933
2025-06-17 09:00:00,10598.015182361933
2025-06-17 10:00:00,10598.015182361933
2025-06-17 11:00:00,10598.015182361933
2025-06-17 12:00:00,10598.015182361933
2025-06-17 13:00:00,10598.015182361933
2025-06-17 14:00:00,10598.015182361933
2025-06-17 15:00:00,10598.015182361933
2025-06-17 16:00:00,10598.015182361933
2025-06-17 17:00:00,10598.015182361933
2025-06-17 18:00:00,10598.015182361933
2025-06-17 19:00:00,10598.015182361933
2025-06-17 20:00:00,10598.015182361933
2025-06-17 21:00:00,10598.015182361933
2025-06-17 22:00:00,10598.015182361933
2025-06-17 23:00:00,10598.015182361933
2025-06-18 00:00:00,10598.015182361933
2025-06-18 01:00:00,10598.015182361933
2025-06-18 02:00:00,10598.015182361933
2025-06-18 03:00:00,10598.015182361933
2025-06-18 04:00:00,10598.015182361933
2025-06-18 05:00:00,10598.015182361933
2025-06-18 06:00:00,10598.015182361933
2025-06-18 07:00:00,10598.015182361933
2025-06-18 08:00:00,10598.015182361933
2025-06-18 09:00:00,10598.015182361933
2025-06-18 10:00:00,10598.015182361933
2025-06-18 11:00:00,10598.015182361933
2025-06-18 12:00:00,10598.015182361933
2025-06-18 13:00:00,10598.015182361933
2025-06-18 14:00:00,10598.015182361933
2025-06-18 15:00:00,10598.015182361933
2025-06-18 16:00:00,10598.015182361933
2025-06-18 17:00:00,10598.015182361933
2025-06-18 18:00:00,10598.015182361933
2025-06-18 19:00:00,10598.015182361933
2025-06-18 20:00:00,10598.015182361933
2025-06-18 21:00:00,10598.015182361933
2025-06-18 22:00:00,10598.015182361933
2025-06-18 23:00:00,10598.015182361933
2025-06-19 00:00:00,10598.015182361933
2025-06-19 01:00:00,10598.015182361933
2025-06-19 02:00:00,10598.015182361933
2025-06-19 03:00:00,10598.015182361933
2025-06-19 04:00:00,10598.015182361933
2025-06-19 05:00:00,10598.015182361933
2025-06-19 06:00:00,10598.015182361933
2025-06-19 07:00:00,10598.015182361933
2025-06-19 08:00:00,10598.015182361933
2025-06-19 09:00:00,10598.015182361933
2025-06-19 10:00:00,10598.015182361933
2025-06-19 11:00:00,10598.015182361933
2025-06-19 12:00:00,10598.015182361933
2025-06-19 13:00:00,10598.015182361933
2025-06-19 14:00:00,10598.015182361933
2025-06-19 15:00:00,10598.015182361933
2025-06-19 16:00:00,10598.015182361933
2025-06-19 17:00:00,10598.015182361933
2025-06-19 18:00:00,10598.015182361933
2025-06-19 19:00:00,10598.015182361933
2025-06-19 20:00:00,10598.015182361933
2025-06-19 21:00:00,10598.015182361933
2025-06-19 22:00:00,10598.015182361933
2025-06-19 23:00:00,10598.015182361933
2025-06-20 00:00:00,10598.015182361933
2025-06-20 01:00:00,10598.015182361933
2025-06-20 02:00:00,10598.015182361933
2025-06-20 03:00:00,10598.015182361933
2025-06-20 04:00:00,10598.015182361933
2025-06-20 05:00:00,10598.015182361933
2025-06-20 06:00:00,10598.015182361933
2025-06-20 07:00:00,10598.015182361933
2025-06-20 08:00:00,10598.015182361933
2025-06-20 09:00:00,10598.015182361933
2025-06-20 10:00:00,10598.015182361933
2025-06-20 11:00:00,10598.015182361933
2025-06-20 12:00:00,10598.015182361933
2025-06-20 13:00:00,10598.015182361933
2025-06-20 14:00:00,10598.015182361933
2025-06-20 15:00:00,10598.015182361933
2025-06-20 16:00:00,10598.015182361933
2025-06-20 17:00:00,10598.015182361933
2025-06-20 18:00:00,10598.015182361933
2025-06-20 19:00:00,10598.015182361933
2025-06-20 20:00:00,10598.015182361933
2025-06-20 21:00:00,10598.015182361933
2025-06-20 22:00:00,10598.015182361933
2025-06-20 23:00:00,10598.015182361933
2025-06-21 00:00:00,10598.015182361933
2025-06-21 01:00:00,10598.015182361933
2025-06-21 02:00:00,10598.015182361933
2025-06-21 03:00:00,10598.015182361933
2025-06-21 04:00:00,10598.015182361933
2025-06-21 05:00:00,10598.015182361933
2025-06-21 06:00:00,10598.015182361933
2025-06-21 07:00:00,10598.015182361933
2025-06-21 08:00:00,10598.015182361933
2025-06-21 09:00:00,10598.015182361933
2025-06-21 10:00:00,10598.015182361933
2025-06-21 11:00:00,10598.015182361933
2025-06-21 12:00:00,10598.015182361933
2025-06-21 13:00:00,10598.015182361933
2025-06-21 14:00:00,10598.015182361933
2025-06-21 15:00:00,10598.015182361933
2025-06-21 16:00:00,10598.015182361933
2025-06-21 17:00:00,10598.015182361933
2025-06-21 18:00:00,10598.015182361933
2025-06-21 19:00:00,10598.015182361933
2025-06-21 20:00:00,10598.015182361933
2025-06-21 21:00:00,10598.015182361933
2025-06-21 22:00:00,10598.015182361933
2025-06-21 23:00:00,10598.015182361933
2025-06-22 00:00:00,10598.015182361933
2025-06-22 01:00:00,10598.015182361933
2025-06-22 02:00:00,10598.015182361933
2025-06-22 03:00:00,10598.015182361933
2025-06-22 04:00:00,10598.015182361933
2025-06-22 05:00:00,10598.015182361933
2025-06-22 06:00:00,10598.015182361933
2025-06-22 07:00:00,10598.015182361933
2025-06-22 08:00:00,10598.015182361933
2025-06-22 09:00:00,10598.015182361933
2025-06-22 10:00:00,10598.015182361933
2025-06-22 11:00:00,10598.015182361933
2025-06-22 12:00:00,10598.015182361933
2025-06-22 13:00:00,10598.015182361933
2025-06-22 14:00:00,10598.015182361933
2025-06-22 15:00:00,10598.015182361933
2025-06-22 16:00:00,10598.015182361933
2025-06-22 17:00:00,10598.015182361933
2025-06-22 18:00:00,10598.015182361933
2025-06-22 19:00:00,10598.015182361933
2025-06-22 20:00:00,10598.015182361933
2025-06-22 21:00:00,10598.015182361933
2025-06-22 22:00:00,10598.015182361933
2025-06-22 23:00:00,10598.015182361933
2025-06-23 00:00:00,10598.015182361933
2025-06-23 01:00:00,10598.015182361933
2025-06-23 02:00:00,10598.015182361933
2025-06-23 03:00:00,10598.015182361933
2025-06-23 04:00:00,10598.015182361933
2025-06-23 05:00:00,10598.015182361933
2025-06-23 06:00:00,10598.015182361933
2025-06-23 07:00:00,10598.015182361933
2025-06-23 08:00:00,10598.015182361933
2025-06-23 09:00:00,10598.015182361933
2025-06-23 10:00:00,10598.015182361933
2025-06-23 11:00:00,10598.015182361933
2025-06-23 12:00:00,10598.015182361933
2025-06-23 13:00:00,10598.015182361933
2025-06-23 14:00:00,10598.015182361933
2025-06-23 15:00:00,10598.015182361933
2025-06-23 16:00:00,10598.015182361933
2025-06-23 17:00:00,10598.015182361933
2025-06-23 18:00:00,10598.015182361933
2025-06-23 19:00:00,10598.015182361933
2025-06-23 20:00:00,10598.015182361933
2025-06-23 21:00:00,10598.015182361933
2025-06-23 22:00:00,10598.015182361933
2025-06-23 23:00:00,10598.015182361933
2025-06-24 00:00:00,10598.015182361933
2025-06-24 01:00:00,10598.015182361933
2025-06-24 02:00:00,10598.015182361933
2025-06-24 03:00:00,10598.015182361933
2025-06-24 04:00:00,10598.015182361933
2025-06-24 05:00:00,10598.015182361933
2025-06-24 06:00:00,10598.015182361933
2025-06-24 07:00:00,10598.015182361933
2025-06-24 08:00:00,10598.015182361933
2025-06-24 09:00:00,10598.015182361933
2025-06-24 10:00:00,10598.015182361933
2025-06-24 11:00:00,10598.015182361933
2025-06-24 12:00:00,10598.015182361933
2025-06-24 13:00:00,10598.015182361933
2025-06-24 14:00:00,10598.015182361933
2025-06-24 15:00:00,10598.015182361933
2025-06-24 16:00:00,10598.015182361933
2025-06-24 17:00:00,10598.015182361933
2025-06-24 18:00:00,10598.015182361933
2025-06-24 19:00:00,10598.015182361933
2025-06-24 20:00:00,10598.015182361933
2025-06-24 21:00:00,10598.015182361933
2025-06-24 22:00:00,10598.015182361933
2025-06-24 23:00:00,10598.015182361933
2025-06-25 00:00:00,10598.015182361933
2025-06-25 01:00:00,10598.015182361933
2025-06-25 02:00:00,10598.015182361933
2025-06-25 03:00:00,10598.015182361933
2025-06-25 04:00:00,10598.015182361933
2025-06-25 05:00:00,10598.015182361933
2025-06-25 06:00:00,10598.015182361933
2025-06-25 07:00:00,10598.015182361933
2025-06-25 08:00:00,10598.015182361933
2025-06-25 09:00:00,10598.015182361933
2025-06-25 10:00:00,10598.015182361933
2025-06-25 11:00:00,10598.015182361933
2025-06-25 12:00:00,10598.015182361933
2025-06-25 13:00:00,10598.015182361933
2025-06-25 14:00:00,10598.015182361933
2025-06-25 15:00:00,10598.015182361933
2025-06-25 16:00:00,10598.015182361933
2025-06-25 17:00:00,10598.015182361933
2025-06-25 18:00:00,10598.015182361933
2025-06-25 19:00:00,10598.015182361933
2025-06-25 20:00:00,10598.015182361933
2025-06-25 21:00:00,10598.015182361933
2025-06-25 22:00:00,10598.015182361933
2025-06-25 23:00:00,10598.015182361933
2025-06-26 00:00:00,10598.015182361933
2025-06-26 01:00:00,10598.015182361933
2025-06-26 02:00:00,10598.015182361933
2025-06-26 03:00:00,10598.015182361933
2025-06-26 04:00:00,10598.015182361933
2025-06-26 05:00:00,10598.015182361933
2025-06-26 06:00:00,10598.015182361933
2025-06-26 07:00:00,10598.015182361933
2025-06-26 08:00:00,10598.015182361933
2025-06-26 09:00:00,10598.015182361933
2025-06-26 10:00:00,10598.015182361933
2025-06-26 11:00:00,10598.015182361933
2025-06-26 12:00:00,10598.015182361933
2025-06-26 13:00:00,10598.015182361933
2025-06-26 14:00:00,10598.015182361933
2025-06-26 15:00:00,10598.015182361933
2025-06-26 16:00:00,10598.015182361933
2025-06-26 17:00:00,10598.015182361933
2025-06-26 18:00:00,10598.015182361933
2025-06-26 19:00:00,10598.015182361933
2025-06-26 20:00:00,10598.015182361933
2025-06-26 21:00:00,10598.015182361933
2025-06-26 22:00:00,10598.015182361933
2025-06-26 23:00:00,10598.015182361933
2025-06-27 00:00:00,10598.015182361933
2025-06-27 01:00:00,10598.015182361933
2025-06-27 02:00:00,10598.015182361933
2025-06-27 03:00:00,10598.015182361933
2025-06-27 04:00:00,10598.015182361933
2025-06-27 05:00:00,10598.015182361933
2025-06-27 06:00:00,10598.015182361933
2025-06-27 07:00:00,10598.015182361933
2025-06-27 08:00:00,10598.015182361933
2025-06-27 09:00:00,10598.015182361933
2025-06-27 10:00:00,10598.015182361933
2025-06-27 11:00:00,10598.015182361933
2025-06-27 12:00:00,10598.015182361933
2025-06-27 13:00:00,10598.015182361933
2025-06-27 14:00:00,10598.015182361933
2025-06-27 15:00:00,10598.015182361933
2025-06-27 16:00:00,10598.015182361933
2025-06-27 17:00:00,10598.015182361933
2025-06-27 18:00:00,10598.015182361933
2025-06-27 19:00:00,10598.015182361933
2025-06-27 20:00:00,10598.015182361933
2025-06-27 21:00:00,10598.015182361933
2025-06-27 22:00:00,10598.015182361933
2025-06-27 23:00:00,10598.015182361933
2025-06-28 00:00:00,10598.015182361933
2025-06-28 01:00:00,10598.015182361933
2025-06-28 02:00:00,10598.015182361933
2025-06-28 03:00:00,10598.015182361933
2025-06-28 04:00:00,10598.015182361933
2025-06-28 05:00:00,10598.015182361933
2025-06-28 06:00:00,10598.015182361933
2025-06-28 07:00:00,10598.015182361933
2025-06-28 08:00:00,10598.015182361933
2025-06-28 09:00:00,10598.015182361933
2025-06-28 10:00:00,10598.015182361933
2025-06-28 11:00:00,10598.015182361933
2025-06-28 12:00:00,10598.015182361933
2025-06-28 13:00:00,10598.015182361933
2025-06-28 14:00:00,10598.015182361933
2025-06-28 15:00:00,10598.015182361933
2025-06-28 16:00:00,10598.015182361933
2025-06-28 17:00:00,10598.015182361933
2025-06-28 18:00:00,10598.015182361933
2025-06-28 19:00:00,10598.015182361933
2025-06-28 20:00:00,10598.015182361933
2025-06-28 21:00:00,10598.015182361933
2025-06-28 22:00:00,10598.015182361933
2025-06-28 23:00:00,10598.015182361933
2025-06-29 00:00:00,10598.015182361933
2025-06-29 01:00:00,10598.015182361933
2025-06-29 02:00:00,10598.015182361933
2025-06-29 03:00:00,10598.015182361933
2025-06-29 04:00:00,10598.015182361933
2025-06-29 05:00:00,10598.015182361933
2025-06-29 06:00:00,10598.015182361933
2025-06-29 07:00:00,10598.015182361933
2025-06-29 08:00:00,10598.015182361933
2025-06-29 09:00:00,10598.015182361933
2025-06-29 10:00:00,10598.015182361933
2025-06-29 11:00:00,10598.015182361933
2025-06-29 12:00:00,10598.015182361933
2025-06-29 13:00:00,10598.015182361933
2025-06-29 14:00:00,10598.015182361933
2025-06-29 15:00:00,10598.015182361933
2025-06-29 16:00:00,10598.015182361933
2025-06-29 17:00:00,10598.015182361933
2025-06-29 18:00:00,10598.015182361933
2025-06-29 19:00:00,10598.015182361933
2025-06-29 20:00:00,10598.015182361933
2025-06-29 21:00:00,10598.015182361933
2025-06-29 22:00:00,10598.015182361933
2025-06-29 23:00:00,10598.015182361933
2025-06-30 00:00:00,10598.015182361933
2025-06-30 01:00:00,10598.015182361933
2025-06-30 02:00:00,10598.015182361933
2025-06-30 03:00:00,10598.015182361933
2025-06-30 04:00:00,10598.015182361933
2025-06-30 05:00:00,10598.015182361933
2025-06-30 06:00:00,10598.015182361933
2025-06-30 07:00:00,10598.015182361933
2025-06-30 08:00:00,10598.015182361933
2025-06-30 09:00:00,10598.015182361933
2025-06-30 10:00:00,10598.015182361933
2025-06-30 11:00:00,10598.015182361933
2025-06-30 12:00:00,10598.015182361933
2025-06-30 13:00:00,10598.015182361933
2025-06-30 14:00:00,10598.015182361933
2025-06-30 15:00:00,10598.015182361933
2025-06-30 16:00:00,10598.015182361933
2025-06-30 17:00:00,10598.015182361933
2025-06-30 18:00:00,10598.015182361933
2025-06-30 19:00:00,10598.015182361933
2025-06-30 20:00:00,10598.015182361933
2025-06-30 21:00:00,10598.015182361933
2025-06-30 22:00:00,10598.015182361933
2025-06-30 23:00:00,10598.015182361933
2025-07-01 00:00:00,10598.015182361933
2025-07-01 01:00:00,10598.015182361933
2025-07-01 02:00:00,10598.015182361933
2025-07-01 03:00:00,10598.015182361933
2025-07-01 04:00:00,10598.015182361933
2025-07-01 05:00:00,10598.015182361933
2025-07-01 06:00:00,10598.015182361933
2025-07-01 07:00:00,10598.015182361933
2025-07-01 08:00:00,10585.10624720842
2025-07-01 09:00:00,10581.307884617365
2025-07-01 10:00:00,10568.534840702707
2025-07-01 11:00:00,10568.534840702707
2025-07-01 12:00:00,10568.534840702707
2025-07-01 13:00:00,10568.534840702707
2025-07-01 14:00:00,10568.534840702707
2025-07-01 15:00:00,10568.534840702707
2025-07-01 16:00:00,10568.534840702707
2025-07-01 17:00:00,10568.534840702707
2025-07-01 18:00:00,10568.534840702707
2025-07-01 19:00:00,10568.534840702707
2025-07-01 20:00:00,10568.534840702707
2025-07-01 21:00:00,10568.534840702707
2025-07-01 22:00:00,10568.534840702707
2025-07-01 23:00:00,10568.534840702707
2025-07-02 00:00:00,10568.534840702707
2025-07-02 01:00:00,10568.534840702707
2025-07-02 02:00:00,10568.534840702707
2025-07-02 03:00:00,10568.534840702707
2025-07-02 04:00:00,10568.534840702707
2025-07-02 05:00:00,10568.534840702707
2025-07-02 06:00:00,10568.534840702707
2025-07-02 07:00:00,10568.534840702707
2025-07-02 08:00:00,10568.534840702707
2025-07-02 09:00:00,10568.534840702707
2025-07-02 10:00:00,10568.534840702707
2025-07-02 11:00:00,10558.179997679816
2025-07-02 12:00:00,10555.729661470852
2025-07-02 13:00:00,10565.237171645891
2025-07-02 14:00:00,10574.34090402453
2025-07-02 15:00:00,10588.977543066276
2025-07-02 16:00:00,10605.512598879093
2025-07-02 17:00:00,10598.574427950645
2025-07-02 18:00:00,10608.594434746587
2025-07-02 19:00:00,10611.955413541853
2025-07-02 20:00:00,10598.736771600745
2025-07-02 21:00:00,10606.21731234061
2025-07-02 22:00:00,10598.876343064632
2025-07-02 23:00:00,10591.71657182949
2025-07-03 00:00:00,10593.31797073092
2025-07-03 01:00:00,10594.810895670067
2025-07-03 02:00:00,10588.580376549744
2025-07-03 03:00:00,10586.295567199706
2025-07-03 04:00:00,10590.257193014117
2025-07-03 05:00:00,10603.733674870087
2025-07-03 06:00:00,10607.126730615826
2025-07-03 07:00:00,10602.255441663981
2025-07-03 08:00:00,10604.644562318608
2025-07-03 09:00:00,10618.470217696511
2025-07-03 10:00:00,10615.95229951556
2025-07-03 11:00:00,10610.07119877939
2025-07-03 12:00:00,10599.51273996751
2025-07-03 13:00:00,10626.144934174728
2025-07-03 14:00:00,10612.994363930044
2025-07-03 15:00:00,10598.529618164872
2025-07-03 16:00:00,10602.462595099854
2025-07-03 17:00:00,10609.01363886268
2025-07-03 18:00:00,10612.01932258058
2025-07-03 19:00:00,10615.07177498199
2025-07-03 20:00:00,10618.590445045227
2025-07-03 21:00:00,10614.694442305065
2025-07-03 22:00:00,10612.519331228395
2025-07-03 23:00:00,10609.718352324197
2025-07-04 00:00:00,10607.126730615826
2025-07-04 01:00:00,10607.642655307769
2025-07-04 02:00:00,10599.820042050276
2025-07-04 03:00:00,10601.16751883232
2025-07-04 04:00:00,10594.972994457949
2025-07-04 05:00:00,10595.693134239158
2025-07-04 06:00:00,10596.035696481222
2025-07-04 07:00:00,10588.05343305802
2025-07-04 08:00:00,10589.602921169373
2025-07-04 09:00:00,10595.340287783964
2025-07-04 10:00:00,10592.944310987252
2025-07-04 11:00:00,10592.656842744089
2025-07-04 12:00:00,10588.831850046956
2025-07-04 13:00:00,10570.184123022895
2025-07-04 14:00:00,10566.260695714389
2025-07-04 15:00:00,10560.464562167635
2025-07-04 16:00:00,10562.0240896299
2025-07-04 17:00:00,10567.861360029168
2025-07-04 18:00:00,10558.406250368642
2025-07-04 19:00:00,10557.916525933953
2025-07-04 20:00:00,10563.371566411946
2025-07-04 21:00:00,10568.738701353912
2025-07-04 22:00:00,10577.155840075118
2025-07-04 23:00:00,10570.527174989395
2025-07-05 00:00:00,10575.712622166091
2025-07-05 01:00:00,10570.4510228398
2025-07-05 02:00:00,10572.574957713043
2025-07-05 03:00:00,10574.701586070678
2025-07-05 04:00:00,10574.283851127888
2025-07-05 05:00:00,10573.989281880424
2025-07-05 06:00:00,10577.544436414044
2025-07-05 07:00:00,10572.22211125785
2025-07-05 08:00:00,10571.64692990931
2025-07-05 09:00:00,10572.824472312517
2025-07-05 10:00:00,10573.000038522352
2025-07-05 11:00:00,10573.660676784748
2025-07-05 12:00:00,10574.55099580701
2025-07-05 13:00:00,10573.998096920248
2025-07-05 14:00:00,10575.64455046967
2025-07-05 15:00:00,10572.333278704526
2025-07-05 16:00:00,10573.410427598621
2025-07-05 17:00:00,10573.118796697765
2025-07-05 18:00:00,10571.157940061274
2025-07-05 19:00:00,10574.384734361434
2025-07-05 20:00:00,10573.282119796733
2025-07-05 21:00:00,10573.116837800026
2025-07-05 22:00:00,10575.527996054214
2025-07-05 23:00:00,10575.764288093951
2025-07-06 00:00:00,10575.981480880735
2025-07-06 01:00:00,10576.257195737464
2025-07-06 02:00:00,10572.382740872428
2025-07-06 03:00:00,10572.149387179299
2025-07-06 04:00:00,10570.64642288924
2025-07-06 05:00:00,10570.99510668674
2025-07-06 06:00:00,10573.899907171093
2025-07-06 07:00:00,10571.900117442043
2025-07-06 08:00:00,10571.042120232469
2025-07-06 09:00:00,10567.240389445984
2025-07-06 10:00:00,10570.690987812797
2025-07-06 11:00:00,10572.774275557962
2025-07-06 12:00:00,10576.61812264583
2025-07-06 13:00:00,10589.820603680593
2025-07-06 14:00:00,10593.764844277572
2025-07-06 15:00:00,10593.097349873093
2025-07-06 16:00:00,10591.895810972585
2025-07-06 17:00:00,10593.421302586637
2025-07-06 18:00:00,10582.27443986648
2025-07-06 19:00:00,10584.097928799043
2025-07-06 20:00:00,10587.20792382153
2025-07-06 21:00:00,10600.498555254537
2025-07-06 22:00:00,10601.000033075657
2025-07-06 23:00:00,10600.390571016687
2025-07-07 00:00:00,10591.066952366875
2025-07-07 01:00:00,10595.867721000124
2025-07-07 02:00:00,10604.325017124973
2025-07-07 03:00:00,10604.935948357248
2025-07-07 04:00:00,10598.551410902215
2025-07-07 05:00:00,10597.35795245488
2025-07-07 06:00:00,10589.877656577233
2025-07-07 07:00:00,10596.894918001883
2025-07-07 08:00:00,10595.685788372637
2025-07-07 09:00:00,10591.703349269752
2025-07-07 10:00:00,10587.175357146623
2025-07-07 11:00:00,10586.63347705964
2025-07-07 12:00:00,10579.40612385251
2025-07-07 13:00:00,10584.058261119832
2025-07-07 14:00:00,10576.376933361746
2025-07-07 15:00:00,10578.0775014612
2025-07-07 16:00:00,10570.347690984081
2025-07-07 17:00:00,10569.521036138327
2025-07-07 18:00:00,10571.513724863074
2025-07-07 19:00:00,10572.300956891835
2025-07-07 20:00:00,10568.142461854679
2025-07-07 21:00:00,10575.00105256249
2025-07-07 22:00:00,10571.383947887882
2025-07-07 23:00:00,10577.351484986775
2025-07-08 00:00:00,10578.258699502036
2025-07-08 01:00:00,10563.690377018927
2025-07-08 02:00:00,10565.188199202423
2025-07-08 03:00:00,10568.501674727524
2025-07-08 04:00:00,10571.384192750098
2025-07-08 05:00:00,10576.078201456587
2025-07-08 06:00:00,10578.252088222167
2025-07-08 07:00:00,10582.779345758643
2025-07-08 08:00:00,10577.33728297817
2025-07-08 09:00:00,10582.421357196887
2025-07-08 10:00:00,10591.304468717699
2025-07-08 11:00:00,10589.433721377189
2025-07-08 12:00:00,10594.155154652019
2025-07-08 13:00:00,10596.246767712573
2025-07-08 14:00:00,10580.11989721607
2025-07-08 15:00:00,10577.48395544636
2025-07-08 16:00:00,10581.671589087378
2025-07-08 17:00:00,10595.178923582735
2025-07-08 18:00:00,10599.012486457475
2025-07-08 19:00:00,10589.81350267629
2025-07-08 20:00:00,10586.352620096346
2025-07-08 21:00:00,10592.703366565385
2025-07-08 22:00:00,10593.367188036606
2025-07-08 23:00:00,10593.51337078036
2025-07-09 00:00:00,10593.939675900756
2025-07-09 01:00:00,10590.03094032529
2025-07-09 02:00:00,10585.887137021176
2025-07-09 03:00:00,10580.12993656698
2025-07-09 04:00:00,10584.468895058319
2025-07-09 05:00:00,10589.965806975477
2025-07-09 06:00:00,10591.481748963055
2025-07-09 07:00:00,10588.405789788778
2025-07-09 08:00:00,10586.930984653714
2025-07-09 09:00:00,10589.605124929329
2025-07-09 10:00:00,10592.950677404902
2025-07-09 11:00:00,10596.826111718809
2025-07-09 12:00:00,10603.498607141437
2025-07-09 13:00:00,10599.904764377477
2025-07-09 14:00:00,10592.957778409205
2025-07-09 15:00:00,10597.145656912444
2025-07-09 16:00:00,10605.407063263418
2025-07-09 17:00:00,10599.512984829726
2025-07-09 18:00:00,10608.535912676642
2025-07-09 19:00:00,10643.605575796135
2025-07-09 20:00:00,10643.605575796135
2025-07-09 21:00:00,10643.605575796135
2025-07-09 22:00:00,10643.605575796135
2025-07-09 23:00:00,10643.605575796135
2025-07-10 00:00:00,10643.605575796135
2025-07-10 01:00:00,10643.605575796135
2025-07-10 02:00:00,10643.605575796135
2025-07-10 03:00:00,10643.605575796135
2025-07-10 04:00:00,10643.605575796135
2025-07-10 05:00:00,10643.605575796135
2025-07-10 06:00:00,10643.605575796135
2025-07-10 07:00:00,10643.605575796135
2025-07-10 08:00:00,10643.605575796135
2025-07-10 09:00:00,10643.605575796135
2025-07-10 10:00:00,10643.605575796135
2025-07-10 11:00:00,10643.605575796135
2025-07-10 12:00:00,10643.605575796135
2025-07-10 13:00:00,10643.605575796135
2025-07-10 14:00:00,10643.605575796135
2025-07-10 15:00:00,10643.605575796135
2025-07-10 16:00:00,10643.605575796135
2025-07-10 17:00:00,10643.605575796135
2025-07-10 18:00:00,10643.605575796135
2025-07-10 19:00:00,10643.605575796135
2025-07-10 20:00:00,10643.605575796135
2025-07-10 21:00:00,10643.605575796135
2025-07-10 22:00:00,10643.605575796135
2025-07-10 23:00:00,10643.605575796135
2025-07-11 00:00:00,10643.605575796135
2025-07-11 01:00:00,10643.605575796135
2025-07-11 02:00:00,10643.605575796135
2025-07-11 03:00:00,10643.605575796135
2025-07-11 04:00:00,10643.605575796135
2025-07-11 05:00:00,10643.605575796135
2025-07-11 06:00:00,10643.605575796135
2025-07-11 07:00:00,10643.605575796135
2025-07-11 08:00:00,10643.605575796135
2025-07-11 09:00:00,10643.605575796135
2025-07-11 10:00:00,10643.605575796135
2025-07-11 11:00:00,10643.605575796135
2025-07-11 12:00:00,10643.605575796135
2025-07-11 13:00:00,10643.605575796135
2025-07-11 14:00:00,10643.605575796135
2025-07-11 15:00:00,10643.605575796135
2025-07-11 16:00:00,10643.605575796135
2025-07-11 17:00:00,10643.605575796135
2025-07-11 18:00:00,10643.605575796135
2025-07-11 19:00:00,10643.605575796135
2025-07-11 20:00:00,10643.605575796135
2025-07-11 21:00:00,10643.605575796135
2025-07-11 22:00:00,10643.605575796135
2025-07-11 23:00:00,10643.605575796135
2025-07-12 00:00:00,10643.605575796135
2025-07-12 01:00:00,10643.605575796135
2025-07-12 02:00:00,10643.605575796135
2025-07-12 03:00:00,10643.605575796135
2025-07-12 04:00:00,10643.605575796135
2025-07-12 05:00:00,10643.605575796135
2025-07-12 06:00:00,10643.605575796135
2025-07-12 07:00:00,10643.605575796135
2025-07-12 08:00:00,10643.605575796135
2025-07-12 09:00:00,10643.605575796135
2025-07-12 10:00:00,10643.605575796135
2025-07-12 11:00:00,10643.605575796135
2025-07-12 12:00:00,10643.605575796135
2025-07-12 13:00:00,10643.605575796135
2025-07-12 14:00:00,10643.605575796135
2025-07-12 15:00:00,10643.605575796135
2025-07-12 16:00:00,10643.605575796135
2025-07-12 17:00:00,10643.605575796135
2025-07-12 18:00:00,10643.605575796135
2025-07-12 19:00:00,10643.605575796135
2025-07-12 20:00:00,10643.605575796135
2025-07-12 21:00:00,10643.605575796135
2025-07-12 22:00:00,10643.605575796135
2025-07-12 23:00:00,10643.605575796135
2025-07-13 00:00:00,10643.605575796135
2025-07-13 01:00:00,10643.605575796135
2025-07-13 02:00:00,10643.605575796135
2025-07-13 03:00:00,10643.605575796135
2025-07-13 04:00:00,10643.605575796135
2025-07-13 05:00:00,10643.605575796135
2025-07-13 06:00:00,10643.605575796135
2025-07-13 07:00:00,10643.605575796135
2025-07-13 08:00:00,10643.605575796135
2025-07-13 09:00:00,10643.605575796135
2025-07-13 10:00:00,10643.605575796135
2025-07-13 11:00:00,10643.605575796135
2025-07-13 12:00:00,10643.605575796135
2025-07-13 13:00:00,10643.605575796135
2025-07-13 14:00:00,10643.605575796135
2025-07-13 15:00:00,10643.605575796135
2025-07-13 16:00:00,10643.605575796135
2025-07-13 17:00:00,10643.605575796135
2025-07-13 18:00:00,10643.605575796135
2025-07-13 19:00:00,10643.605575796135
2025-07-13 20:00:00,10643.605575796135
2025-07-13 21:00:00,10643.605575796135
2025-07-13 22:00:00,10643.605575796135
2025-07-13 23:00:00,10643.605575796135
2025-07-14 00:00:00,10643.605575796135
2025-07-14 01:00:00,10643.605575796135
2025-07-14 02:00:00,10643.605575796135
2025-07-14 03:00:00,10643.605575796135
2025-07-14 04:00:00,10643.605575796135
2025-07-14 05:00:00,10643.605575796135
2025-07-14 06:00:00,10643.605575796135
2025-07-14 07:00:00,10643.605575796135
2025-07-14 08:00:00,10643.605575796135
2025-07-14 09:00:00,10643.605575796135
2025-07-14 10:00:00,10643.605575796135
2025-07-14 11:00:00,10643.605575796135
2025-07-14 12:00:00,10643.605575796135
2025-07-14 13:00:00,10643.605575796135
2025-07-14 14:00:00,10643.605575796135
2025-07-14 15:00:00,10643.605575796135
2025-07-14 16:00:00,10643.605575796135
2025-07-14 17:00:00,10643.605575796135
2025-07-14 18:00:00,10643.605575796135
2025-07-14 19:00:00,10643.605575796135
2025-07-14 20:00:00,10643.605575796135
2025-07-14 21:00:00,10643.605575796135
2025-07-14 22:00:00,10643.605575796135
2025-07-14 23:00:00,10643.605575796135
2025-07-15 00:00:00,10643.605575796135
2025-07-15 01:00:00,10643.605575796135
2025-07-15 02:00:00,10643.605575796135
2025-07-15 03:00:00,10643.605575796135
2025-07-15 04:00:00,10643.605575796135
2025-07-15 05:00:00,10643.605575796135
2025-07-15 06:00:00,10643.605575796135
2025-07-15 07:00:00,10643.605575796135
2025-07-15 08:00:00,10643.605575796135
2025-07-15 09:00:00,10643.605575796135
2025-07-15 10:00:00,10643.605575796135
2025-07-15 11:00:00,10643.605575796135
2025-07-15 12:00:00,10643.605575796135
2025-07-15 13:00:00,10643.605575796135
2025-07-15 14:00:00,10643.605575796135
2025-07-15 15:00:00,10643.605575796135
2025-07-15 16:00:00,10643.605575796135
2025-07-15 17:00:00,10643.605575796135
2025-07-15 18:00:00,10643.605575796135
2025-07-15 19:00:00,10643.605575796135
2025-07-15 20:00:00,10643.605575796135
2025-07-15 21:00:00,10643.605575796135
2025-07-15 22:00:00,10643.605575796135
2025-07-15 23:00:00,10643.605575796135
2025-07-16 00:00:00,10650.28919002615
2025-07-16 01:00:00,10641.512641300786
2025-07-16 02:00:00,10632.320076035225
2025-07-16 03:00:00,10636.055642579679
2025-07-16 04:00:00,10638.726324223462
2025-07-16 05:00:00,10644.799442988902
2025-07-16 06:00:00,10653.979812329831
2025-07-16 07:00:00,10652.013784109187
2025-07-16 08:00:00,10663.548870305769
2025-07-16 09:00:00,10674.691880110502
2025-07-16 10:00:00,10664.36780405971
2025-07-16 11:00:00,10665.108819406285
2025-07-16 12:00:00,10661.593908757473
2025-07-16 13:00:00,10663.54932200668
2025-07-16 14:00:00,10671.607440431082
2025-07-16 15:00:00,10672.48735380818
2025-07-16 16:00:00,10676.917410505244
2025-07-16 17:00:00,10671.981222935983
2025-07-16 18:00:00,10681.892670203419
2025-07-16 19:00:00,10675.522783938619
2025-07-16 20:00:00,10691.14711849396
2025-07-16 21:00:00,10677.04682281661
2025-07-16 22:00:00,10662.179087289316
2025-07-16 23:00:00,10661.9778545329
2025-07-17 00:00:00,10667.938048070275
2025-07-17 01:00:00,10651.120545555177
2025-07-17 02:00:00,10655.20550275527
2025-07-17 03:00:00,10650.648518101858
2025-07-17 04:00:00,10658.702345367592
2025-07-17 05:00:00,10660.99766355328
2025-07-17 06:00:00,10657.959523217367
2025-07-17 07:00:00,10654.780452196826
2025-07-17 08:00:00,10655.213633371692
2025-07-17 09:00:00,10665.115143219056
2025-07-17 10:00:00,10655.41870558586
2025-07-17 11:00:00,10647.626638998787
2025-07-17 12:00:00,10644.737559963922
2025-07-17 13:00:00,10654.108321239373
2025-07-17 14:00:00,10665.151279292038
2025-07-17 15:00:00,10667.659348607405
2025-07-17 16:00:00,10660.355796556947
2025-07-17 17:00:00,10676.230599268141
2025-07-17 18:00:00,10683.423936296005
2025-07-17 19:00:00,10669.413529100197
2025-07-17 20:00:00,10680.191112866905
2025-07-17 21:00:00,10699.057079019136
2025-07-17 22:00:00,10687.64079016248
2025-07-17 23:00:00,10674.334810539354
2025-07-18 00:00:00,10687.016313651271
2025-07-18 01:00:00,10700.518105619867
2025-07-18 02:00:00,10695.087531402127
2025-07-18 03:00:00,10697.94815327952
2025-07-18 04:00:00,10702.020462854069
2025-07-18 05:00:00,10706.233703113247
2025-07-18 06:00:00,10698.57850190259
2025-07-18 07:00:00,10677.992458676443
2025-07-18 08:00:00,10662.239389361104
2025-07-18 09:00:00,10667.501704989023
2025-07-18 10:00:00,10675.98713247643
2025-07-18 11:00:00,10674.194331555638
2025-07-18 12:00:00,10680.317137421429
2025-07-18 13:00:00,10665.206386803335
2025-07-18 14:00:00,10650.901244762272
2025-07-18 15:00:00,10644.583304102382
2025-07-18 16:00:00,10637.653534556826
2025-07-18 17:00:00,10638.705771831954
2025-07-18 18:00:00,10632.172143986458
2025-07-18 19:00:00,10633.61849030754
2025-07-18 20:00:00,10634.301462086887
2025-07-18 21:00:00,10640.440529185518
2025-07-18 22:00:00,10640.596140149795
2025-07-18 23:00:00,10646.04207219855
2025-07-19 00:00:00,10641.860676853688
2025-07-19 01:00:00,10648.569112952233
2025-07-19 02:00:00,10652.279835946512
2025-07-19 03:00:00,10655.024144838995
2025-07-19 04:00:00,10650.784705926906
2025-07-19 05:00:00,10652.391631922299
2025-07-19 06:00:00,10651.452997426606
2025-07-19 07:00:00,10651.422281764571
2025-07-19 08:00:00,10650.03917357121
2025-07-19 09:00:00,10653.257090870204
2025-07-19 10:00:00,10657.685566614076
2025-07-19 11:00:00,10655.126229245168
2025-07-19 12:00:00,10653.206048667118
2025-07-19 13:00:00,10651.988714708556
2025-07-19 14:00:00,10640.244490989595
2025-07-19 15:00:00,10649.051981227447
2025-07-19 16:00:00,10647.15212719045
2025-07-19 17:00:00,10643.407074926838
2025-07-19 18:00:00,10644.557331299928
2025-07-19 19:00:00,10647.917534386286
2025-07-19 20:00:00,10641.41597730556
2025-07-19 21:00:00,10641.095495508307
2025-07-19 22:00:00,10643.06400808397
2025-07-19 23:00:00,10644.12595692871
2025-07-20 00:00:00,10646.436632945417
2025-07-20 01:00:00,10646.412692797066
2025-07-20 02:00:00,10647.073079530803
2025-07-20 03:00:00,10646.791218161547
2025-07-20 04:00:00,10646.609860245271
2025-07-20 05:00:00,10644.2820195939
2025-07-20 06:00:00,10643.775437020791
2025-07-20 07:00:00,10648.405597221992
2025-07-20 08:00:00,10651.15306802086
2025-07-20 09:00:00,10645.777149613506
2025-07-20 10:00:00,10645.214781977733
2025-07-20 11:00:00,10644.994577783002
2025-07-20 12:00:00,10649.669004673604
2025-07-20 13:00:00,10657.1654330136
2025-07-20 14:00:00,10658.31862544262
2025-07-20 15:00:00,10662.896614188454
2025-07-20 16:00:00,10660.337050969089
2025-07-20 17:00:00,10648.161678729368
2025-07-20 18:00:00,10655.910607879321
2025-07-20 19:00:00,10651.240472147385
2025-07-20 20:00:00,10649.719595175779
2025-07-20 21:00:00,10647.691683930152
2025-07-20 22:00:00,10635.993759554698
2025-07-20 23:00:00,10631.142265906487
2025-07-21 00:00:00,10633.105809772114
2025-07-21 01:00:00,10632.062380664776
2025-07-21 02:00:00,10651.893405816067
2025-07-21 03:00:00,10656.863922654662
2025-07-21 04:00:00,10655.228991202708
2025-07-21 05:00:00,10657.456102550645
2025-07-21 06:00:00,10674.147128810308
2025-07-21 07:00:00,10678.515528332848
2025-07-21 08:00:00,10670.704716157914
2025-07-21 09:00:00,10663.324374952372
2025-07-21 10:00:00,10660.796882497778
2025-07-21 11:00:00,10649.324356877545
2025-07-21 12:00:00,10651.642711809758
2025-07-21 13:00:00,10666.57549226842
2025-07-21 14:00:00,10666.462341189896
2025-07-21 15:00:00,10654.812297111142
2025-07-21 16:00:00,10641.832219696216
2025-07-21 17:00:00,10644.302571985409
2025-07-21 18:00:00,10628.819619815606
2025-07-21 19:00:00,10619.907334966107
2025-07-21 20:00:00,10623.785864849295
2025-07-21 21:00:00,10630.015949681747
2025-07-21 22:00:00,10633.035796130713
2025-07-21 23:00:00,10633.744966562974
2025-07-22 00:00:00,10627.948062905385
2025-07-22 01:00:00,10642.093528673962
2025-07-22 02:00:00,10625.782608731974
2025-07-22 03:00:00,10629.897378192276
2025-07-22 04:00:00,10615.104399165964
2025-07-22 05:00:00,10632.591096582586
2025-07-22 06:00:00,10644.289924359864
2025-07-22 07:00:00,10647.370976282442
2025-07-22 08:00:00,10654.28900160428
2025-07-22 09:00:00,10656.7530300807
2025-07-22 10:00:00,10669.330641982795
2025-07-22 11:00:00,10673.82506605986
2025-07-22 12:00:00,10676.957837736893
2025-07-22 13:00:00,10651.078085669424
2025-07-22 14:00:00,10671.679712577044
2025-07-22 15:00:00,10668.338029228087
2025-07-22 16:00:00,10663.12585240143
2025-07-22 17:00:00,10674.827842085095
2025-07-22 18:00:00,10686.895031956328
2025-07-22 19:00:00,10676.695851207778
2025-07-22 20:00:00,10686.208220719223
2025-07-22 21:00:00,10679.358628085596
2025-07-22 22:00:00,10689.391582898432
2025-07-22 23:00:00,10691.88022907457
2025-07-23 00:00:00,10682.668692370695
2025-07-23 01:00:00,10681.351080809609
2025-07-23 02:00:00,10672.373751028743
2025-07-23 03:00:00,10661.610621691227
2025-07-23 04:00:00,10670.234269657787
2025-07-23 05:00:00,10662.307822049313
2025-07-23 06:00:00,10657.179887442793
2025-07-23 07:00:00,10655.652234957504
2025-07-23 08:00:00,10657.297781380896
2025-07-23 09:00:00,10648.64296605139
2025-07-23 10:00:00,10656.143911400506
2025-07-23 11:00:00,10659.900707887839
2025-07-23 12:00:00,10647.303672846514
2025-07-23 13:00:00,10633.769358412235
2025-07-23 14:00:00,10652.369272727141
2025-07-23 15:00:00,10660.554093257433
2025-07-23 16:00:00,10641.247041164372
2025-07-23 17:00:00,10650.720564397365
2025-07-23 18:00:00,10656.309459784852
2025-07-23 19:00:00,10656.629941582107
2025-07-23 20:00:00,10645.481059665515
2025-07-23 21:00:00,10651.835588099297
2025-07-23 22:00:00,10660.590229330415
2025-07-23 23:00:00,10664.813632860118
2025-07-24 00:00:00,10671.679712577044
2025-07-24 01:00:00,10672.456638146145
2025-07-24 02:00:00,10669.434759043073
2025-07-24 03:00:00,10658.78184472815
2025-07-24 04:00:00,10646.42646967489
2025-07-24 05:00:00,10638.80830793904
2025-07-24 06:00:00,10635.697443756251
2025-07-24 07:00:00,10657.1396860616
2025-07-24 08:00:00,10665.249298390001
2025-07-24 09:00:00,10659.19198915649
2025-07-24 10:00:00,10656.186145435804
2025-07-24 11:00:00,10661.290591594885
2025-07-24 12:00:00,10659.74170916672
2025-07-24 13:00:00,10652.877210402987
2025-07-24 14:00:00,10671.614441795222
2025-07-24 15:00:00,10672.41711431632
2025-07-24 16:00:00,10659.70896085058
2025-07-24 17:00:00,10673.101215347951
2025-07-24 18:00:00,10671.324901510457
2025-07-24 19:00:00,10669.046747959435
2025-07-24 20:00:00,10664.046418860631
2025-07-24 21:00:00,10659.653627488828
2025-07-24 22:00:00,10654.063602849057
2025-07-24 23:00:00,10655.440838930563
2025-07-25 00:00:00,10640.163636526298
2025-07-25 01:00:00,10633.268422100531
2025-07-25 02:00:00,10610.557126082165
2025-07-25 03:00:00,10585.845275710835
2025-07-25 04:00:00,10585.845275710835
2025-07-25 05:00:00,10585.845275710835
2025-07-25 06:00:00,10585.845275710835
2025-07-25 07:00:00,10585.845275710835
2025-07-25 08:00:00,10585.845275710835
2025-07-25 09:00:00,10585.845275710835
2025-07-25 10:00:00,10585.845275710835
2025-07-25 11:00:00,10585.845275710835
2025-07-25 12:00:00,10585.845275710835
2025-07-25 13:00:00,10585.845275710835
2025-07-25 14:00:00,10585.845275710835
2025-07-25 15:00:00,10585.845275710835
2025-07-25 16:00:00,10585.845275710835
2025-07-25 17:00:00,10585.845275710835
2025-07-25 18:00:00,10585.845275710835
2025-07-25 19:00:00,10585.845275710835
2025-07-25 20:00:00,10585.845275710835
2025-07-25 21:00:00,10585.845275710835
2025-07-25 22:00:00,10585.845275710835
2025-07-25 23:00:00,10585.845275710835
2025-07-26 00:00:00,10585.845275710835
2025-07-26 01:00:00,10585.845275710835
2025-07-26 02:00:00,10585.845275710835
2025-07-26 03:00:00,10585.845275710835
2025-07-26 04:00:00,10585.845275710835
2025-07-26 05:00:00,10585.845275710835
2025-07-26 06:00:00,10585.845275710835
2025-07-26 07:00:00,10585.845275710835
2025-07-26 08:00:00,10585.845275710835
2025-07-26 09:00:00,10585.845275710835
2025-07-26 10:00:00,10585.845275710835
2025-07-26 11:00:00,10585.845275710835
2025-07-26 12:00:00,10585.845275710835
2025-07-26 13:00:00,10585.845275710835
2025-07-26 14:00:00,10585.845275710835
2025-07-26 15:00:00,10585.981436684347
2025-07-26 16:00:00,10584.88542856519
2025-07-26 17:00:00,10583.962380026573
2025-07-26 18:00:00,10585.198413712873
2025-07-26 19:00:00,10588.26687798106
2025-07-26 20:00:00,10582.088053794998
2025-07-26 21:00:00,10583.706525310285
2025-07-26 22:00:00,10583.223941195676
2025-07-26 23:00:00,10581.274113178297
2025-07-27 00:00:00,10581.991268122987
2025-07-27 01:00:00,10585.351881734465
2025-07-27 02:00:00,10590.01170856814
2025-07-27 03:00:00,10587.162804389236
2025-07-27 04:00:00,10587.885784397518
2025-07-27 05:00:00,10589.221740328534
2025-07-27 06:00:00,10588.967901980413
2025-07-27 07:00:00,10585.216336985468
2025-07-27 08:00:00,10581.95698986415
2025-07-27 09:00:00,10581.810243069782
2025-07-27 10:00:00,10587.209628938888
2025-07-27 11:00:00,10584.695665916597
2025-07-27 12:00:00,10585.248598876138
2025-07-27 13:00:00,10587.592066767875
2025-07-27 14:00:00,10592.524775426802
2025-07-27 15:00:00,10596.18963659057
2025-07-27 16:00:00,10607.497205229563
2025-07-27 17:00:00,10609.877415830118
2025-07-27 18:00:00,10605.948634477394
2025-07-27 19:00:00,10604.574591592114
2025-07-27 20:00:00,10599.962261430815
2025-07-27 21:00:00,10611.42486637775
2025-07-27 22:00:00,10616.564588835143
2025-07-27 23:00:00,10614.780775130172
2025-07-28 00:00:00,10610.774251582568
2025-07-28 01:00:00,10606.316957729212
2025-07-28 02:00:00,10615.197267177087
2025-07-28 03:00:00,10611.922909314972
2025-07-28 04:00:00,10610.355967208392
2025-07-28 05:00:00,10617.258219484553
2025-07-28 06:00:00,10615.508235956602
2025-07-28 07:00:00,10603.230346147524
2025-07-28 08:00:00,10607.093931596186
2025-07-28 09:00:00,10603.921960428766
2025-07-28 10:00:00,10600.195263974545
2025-07-28 11:00:00,10601.605825527735
2025-07-28 12:00:00,10602.003498138427
2025-07-28 13:00:00,10592.80751505198
2025-07-28 14:00:00,10582.751438921903
2025-07-28 15:00:00,10586.985139949642
2025-07-28 16:00:00,10583.713694619322
2025-07-28 17:00:00,10575.625369779218
2025-07-28 18:00:00,10578.060694443002
2025-07-28 19:00:00,10584.60649763544
2025-07-28 20:00:00,10584.07328027575
2025-07-28 21:00:00,10585.461661779105
2025-07-28 22:00:00,10579.803508661915
2025-07-28 23:00:00,10584.462887413774
2025-07-29 00:00:00,10582.614101845647
2025-07-29 01:00:00,10578.006924625219
2025-07-29 02:00:00,10585.208495553708
2025-07-29 03:00:00,10600.202433283583
2025-07-29 04:00:00,10595.028880649166
2025-07-29 05:00:00,10600.989937073206
2025-07-29 06:00:00,10600.202433283583
2025-07-29 07:00:00,10602.835362027721
2025-07-29 08:00:00,10603.763563507211
2025-07-29 09:00:00,10600.649170853001
2025-07-29 10:00:00,10590.185564312305
2025-07-29 11:00:00,10596.338399753105
2025-07-29 12:00:00,10603.383814169114
2025-07-29 13:00:00,10596.985653934677
2025-07-29 14:00:00,10579.116151157914
2025-07-29 15:00:00,10569.624434073658
2025-07-29 16:00:00,10556.45552483837
2025-07-29 17:00:00,10556.45552483837
2025-07-29 18:00:00,10556.45552483837
2025-07-29 19:00:00,10556.45552483837
2025-07-29 20:00:00,10556.45552483837
2025-07-29 21:00:00,10556.45552483837
2025-07-29 22:00:00,10556.45552483837
2025-07-29 23:00:00,10556.45552483837
2025-07-30 00:00:00,10556.45552483837
2025-07-30 01:00:00,10556.45552483837
2025-07-30 02:00:00,10556.45552483837
2025-07-30 03:00:00,10556.45552483837
2025-07-30 04:00:00,10556.45552483837
2025-07-30 05:00:00,10556.45552483837
2025-07-30 06:00:00,10556.45552483837
2025-07-30 07:00:00,10556.45552483837
2025-07-30 08:00:00,10556.45552483837
2025-07-30 09:00:00,10556.45552483837
2025-07-30 10:00:00,10556.45552483837
2025-07-30 11:00:00,10556.45552483837
2025-07-30 12:00:00,10556.45552483837
2025-07-30 13:00:00,10556.45552483837
2025-07-30 14:00:00,10556.45552483837
2025-07-30 15:00:00,10556.45552483837
2025-07-30 16:00:00,10556.45552483837
2025-07-30 17:00:00,10556.45552483837
2025-07-30 18:00:00,10556.45552483837
2025-07-30 19:00:00,10556.45552483837
2025-07-30 20:00:00,10556.45552483837
2025-07-30 21:00:00,10556.45552483837
2025-07-30 22:00:00,10556.45552483837
2025-07-30 23:00:00,10556.45552483837
2025-07-31 00:00:00,10556.45552483837
2025-07-31 01:00:00,10556.45552483837
2025-07-31 02:00:00,10556.45552483837
2025-07-31 03:00:00,10556.45552483837
2025-07-31 04:00:00,10556.45552483837
2025-07-31 05:00:00,10556.45552483837
2025-07-31 06:00:00,10562.48582369575
2025-07-31 07:00:00,10561.910626565103
2025-07-31 08:00:00,10560.30537862552
2025-07-31 09:00:00,10560.564785622837
2025-07-31 10:00:00,10558.323723109936
2025-07-31 11:00:00,10555.342548364999
2025-07-31 12:00:00,10561.023873607779
2025-07-31 13:00:00,10559.4823631263
2025-07-31 14:00:00,10545.134080730902
2025-07-31 15:00:00,10553.89240976402
2025-07-31 16:00:00,10559.070521089325
2025-07-31 17:00:00,10541.007191747818
2025-07-31 18:00:00,10539.465012691604
2025-07-31 19:00:00,10521.560562750923
2025-07-31 20:00:00,10521.560562750923
2025-07-31 21:00:00,10521.560562750923
2025-07-31 22:00:00,10521.560562750923
2025-07-31 23:00:00,10521.560562750923
2025-08-01 00:00:00,10521.560562750923
2025-08-01 01:00:00,10521.560562750923
2025-08-01 02:00:00,10521.560562750923
2025-08-01 03:00:00,10521.560562750923
2025-08-01 04:00:00,10521.560562750923
2025-08-01 05:00:00,10521.560562750923
2025-08-01 06:00:00,10521.560562750923
2025-08-01 07:00:00,10521.560562750923
2025-08-01 08:00:00,10521.560562750923
2025-08-01 09:00:00,10521.560562750923
2025-08-01 10:00:00,10521.560562750923
2025-08-01 11:00:00,10521.560562750923
2025-08-01 12:00:00,10521.560562750923
2025-08-01 13:00:00,10521.560562750923
2025-08-01 14:00:00,10521.560562750923
2025-08-01 15:00:00,10521.560562750923
2025-08-01 16:00:00,10521.560562750923
2025-08-01 17:00:00,10521.560562750923
2025-08-01 18:00:00,10521.560562750923
2025-08-01 19:00:00,10521.560562750923
2025-08-01 20:00:00,10521.560562750923
2025-08-01 21:00:00,10521.560562750923
2025-08-01 22:00:00,10521.560562750923
2025-08-01 23:00:00,10521.560562750923
2025-08-02 00:00:00,10521.560562750923
2025-08-02 01:00:00,10521.560562750923
2025-08-02 02:00:00,10521.560562750923
2025-08-02 03:00:00,10521.560562750923
2025-08-02 04:00:00,10521.560562750923
2025-08-02 05:00:00,10521.560562750923
2025-08-02 06:00:00,10521.560562750923
2025-08-02 07:00:00,10521.560562750923
2025-08-02 08:00:00,10521.560562750923
2025-08-02 09:00:00,10521.560562750923
2025-08-02 10:00:00,10521.560562750923
2025-08-02 11:00:00,10521.560562750923
2025-08-02 12:00:00,10521.560562750923
2025-08-02 13:00:00,10521.560562750923
2025-08-02 14:00:00,10521.560562750923
2025-08-02 15:00:00,10521.560562750923
2025-08-02 16:00:00,10521.560562750923
2025-08-02 17:00:00,10521.560562750923
2025-08-02 18:00:00,10521.560562750923
2025-08-02 19:00:00,10521.560562750923
2025-08-02 20:00:00,10521.560562750923
2025-08-02 21:00:00,10521.560562750923
2025-08-02 22:00:00,10521.560562750923
2025-08-02 23:00:00,10521.560562750923
2025-08-03 00:00:00,10521.560562750923
2025-08-03 01:00:00,10521.560562750923
2025-08-03 02:00:00,10521.560562750923
2025-08-03 03:00:00,10521.560562750923
2025-08-03 04:00:00,10521.560562750923
2025-08-03 05:00:00,10521.560562750923
2025-08-03 06:00:00,10521.560562750923
2025-08-03 07:00:00,10521.560562750923
2025-08-03 08:00:00,10521.560562750923
2025-08-03 09:00:00,10521.560562750923
2025-08-03 10:00:00,10521.560562750923
2025-08-03 11:00:00,10521.560562750923
2025-08-03 12:00:00,10521.560562750923
2025-08-03 13:00:00,10521.560562750923
2025-08-03 14:00:00,10521.560562750923
2025-08-03 15:00:00,10521.560562750923
2025-08-03 16:00:00,10521.560562750923
2025-08-03 17:00:00,10521.560562750923
2025-08-03 18:00:00,10521.560562750923
2025-08-03 19:00:00,10521.560562750923
2025-08-03 20:00:00,10521.560562750923
2025-08-03 21:00:00,10521.560562750923
2025-08-03 22:00:00,10521.560562750923
2025-08-03 23:00:00,10521.560562750923
2025-08-04 00:00:00,10521.560562750923
2025-08-04 01:00:00,10521.560562750923
2025-08-04 02:00:00,10521.560562750923
2025-08-04 03:00:00,10521.560562750923
2025-08-04 04:00:00,10521.560562750923
2025-08-04 05:00:00,10521.560562750923
2025-08-04 06:00:00,10521.560562750923
2025-08-04 07:00:00,10521.560562750923
2025-08-04 08:00:00,10521.560562750923
2025-08-04 09:00:00,10521.560562750923
2025-08-04 10:00:00,10521.560562750923
2025-08-04 11:00:00,10521.560562750923
2025-08-04 12:00:00,10521.560562750923
2025-08-04 13:00:00,10521.560562750923
2025-08-04 14:00:00,10521.560562750923
2025-08-04 15:00:00,10521.560562750923
2025-08-04 16:00:00,10521.560562750923
2025-08-04 17:00:00,10521.560562750923
2025-08-04 18:00:00,10521.560562750923
2025-08-04 19:00:00,10521.560562750923
2025-08-04 20:00:00,10521.560562750923
2025-08-04 21:00:00,10521.560562750923
2025-08-04 22:00:00,10521.560562750923
2025-08-04 23:00:00,10521.560562750923
2025-08-05 00:00:00,10521.560562750923
2025-08-05 01:00:00,10521.560562750923
2025-08-05 02:00:00,10521.560562750923
2025-08-05 03:00:00,10521.560562750923
2025-08-05 04:00:00,10521.560562750923
2025-08-05 05:00:00,10521.560562750923
2025-08-05 06:00:00,10521.560562750923
2025-08-05 07:00:00,10521.560562750923
2025-08-05 08:00:00,10521.560562750923
2025-08-05 09:00:00,10521.560562750923
2025-08-05 10:00:00,10521.560562750923
2025-08-05 11:00:00,10521.560562750923
2025-08-05 12:00:00,10521.560562750923
2025-08-05 13:00:00,10521.560562750923
2025-08-05 14:00:00,10521.560562750923
2025-08-05 15:00:00,10521.560562750923
2025-08-05 16:00:00,10521.560562750923
2025-08-05 17:00:00,10521.560562750923
2025-08-05 18:00:00,10521.560562750923
2025-08-05 19:00:00,10521.560562750923
2025-08-05 20:00:00,10521.560562750923
2025-08-05 21:00:00,10521.560562750923
2025-08-05 22:00:00,10521.560562750923
2025-08-05 23:00:00,10521.560562750923
2025-08-06 00:00:00,10521.560562750923
2025-08-06 01:00:00,10521.560562750923
2025-08-06 02:00:00,10521.560562750923
2025-08-06 03:00:00,10521.560562750923
2025-08-06 04:00:00,10521.560562750923
2025-08-06 05:00:00,10521.560562750923
2025-08-06 06:00:00,10521.560562750923
2025-08-06 07:00:00,10521.560562750923
2025-08-06 08:00:00,10521.560562750923
2025-08-06 09:00:00,10521.560562750923
2025-08-06 10:00:00,10521.560562750923
2025-08-06 11:00:00,10521.560562750923
2025-08-06 12:00:00,10521.560562750923
2025-08-06 13:00:00,10521.560562750923
2025-08-06 14:00:00,10521.560562750923
2025-08-06 15:00:00,10521.560562750923
2025-08-06 16:00:00,10521.560562750923
2025-08-06 17:00:00,10521.560562750923
2025-08-06 18:00:00,10518.498315643943
2025-08-06 19:00:00,10514.782783084123
2025-08-06 20:00:00,10509.903628491234
2025-08-06 21:00:00,10509.975102927538
2025-08-06 22:00:00,10511.292827487287
2025-08-06 23:00:00,10508.688790699667
2025-08-07 00:00:00,10506.375659420313
2025-08-07 01:00:00,10503.480489498832
2025-08-07 02:00:00,10498.969405490347
2025-08-07 03:00:00,10498.531226223198
2025-08-07 04:00:00,10494.05952144236
2025-08-07 05:00:00,10499.047936320043
2025-08-07 06:00:00,10500.898077142576
2025-08-07 07:00:00,10504.038855079254
2025-08-07 08:00:00,10507.69793649193
2025-08-07 09:00:00,10510.280348848184
2025-08-07 10:00:00,10539.530920467032
2025-08-07 11:00:00,10543.45313706559
2025-08-07 12:00:00,10540.50470275527
2025-08-07 13:00:00,10546.195342588357
2025-08-07 14:00:00,10539.89375566279
2025-08-07 15:00:00,10547.329145668702
2025-08-07 16:00:00,10537.528270496972
2025-08-07 17:00:00,10543.271264216524
2025-08-07 18:00:00,10544.39823852907
2025-08-07 19:00:00,10564.905711108362
2025-08-07 20:00:00,10558.536974632763
2025-08-07 21:00:00,10556.79768747418
2025-08-07 22:00:00,10567.00555720677
2025-08-07 23:00:00,10565.134019578465
2025-08-08 00:00:00,10560.401911118863
2025-08-08 01:00:00,10551.840912553967
2025-08-08 02:00:00,10547.561096148298
2025-08-08 03:00:00,10548.411277739362
2025-08-08 04:00:00,10548.69945174051
2025-08-08 05:00:00,10543.705801474178
2025-08-08 06:00:00,10548.471826147186
2025-08-08 07:00:00,10550.228640476456
2025-08-08 08:00:00,10545.75443181409
2025-08-08 09:00:00,10547.2235273934
2025-08-08 10:00:00,10544.019014290592
2025-08-08 11:00:00,10551.920353886037
2025-08-08 12:00:00,10543.019510310309
2025-08-08 13:00:00,10552.52265120597
2025-08-08 14:00:00,10542.815785404284
2025-08-08 15:00:00,10536.35486056339
2025-08-08 16:00:00,10536.034818979177
2025-08-08 17:00:00,10547.762772423983
2025-08-08 18:00:00,10542.96283153757
2025-08-08 19:00:00,10541.948076642535
2025-08-08 20:00:00,10551.852293833634
2025-08-08 21:00:00,10552.829262880177
2025-08-08 22:00:00,10551.86094360618
2025-08-08 23:00:00,10546.986113899564
2025-08-09 00:00:00,10544.96616438441
2025-08-09 01:00:00,10544.448543785193
2025-08-09 02:00:00,10540.823378585923
2025-08-09 03:00:00,10540.36835502487
2025-08-09 04:00:00,10541.523554910986
2025-08-09 05:00:00,10548.454071350907
2025-08-09 06:00:00,10546.44004010118
2025-08-09 07:00:00,10548.836027096504
2025-08-09 08:00:00,10556.817490900798
2025-08-09 09:00:00,10566.01857263412
2025-08-09 10:00:00,10564.044831114412
2025-08-09 11:00:00,10556.893745474561
2025-08-09 12:00:00,10557.044888868528
2025-08-09 13:00:00,10553.668746068355
2025-08-09 14:00:00,10553.772315713317
2025-08-09 15:00:00,10551.942205942996
2025-08-09 16:00:00,10546.389051968275
2025-08-09 17:00:00,10546.88322713138
2025-08-09 18:00:00,10546.079481161356
2025-08-09 19:00:00,10543.8209800244
2025-08-09 20:00:00,10549.338169155375
2025-08-09 21:00:00,10543.556934336146
2025-08-09 22:00:00,10543.956189626835
2025-08-09 23:00:00,10542.149297667032
2025-08-10 00:00:00,10548.68715995847
2025-08-10 01:00:00,10544.748099066006
2025-08-10 02:00:00,10561.628130190096
2025-08-10 03:00:00,10588.533702946526
2025-08-10 04:00:00,10588.20250770824
2025-08-10 05:00:00,10578.176738450307
2025-08-10 06:00:00,10578.842315685186
2025-08-10 07:00:00,10572.788840656342
2025-08-10 08:00:00,10584.182639730148
2025-08-10 09:00:00,10583.823674169476
2025-08-10 10:00:00,10577.607674466999
2025-08-10 11:00:00,10584.67727014444
2025-08-10 12:00:00,10588.85237877718
2025-08-10 13:00:00,10587.441100098573
2025-08-10 14:00:00,10594.884457000251
2025-08-10 15:00:00,10595.703909136217
2025-08-10 16:00:00,10592.442944886265
2025-08-10 17:00:00,10588.99623815216
2025-08-10 18:00:00,10589.763108776066
2025-08-10 19:00:00,10592.245821122446
2025-08-10 20:00:00,10584.508371954194
2025-08-10 21:00:00,10593.470902065712
2025-08-10 22:00:00,10601.847979151204
2025-08-10 23:00:00,10606.607402682004
2025-08-11 00:00:00,10602.791031984343
2025-08-11 01:00:00,10615.010192039212
2025-08-11 02:00:00,10615.010192039212
2025-08-11 03:00:00,10615.010192039212
2025-08-11 04:00:00,10615.010192039212
2025-08-11 05:00:00,10615.010192039212
2025-08-11 06:00:00,10615.010192039212
2025-08-11 07:00:00,10615.010192039212
2025-08-11 08:00:00,10615.010192039212
2025-08-11 09:00:00,10615.010192039212
2025-08-11 10:00:00,10615.010192039212
2025-08-11 11:00:00,10615.010192039212
2025-08-11 12:00:00,10615.010192039212
2025-08-11 13:00:00,10615.010192039212
2025-08-11 14:00:00,10615.010192039212
2025-08-11 15:00:00,10615.010192039212
2025-08-11 16:00:00,10615.010192039212
2025-08-11 17:00:00,10615.010192039212
2025-08-11 18:00:00,10615.010192039212
2025-08-11 19:00:00,10615.010192039212
2025-08-11 20:00:00,10615.010192039212
2025-08-11 21:00:00,10615.010192039212
2025-08-11 22:00:00,10615.010192039212
2025-08-11 23:00:00,10615.010192039212
2025-08-12 00:00:00,10615.010192039212
2025-08-12 01:00:00,10615.010192039212
2025-08-12 02:00:00,10615.010192039212
2025-08-12 03:00:00,10615.010192039212
2025-08-12 04:00:00,10615.010192039212
2025-08-12 05:00:00,10615.010192039212
2025-08-12 06:00:00,10615.010192039212
2025-08-12 07:00:00,10615.010192039212
2025-08-12 08:00:00,10615.010192039212
2025-08-12 09:00:00,10615.010192039212
2025-08-12 10:00:00,10615.010192039212
2025-08-12 11:00:00,10615.010192039212
2025-08-12 12:00:00,10615.010192039212
2025-08-12 13:00:00,10615.010192039212
2025-08-12 14:00:00,10615.010192039212
2025-08-12 15:00:00,10615.010192039212
2025-08-12 16:00:00,10615.010192039212
2025-08-12 17:00:00,10615.010192039212
2025-08-12 18:00:00,10615.010192039212
2025-08-12 19:00:00,10615.010192039212
2025-08-12 20:00:00,10615.010192039212
2025-08-12 21:00:00,10615.010192039212
2025-08-12 22:00:00,10615.010192039212
2025-08-12 23:00:00,10615.010192039212
2025-08-13 00:00:00,10615.010192039212
2025-08-13 01:00:00,10615.010192039212
2025-08-13 02:00:00,10615.010192039212
2025-08-13 03:00:00,10615.010192039212
2025-08-13 04:00:00,10615.010192039212
2025-08-13 05:00:00,10615.010192039212
2025-08-13 06:00:00,10615.010192039212
2025-08-13 07:00:00,10615.010192039212
2025-08-13 08:00:00,10615.010192039212
2025-08-13 09:00:00,10615.010192039212
2025-08-13 10:00:00,10615.010192039212
2025-08-13 11:00:00,10615.010192039212
2025-08-13 12:00:00,10615.010192039212
2025-08-13 13:00:00,10615.010192039212
2025-08-13 14:00:00,10615.010192039212
2025-08-13 15:00:00,10615.010192039212
2025-08-13 16:00:00,10615.010192039212
2025-08-13 17:00:00,10615.010192039212
2025-08-13 18:00:00,10615.010192039212
2025-08-13 19:00:00,10615.010192039212
2025-08-13 20:00:00,10615.010192039212
2025-08-13 21:00:00,10615.010192039212
2025-08-13 22:00:00,10615.010192039212
2025-08-13 23:00:00,10615.010192039212
2025-08-14 00:00:00,10615.010192039212
2025-08-14 01:00:00,10615.010192039212
2025-08-14 02:00:00,10615.010192039212
2025-08-14 03:00:00,10615.010192039212
2025-08-14 04:00:00,10615.010192039212
2025-08-14 05:00:00,10615.010192039212
2025-08-14 06:00:00,10615.010192039212
2025-08-14 07:00:00,10615.010192039212
2025-08-14 08:00:00,10615.010192039212
2025-08-14 09:00:00,10615.010192039212
2025-08-14 10:00:00,10615.010192039212
2025-08-14 11:00:00,10615.010192039212
2025-08-14 12:00:00,10615.010192039212
2025-08-14 13:00:00,10615.010192039212
2025-08-14 14:00:00,10615.010192039212
2025-08-14 15:00:00,10615.010192039212
2025-08-14 16:00:00,10615.010192039212
2025-08-14 17:00:00,10615.010192039212
2025-08-14 18:00:00,10615.010192039212
2025-08-14 19:00:00,10615.010192039212
2025-08-14 20:00:00,10615.010192039212
2025-08-14 21:00:00,10615.010192039212
2025-08-14 22:00:00,10615.010192039212
2025-08-14 23:00:00,10615.010192039212
2025-08-15 00:00:00,10615.010192039212
2025-08-15 01:00:00,10615.010192039212
2025-08-15 02:00:00,10615.010192039212
2025-08-15 03:00:00,10615.010192039212
2025-08-15 04:00:00,10615.010192039212
2025-08-15 05:00:00,10615.010192039212
2025-08-15 06:00:00,10615.010192039212
2025-08-15 07:00:00,10615.010192039212
2025-08-15 08:00:00,10615.010192039212
2025-08-15 09:00:00,10615.010192039212
2025-08-15 10:00:00,10615.010192039212
2025-08-15 11:00:00,10615.010192039212
2025-08-15 12:00:00,10615.010192039212
2025-08-15 13:00:00,10615.010192039212
2025-08-15 14:00:00,10615.010192039212
2025-08-15 15:00:00,10615.010192039212
2025-08-15 16:00:00,10615.010192039212
2025-08-15 17:00:00,10615.010192039212
2025-08-15 18:00:00,10615.010192039212
2025-08-15 19:00:00,10615.010192039212
2025-08-15 20:00:00,10615.010192039212
2025-08-15 21:00:00,10615.010192039212
2025-08-15 22:00:00,10615.010192039212
2025-08-15 23:00:00,10615.010192039212
2025-08-16 00:00:00,10615.010192039212
2025-08-16 01:00:00,10615.010192039212
2025-08-16 02:00:00,10615.010192039212
2025-08-16 03:00:00,10615.010192039212
2025-08-16 04:00:00,10615.010192039212
2025-08-16 05:00:00,10615.010192039212
2025-08-16 06:00:00,10615.010192039212
2025-08-16 07:00:00,10615.010192039212
2025-08-16 08:00:00,10615.010192039212
2025-08-16 09:00:00,10615.010192039212
2025-08-16 10:00:00,10615.010192039212
2025-08-16 11:00:00,10615.010192039212
2025-08-16 12:00:00,10615.010192039212
2025-08-16 13:00:00,10615.010192039212
2025-08-16 14:00:00,10615.010192039212
2025-08-16 15:00:00,10615.010192039212
2025-08-16 16:00:00,10615.010192039212
2025-08-16 17:00:00,10615.010192039212
2025-08-16 18:00:00,10615.010192039212
2025-08-16 19:00:00,10615.010192039212
2025-08-16 20:00:00,10615.010192039212
2025-08-16 21:00:00,10615.010192039212
2025-08-16 22:00:00,10615.010192039212
2025-08-16 23:00:00,10615.010192039212
2025-08-17 00:00:00,10615.010192039212
2025-08-17 01:00:00,10615.010192039212
2025-08-17 02:00:00,10615.010192039212
2025-08-17 03:00:00,10615.010192039212
2025-08-17 04:00:00,10615.010192039212
2025-08-17 05:00:00,10615.010192039212
2025-08-17 06:00:00,10615.010192039212
2025-08-17 07:00:00,10615.010192039212
2025-08-17 08:00:00,10615.010192039212
2025-08-17 09:00:00,10615.010192039212
2025-08-17 10:00:00,10615.010192039212
2025-08-17 11:00:00,10615.010192039212
2025-08-17 12:00:00,10615.010192039212
2025-08-17 13:00:00,10615.010192039212
2025-08-17 14:00:00,10615.010192039212
2025-08-17 15:00:00,10615.010192039212
2025-08-17 16:00:00,10615.010192039212
2025-08-17 17:00:00,10615.010192039212
2025-08-17 18:00:00,10615.010192039212
2025-08-17 19:00:00,10615.010192039212
2025-08-17 20:00:00,10615.010192039212
2025-08-17 21:00:00,10615.010192039212
2025-08-17 22:00:00,10615.010192039212
2025-08-17 23:00:00,10615.010192039212
2025-08-18 00:00:00,10615.010192039212
2025-08-18 01:00:00,10615.010192039212
2025-08-18 02:00:00,10615.010192039212
2025-08-18 03:00:00,10615.010192039212
2025-08-18 04:00:00,10615.010192039212
2025-08-18 05:00:00,10615.010192039212
2025-08-18 06:00:00,10615.010192039212
2025-08-18 07:00:00,10615.010192039212
2025-08-18 08:00:00,10615.010192039212
2025-08-18 09:00:00,10615.010192039212
2025-08-18 10:00:00,10615.010192039212
2025-08-18 11:00:00,10615.010192039212
2025-08-18 12:00:00,10615.010192039212
2025-08-18 13:00:00,10615.010192039212
2025-08-18 14:00:00,10615.010192039212
2025-08-18 15:00:00,10615.010192039212
2025-08-18 16:00:00,10615.010192039212
2025-08-18 17:00:00,10615.010192039212
2025-08-18 18:00:00,10615.010192039212
2025-08-18 19:00:00,10615.010192039212
2025-08-18 20:00:00,10615.010192039212
2025-08-18 21:00:00,10615.010192039212
2025-08-18 22:00:00,10615.010192039212
2025-08-18 23:00:00,10615.010192039212
2025-08-19 00:00:00,10615.010192039212
2025-08-19 01:00:00,10615.010192039212
2025-08-19 02:00:00,10615.010192039212
2025-08-19 03:00:00,10615.010192039212
2025-08-19 04:00:00,10615.010192039212
2025-08-19 05:00:00,10615.010192039212
2025-08-19 06:00:00,10615.010192039212
2025-08-19 07:00:00,10615.010192039212
2025-08-19 08:00:00,10615.010192039212
2025-08-19 09:00:00,10615.010192039212
2025-08-19 10:00:00,10615.010192039212
2025-08-19 11:00:00,10615.010192039212
2025-08-19 12:00:00,10615.010192039212
2025-08-19 13:00:00,10615.010192039212
2025-08-19 14:00:00,10615.010192039212
2025-08-19 15:00:00,10615.010192039212
2025-08-19 16:00:00,10615.010192039212
2025-08-19 17:00:00,10615.010192039212
2025-08-19 18:00:00,10615.010192039212
2025-08-19 19:00:00,10615.010192039212
2025-08-19 20:00:00,10615.010192039212
2025-08-19 21:00:00,10615.010192039212
2025-08-19 22:00:00,10615.010192039212
2025-08-19 23:00:00,10615.010192039212
2025-08-20 00:00:00,10615.010192039212
2025-08-20 01:00:00,10615.010192039212
2025-08-20 02:00:00,10615.010192039212
2025-08-20 03:00:00,10615.010192039212
2025-08-20 04:00:00,10615.010192039212
2025-08-20 05:00:00,10615.010192039212
2025-08-20 06:00:00,10615.010192039212
2025-08-20 07:00:00,10615.010192039212
2025-08-20 08:00:00,10615.010192039212
2025-08-20 09:00:00,10615.010192039212
2025-08-20 10:00:00,10615.010192039212
2025-08-20 11:00:00,10615.010192039212
2025-08-20 12:00:00,10615.010192039212
2025-08-20 13:00:00,10615.010192039212
2025-08-20 14:00:00,10615.010192039212
2025-08-20 15:00:00,10615.010192039212
2025-08-20 16:00:00,10615.010192039212
2025-08-20 17:00:00,10615.010192039212
2025-08-20 18:00:00,10615.010192039212
2025-08-20 19:00:00,10615.010192039212
2025-08-20 20:00:00,10615.010192039212
2025-08-20 21:00:00,10615.010192039212
2025-08-20 22:00:00,10615.010192039212
2025-08-20 23:00:00,10615.010192039212
2025-08-21 00:00:00,10615.010192039212
2025-08-21 01:00:00,10615.010192039212
2025-08-21 02:00:00,10615.010192039212
2025-08-21 03:00:00,10615.010192039212
2025-08-21 04:00:00,10615.010192039212
2025-08-21 05:00:00,10615.010192039212
2025-08-21 06:00:00,10615.010192039212
2025-08-21 07:00:00,10615.010192039212
2025-08-21 08:00:00,10615.010192039212
2025-08-21 09:00:00,10615.010192039212
2025-08-21 10:00:00,10615.010192039212
2025-08-21 11:00:00,10615.010192039212
2025-08-21 12:00:00,10615.010192039212
2025-08-21 13:00:00,10615.010192039212
2025-08-21 14:00:00,10615.010192039212
2025-08-21 15:00:00,10615.010192039212
2025-08-21 16:00:00,10615.010192039212
2025-08-21 17:00:00,10615.010192039212
2025-08-21 18:00:00,10615.010192039212
2025-08-21 19:00:00,10615.010192039212
2025-08-21 20:00:00,10615.010192039212
2025-08-21 21:00:00,10615.010192039212
2025-08-21 22:00:00,10615.010192039212
2025-08-21 23:00:00,10615.010192039212
2025-08-22 00:00:00,10615.010192039212
2025-08-22 01:00:00,10615.010192039212
2025-08-22 02:00:00,10615.010192039212
2025-08-22 03:00:00,10615.010192039212
2025-08-22 04:00:00,10615.010192039212
2025-08-22 05:00:00,10615.010192039212
2025-08-22 06:00:00,10615.010192039212
2025-08-22 07:00:00,10615.010192039212
2025-08-22 08:00:00,10615.010192039212
2025-08-22 09:00:00,10615.010192039212
2025-08-22 10:00:00,10615.010192039212
2025-08-22 11:00:00,10615.010192039212
2025-08-22 12:00:00,10615.010192039212
2025-08-22 13:00:00,10615.010192039212
2025-08-22 14:00:00,10615.010192039212
2025-08-22 15:00:00,10615.010192039212
2025-08-22 16:00:00,10615.010192039212
2025-08-22 17:00:00,10615.010192039212
2025-08-22 18:00:00,10615.010192039212
2025-08-22 19:00:00,10615.010192039212
2025-08-22 20:00:00,10615.010192039212
2025-08-22 21:00:00,10615.010192039212
2025-08-22 22:00:00,10615.010192039212
2025-08-22 23:00:00,10615.010192039212
2025-08-23 00:00:00,10615.010192039212
2025-08-23 01:00:00,10615.010192039212
2025-08-23 02:00:00,10615.010192039212
2025-08-23 03:00:00,10615.010192039212
2025-08-23 04:00:00,10615.010192039212
2025-08-23 05:00:00,10615.010192039212
2025-08-23 06:00:00,10615.010192039212
2025-08-23 07:00:00,10615.010192039212
2025-08-23 08:00:00,10615.010192039212
2025-08-23 09:00:00,10615.010192039212
2025-08-23 10:00:00,10615.010192039212
2025-08-23 11:00:00,10615.010192039212
2025-08-23 12:00:00,10615.010192039212
2025-08-23 13:00:00,10615.010192039212
2025-08-23 14:00:00,10615.010192039212
2025-08-23 15:00:00,10615.010192039212
2025-08-23 16:00:00,10615.010192039212
2025-08-23 17:00:00,10615.010192039212
2025-08-23 18:00:00,10615.010192039212
2025-08-23 19:00:00,10615.010192039212
2025-08-23 20:00:00,10615.010192039212
2025-08-23 21:00:00,10615.010192039212
2025-08-23 22:00:00,10615.010192039212
2025-08-23 23:00:00,10615.010192039212
2025-08-24 00:00:00,10615.010192039212
2025-08-24 01:00:00,10615.010192039212
2025-08-24 02:00:00,10615.010192039212
2025-08-24 03:00:00,10615.010192039212
2025-08-24 04:00:00,10615.010192039212
2025-08-24 05:00:00,10615.010192039212
2025-08-24 06:00:00,10615.010192039212
2025-08-24 07:00:00,10615.010192039212
2025-08-24 08:00:00,10615.010192039212
2025-08-24 09:00:00,10615.010192039212
2025-08-24 10:00:00,10615.010192039212
2025-08-24 11:00:00,10615.010192039212
2025-08-24 12:00:00,10615.010192039212
2025-08-24 13:00:00,10615.010192039212
2025-08-24 14:00:00,10615.010192039212
2025-08-24 15:00:00,10615.010192039212
2025-08-24 16:00:00,10615.010192039212
2025-08-24 17:00:00,10615.010192039212
2025-08-24 18:00:00,10615.010192039212
2025-08-24 19:00:00,10615.010192039212
2025-08-24 20:00:00,10615.010192039212
2025-08-24 21:00:00,10615.010192039212
2025-08-24 22:00:00,10615.010192039212
2025-08-24 23:00:00,10615.010192039212
2025-08-25 00:00:00,10615.010192039212
2025-08-25 01:00:00,10615.010192039212
2025-08-25 02:00:00,10615.010192039212
2025-08-25 03:00:00,10615.010192039212
2025-08-25 04:00:00,10615.010192039212
2025-08-25 05:00:00,10615.010192039212
2025-08-25 06:00:00,10615.010192039212
2025-08-25 07:00:00,10615.010192039212
2025-08-25 08:00:00,10615.010192039212
2025-08-25 09:00:00,10615.010192039212
2025-08-25 10:00:00,10615.010192039212
2025-08-25 11:00:00,10615.010192039212
2025-08-25 12:00:00,10615.010192039212
2025-08-25 13:00:00,10615.010192039212
2025-08-25 14:00:00,10615.010192039212
2025-08-25 15:00:00,10615.010192039212
2025-08-25 16:00:00,10615.010192039212
2025-08-25 17:00:00,10615.010192039212
2025-08-25 18:00:00,10615.010192039212
2025-08-25 19:00:00,10615.010192039212
2025-08-25 20:00:00,10615.010192039212
2025-08-25 21:00:00,10615.010192039212
2025-08-25 22:00:00,10615.010192039212
2025-08-25 23:00:00,10615.010192039212
2025-08-26 00:00:00,10615.010192039212
2025-08-26 01:00:00,10615.010192039212
2025-08-26 02:00:00,10615.010192039212
2025-08-26 03:00:00,10615.010192039212
2025-08-26 04:00:00,10615.010192039212
2025-08-26 05:00:00,10615.010192039212
2025-08-26 06:00:00,10615.010192039212
2025-08-26 07:00:00,10615.010192039212
2025-08-26 08:00:00,10615.010192039212
2025-08-26 09:00:00,10615.010192039212
2025-08-26 10:00:00,10615.010192039212
2025-08-26 11:00:00,10615.010192039212
2025-08-26 12:00:00,10615.010192039212
2025-08-26 13:00:00,10615.010192039212
2025-08-26 14:00:00,10615.010192039212
2025-08-26 15:00:00,10615.010192039212
2025-08-26 16:00:00,10615.010192039212
2025-08-26 17:00:00,10615.010192039212
2025-08-26 18:00:00,10615.010192039212
2025-08-26 19:00:00,10615.010192039212
2025-08-26 20:00:00,10615.010192039212
2025-08-26 21:00:00,10615.010192039212
2025-08-26 22:00:00,10615.010192039212
2025-08-26 23:00:00,10615.010192039212
2025-08-27 00:00:00,10615.010192039212
2025-08-27 01:00:00,10615.010192039212
2025-08-27 02:00:00,10615.010192039212
2025-08-27 03:00:00,10615.010192039212
2025-08-27 04:00:00,10615.010192039212
2025-08-27 05:00:00,10615.010192039212
2025-08-27 06:00:00,10615.010192039212
2025-08-27 07:00:00,10615.010192039212
2025-08-27 08:00:00,10615.010192039212
2025-08-27 09:00:00,10615.010192039212
2025-08-27 10:00:00,10615.010192039212
2025-08-27 11:00:00,10615.010192039212
2025-08-27 12:00:00,10615.010192039212
2025-08-27 13:00:00,10615.010192039212
2025-08-27 14:00:00,10615.010192039212
2025-08-27 15:00:00,10615.010192039212
2025-08-27 16:00:00,10615.010192039212
2025-08-27 17:00:00,10615.010192039212
2025-08-27 18:00:00,10615.010192039212
2025-08-27 19:00:00,10615.010192039212
2025-08-27 20:00:00,10615.010192039212
2025-08-27 21:00:00,10615.010192039212
2025-08-27 22:00:00,10615.010192039212
2025-08-27 23:00:00,10615.010192039212
2025-08-28 00:00:00,10615.010192039212
2025-08-28 01:00:00,10615.010192039212
2025-08-28 02:00:00,10615.010192039212
2025-08-28 03:00:00,10615.010192039212
2025-08-28 04:00:00,10615.010192039212
2025-08-28 05:00:00,10615.010192039212
2025-08-28 06:00:00,10615.010192039212
2025-08-28 07:00:00,10615.010192039212
2025-08-28 08:00:00,10614.021177216851
2025-08-28 09:00:00,10607.652396235035
2025-08-28 10:00:00,10613.998666061687
2025-08-28 11:00:00,10608.878550717873
2025-08-28 12:00:00,10616.622857076693
2025-08-28 13:00:00,10607.068747639167
2025-08-28 14:00:00,10614.59732209433
2025-08-28 15:00:00,10603.47001119852
2025-08-28 16:00:00,10595.28415791081
2025-08-28 17:00:00,10596.657103884614
2025-08-28 18:00:00,10596.319436557154
2025-08-28 19:00:00,10585.246058637258
2025-08-28 20:00:00,10585.272556142816
2025-08-28 21:00:00,10588.14694926782
2025-08-28 22:00:00,10595.54678805439
2025-08-28 23:00:00,10600.852385937105
2025-08-29 00:00:00,10592.270945995626
2025-08-29 01:00:00,10571.70075310896
2025-08-29 02:00:00,10571.70075310896
2025-08-29 03:00:00,10571.70075310896
2025-08-29 04:00:00,10571.70075310896
2025-08-29 05:00:00,10571.70075310896
2025-08-29 06:00:00,10571.70075310896
2025-08-29 07:00:00,10571.70075310896
2025-08-29 08:00:00,10571.70075310896
2025-08-29 09:00:00,10571.70075310896
2025-08-29 10:00:00,10571.70075310896
2025-08-29 11:00:00,10571.70075310896
2025-08-29 12:00:00,10571.70075310896
2025-08-29 13:00:00,10571.70075310896
2025-08-29 14:00:00,10571.70075310896
2025-08-29 15:00:00,10571.70075310896
2025-08-29 16:00:00,10571.70075310896
2025-08-29 17:00:00,10571.70075310896
2025-08-29 18:00:00,10571.70075310896
2025-08-29 19:00:00,10571.70075310896
2025-08-29 20:00:00,10571.70075310896
2025-08-29 21:00:00,10571.70075310896
2025-08-29 22:00:00,10571.70075310896
2025-08-29 23:00:00,10571.70075310896
2025-08-30 00:00:00,10571.70075310896
2025-08-30 01:00:00,10571.70075310896
2025-08-30 02:00:00,10571.70075310896
2025-08-30 03:00:00,10571.70075310896
2025-08-30 04:00:00,10571.70075310896
2025-08-30 05:00:00,10571.70075310896
2025-08-30 06:00:00,10571.70075310896
2025-08-30 07:00:00,10571.70075310896
2025-08-30 08:00:00,10571.70075310896
2025-08-30 09:00:00,10571.70075310896
2025-08-30 10:00:00,10571.70075310896
2025-08-30 11:00:00,10571.70075310896
2025-08-30 12:00:00,10571.70075310896
2025-08-30 13:00:00,10571.70075310896
2025-08-30 14:00:00,10571.70075310896
2025-08-30 15:00:00,10571.70075310896
2025-08-30 16:00:00,10571.70075310896
2025-08-30 17:00:00,10571.70075310896
2025-08-30 18:00:00,10571.70075310896
2025-08-30 19:00:00,10571.70075310896
2025-08-30 20:00:00,10571.70075310896
2025-08-30 21:00:00,10571.70075310896
2025-08-30 22:00:00,10571.70075310896
2025-08-30 23:00:00,10571.70075310896
2025-08-31 00:00:00,10571.70075310896
2025-08-31 01:00:00,10571.70075310896
2025-08-31 02:00:00,10571.70075310896
2025-08-31 03:00:00,10571.70075310896
2025-08-31 04:00:00,10571.70075310896
2025-08-31 05:00:00,10571.70075310896
2025-08-31 06:00:00,10571.70075310896
2025-08-31 07:00:00,10571.70075310896
2025-08-31 08:00:00,10571.70075310896
2025-08-31 09:00:00,10571.70075310896
2025-08-31 10:00:00,10571.70075310896
2025-08-31 11:00:00,10571.70075310896
2025-08-31 12:00:00,10571.70075310896
2025-08-31 13:00:00,10571.70075310896
2025-08-31 14:00:00,10571.70075310896
2025-08-31 15:00:00,10571.70075310896
2025-08-31 16:00:00,10571.70075310896
2025-08-31 17:00:00,10571.70075310896
2025-08-31 18:00:00,10571.70075310896
2025-08-31 19:00:00,10571.70075310896
2025-08-31 20:00:00,10571.70075310896
2025-08-31 21:00:00,10571.70075310896
2025-08-31 22:00:00,10571.70075310896
2025-08-31 23:00:00,10571.70075310896
2025-09-01 00:00:00,10571.70075310896
2025-09-01 01:00:00,10571.70075310896
2025-09-01 02:00:00,10571.70075310896
2025-09-01 03:00:00,10571.70075310896
2025-09-01 04:00:00,10571.70075310896
2025-09-01 05:00:00,10571.70075310896
2025-09-01 06:00:00,10571.70075310896
2025-09-01 07:00:00,10571.70075310896
2025-09-01 08:00:00,10571.70075310896
2025-09-01 09:00:00,10571.70075310896
2025-09-01 10:00:00,10571.70075310896
2025-09-01 11:00:00,10571.70075310896
2025-09-01 12:00:00,10571.70075310896
2025-09-01 13:00:00,10571.70075310896
2025-09-01 14:00:00,10571.70075310896
2025-09-01 15:00:00,10571.70075310896
2025-09-01 16:00:00,10571.70075310896
2025-09-01 17:00:00,10571.70075310896
2025-09-01 18:00:00,10571.70075310896
2025-09-01 19:00:00,10571.70075310896
2025-09-01 20:00:00,10571.70075310896
2025-09-01 21:00:00,10571.70075310896
2025-09-01 22:00:00,10571.70075310896
2025-09-01 23:00:00,10571.70075310896
2025-09-02 00:00:00,10571.70075310896
2025-09-02 01:00:00,10571.70075310896
2025-09-02 02:00:00,10571.70075310896
2025-09-02 03:00:00,10571.70075310896
2025-09-02 04:00:00,10571.70075310896
2025-09-02 05:00:00,10571.70075310896
2025-09-02 06:00:00,10574.389959994023
2025-09-02 07:00:00,10570.969347946586
2025-09-02 08:00:00,10573.99135598345
2025-09-02 09:00:00,10576.161986121604
2025-09-02 10:00:00,10571.25889313286
2025-09-02 11:00:00,10558.970959755803
2025-09-02 12:00:00,10528.18544548702
2025-09-02 13:00:00,10528.18544548702
2025-09-02 14:00:00,10528.18544548702
2025-09-02 15:00:00,10528.18544548702
2025-09-02 16:00:00,10528.18544548702
2025-09-02 17:00:00,10528.18544548702
2025-09-02 18:00:00,10528.18544548702
2025-09-02 19:00:00,10528.18544548702
2025-09-02 20:00:00,10528.18544548702
2025-09-02 21:00:00,10528.18544548702
2025-09-02 22:00:00,10528.18544548702
2025-09-02 23:00:00,10528.18544548702
2025-09-03 00:00:00,10528.18544548702
2025-09-03 01:00:00,10528.18544548702
2025-09-03 02:00:00,10528.18544548702
2025-09-03 03:00:00,10528.18544548702
2025-09-03 04:00:00,10528.18544548702
2025-09-03 05:00:00,10528.18544548702
2025-09-03 06:00:00,10528.18544548702
2025-09-03 07:00:00,10528.18544548702
2025-09-03 08:00:00,10528.18544548702
2025-09-03 09:00:00,10528.18544548702
2025-09-03 10:00:00,10528.18544548702
2025-09-03 11:00:00,10528.18544548702
2025-09-03 12:00:00,10528.18544548702
2025-09-03 13:00:00,10528.18544548702
2025-09-03 14:00:00,10528.18544548702
2025-09-03 15:00:00,10528.18544548702
2025-09-03 16:00:00,10528.18544548702
2025-09-03 17:00:00,10528.18544548702
2025-09-03 18:00:00,10528.18544548702
2025-09-03 19:00:00,10528.18544548702
2025-09-03 20:00:00,10528.18544548702
2025-09-03 21:00:00,10528.18544548702
2025-09-03 22:00:00,10528.18544548702
2025-09-03 23:00:00,10528.18544548702
2025-09-04 00:00:00,10528.18544548702
2025-09-04 01:00:00,10528.18544548702
2025-09-04 02:00:00,10528.18544548702
2025-09-04 03:00:00,10528.18544548702
2025-09-04 04:00:00,10528.18544548702
2025-09-04 05:00:00,10528.18544548702
2025-09-04 06:00:00,10528.18544548702
2025-09-04 07:00:00,10528.18544548702
2025-09-04 08:00:00,10528.18544548702
2025-09-04 09:00:00,10528.18544548702
2025-09-04 10:00:00,10528.18544548702
2025-09-04 11:00:00,10528.18544548702
2025-09-04 12:00:00,10528.18544548702
2025-09-04 13:00:00,10528.18544548702
2025-09-04 14:00:00,10528.18544548702
2025-09-04 15:00:00,10528.18544548702
2025-09-04 16:00:00,10528.18544548702
2025-09-04 17:00:00,10528.18544548702
2025-09-04 18:00:00,10528.18544548702
2025-09-04 19:00:00,10528.18544548702
2025-09-04 20:00:00,10528.18544548702
2025-09-04 21:00:00,10528.18544548702
2025-09-04 22:00:00,10528.18544548702
2025-09-04 23:00:00,10528.18544548702
2025-09-05 00:00:00,10520.235691307791
2025-09-05 01:00:00,10536.150859199328
2025-09-05 02:00:00,10541.357161565016
2025-09-05 03:00:00,10540.671033919123
2025-09-05 04:00:00,10543.83629660134
2025-09-05 05:00:00,10546.91294238192
2025-09-05 06:00:00,10554.93099013859
2025-09-05 07:00:00,10579.694543779315
2025-09-05 08:00:00,10571.716409265204
2025-09-05 09:00:00,10564.241229123101
2025-09-05 10:00:00,10563.11249212669
2025-09-05 11:00:00,10565.4322117716
2025-09-05 12:00:00,10585.882521848891
2025-09-05 13:00:00,10582.779267239937
2025-09-05 14:00:00,10523.04791185642
2025-09-05 15:00:00,10526.536281740304
2025-09-05 16:00:00,10528.87833379474
2025-09-05 17:00:00,10523.955225388161
2025-09-05 18:00:00,10537.986630778212
2025-09-05 19:00:00,10547.864207996241
2025-09-05 20:00:00,10548.238632224055
2025-09-05 21:00:00,10523.879912900713
2025-09-05 22:00:00,10528.512462404618
2025-09-05 23:00:00,10525.186121279217
2025-09-06 00:00:00,10528.030177390365
2025-09-06 01:00:00,10530.120871048211
2025-09-06 02:00:00,10538.399305196812
2025-09-06 03:00:00,10535.217411996864
2025-09-06 04:00:00,10530.320912418656
2025-09-06 05:00:00,10526.469284511722
2025-09-06 06:00:00,10527.391803088247
2025-09-06 07:00:00,10529.120664195993
2025-09-06 08:00:00,10532.14171653158
2025-09-06 09:00:00,10526.019310217634
2025-09-06 10:00:00,10527.885729464913
2025-09-06 11:00:00,10528.061537795233
2025-09-06 12:00:00,10529.28649421567
2025-09-06 13:00:00,10531.76301588492
2025-09-06 14:00:00,10528.697061151453
2025-09-06 15:00:00,10518.632746977166
2025-09-06 16:00:00,10515.873031348809
2025-09-06 17:00:00,10513.245884704664
2025-09-06 18:00:00,10514.922953628611
2025-09-06 19:00:00,10510.418696690074
2025-09-06 20:00:00,10513.473722797604
2025-09-06 21:00:00,10514.281490801772
2025-09-06 22:00:00,10513.558063280392
2025-09-06 23:00:00,10513.971925593116
2025-09-07 00:00:00,10517.981780997337
2025-09-07 01:00:00,10522.493640458266
2025-09-07 02:00:00,10525.33460804469
2025-09-07 03:00:00,10524.453428183673
2025-09-07 04:00:00,10522.757352953744
2025-09-07 05:00:00,10524.9354756191
2025-09-07 06:00:00,10521.48369287423
2025-09-07 07:00:00,10527.405820238908
2025-09-07 08:00:00,10534.956788026107
2025-09-07 09:00:00,10536.019478109238
2025-09-07 10:00:00,10538.61003761437
2025-09-07 11:00:00,10540.204429107303
2025-09-07 12:00:00,10536.01805263629
2025-09-07 13:00:00,10538.362955636625
2025-09-07 14:00:00,10536.722949009338
2025-09-07 15:00:00,10541.103902537827
2025-09-07 16:00:00,10538.063606317433
2025-09-07 17:00:00,10532.38095840811
2025-09-07 18:00:00,10534.541262661609
2025-09-07 19:00:00,10539.44085076454
2025-09-07 20:00:00,10541.111267481394
2025-09-07 21:00:00,10534.455259127048
2025-09-07 22:00:00,10539.203747097434
2025-09-07 23:00:00,10536.526946478914
2025-09-08 00:00:00,10529.41431162339
2025-09-08 01:00:00,10530.664213820428
2025-09-08 02:00:00,10538.965930693854
2025-09-08 03:00:00,10534.502062155525
2025-09-08 04:00:00,10532.773438626606
2025-09-08 05:00:00,10533.90930298776
2025-09-08 06:00:00,10535.954856668905
2025-09-08 07:00:00,10539.92551156704
2025-09-08 08:00:00,10549.520369983611
2025-09-08 09:00:00,10559.278682631611
2025-09-08 10:00:00,10558.162299734086
2025-09-08 11:00:00,10558.267547153453
2025-09-08 12:00:00,10557.841805899492
2025-09-08 13:00:00,10554.801747257921
2025-09-08 14:00:00,10572.346943466106
2025-09-08 15:00:00,10572.03096362918
2025-09-08 16:00:00,10566.477558600523
2025-09-08 17:00:00,10562.115611378016
2025-09-08 18:00:00,10568.354668894915
2025-09-08 19:00:00,10559.333800918956
2025-09-08 20:00:00,10556.025040626588
2025-09-08 21:00:00,10564.7776821094
2025-09-08 22:00:00,10562.645649736045
2025-09-08 23:00:00,10558.57164804914
2025-09-09 00:00:00,10548.707375245298
2025-09-09 01:00:00,10541.929251375028
2025-09-09 02:00:00,10541.12100821321
2025-09-09 03:00:00,10550.084619692405
2025-09-09 04:00:00,10557.592348133498
2025-09-09 05:00:00,10561.773497870368
2025-09-09 06:00:00,10581.316969573569
2025-09-09 07:00:00,10580.568596275589
2025-09-09 08:00:00,10580.6061337299
2025-09-09 09:00:00,10579.984865103164
2025-09-09 10:00:00,10574.427421234488
2025-09-09 11:00:00,10567.323101637829
2025-09-09 12:00:00,10572.981516507027
2025-09-09 13:00:00,10575.091691628504
2025-09-09 14:00:00,10551.497025805575
2025-09-09 15:00:00,10530.431148993343
2025-09-09 16:00:00,10532.693612141487
2025-09-09 17:00:00,10533.868439429903
2025-09-09 18:00:00,10536.398178755897
2025-09-09 19:00:00,10540.427753202574
2025-09-09 20:00:00,10545.859517872956
2025-09-09 21:00:00,10540.38213806822
2025-09-09 22:00:00,10546.477222817319
2025-09-09 23:00:00,10546.245108305533
2025-09-10 00:00:00,10533.51254635042
2025-09-10 01:00:00,10533.398033356887
2025-09-10 02:00:00,10543.031617121893
2025-09-10 03:00:00,10546.232991785471
2025-09-10 04:00:00,10545.628353676468
2025-09-10 05:00:00,10546.979702031676
2025-09-10 06:00:00,10552.088121921566
2025-09-10 07:00:00,10570.175473007841
2025-09-10 08:00:00,10565.814238521807
2025-09-10 09:00:00,10563.538470959475
2025-09-10 10:00:00,10563.43678722248
2025-09-10 11:00:00,10564.149048539097
2025-09-10 12:00:00,10590.603925833255
2025-09-10 13:00:00,10603.397307967507
2025-09-10 14:00:00,10602.161660499954
2025-09-10 15:00:00,10601.068797906079
2025-09-10 16:00:00,10598.833181165131
2025-09-10 17:00:00,10598.313358696567
2025-09-10 18:00:00,10594.674601416613
2025-09-10 19:00:00,10594.429182490641
2025-09-10 20:00:00,10594.236030906115
2025-09-10 21:00:00,10600.79653257291
2025-09-10 22:00:00,10601.715249888239
2025-09-10 23:00:00,10603.58737102731
2025-09-11 00:00:00,10601.822160359377
2025-09-11 01:00:00,10602.238636039174
2025-09-11 02:00:00,10600.23798475591
2025-09-11 03:00:00,10614.041076895372
2025-09-11 04:00:00,10608.298321543385
2025-09-11 05:00:00,10610.857283064825
2025-09-11 06:00:00,10612.25044529319
2025-09-11 07:00:00,10606.523370143637
2025-09-11 08:00:00,10605.7110881418
2025-09-11 09:00:00,10602.049998452318
2025-09-11 10:00:00,10606.018277562207
2025-09-11 11:00:00,10604.537448747507
2025-09-11 12:00:00,10603.967259568095
2025-09-11 13:00:00,10619.459537151566
2025-09-11 14:00:00,10615.554929166712
2025-09-11 15:00:00,10608.821470115496
2025-09-11 16:00:00,10616.12036676963
2025-09-11 17:00:00,10618.551035725703
2025-09-11 18:00:00,10611.958460917565
2025-09-11 19:00:00,10614.515759387232
2025-09-11 20:00:00,10613.94557020782
2025-09-11 21:00:00,10616.005378618449
2025-09-11 22:00:00,10630.291230929814
2025-09-11 23:00:00,10632.178621474892
2025-09-12 00:00:00,10632.178621474892
2025-09-12 01:00:00,10632.178621474892
2025-09-12 02:00:00,10632.178621474892
2025-09-12 03:00:00,10632.178621474892
2025-09-12 04:00:00,10632.178621474892
2025-09-12 05:00:00,10632.178621474892
2025-09-12 06:00:00,10632.178621474892
2025-09-12 07:00:00,10632.178621474892
2025-09-12 08:00:00,10632.178621474892
2025-09-12 09:00:00,10632.178621474892
2025-09-12 10:00:00,10632.178621474892
2025-09-12 11:00:00,10632.178621474892
2025-09-12 12:00:00,10632.178621474892
2025-09-12 13:00:00,10632.178621474892
2025-09-12 14:00:00,10632.178621474892
2025-09-12 15:00:00,10632.178621474892
2025-09-12 16:00:00,10632.178621474892
2025-09-12 17:00:00,10632.178621474892
2025-09-12 18:00:00,10632.178621474892
2025-09-12 19:00:00,10632.178621474892
2025-09-12 20:00:00,10632.178621474892
2025-09-12 21:00:00,10632.178621474892
2025-09-12 22:00:00,10632.178621474892
2025-09-12 23:00:00,10632.178621474892
2025-09-13 00:00:00,10632.178621474892
2025-09-13 01:00:00,10632.178621474892
2025-09-13 02:00:00,10632.178621474892
2025-09-13 03:00:00,10632.178621474892
2025-09-13 04:00:00,10632.178621474892
2025-09-13 05:00:00,10632.178621474892
2025-09-13 06:00:00,10632.178621474892
2025-09-13 07:00:00,10632.178621474892
2025-09-13 08:00:00,10632.178621474892
2025-09-13 09:00:00,10632.178621474892
2025-09-13 10:00:00,10632.178621474892
2025-09-13 11:00:00,10632.178621474892
2025-09-13 12:00:00,10632.178621474892
2025-09-13 13:00:00,10632.178621474892
2025-09-13 14:00:00,10632.178621474892
2025-09-13 15:00:00,10632.178621474892
2025-09-13 16:00:00,10632.178621474892
2025-09-13 17:00:00,10632.178621474892
2025-09-13 18:00:00,10632.178621474892
2025-09-13 19:00:00,10632.178621474892
2025-09-13 20:00:00,10632.178621474892
2025-09-13 21:00:00,10632.178621474892
2025-09-13 22:00:00,10632.178621474892
2025-09-13 23:00:00,10632.178621474892
2025-09-14 00:00:00,10632.178621474892
2025-09-14 01:00:00,10632.178621474892
2025-09-14 02:00:00,10632.178621474892
2025-09-14 03:00:00,10632.178621474892
2025-09-14 04:00:00,10632.178621474892
2025-09-14 05:00:00,10632.178621474892
2025-09-14 06:00:00,10632.178621474892
2025-09-14 07:00:00,10632.178621474892
2025-09-14 08:00:00,10632.178621474892
2025-09-14 09:00:00,10632.178621474892
2025-09-14 10:00:00,10632.178621474892
2025-09-14 11:00:00,10632.178621474892
2025-09-14 12:00:00,10632.178621474892
2025-09-14 13:00:00,10632.178621474892
2025-09-14 14:00:00,10632.178621474892
2025-09-14 15:00:00,10632.178621474892
2025-09-14 16:00:00,10632.178621474892
2025-09-14 17:00:00,10632.178621474892
2025-09-14 18:00:00,10632.178621474892
2025-09-14 19:00:00,10632.178621474892
2025-09-14 20:00:00,10632.178621474892
2025-09-14 21:00:00,10632.178621474892
2025-09-14 22:00:00,10632.178621474892
2025-09-14 23:00:00,10632.178621474892
2025-09-15 00:00:00,10632.178621474892
2025-09-15 01:00:00,10632.178621474892
2025-09-15 02:00:00,10632.178621474892
2025-09-15 03:00:00,10632.178621474892
2025-09-15 04:00:00,10632.178621474892
2025-09-15 05:00:00,10632.178621474892
2025-09-15 06:00:00,10632.178621474892
2025-09-15 07:00:00,10632.178621474892
2025-09-15 08:00:00,10632.178621474892
2025-09-15 09:00:00,10632.178621474892
2025-09-15 10:00:00,10632.178621474892
2025-09-15 11:00:00,10632.178621474892
2025-09-15 12:00:00,10632.178621474892
2025-09-15 13:00:00,10632.178621474892
2025-09-15 14:00:00,10632.178621474892
2025-09-15 15:00:00,10632.178621474892
2025-09-15 16:00:00,10632.178621474892
2025-09-15 17:00:00,10632.178621474892
2025-09-15 18:00:00,10632.178621474892
2025-09-15 19:00:00,10632.178621474892
2025-09-15 20:00:00,10632.178621474892
2025-09-15 21:00:00,10632.178621474892
2025-09-15 22:00:00,10632.178621474892
2025-09-15 23:00:00,10632.178621474892
2025-09-16 00:00:00,10632.178621474892
2025-09-16 01:00:00,10632.178621474892
2025-09-16 02:00:00,10632.178621474892
2025-09-16 03:00:00,10632.178621474892
2025-09-16 04:00:00,10632.178621474892
2025-09-16 05:00:00,10632.178621474892
2025-09-16 06:00:00,10632.178621474892
2025-09-16 07:00:00,10632.178621474892
2025-09-16 08:00:00,10632.178621474892
2025-09-16 09:00:00,10632.178621474892
2025-09-16 10:00:00,10632.178621474892
2025-09-16 11:00:00,10632.178621474892
2025-09-16 12:00:00,10632.178621474892
2025-09-16 13:00:00,10632.178621474892
2025-09-16 14:00:00,10632.178621474892
2025-09-16 15:00:00,10632.178621474892
2025-09-16 16:00:00,10632.178621474892
2025-09-16 17:00:00,10632.178621474892
2025-09-16 18:00:00,10632.178621474892
2025-09-16 19:00:00,10632.178621474892
2025-09-16 20:00:00,10632.178621474892
2025-09-16 21:00:00,10632.178621474892
2025-09-16 22:00:00,10632.178621474892
2025-09-16 23:00:00,10632.178621474892
2025-09-17 00:00:00,10632.178621474892
2025-09-17 01:00:00,10632.178621474892
2025-09-17 02:00:00,10632.178621474892
2025-09-17 03:00:00,10632.178621474892
2025-09-17 04:00:00,10632.178621474892
2025-09-17 05:00:00,10632.178621474892
2025-09-17 06:00:00,10632.178621474892
2025-09-17 07:00:00,10632.178621474892
2025-09-17 08:00:00,10632.178621474892
2025-09-17 09:00:00,10632.178621474892
2025-09-17 10:00:00,10632.178621474892
2025-09-17 11:00:00,10632.178621474892
2025-09-17 12:00:00,10632.178621474892
2025-09-17 13:00:00,10632.178621474892
2025-09-17 14:00:00,10632.178621474892
2025-09-17 15:00:00,10632.178621474892
2025-09-17 16:00:00,10632.178621474892
2025-09-17 17:00:00,10632.178621474892
2025-09-17 18:00:00,10632.178621474892
2025-09-17 19:00:00,10632.178621474892
2025-09-17 20:00:00,10632.178621474892
2025-09-17 21:00:00,10632.178621474892
2025-09-17 22:00:00,10632.178621474892
2025-09-17 23:00:00,10632.178621474892
2025-09-18 00:00:00,10632.178621474892
2025-09-18 01:00:00,10632.178621474892
2025-09-18 02:00:00,10632.178621474892
2025-09-18 03:00:00,10632.178621474892
2025-09-18 04:00:00,10632.178621474892
2025-09-18 05:00:00,10632.178621474892
2025-09-18 06:00:00,10632.178621474892
2025-09-18 07:00:00,10632.178621474892
2025-09-18 08:00:00,10632.178621474892
2025-09-18 09:00:00,10632.178621474892
2025-09-18 10:00:00,10632.178621474892
2025-09-18 11:00:00,10632.178621474892
2025-09-18 12:00:00,10632.178621474892
2025-09-18 13:00:00,10632.178621474892
2025-09-18 14:00:00,10632.178621474892
2025-09-18 15:00:00,10632.178621474892
2025-09-18 16:00:00,10632.178621474892
2025-09-18 17:00:00,10632.178621474892
2025-09-18 18:00:00,10632.178621474892
2025-09-18 19:00:00,10632.178621474892
2025-09-18 20:00:00,10632.178621474892
2025-09-18 21:00:00,10632.178621474892
2025-09-18 22:00:00,10632.178621474892
2025-09-18 23:00:00,10632.178621474892
2025-09-19 00:00:00,10632.178621474892
2025-09-19 01:00:00,10632.178621474892
2025-09-19 02:00:00,10632.178621474892
2025-09-19 03:00:00,10632.178621474892
2025-09-19 04:00:00,10632.178621474892
2025-09-19 05:00:00,10632.178621474892
2025-09-19 06:00:00,10632.178621474892
2025-09-19 07:00:00,10632.178621474892
2025-09-19 08:00:00,10632.178621474892
2025-09-19 09:00:00,10632.178621474892
2025-09-19 10:00:00,10632.178621474892
2025-09-19 11:00:00,10632.178621474892
2025-09-19 12:00:00,10632.178621474892
2025-09-19 13:00:00,10632.178621474892
2025-09-19 14:00:00,10632.178621474892
2025-09-19 15:00:00,10632.178621474892
2025-09-19 16:00:00,10632.178621474892
2025-09-19 17:00:00,10632.178621474892
2025-09-19 18:00:00,10632.178621474892
2025-09-19 19:00:00,10632.178621474892
2025-09-19 20:00:00,10632.178621474892
2025-09-19 21:00:00,10632.178621474892
2025-09-19 22:00:00,10632.178621474892
2025-09-19 23:00:00,10632.178621474892
2025-09-20 00:00:00,10632.178621474892
2025-09-20 01:00:00,10632.178621474892
2025-09-20 02:00:00,10632.178621474892
2025-09-20 03:00:00,10632.178621474892
2025-09-20 04:00:00,10632.178621474892
2025-09-20 05:00:00,10632.178621474892
2025-09-20 06:00:00,10632.178621474892
2025-09-20 07:00:00,10632.178621474892
2025-09-20 08:00:00,10632.178621474892
2025-09-20 09:00:00,10632.178621474892
2025-09-20 10:00:00,10632.178621474892
2025-09-20 11:00:00,10632.178621474892
2025-09-20 12:00:00,10632.178621474892
2025-09-20 13:00:00,10632.178621474892
2025-09-20 14:00:00,10632.178621474892
2025-09-20 15:00:00,10632.178621474892
2025-09-20 16:00:00,10632.178621474892
2025-09-20 17:00:00,10632.178621474892
2025-09-20 18:00:00,10632.178621474892
2025-09-20 19:00:00,10632.178621474892
2025-09-20 20:00:00,10632.178621474892
2025-09-20 21:00:00,10632.178621474892
2025-09-20 22:00:00,10632.178621474892
2025-09-20 23:00:00,10632.178621474892
2025-09-21 00:00:00,10632.178621474892
2025-09-21 01:00:00,10632.178621474892
2025-09-21 02:00:00,10632.178621474892
2025-09-21 03:00:00,10632.178621474892
2025-09-21 04:00:00,10632.178621474892
2025-09-21 05:00:00,10632.178621474892
2025-09-21 06:00:00,10632.178621474892
2025-09-21 07:00:00,10632.178621474892
2025-09-21 08:00:00,10632.178621474892
2025-09-21 09:00:00,10632.178621474892
2025-09-21 10:00:00,10632.178621474892
2025-09-21 11:00:00,10632.178621474892
2025-09-21 12:00:00,10632.178621474892
2025-09-21 13:00:00,10632.178621474892
2025-09-21 14:00:00,10632.178621474892
2025-09-21 15:00:00,10632.178621474892
2025-09-21 16:00:00,10632.178621474892
2025-09-21 17:00:00,10632.178621474892
2025-09-21 18:00:00,10632.178621474892
2025-09-21 19:00:00,10632.178621474892
2025-09-21 20:00:00,10632.178621474892
2025-09-21 21:00:00,10632.178621474892
2025-09-21 22:00:00,10632.178621474892
2025-09-21 23:00:00,10632.178621474892
2025-09-22 00:00:00,10632.178621474892
2025-09-22 01:00:00,10632.178621474892
2025-09-22 02:00:00,10632.178621474892
2025-09-22 03:00:00,10632.178621474892
2025-09-22 04:00:00,10632.178621474892
2025-09-22 05:00:00,10632.178621474892
2025-09-22 06:00:00,10632.178621474892
2025-09-22 07:00:00,10632.178621474892
2025-09-22 08:00:00,10632.178621474892
2025-09-22 09:00:00,10632.178621474892
2025-09-22 10:00:00,10632.178621474892
2025-09-22 11:00:00,10632.178621474892
2025-09-22 12:00:00,10632.178621474892
2025-09-22 13:00:00,10632.178621474892
2025-09-22 14:00:00,10632.178621474892
2025-09-22 15:00:00,10632.178621474892
2025-09-22 16:00:00,10632.178621474892
2025-09-22 17:00:00,10632.178621474892
2025-09-22 18:00:00,10632.178621474892
2025-09-22 19:00:00,10632.178621474892
2025-09-22 20:00:00,10632.178621474892
2025-09-22 21:00:00,10632.178621474892
2025-09-22 22:00:00,10632.178621474892
2025-09-22 23:00:00,10632.178621474892
2025-09-23 00:00:00,10632.178621474892
2025-09-23 01:00:00,10632.178621474892
2025-09-23 02:00:00,10632.178621474892
2025-09-23 03:00:00,10632.178621474892
2025-09-23 04:00:00,10632.178621474892
2025-09-23 05:00:00,10632.178621474892
2025-09-23 06:00:00,10632.178621474892
2025-09-23 07:00:00,10632.178621474892
2025-09-23 08:00:00,10632.178621474892
2025-09-23 09:00:00,10632.178621474892
2025-09-23 10:00:00,10632.178621474892
2025-09-23 11:00:00,10632.178621474892
2025-09-23 12:00:00,10632.178621474892
2025-09-23 13:00:00,10632.178621474892
2025-09-23 14:00:00,10632.178621474892
2025-09-23 15:00:00,10632.178621474892
2025-09-23 16:00:00,10632.178621474892
2025-09-23 17:00:00,10632.178621474892
2025-09-23 18:00:00,10632.178621474892
2025-09-23 19:00:00,10632.178621474892
2025-09-23 20:00:00,10632.178621474892
2025-09-23 21:00:00,10632.178621474892
2025-09-23 22:00:00,10632.178621474892
2025-09-23 23:00:00,10632.178621474892
2025-09-24 00:00:00,10632.178621474892
2025-09-24 01:00:00,10632.178621474892
2025-09-24 02:00:00,10632.178621474892
2025-09-24 03:00:00,10632.178621474892
2025-09-24 04:00:00,10632.178621474892
2025-09-24 05:00:00,10632.178621474892
2025-09-24 06:00:00,10632.178621474892
2025-09-24 07:00:00,10632.178621474892
2025-09-24 08:00:00,10632.178621474892
2025-09-24 09:00:00,10632.178621474892
2025-09-24 10:00:00,10632.178621474892
2025-09-24 11:00:00,10632.178621474892
2025-09-24 12:00:00,10632.178621474892
2025-09-24 13:00:00,10632.178621474892
2025-09-24 14:00:00,10632.178621474892
2025-09-24 15:00:00,10632.178621474892
2025-09-24 16:00:00,10632.178621474892
2025-09-24 17:00:00,10632.178621474892
2025-09-24 18:00:00,10632.178621474892
2025-09-24 19:00:00,10632.178621474892
2025-09-24 20:00:00,10632.178621474892
2025-09-24 21:00:00,10632.178621474892
2025-09-24 22:00:00,10632.178621474892
2025-09-24 23:00:00,10632.178621474892
2025-09-25 00:00:00,10632.178621474892
2025-09-25 01:00:00,10632.178621474892
2025-09-25 02:00:00,10632.178621474892
2025-09-25 03:00:00,10632.178621474892
2025-09-25 04:00:00,10632.178621474892
2025-09-25 05:00:00,10632.178621474892
2025-09-25 06:00:00,10632.178621474892
2025-09-25 07:00:00,10632.178621474892
2025-09-25 08:00:00,10632.178621474892
2025-09-25 09:00:00,10632.178621474892
2025-09-25 10:00:00,10632.178621474892
2025-09-25 11:00:00,10632.178621474892
2025-09-25 12:00:00,10632.178621474892
2025-09-25 13:00:00,10632.178621474892
2025-09-25 14:00:00,10632.178621474892
2025-09-25 15:00:00,10632.178621474892
2025-09-25 16:00:00,10632.178621474892
2025-09-25 17:00:00,10632.178621474892
2025-09-25 18:00:00,10632.178621474892
2025-09-25 19:00:00,10632.178621474892
2025-09-25 20:00:00,10632.178621474892
2025-09-25 21:00:00,10632.178621474892
2025-09-25 22:00:00,10632.178621474892
2025-09-25 23:00:00,10632.178621474892
2025-09-26 00:00:00,10632.178621474892
2025-09-26 01:00:00,10632.178621474892
2025-09-26 02:00:00,10632.178621474892
2025-09-26 03:00:00,10632.178621474892
2025-09-26 04:00:00,10632.178621474892
2025-09-26 05:00:00,10632.178621474892
2025-09-26 06:00:00,10632.178621474892
2025-09-26 07:00:00,10632.178621474892
2025-09-26 08:00:00,10632.178621474892
2025-09-26 09:00:00,10632.178621474892
2025-09-26 10:00:00,10632.178621474892
2025-09-26 11:00:00,10632.178621474892
2025-09-26 12:00:00,10632.178621474892
2025-09-26 13:00:00,10632.178621474892
2025-09-26 14:00:00,10632.178621474892
2025-09-26 15:00:00,10632.178621474892
2025-09-26 16:00:00,10632.178621474892
2025-09-26 17:00:00,10632.178621474892
2025-09-26 18:00:00,10632.178621474892
2025-09-26 19:00:00,10632.178621474892
2025-09-26 20:00:00,10632.178621474892
2025-09-26 21:00:00,10632.178621474892
2025-09-26 22:00:00,10632.178621474892
2025-09-26 23:00:00,10632.178621474892
2025-09-27 00:00:00,10632.178621474892
2025-09-27 01:00:00,10632.178621474892
2025-09-27 02:00:00,10632.178621474892
2025-09-27 03:00:00,10632.178621474892
2025-09-27 04:00:00,10632.178621474892
2025-09-27 05:00:00,10632.178621474892
2025-09-27 06:00:00,10632.178621474892
2025-09-27 07:00:00,10632.178621474892
2025-09-27 08:00:00,10632.178621474892
2025-09-27 09:00:00,10632.178621474892
2025-09-27 10:00:00,10632.178621474892
2025-09-27 11:00:00,10632.178621474892
2025-09-27 12:00:00,10632.178621474892
2025-09-27 13:00:00,10632.178621474892
2025-09-27 14:00:00,10632.178621474892
2025-09-27 15:00:00,10632.178621474892
2025-09-27 16:00:00,10632.178621474892
2025-09-27 17:00:00,10632.178621474892
2025-09-27 18:00:00,10632.178621474892
2025-09-27 19:00:00,10632.178621474892
2025-09-27 20:00:00,10632.178621474892
2025-09-27 21:00:00,10632.178621474892
2025-09-27 22:00:00,10632.178621474892
2025-09-27 23:00:00,10632.178621474892
2025-09-28 00:00:00,10632.178621474892
2025-09-28 01:00:00,10632.178621474892
2025-09-28 02:00:00,10632.178621474892
2025-09-28 03:00:00,10632.178621474892
2025-09-28 04:00:00,10632.178621474892
2025-09-28 05:00:00,10632.178621474892
2025-09-28 06:00:00,10632.178621474892
2025-09-28 07:00:00,10632.178621474892
2025-09-28 08:00:00,10632.178621474892
2025-09-28 09:00:00,10632.178621474892
2025-09-28 10:00:00,10632.178621474892
2025-09-28 11:00:00,10632.178621474892
2025-09-28 12:00:00,10632.178621474892
2025-09-28 13:00:00,10632.178621474892
2025-09-28 14:00:00,10632.178621474892
2025-09-28 15:00:00,10632.178621474892
2025-09-28 16:00:00,10632.178621474892
2025-09-28 17:00:00,10632.178621474892
2025-09-28 18:00:00,10632.178621474892
2025-09-28 19:00:00,10632.178621474892
2025-09-28 20:00:00,10632.178621474892
2025-09-28 21:00:00,10632.178621474892
2025-09-28 22:00:00,10632.178621474892
2025-09-28 23:00:00,10632.178621474892
2025-09-29 00:00:00,10632.178621474892
2025-09-29 01:00:00,10632.178621474892
2025-09-29 02:00:00,10632.178621474892
2025-09-29 03:00:00,10632.178621474892
2025-09-29 04:00:00,10632.178621474892
2025-09-29 05:00:00,10632.178621474892
2025-09-29 06:00:00,10632.178621474892
2025-09-29 07:00:00,10632.178621474892
2025-09-29 08:00:00,10632.178621474892
2025-09-29 09:00:00,10632.178621474892
2025-09-29 10:00:00,10632.178621474892
2025-09-29 11:00:00,10632.178621474892
2025-09-29 12:00:00,10632.178621474892
2025-09-29 13:00:00,10632.178621474892
2025-09-29 14:00:00,10632.178621474892
2025-09-29 15:00:00,10632.178621474892
2025-09-29 16:00:00,10632.178621474892
2025-09-29 17:00:00,10632.178621474892
2025-09-29 18:00:00,10632.178621474892
2025-09-29 19:00:00,10632.178621474892
2025-09-29 20:00:00,10632.178621474892
2025-09-29 21:00:00,10632.178621474892
2025-09-29 22:00:00,10632.178621474892
2025-09-29 23:00:00,10632.178621474892
2025-09-30 00:00:00,10632.178621474892
2025-09-30 01:00:00,10632.178621474892
2025-09-30 02:00:00,10632.178621474892
2025-09-30 03:00:00,10632.178621474892
2025-09-30 04:00:00,10632.178621474892
2025-09-30 05:00:00,10632.178621474892
2025-09-30 06:00:00,10632.178621474892
2025-09-30 07:00:00,10632.178621474892
2025-09-30 08:00:00,10632.178621474892
2025-09-30 09:00:00,10632.178621474892
2025-09-30 10:00:00,10632.178621474892
2025-09-30 11:00:00,10632.178621474892
2025-09-30 12:00:00,10632.178621474892
2025-09-30 13:00:00,10632.178621474892
2025-09-30 14:00:00,10632.178621474892
2025-09-30 15:00:00,10632.178621474892
2025-09-30 16:00:00,10632.178621474892
2025-09-30 17:00:00,10632.178621474892
2025-09-30 18:00:00,10632.178621474892
2025-09-30 19:00:00,10632.178621474892
2025-09-30 20:00:00,10632.178621474892
2025-09-30 21:00:00,10632.178621474892
2025-09-30 22:00:00,10632.178621474892
2025-09-30 23:00:00,10632.178621474892
2025-10-01 00:00:00,10632.178621474892
2025-10-01 01:00:00,10632.178621474892
2025-10-01 02:00:00,10632.178621474892
2025-10-01 03:00:00,10632.178621474892
2025-10-01 04:00:00,10632.178621474892
2025-10-01 05:00:00,10632.178621474892
2025-10-01 06:00:00,10632.178621474892
2025-10-01 07:00:00,10632.178621474892
2025-10-01 08:00:00,10632.178621474892
2025-10-01 09:00:00,10632.178621474892
2025-10-01 10:00:00,10632.178621474892
2025-10-01 11:00:00,10632.178621474892
2025-10-01 12:00:00,10632.178621474892
2025-10-01 13:00:00,10632.178621474892
2025-10-01 14:00:00,10632.178621474892
2025-10-01 15:00:00,10632.178621474892
2025-10-01 16:00:00,10632.178621474892
2025-10-01 17:00:00,10632.178621474892
2025-10-01 18:00:00,10632.178621474892
2025-10-01 19:00:00,10632.178621474892
2025-10-01 20:00:00,10632.178621474892
2025-10-01 21:00:00,10632.178621474892
2025-10-01 22:00:00,10632.178621474892
2025-10-01 23:00:00,10632.178621474892
2025-10-02 00:00:00,10632.178621474892
2025-10-02 01:00:00,10632.178621474892
2025-10-02 02:00:00,10632.178621474892
2025-10-02 03:00:00,10632.178621474892
2025-10-02 04:00:00,10632.178621474892
2025-10-02 05:00:00,10632.178621474892
2025-10-02 06:00:00,10632.178621474892
2025-10-02 07:00:00,10632.178621474892
2025-10-02 08:00:00,10632.178621474892
2025-10-02 09:00:00,10632.178621474892
2025-10-02 10:00:00,10632.178621474892
2025-10-02 11:00:00,10632.178621474892
2025-10-02 12:00:00,10632.178621474892
2025-10-02 13:00:00,10632.178621474892
2025-10-02 14:00:00,10632.178621474892
2025-10-02 15:00:00,10632.178621474892
2025-10-02 16:00:00,10632.178621474892
2025-10-02 17:00:00,10632.178621474892
2025-10-02 18:00:00,10632.178621474892
2025-10-02 19:00:00,10632.178621474892
2025-10-02 20:00:00,10632.178621474892
2025-10-02 21:00:00,10632.178621474892
2025-10-02 22:00:00,10632.178621474892
2025-10-02 23:00:00,10632.178621474892
2025-10-03 00:00:00,10632.178621474892
2025-10-03 01:00:00,10632.178621474892
2025-10-03 02:00:00,10632.178621474892
2025-10-03 03:00:00,10632.178621474892
2025-10-03 04:00:00,10632.178621474892
2025-10-03 05:00:00,10632.178621474892
2025-10-03 06:00:00,10632.178621474892
2025-10-03 07:00:00,10632.178621474892
2025-10-03 08:00:00,10632.178621474892
2025-10-03 09:00:00,10632.178621474892
2025-10-03 10:00:00,10632.178621474892
2025-10-03 11:00:00,10632.178621474892
2025-10-03 12:00:00,10632.178621474892
2025-10-03 13:00:00,10632.178621474892
2025-10-03 14:00:00,10632.178621474892
2025-10-03 15:00:00,10632.178621474892
2025-10-03 16:00:00,10632.178621474892
2025-10-03 17:00:00,10632.178621474892
2025-10-03 18:00:00,10632.178621474892
2025-10-03 19:00:00,10632.178621474892
2025-10-03 20:00:00,10632.178621474892
2025-10-03 21:00:00,10632.178621474892
2025-10-03 22:00:00,10632.178621474892
2025-10-03 23:00:00,10632.178621474892
2025-10-04 00:00:00,10632.178621474892
2025-10-04 01:00:00,10632.178621474892
2025-10-04 02:00:00,10632.178621474892
2025-10-04 03:00:00,10632.178621474892
2025-10-04 04:00:00,10632.178621474892
2025-10-04 05:00:00,10632.178621474892
2025-10-04 06:00:00,10632.178621474892
2025-10-04 07:00:00,10632.178621474892
2025-10-04 08:00:00,10632.178621474892
2025-10-04 09:00:00,10632.178621474892
2025-10-04 10:00:00,10632.178621474892
2025-10-04 11:00:00,10632.178621474892
2025-10-04 12:00:00,10632.178621474892
2025-10-04 13:00:00,10632.178621474892
2025-10-04 14:00:00,10632.178621474892
2025-10-04 15:00:00,10632.178621474892
2025-10-04 16:00:00,10632.178621474892
2025-10-04 17:00:00,10632.178621474892
2025-10-04 18:00:00,10632.178621474892
2025-10-04 19:00:00,10632.178621474892
2025-10-04 20:00:00,10632.178621474892
2025-10-04 21:00:00,10632.178621474892
2025-10-04 22:00:00,10632.178621474892
2025-10-04 23:00:00,10632.178621474892
2025-10-05 00:00:00,10632.178621474892
2025-10-05 01:00:00,10632.178621474892
2025-10-05 02:00:00,10632.178621474892
2025-10-05 03:00:00,10632.178621474892
2025-10-05 04:00:00,10632.178621474892
2025-10-05 05:00:00,10632.178621474892
2025-10-05 06:00:00,10632.178621474892
2025-10-05 07:00:00,10632.178621474892
2025-10-05 08:00:00,10632.178621474892
2025-10-05 09:00:00,10632.178621474892
2025-10-05 10:00:00,10632.178621474892
2025-10-05 11:00:00,10632.178621474892
2025-10-05 12:00:00,10632.178621474892
2025-10-05 13:00:00,10632.178621474892
2025-10-05 14:00:00,10632.178621474892
2025-10-05 15:00:00,10632.178621474892
2025-10-05 16:00:00,10632.178621474892
2025-10-05 17:00:00,10632.178621474892
2025-10-05 18:00:00,10632.178621474892
2025-10-05 19:00:00,10632.178621474892
2025-10-05 20:00:00,10632.178621474892
2025-10-05 21:00:00,10632.178621474892
2025-10-05 22:00:00,10632.178621474892
2025-10-05 23:00:00,10632.178621474892
2025-10-06 00:00:00,10632.178621474892
2025-10-06 01:00:00,10632.178621474892
2025-10-06 02:00:00,10632.178621474892
2025-10-06 03:00:00,10632.178621474892
2025-10-06 04:00:00,10632.178621474892
2025-10-06 05:00:00,10632.178621474892
2025-10-06 06:00:00,10632.178621474892
2025-10-06 07:00:00,10632.178621474892
2025-10-06 08:00:00,10632.178621474892
2025-10-06 09:00:00,10632.178621474892
2025-10-06 10:00:00,10632.178621474892
2025-10-06 11:00:00,10632.178621474892
2025-10-06 12:00:00,10632.178621474892
2025-10-06 13:00:00,10632.178621474892
2025-10-06 14:00:00,10632.178621474892
2025-10-06 15:00:00,10632.178621474892
2025-10-06 16:00:00,10632.178621474892
2025-10-06 17:00:00,10632.178621474892
2025-10-06 18:00:00,10632.178621474892
2025-10-06 19:00:00,10632.178621474892
2025-10-06 20:00:00,10632.178621474892
2025-10-06 21:00:00,10632.178621474892
2025-10-06 22:00:00,10632.178621474892
2025-10-06 23:00:00,10632.178621474892
2025-10-07 00:00:00,10632.178621474892
2025-10-07 01:00:00,10632.178621474892
2025-10-07 02:00:00,10632.178621474892
2025-10-07 03:00:00,10632.178621474892
2025-10-07 04:00:00,10632.178621474892
2025-10-07 05:00:00,10632.178621474892
2025-10-07 06:00:00,10632.178621474892
2025-10-07 07:00:00,10632.178621474892
2025-10-07 08:00:00,10632.178621474892
2025-10-07 09:00:00,10632.178621474892
2025-10-07 10:00:00,10632.178621474892
2025-10-07 11:00:00,10632.178621474892
2025-10-07 12:00:00,10632.178621474892
2025-10-07 13:00:00,10632.178621474892
2025-10-07 14:00:00,10632.178621474892
2025-10-07 15:00:00,10632.178621474892
2025-10-07 16:00:00,10632.178621474892
2025-10-07 17:00:00,10632.178621474892
2025-10-07 18:00:00,10632.178621474892
2025-10-07 19:00:00,10632.178621474892
2025-10-07 20:00:00,10632.178621474892
2025-10-07 21:00:00,10632.178621474892
2025-10-07 22:00:00,10632.178621474892
2025-10-07 23:00:00,10632.178621474892
2025-10-08 00:00:00,10632.178621474892
2025-10-08 01:00:00,10632.178621474892
2025-10-08 02:00:00,10632.178621474892
2025-10-08 03:00:00,10632.178621474892
2025-10-08 04:00:00,10632.178621474892
2025-10-08 05:00:00,10632.178621474892
2025-10-08 06:00:00,10632.178621474892
2025-10-08 07:00:00,10632.178621474892
2025-10-08 08:00:00,10632.178621474892
2025-10-08 09:00:00,10632.178621474892
2025-10-08 10:00:00,10632.178621474892
2025-10-08 11:00:00,10632.178621474892
2025-10-08 12:00:00,10625.38869870937
2025-10-08 13:00:00,10624.686491367285
2025-10-08 14:00:00,10618.653734694404
2025-10-08 15:00:00,10615.837122239762
2025-10-08 16:00:00,10634.45837241866
2025-10-08 17:00:00,10655.692361430405
2025-10-08 18:00:00,10643.304930987239
2025-10-08 19:00:00,10643.083977814946
2025-10-08 20:00:00,10630.256802995611
2025-10-08 21:00:00,10639.350906948022
2025-10-08 22:00:00,10637.696784911603
2025-10-08 23:00:00,10639.97074329339
2025-10-09 00:00:00,10629.877593735137
2025-10-09 01:00:00,10623.587995214228
2025-10-09 02:00:00,10603.472608661825
2025-10-09 03:00:00,10612.557199953199
2025-10-09 04:00:00,10614.863804058094
2025-10-09 05:00:00,10613.917294284804
2025-10-09 06:00:00,10610.812707636918
2025-10-09 07:00:00,10609.705347413348
2025-10-09 08:00:00,10587.578787800676
2025-10-09 09:00:00,10587.578787800676
2025-10-09 10:00:00,10587.578787800676
2025-10-09 11:00:00,10587.578787800676
2025-10-09 12:00:00,10587.578787800676
2025-10-09 13:00:00,10561.684286924998
2025-10-09 14:00:00,10545.620652306308
2025-10-09 15:00:00,10545.620652306308
2025-10-09 16:00:00,10545.620652306308
2025-10-09 17:00:00,10545.620652306308
2025-10-09 18:00:00,10545.620652306308
2025-10-09 19:00:00,10545.620652306308
2025-10-09 20:00:00,10545.620652306308
2025-10-09 21:00:00,10545.620652306308
2025-10-09 22:00:00,10545.620652306308
2025-10-09 23:00:00,10545.620652306308
2025-10-10 00:00:00,10545.620652306308
2025-10-10 01:00:00,10545.620652306308
2025-10-10 02:00:00,10545.620652306308
2025-10-10 03:00:00,10545.620652306308
2025-10-10 04:00:00,10545.620652306308
2025-10-10 05:00:00,10545.620652306308
2025-10-10 06:00:00,10545.620652306308
2025-10-10 07:00:00,10545.620652306308
2025-10-10 08:00:00,10545.620652306308
2025-10-10 09:00:00,10545.620652306308
2025-10-10 10:00:00,10545.620652306308
2025-10-10 11:00:00,10545.620652306308
2025-10-10 12:00:00,10545.620652306308
2025-10-10 13:00:00,10545.620652306308
2025-10-10 14:00:00,10545.620652306308
2025-10-10 15:00:00,10545.620652306308
2025-10-10 16:00:00,10545.620652306308
2025-10-10 17:00:00,10545.620652306308
2025-10-10 18:00:00,10545.620652306308
2025-10-10 19:00:00,10545.620652306308
2025-10-10 20:00:00,10545.620652306308
2025-10-10 21:00:00,10545.620652306308
2025-10-10 22:00:00,10545.620652306308
2025-10-10 23:00:00,10545.620652306308
2025-10-11 00:00:00,10545.620652306308
2025-10-11 01:00:00,10545.620652306308
2025-10-11 02:00:00,10545.620652306308
2025-10-11 03:00:00,10545.620652306308
2025-10-11 04:00:00,10545.620652306308
2025-10-11 05:00:00,10545.620652306308
2025-10-11 06:00:00,10545.620652306308
2025-10-11 07:00:00,10545.620652306308
2025-10-11 08:00:00,10545.620652306308
2025-10-11 09:00:00,10545.620652306308
2025-10-11 10:00:00,10545.620652306308
2025-10-11 11:00:00,10545.620652306308
2025-10-11 12:00:00,10545.620652306308
2025-10-11 13:00:00,10545.620652306308
2025-10-11 14:00:00,10545.620652306308
2025-10-11 15:00:00,10545.620652306308
2025-10-11 16:00:00,10545.620652306308
2025-10-11 17:00:00,10545.620652306308
2025-10-11 18:00:00,10545.620652306308
2025-10-11 19:00:00,10545.620652306308
2025-10-11 20:00:00,10545.620652306308
2025-10-11 21:00:00,10545.620652306308
2025-10-11 22:00:00,10545.620652306308
2025-10-11 23:00:00,10545.620652306308
2025-10-12 00:00:00,10545.620652306308
2025-10-12 01:00:00,10545.620652306308
2025-10-12 02:00:00,10545.620652306308
2025-10-12 03:00:00,10545.620652306308
2025-10-12 04:00:00,10545.620652306308
2025-10-12 05:00:00,10545.620652306308
2025-10-12 06:00:00,10545.620652306308
2025-10-12 07:00:00,10545.620652306308
2025-10-12 08:00:00,10545.620652306308
2025-10-12 09:00:00,10545.620652306308
2025-10-12 10:00:00,10545.620652306308
2025-10-12 11:00:00,10545.620652306308
2025-10-12 12:00:00,10545.620652306308
2025-10-12 13:00:00,10545.620652306308
2025-10-12 14:00:00,10545.620652306308
2025-10-12 15:00:00,10545.620652306308
2025-10-12 16:00:00,10545.620652306308
2025-10-12 17:00:00,10545.620652306308
2025-10-12 18:00:00,10545.620652306308
2025-10-12 19:00:00,10545.620652306308
2025-10-12 20:00:00,10545.620652306308
2025-10-12 21:00:00,10545.620652306308
2025-10-12 22:00:00,10545.620652306308
2025-10-12 23:00:00,10545.620652306308
2025-10-13 00:00:00,10545.620652306308
2025-10-13 01:00:00,10545.620652306308
2025-10-13 02:00:00,10545.620652306308
2025-10-13 03:00:00,10545.620652306308
2025-10-13 04:00:00,10545.620652306308
2025-10-13 05:00:00,10545.620652306308
2025-10-13 06:00:00,10545.620652306308
2025-10-13 07:00:00,10545.620652306308
2025-10-13 08:00:00,10545.620652306308
2025-10-13 09:00:00,10545.620652306308
2025-10-13 10:00:00,10545.620652306308
2025-10-13 11:00:00,10545.620652306308
2025-10-13 12:00:00,10545.620652306308
2025-10-13 13:00:00,10545.620652306308
2025-10-13 14:00:00,10545.620652306308
2025-10-13 15:00:00,10545.620652306308
2025-10-13 16:00:00,10545.620652306308
2025-10-13 17:00:00,10545.620652306308
2025-10-13 18:00:00,10545.620652306308
2025-10-13 19:00:00,10545.620652306308
2025-10-13 20:00:00,10545.620652306308
2025-10-13 21:00:00,10545.620652306308
2025-10-13 22:00:00,10545.620652306308
2025-10-13 23:00:00,10545.620652306308
2025-10-14 00:00:00,10545.620652306308
2025-10-14 01:00:00,10545.620652306308
2025-10-14 02:00:00,10545.620652306308
2025-10-14 03:00:00,10545.620652306308
2025-10-14 04:00:00,10545.620652306308
2025-10-14 05:00:00,10545.620652306308
2025-10-14 06:00:00,10545.620652306308
2025-10-14 07:00:00,10545.620652306308
2025-10-14 08:00:00,10545.620652306308
2025-10-14 09:00:00,10545.620652306308
2025-10-14 10:00:00,10545.620652306308
2025-10-14 11:00:00,10545.620652306308
2025-10-14 12:00:00,10545.620652306308
2025-10-14 13:00:00,10545.620652306308
2025-10-14 14:00:00,10545.620652306308
2025-10-14 15:00:00,10545.620652306308
2025-10-14 16:00:00,10545.620652306308
2025-10-14 17:00:00,10545.620652306308
2025-10-14 18:00:00,10545.620652306308
2025-10-14 19:00:00,10545.620652306308
2025-10-14 20:00:00,10545.620652306308
2025-10-14 21:00:00,10545.620652306308
2025-10-14 22:00:00,10545.620652306308
2025-10-14 23:00:00,10545.620652306308
2025-10-15 00:00:00,10545.620652306308
2025-10-15 01:00:00,10545.620652306308
2025-10-15 02:00:00,10545.620652306308
2025-10-15 03:00:00,10545.620652306308
2025-10-15 04:00:00,10545.620652306308
2025-10-15 05:00:00,10545.620652306308
2025-10-15 06:00:00,10545.620652306308
2025-10-15 07:00:00,10545.620652306308
2025-10-15 08:00:00,10545.620652306308
2025-10-15 09:00:00,10545.620652306308
2025-10-15 10:00:00,10545.620652306308
2025-10-15 11:00:00,10545.620652306308
2025-10-15 12:00:00,10545.620652306308
2025-10-15 13:00:00,10545.620652306308
2025-10-15 14:00:00,10545.620652306308
2025-10-15 15:00:00,10545.620652306308
2025-10-15 16:00:00,10545.620652306308
2025-10-15 17:00:00,10545.620652306308
2025-10-15 18:00:00,10545.620652306308
2025-10-15 19:00:00,10545.620652306308
2025-10-15 20:00:00,10545.620652306308
2025-10-15 21:00:00,10545.620652306308
2025-10-15 22:00:00,10545.620652306308
2025-10-15 23:00:00,10545.620652306308
2025-10-16 00:00:00,10545.620652306308
2025-10-16 01:00:00,10545.620652306308
2025-10-16 02:00:00,10545.620652306308
2025-10-16 03:00:00,10545.620652306308
2025-10-16 04:00:00,10545.620652306308
2025-10-16 05:00:00,10545.620652306308
2025-10-16 06:00:00,10545.620652306308
2025-10-16 07:00:00,10545.620652306308
2025-10-16 08:00:00,10545.620652306308
2025-10-16 09:00:00,10545.620652306308
2025-10-16 10:00:00,10545.620652306308
2025-10-16 11:00:00,10545.620652306308
2025-10-16 12:00:00,10545.620652306308
2025-10-16 13:00:00,10545.620652306308
2025-10-16 14:00:00,10545.620652306308
2025-10-16 15:00:00,10545.620652306308
2025-10-16 16:00:00,10545.620652306308
2025-10-16 17:00:00,10545.620652306308
2025-10-16 18:00:00,10545.620652306308
2025-10-16 19:00:00,10545.620652306308
2025-10-16 20:00:00,10545.620652306308
2025-10-16 21:00:00,10545.620652306308
2025-10-16 22:00:00,10545.620652306308
2025-10-16 23:00:00,10545.620652306308
2025-10-17 00:00:00,10545.620652306308
2025-10-17 01:00:00,10545.620652306308
2025-10-17 02:00:00,10545.620652306308
2025-10-17 03:00:00,10545.620652306308
2025-10-17 04:00:00,10545.620652306308
2025-10-17 05:00:00,10545.620652306308
2025-10-17 06:00:00,10545.620652306308
2025-10-17 07:00:00,10545.620652306308
2025-10-17 08:00:00,10545.620652306308
2025-10-17 09:00:00,10545.620652306308
2025-10-17 10:00:00,10545.620652306308
2025-10-17 11:00:00,10545.620652306308
2025-10-17 12:00:00,10545.620652306308
2025-10-17 13:00:00,10545.620652306308
2025-10-17 14:00:00,10545.620652306308
2025-10-17 15:00:00,10545.620652306308
2025-10-17 16:00:00,10545.620652306308
2025-10-17 17:00:00,10545.620652306308
2025-10-17 18:00:00,10545.620652306308
2025-10-17 19:00:00,10545.620652306308
2025-10-17 20:00:00,10545.620652306308
2025-10-17 21:00:00,10545.620652306308
2025-10-17 22:00:00,10545.620652306308
2025-10-17 23:00:00,10545.620652306308
2025-10-18 00:00:00,10545.620652306308
2025-10-18 01:00:00,10545.620652306308
2025-10-18 02:00:00,10545.620652306308
2025-10-18 03:00:00,10545.620652306308
2025-10-18 04:00:00,10545.620652306308
2025-10-18 05:00:00,10545.620652306308
2025-10-18 06:00:00,10545.620652306308
2025-10-18 07:00:00,10545.620652306308
2025-10-18 08:00:00,10545.620652306308
2025-10-18 09:00:00,10545.620652306308
2025-10-18 10:00:00,10545.620652306308
2025-10-18 11:00:00,10545.620652306308
2025-10-18 12:00:00,10545.620652306308
2025-10-18 13:00:00,10545.620652306308
2025-10-18 14:00:00,10545.620652306308
2025-10-18 15:00:00,10545.620652306308
2025-10-18 16:00:00,10545.620652306308
2025-10-18 17:00:00,10545.620652306308
2025-10-18 18:00:00,10545.620652306308
2025-10-18 19:00:00,10545.620652306308
2025-10-18 20:00:00,10545.620652306308
2025-10-18 21:00:00,10545.620652306308
2025-10-18 22:00:00,10545.620652306308
2025-10-18 23:00:00,10545.620652306308
2025-10-19 00:00:00,10545.620652306308
2025-10-19 01:00:00,10545.620652306308
2025-10-19 02:00:00,10545.620652306308
2025-10-19 03:00:00,10545.620652306308
2025-10-19 04:00:00,10545.620652306308
2025-10-19 05:00:00,10545.620652306308
2025-10-19 06:00:00,10545.620652306308
2025-10-19 07:00:00,10545.620652306308
2025-10-19 08:00:00,10545.620652306308
2025-10-19 09:00:00,10545.620652306308
2025-10-19 10:00:00,10545.620652306308
2025-10-19 11:00:00,10545.620652306308
2025-10-19 12:00:00,10545.620652306308
2025-10-19 13:00:00,10545.620652306308
2025-10-19 14:00:00,10545.620652306308
2025-10-19 15:00:00,10545.620652306308
2025-10-19 16:00:00,10545.620652306308
2025-10-19 17:00:00,10545.620652306308
2025-10-19 18:00:00,10545.620652306308
2025-10-19 19:00:00,10545.620652306308
2025-10-19 20:00:00,10545.620652306308
2025-10-19 21:00:00,10545.620652306308
2025-10-19 22:00:00,10545.620652306308
2025-10-19 23:00:00,10545.620652306308
2025-10-20 00:00:00,10545.620652306308
2025-10-20 01:00:00,10545.620652306308
2025-10-20 02:00:00,10545.620652306308
2025-10-20 03:00:00,10545.620652306308
2025-10-20 04:00:00,10545.620652306308
2025-10-20 05:00:00,10545.620652306308
2025-10-20 06:00:00,10545.620652306308
2025-10-20 07:00:00,10545.620652306308
2025-10-20 08:00:00,10545.620652306308
2025-10-20 09:00:00,10545.620652306308
2025-10-20 10:00:00,10545.620652306308
2025-10-20 11:00:00,10545.620652306308
2025-10-20 12:00:00,10545.620652306308
2025-10-20 13:00:00,10545.620652306308
2025-10-20 14:00:00,10545.620652306308
2025-10-20 15:00:00,10545.620652306308
2025-10-20 16:00:00,10545.620652306308
2025-10-20 17:00:00,10545.620652306308
2025-10-20 18:00:00,10545.620652306308
2025-10-20 19:00:00,10545.620652306308
2025-10-20 20:00:00,10545.620652306308
2025-10-20 21:00:00,10545.620652306308
2025-10-20 22:00:00,10545.620652306308
2025-10-20 23:00:00,10545.620652306308
2025-10-21 00:00:00,10545.620652306308
2025-10-21 01:00:00,10545.620652306308
2025-10-21 02:00:00,10545.620652306308
2025-10-21 03:00:00,10545.620652306308
2025-10-21 04:00:00,10545.620652306308
2025-10-21 05:00:00,10545.620652306308
2025-10-21 06:00:00,10545.620652306308
2025-10-21 07:00:00,10545.620652306308
2025-10-21 08:00:00,10545.620652306308
2025-10-21 09:00:00,10545.620652306308
2025-10-21 10:00:00,10545.620652306308
2025-10-21 11:00:00,10545.620652306308
2025-10-21 12:00:00,10545.620652306308
2025-10-21 13:00:00,10545.620652306308
2025-10-21 14:00:00,10545.620652306308
2025-10-21 15:00:00,10545.620652306308
2025-10-21 16:00:00,10545.620652306308
2025-10-21 17:00:00,10545.620652306308
2025-10-21 18:00:00,10545.620652306308
2025-10-21 19:00:00,10545.620652306308
2025-10-21 20:00:00,10545.620652306308
2025-10-21 21:00:00,10545.620652306308
2025-10-21 22:00:00,10545.620652306308
2025-10-21 23:00:00,10545.620652306308
2025-10-22 00:00:00,10545.620652306308
2025-10-22 01:00:00,10545.620652306308
2025-10-22 02:00:00,10545.620652306308
2025-10-22 03:00:00,10545.620652306308
2025-10-22 04:00:00,10545.620652306308
2025-10-22 05:00:00,10545.620652306308
2025-10-22 06:00:00,10545.620652306308
2025-10-22 07:00:00,10545.620652306308
2025-10-22 08:00:00,10545.620652306308
2025-10-22 09:00:00,10545.620652306308
2025-10-22 10:00:00,10545.620652306308
2025-10-22 11:00:00,10545.620652306308
2025-10-22 12:00:00,10545.620652306308
2025-10-22 13:00:00,10545.620652306308
2025-10-22 14:00:00,10545.620652306308
2025-10-22 15:00:00,10545.620652306308
2025-10-22 16:00:00,10545.620652306308
2025-10-22 17:00:00,10545.620652306308
2025-10-22 18:00:00,10545.620652306308
2025-10-22 19:00:00,10545.620652306308
2025-10-22 20:00:00,10545.620652306308
2025-10-22 21:00:00,10545.620652306308
2025-10-22 22:00:00,10545.620652306308
2025-10-22 23:00:00,10545.620652306308
2025-10-23 00:00:00,10545.620652306308
2025-10-23 01:00:00,10545.620652306308
2025-10-23 02:00:00,10545.620652306308
2025-10-23 03:00:00,10545.620652306308
2025-10-23 04:00:00,10545.620652306308
2025-10-23 05:00:00,10545.620652306308
2025-10-23 06:00:00,10545.620652306308
2025-10-23 07:00:00,10545.620652306308
2025-10-23 08:00:00,10545.620652306308
2025-10-23 09:00:00,10545.620652306308
2025-10-23 10:00:00,10545.620652306308
2025-10-23 11:00:00,10545.620652306308
2025-10-23 12:00:00,10545.620652306308
2025-10-23 13:00:00,10545.620652306308
2025-10-23 14:00:00,10546.571918123
2025-10-23 15:00:00,10554.11327960685
2025-10-23 16:00:00,10562.66727907411
2025-10-23 17:00:00,10586.201726997917
2025-10-23 18:00:00,10570.077247891864
2025-10-23 19:00:00,10561.133402052665
2025-10-23 20:00:00,10544.88523094959
2025-10-23 21:00:00,10545.081598011011
2025-10-23 22:00:00,10554.971422916935
2025-10-23 23:00:00,10558.201853594044
2025-10-24 00:00:00,10568.359517396244
2025-10-24 01:00:00,10570.400194701213
2025-10-24 02:00:00,10570.04018842194
2025-10-24 03:00:00,10566.944038161833
2025-10-24 04:00:00,10584.68180743917
2025-10-24 05:00:00,10586.674596208326
2025-10-24 06:00:00,10591.559708153
2025-10-24 07:00:00,10581.699242047926
2025-10-24 08:00:00,10582.738591727188
2025-10-24 09:00:00,10588.194275121163
2025-10-24 10:00:00,10583.129160036853
2025-10-24 11:00:00,10581.980316469175
2025-10-24 12:00:00,10587.5324988725
2025-10-24 13:00:00,10578.891626232235
2025-10-24 14:00:00,10561.59472025946
2025-10-24 15:00:00,10557.449353837837
2025-10-24 16:00:00,10562.62083441375
2025-10-24 17:00:00,10561.98095694277
2025-10-24 18:00:00,10571.225850813635
2025-10-24 19:00:00,10571.121891781118
2025-10-24 20:00:00,10577.827008732567
2025-10-24 21:00:00,10582.444281780965
2025-10-24 22:00:00,10580.938800976734
2025-10-24 23:00:00,10580.502750590344
2025-10-25 00:00:00,10574.768399234203
2025-10-25 01:00:00,10582.077056124434
2025-10-25 02:00:00,10581.005219247509
2025-10-25 03:00:00,10581.10677182094
2025-10-25 04:00:00,10585.87180145722
2025-10-25 05:00:00,10589.693017839953
2025-10-25 06:00:00,10589.202822124125
2025-10-25 07:00:00,10592.167098426318
2025-10-25 08:00:00,10598.765609240256
2025-10-25 09:00:00,10592.93403693704
2025-10-25 10:00:00,10593.859801747441
2025-10-25 11:00:00,10593.952931714071
2025-10-25 12:00:00,10602.019863862317
2025-10-25 13:00:00,10596.770895303833
2025-10-25 14:00:00,10594.611820211832
2025-10-25 15:00:00,10589.654273848668
2025-10-25 16:00:00,10589.343118688843
2025-10-25 17:00:00,10589.408333730074
2025-10-25 18:00:00,10597.711098868751
2025-10-25 19:00:00,10595.388143912991
2025-10-25 20:00:00,10590.779534117302
2025-10-25 21:00:00,10591.882173670529
2025-10-25 22:00:00,10595.345790233076
2025-10-25 23:00:00,10595.937297876426
2025-10-26 00:00:00,10597.614840505308
2025-10-26 01:00:00,10595.892778383333
2025-10-26 02:00:00,10591.186466348754
2025-10-26 03:00:00,10586.652938076551
2025-10-26 04:00:00,10590.742474647377
2025-10-26 05:00:00,10595.192498789294
2025-10-26 06:00:00,10595.688951298745
2025-10-26 07:00:00,10597.807357232192
2025-10-26 08:00:00,10599.081817964163
2025-10-26 09:00:00,10617.175743186235
2025-10-26 10:00:00,10615.930881901024
2025-10-26 11:00:00,10635.398895261229
2025-10-26 12:00:00,10642.352599436268
2025-10-26 13:00:00,10645.636934796905
2025-10-26 14:00:00,10642.360059459435
2025-10-26 15:00:00,10645.238425172254
2025-10-26 16:00:00,10640.968404169975
2025-10-26 17:00:00,10639.153934019096
2025-10-26 18:00:00,10642.355005895353
2025-10-26 19:00:00,10642.615866060281
2025-10-26 20:00:00,10636.234177209995
2025-10-26 21:00:00,10640.47580199506
2025-10-26 22:00:00,10678.739740408044
2025-10-26 23:00:00,10678.739740408044
2025-10-27 00:00:00,10678.739740408044
2025-10-27 01:00:00,10678.739740408044
2025-10-27 02:00:00,10678.739740408044
2025-10-27 03:00:00,10678.739740408044
2025-10-27 04:00:00,10678.739740408044
2025-10-27 05:00:00,10678.739740408044
2025-10-27 06:00:00,10678.739740408044
2025-10-27 07:00:00,10678.739740408044
2025-10-27 08:00:00,10678.739740408044
2025-10-27 09:00:00,10678.739740408044
2025-10-27 10:00:00,10678.739740408044
2025-10-27 11:00:00,10678.739740408044
2025-10-27 12:00:00,10678.739740408044
2025-10-27 13:00:00,10678.739740408044
2025-10-27 14:00:00,10678.739740408044
2025-10-27 15:00:00,10678.739740408044
2025-10-27 16:00:00,10678.739740408044
2025-10-27 17:00:00,10678.739740408044
2025-10-27 18:00:00,10678.739740408044
2025-10-27 19:00:00,10678.739740408044
2025-10-27 20:00:00,10678.739740408044
2025-10-27 21:00:00,10678.739740408044
2025-10-27 22:00:00,10678.739740408044
2025-10-27 23:00:00,10678.739740408044
2025-10-28 00:00:00,10678.739740408044
2025-10-28 01:00:00,10678.739740408044
2025-10-28 02:00:00,10678.739740408044
2025-10-28 03:00:00,10678.739740408044
2025-10-28 04:00:00,10678.739740408044
2025-10-28 05:00:00,10678.739740408044
2025-10-28 06:00:00,10678.739740408044
2025-10-28 07:00:00,10678.739740408044
2025-10-28 08:00:00,10678.739740408044
2025-10-28 09:00:00,10678.739740408044
2025-10-28 10:00:00,10678.739740408044
2025-10-28 11:00:00,10678.739740408044
2025-10-28 12:00:00,10678.739740408044
2025-10-28 13:00:00,10678.739740408044
2025-10-28 14:00:00,10678.739740408044
2025-10-28 15:00:00,10678.739740408044
2025-10-28 16:00:00,10678.739740408044
2025-10-28 17:00:00,10678.739740408044
2025-10-28 18:00:00,10678.739740408044
2025-10-28 19:00:00,10678.739740408044
2025-10-28 20:00:00,10678.739740408044
2025-10-28 21:00:00,10678.739740408044
2025-10-28 22:00:00,10678.739740408044
2025-10-28 23:00:00,10678.739740408044
2025-10-29 00:00:00,10678.739740408044
2025-10-29 01:00:00,10678.739740408044
2025-10-29 02:00:00,10678.739740408044
2025-10-29 03:00:00,10678.739740408044
2025-10-29 04:00:00,10678.739740408044
2025-10-29 05:00:00,10678.739740408044
2025-10-29 06:00:00,10678.739740408044
2025-10-29 07:00:00,10678.739740408044
2025-10-29 08:00:00,10678.739740408044
2025-10-29 09:00:00,10678.739740408044
2025-10-29 10:00:00,10678.739740408044
2025-10-29 11:00:00,10678.739740408044
2025-10-29 12:00:00,10678.739740408044
2025-10-29 13:00:00,10678.739740408044
2025-10-29 14:00:00,10678.739740408044
2025-10-29 15:00:00,10678.739740408044
2025-10-29 16:00:00,10678.739740408044
2025-10-29 17:00:00,10678.739740408044
2025-10-29 18:00:00,10678.739740408044
2025-10-29 19:00:00,10678.739740408044
2025-10-29 20:00:00,10678.739740408044
2025-10-29 21:00:00,10678.739740408044
2025-10-29 22:00:00,10678.739740408044
2025-10-29 23:00:00,10678.739740408044
2025-10-30 00:00:00,10678.739740408044
2025-10-30 01:00:00,10678.739740408044
2025-10-30 02:00:00,10678.739740408044
2025-10-30 03:00:00,10678.739740408044
2025-10-30 04:00:00,10678.739740408044
2025-10-30 05:00:00,10678.739740408044
2025-10-30 06:00:00,10678.739740408044
2025-10-30 07:00:00,10678.739740408044
2025-10-30 08:00:00,10678.739740408044
2025-10-30 09:00:00,10678.739740408044
2025-10-30 10:00:00,10678.739740408044
2025-10-30 11:00:00,10678.739740408044
2025-10-30 12:00:00,10678.739740408044
2025-10-30 13:00:00,10678.739740408044
2025-10-30 14:00:00,10678.739740408044
2025-10-30 15:00:00,10678.739740408044
2025-10-30 16:00:00,10678.739740408044
2025-10-30 17:00:00,10678.739740408044
2025-10-30 18:00:00,10678.739740408044
2025-10-30 19:00:00,10678.739740408044
2025-10-30 20:00:00,10678.739740408044
2025-10-30 21:00:00,10678.739740408044
2025-10-30 22:00:00,10678.739740408044
2025-10-30 23:00:00,10678.739740408044
2025-10-31 00:00:00,10678.739740408044
2025-10-31 01:00:00,10678.739740408044
2025-10-31 02:00:00,10678.739740408044
2025-10-31 03:00:00,10678.739740408044
2025-10-31 04:00:00,10678.739740408044
2025-10-31 05:00:00,10678.739740408044
2025-10-31 06:00:00,10678.739740408044
2025-10-31 07:00:00,10678.739740408044
2025-10-31 08:00:00,10678.739740408044
2025-10-31 09:00:00,10678.739740408044
2025-10-31 10:00:00,10678.739740408044
2025-10-31 11:00:00,10678.739740408044
2025-10-31 12:00:00,10678.739740408044
2025-10-31 13:00:00,10678.739740408044
2025-10-31 14:00:00,10678.739740408044
2025-10-31 15:00:00,10678.739740408044
2025-10-31 16:00:00,10678.739740408044
2025-10-31 17:00:00,10678.739740408044
2025-10-31 18:00:00,10678.739740408044
2025-10-31 19:00:00,10678.739740408044
2025-10-31 20:00:00,10678.739740408044
2025-10-31 21:00:00,10678.739740408044
2025-10-31 22:00:00,10678.739740408044
2025-10-31 23:00:00,10678.739740408044
2025-11-01 00:00:00,10678.739740408044
2025-11-01 01:00:00,10678.739740408044
2025-11-01 02:00:00,10678.739740408044
2025-11-01 03:00:00,10678.739740408044
2025-11-01 04:00:00,10678.739740408044
2025-11-01 05:00:00,10678.739740408044
2025-11-01 06:00:00,10678.739740408044
2025-11-01 07:00:00,10678.739740408044
2025-11-01 08:00:00,10678.739740408044
2025-11-01 09:00:00,10678.739740408044
2025-11-01 10:00:00,10678.739740408044
2025-11-01 11:00:00,10678.739740408044
2025-11-01 12:00:00,10678.739740408044
2025-11-01 13:00:00,10678.739740408044
2025-11-01 14:00:00,10678.739740408044
2025-11-01 15:00:00,10678.739740408044
2025-11-01 16:00:00,10678.739740408044
2025-11-01 17:00:00,10678.739740408044
2025-11-01 18:00:00,10678.739740408044
2025-11-01 19:00:00,10678.739740408044
2025-11-01 20:00:00,10678.739740408044
2025-11-01 21:00:00,10678.739740408044
2025-11-01 22:00:00,10678.739740408044
2025-11-01 23:00:00,10678.739740408044
2025-11-02 00:00:00,10678.739740408044
2025-11-02 01:00:00,10678.739740408044
2025-11-02 02:00:00,10678.739740408044
2025-11-02 03:00:00,10678.739740408044
2025-11-02 04:00:00,10678.739740408044
2025-11-02 05:00:00,10678.739740408044
2025-11-02 06:00:00,10678.739740408044
2025-11-02 07:00:00,10678.739740408044
2025-11-02 08:00:00,10678.739740408044
2025-11-02 09:00:00,10678.739740408044
2025-11-02 10:00:00,10678.739740408044
2025-11-02 11:00:00,10678.739740408044
2025-11-02 12:00:00,10678.739740408044
2025-11-02 13:00:00,10673.367240232055
2025-11-02 14:00:00,10669.83927834053
2025-11-02 15:00:00,10662.49564289171
2025-11-02 16:00:00,10662.444076479253
2025-11-02 17:00:00,10664.252756347963
2025-11-02 18:00:00,10667.640717839315
2025-11-02 19:00:00,10664.022394243715
2025-11-02 20:00:00,10661.753954024685
2025-11-02 21:00:00,10659.445513691318
2025-11-02 22:00:00,10645.65811971806
2025-11-02 23:00:00,10645.65811971806
2025-11-03 00:00:00,10645.65811971806
2025-11-03 01:00:00,10645.65811971806
2025-11-03 02:00:00,10645.65811971806
2025-11-03 03:00:00,10645.65811971806
2025-11-03 04:00:00,10645.65811971806
2025-11-03 05:00:00,10645.65811971806
2025-11-03 06:00:00,10645.65811971806
2025-11-03 07:00:00,10645.65811971806
2025-11-03 08:00:00,10645.65811971806
2025-11-03 09:00:00,10645.65811971806
2025-11-03 10:00:00,10645.65811971806
2025-11-03 11:00:00,10645.65811971806
2025-11-03 12:00:00,10645.65811971806
2025-11-03 13:00:00,10645.65811971806
2025-11-03 14:00:00,10645.65811971806
2025-11-03 15:00:00,10645.65811971806
2025-11-03 16:00:00,10645.65811971806
2025-11-03 17:00:00,10645.65811971806
2025-11-03 18:00:00,10645.65811971806
2025-11-03 19:00:00,10645.65811971806
2025-11-03 20:00:00,10645.65811971806
2025-11-03 21:00:00,10645.65811971806
2025-11-03 22:00:00,10645.65811971806
2025-11-03 23:00:00,10645.65811971806
2025-11-04 00:00:00,10645.65811971806
2025-11-04 01:00:00,10645.65811971806
2025-11-04 02:00:00,10645.65811971806
2025-11-04 03:00:00,10645.65811971806
2025-11-04 04:00:00,10645.65811971806
2025-11-04 05:00:00,10645.65811971806
2025-11-04 06:00:00,10645.65811971806
2025-11-04 07:00:00,10645.65811971806
2025-11-04 08:00:00,10645.65811971806
2025-11-04 09:00:00,10645.65811971806
2025-11-04 10:00:00,10645.65811971806
2025-11-04 11:00:00,10645.65811971806
2025-11-04 12:00:00,10645.65811971806
2025-11-04 13:00:00,10645.65811971806
2025-11-04 14:00:00,10645.65811971806
2025-11-04 15:00:00,10645.65811971806
2025-11-04 16:00:00,10645.65811971806
2025-11-04 17:00:00,10645.65811971806
2025-11-04 18:00:00,10645.65811971806
2025-11-04 19:00:00,10645.65811971806
2025-11-04 20:00:00,10645.65811971806
2025-11-04 21:00:00,10645.65811971806
2025-11-04 22:00:00,10645.65811971806
2025-11-04 23:00:00,10645.65811971806
2025-11-05 00:00:00,10645.65811971806
2025-11-05 01:00:00,10645.65811971806
2025-11-05 02:00:00,10645.65811971806
2025-11-05 03:00:00,10645.65811971806
2025-11-05 04:00:00,10645.65811971806
2025-11-05 05:00:00,10645.65811971806
2025-11-05 06:00:00,10645.65811971806
2025-11-05 07:00:00,10645.65811971806
2025-11-05 08:00:00,10645.65811971806
2025-11-05 09:00:00,10645.65811971806
2025-11-05 10:00:00,10645.65811971806
2025-11-05 11:00:00,10645.65811971806
2025-11-05 12:00:00,10645.65811971806
2025-11-05 13:00:00,10645.65811971806
2025-11-05 14:00:00,10645.65811971806
2025-11-05 15:00:00,10645.65811971806
2025-11-05 16:00:00,10645.65811971806
2025-11-05 17:00:00,10645.65811971806
2025-11-05 18:00:00,10645.65811971806
2025-11-05 19:00:00,10645.65811971806
2025-11-05 20:00:00,10645.65811971806
2025-11-05 21:00:00,10645.65811971806
2025-11-05 22:00:00,10645.65811971806
2025-11-05 23:00:00,10645.65811971806
2025-11-06 00:00:00,10645.65811971806
2025-11-06 01:00:00,10645.65811971806
2025-11-06 02:00:00,10645.65811971806
2025-11-06 03:00:00,10645.65811971806
2025-11-06 04:00:00,10645.65811971806
2025-11-06 05:00:00,10645.65811971806
2025-11-06 06:00:00,10645.65811971806
2025-11-06 07:00:00,10645.65811971806
2025-11-06 08:00:00,10645.65811971806
2025-11-06 09:00:00,10645.65811971806
2025-11-06 10:00:00,10645.65811971806
2025-11-06 11:00:00,10645.65811971806
2025-11-06 12:00:00,10645.65811971806
2025-11-06 13:00:00,10645.65811971806
2025-11-06 14:00:00,10645.65811971806
2025-11-06 15:00:00,10645.65811971806
2025-11-06 16:00:00,10645.65811971806
2025-11-06 17:00:00,10645.65811971806
2025-11-06 18:00:00,10645.65811971806
2025-11-06 19:00:00,10645.65811971806
2025-11-06 20:00:00,10645.65811971806
2025-11-06 21:00:00,10645.65811971806
2025-11-06 22:00:00,10645.65811971806
2025-11-06 23:00:00,10645.65811971806
2025-11-07 00:00:00,10645.65811971806
2025-11-07 01:00:00,10645.65811971806
2025-11-07 02:00:00,10645.65811971806
2025-11-07 03:00:00,10645.65811971806
2025-11-07 04:00:00,10645.65811971806
2025-11-07 05:00:00,10645.65811971806
2025-11-07 06:00:00,10645.65811971806
2025-11-07 07:00:00,10645.65811971806
2025-11-07 08:00:00,10645.65811971806
2025-11-07 09:00:00,10645.65811971806
2025-11-07 10:00:00,10645.65811971806
2025-11-07 11:00:00,10645.65811971806
2025-11-07 12:00:00,10645.65811971806
2025-11-07 13:00:00,10645.65811971806
2025-11-07 14:00:00,10645.65811971806
2025-11-07 15:00:00,10645.65811971806
2025-11-07 16:00:00,10645.65811971806
2025-11-07 17:00:00,10645.65811971806
2025-11-07 18:00:00,10645.65811971806
2025-11-07 19:00:00,10645.65811971806
2025-11-07 20:00:00,10645.65811971806
2025-11-07 21:00:00,10645.65811971806
2025-11-07 22:00:00,10645.65811971806
2025-11-07 23:00:00,10645.65811971806
2025-11-08 00:00:00,10645.65811971806
2025-11-08 01:00:00,10645.65811971806
2025-11-08 02:00:00,10645.65811971806
2025-11-08 03:00:00,10645.65811971806
2025-11-08 04:00:00,10645.65811971806
2025-11-08 05:00:00,10645.65811971806
2025-11-08 06:00:00,10645.65811971806
2025-11-08 07:00:00,10645.65811971806
2025-11-08 08:00:00,10645.65811971806
2025-11-08 09:00:00,10645.65811971806
2025-11-08 10:00:00,10645.65811971806
2025-11-08 11:00:00,10645.65811971806
2025-11-08 12:00:00,10645.65811971806
2025-11-08 13:00:00,10645.65811971806
2025-11-08 14:00:00,10645.65811971806
2025-11-08 15:00:00,10645.65811971806
2025-11-08 16:00:00,10645.65811971806
2025-11-08 17:00:00,10645.65811971806
2025-11-08 18:00:00,10645.65811971806
2025-11-08 19:00:00,10645.65811971806
2025-11-08 20:00:00,10645.65811971806
2025-11-08 21:00:00,10645.65811971806
2025-11-08 22:00:00,10645.65811971806
2025-11-08 23:00:00,10645.65811971806
2025-11-09 00:00:00,10645.65811971806
2025-11-09 01:00:00,10645.65811971806
2025-11-09 02:00:00,10645.65811971806
2025-11-09 03:00:00,10645.65811971806
2025-11-09 04:00:00,10645.65811971806
2025-11-09 05:00:00,10645.65811971806
2025-11-09 06:00:00,10645.65811971806
2025-11-09 07:00:00,10645.65811971806
2025-11-09 08:00:00,10645.65811971806
2025-11-09 09:00:00,10645.65811971806
2025-11-09 10:00:00,10645.65811971806
2025-11-09 11:00:00,10645.65811971806
2025-11-09 12:00:00,10645.65811971806
2025-11-09 13:00:00,10645.65811971806
2025-11-09 14:00:00,10645.65811971806
2025-11-09 15:00:00,10645.65811971806
2025-11-09 16:00:00,10645.65811971806
2025-11-09 17:00:00,10645.65811971806
2025-11-09 18:00:00,10645.65811971806
2025-11-09 19:00:00,10645.65811971806
2025-11-09 20:00:00,10645.65811971806
2025-11-09 21:00:00,10645.65811971806
2025-11-09 22:00:00,10645.65811971806
2025-11-09 23:00:00,10645.65811971806
2025-11-10 00:00:00,10645.65811971806
2025-11-10 01:00:00,10645.65811971806
2025-11-10 02:00:00,10645.65811971806
2025-11-10 03:00:00,10645.65811971806
2025-11-10 04:00:00,10645.65811971806
2025-11-10 05:00:00,10645.65811971806
2025-11-10 06:00:00,10645.65811971806
2025-11-10 07:00:00,10645.65811971806
2025-11-10 08:00:00,10645.65811971806
2025-11-10 09:00:00,10645.65811971806
2025-11-10 10:00:00,10645.65811971806
2025-11-10 11:00:00,10645.65811971806
2025-11-10 12:00:00,10645.65811971806
2025-11-10 13:00:00,10645.65811971806
2025-11-10 14:00:00,10645.65811971806
2025-11-10 15:00:00,10645.65811971806
2025-11-10 16:00:00,10645.65811971806
2025-11-10 17:00:00,10645.65811971806
2025-11-10 18:00:00,10645.65811971806
2025-11-10 19:00:00,10645.65811971806
2025-11-10 20:00:00,10645.65811971806
2025-11-10 21:00:00,10645.65811971806
2025-11-10 22:00:00,10645.65811971806
2025-11-10 23:00:00,10645.65811971806
2025-11-11 00:00:00,10645.65811971806
2025-11-11 01:00:00,10645.65811971806
2025-11-11 02:00:00,10645.65811971806
2025-11-11 03:00:00,10645.65811971806
2025-11-11 04:00:00,10645.65811971806
2025-11-11 05:00:00,10645.65811971806
2025-11-11 06:00:00,10645.65811971806
2025-11-11 07:00:00,10645.65811971806
2025-11-11 08:00:00,10645.65811971806
2025-11-11 09:00:00,10645.65811971806
2025-11-11 10:00:00,10645.65811971806
2025-11-11 11:00:00,10645.65811971806
2025-11-11 12:00:00,10645.65811971806
2025-11-11 13:00:00,10645.65811971806
2025-11-11 14:00:00,10645.65811971806
2025-11-11 15:00:00,10645.65811971806
2025-11-11 16:00:00,10645.65811971806
2025-11-11 17:00:00,10645.65811971806
2025-11-11 18:00:00,10645.65811971806
2025-11-11 19:00:00,10645.65811971806
2025-11-11 20:00:00,10645.65811971806
2025-11-11 21:00:00,10645.65811971806
2025-11-11 22:00:00,10645.65811971806
2025-11-11 23:00:00,10645.65811971806
2025-11-12 00:00:00,10645.65811971806
2025-11-12 01:00:00,10645.65811971806
2025-11-12 02:00:00,10645.65811971806
2025-11-12 03:00:00,10645.65811971806
2025-11-12 04:00:00,10645.65811971806
2025-11-12 05:00:00,10645.65811971806
2025-11-12 06:00:00,10645.65811971806
2025-11-12 07:00:00,10645.65811971806
2025-11-12 08:00:00,10645.65811971806
2025-11-12 09:00:00,10645.65811971806
2025-11-12 10:00:00,10645.65811971806
2025-11-12 11:00:00,10645.65811971806
2025-11-12 12:00:00,10645.65811971806
2025-11-12 13:00:00,10645.499851215733
2025-11-12 14:00:00,10618.907807943153
2025-11-12 15:00:00,10600.991367090379
2025-11-12 16:00:00,10600.991367090379
2025-11-12 17:00:00,10600.991367090379
2025-11-12 18:00:00,10600.991367090379
2025-11-12 19:00:00,10600.991367090379
2025-11-12 20:00:00,10600.991367090379
2025-11-12 21:00:00,10600.991367090379
2025-11-12 22:00:00,10600.991367090379
2025-11-12 23:00:00,10600.991367090379
2025-11-13 00:00:00,10600.991367090379
2025-11-13 01:00:00,10600.991367090379
2025-11-13 02:00:00,10600.991367090379
2025-11-13 03:00:00,10600.991367090379
2025-11-13 04:00:00,10600.991367090379
2025-11-13 05:00:00,10600.991367090379
2025-11-13 06:00:00,10600.991367090379
2025-11-13 07:00:00,10600.991367090379
2025-11-13 08:00:00,10600.991367090379
2025-11-13 09:00:00,10600.991367090379
2025-11-13 10:00:00,10600.991367090379
2025-11-13 11:00:00,10600.991367090379
2025-11-13 12:00:00,10600.991367090379
2025-11-13 13:00:00,10600.991367090379
2025-11-13 14:00:00,10600.991367090379
2025-11-13 15:00:00,10600.991367090379
2025-11-13 16:00:00,10600.991367090379
2025-11-13 17:00:00,10600.991367090379
2025-11-13 18:00:00,10600.991367090379
2025-11-13 19:00:00,10600.991367090379
2025-11-13 20:00:00,10600.991367090379
2025-11-13 21:00:00,10600.991367090379
2025-11-13 22:00:00,10600.991367090379
2025-11-13 23:00:00,10600.991367090379
2025-11-14 00:00:00,10600.991367090379
2025-11-14 01:00:00,10600.991367090379
2025-11-14 02:00:00,10600.991367090379
2025-11-14 03:00:00,10600.991367090379
2025-11-14 04:00:00,10600.991367090379
2025-11-14 05:00:00,10600.991367090379
2025-11-14 06:00:00,10600.991367090379
2025-11-14 07:00:00,10600.991367090379
2025-11-14 08:00:00,10600.991367090379
2025-11-14 09:00:00,10600.991367090379
2025-11-14 10:00:00,10600.991367090379
2025-11-14 11:00:00,10600.991367090379
2025-11-14 12:00:00,10600.991367090379
2025-11-14 13:00:00,10600.991367090379
2025-11-14 14:00:00,10600.991367090379
2025-11-14 15:00:00,10600.991367090379
2025-11-14 16:00:00,10600.991367090379
2025-11-14 17:00:00,10600.991367090379
2025-11-14 18:00:00,10600.991367090379
2025-11-14 19:00:00,10600.991367090379
2025-11-14 20:00:00,10600.991367090379
2025-11-14 21:00:00,10600.991367090379
2025-11-14 22:00:00,10600.991367090379
2025-11-14 23:00:00,10600.991367090379
2025-11-15 00:00:00,10600.991367090379
2025-11-15 01:00:00,10600.991367090379
2025-11-15 02:00:00,10600.991367090379
2025-11-15 03:00:00,10600.991367090379
2025-11-15 04:00:00,10600.991367090379
2025-11-15 05:00:00,10600.991367090379
2025-11-15 06:00:00,10600.991367090379
2025-11-15 07:00:00,10600.991367090379
2025-11-15 08:00:00,10600.991367090379
2025-11-15 09:00:00,10600.991367090379
2025-11-15 10:00:00,10600.991367090379
2025-11-15 11:00:00,10600.991367090379
2025-11-15 12:00:00,10600.991367090379
2025-11-15 13:00:00,10600.991367090379
2025-11-15 14:00:00,10600.991367090379
2025-11-15 15:00:00,10600.991367090379
2025-11-15 16:00:00,10600.991367090379
2025-11-15 17:00:00,10600.991367090379
2025-11-15 18:00:00,10600.991367090379
2025-11-15 19:00:00,10600.991367090379
2025-11-15 20:00:00,10600.991367090379
2025-11-15 21:00:00,10600.991367090379
2025-11-15 22:00:00,10600.991367090379
2025-11-15 23:00:00,10600.991367090379
2025-11-16 00:00:00,10600.991367090379
2025-11-16 01:00:00,10600.991367090379
2025-11-16 02:00:00,10600.991367090379
2025-11-16 03:00:00,10600.991367090379
2025-11-16 04:00:00,10600.991367090379
2025-11-16 05:00:00,10600.991367090379
2025-11-16 06:00:00,10600.991367090379
2025-11-16 07:00:00,10600.991367090379
2025-11-16 08:00:00,10600.991367090379
2025-11-16 09:00:00,10600.991367090379
2025-11-16 10:00:00,10600.991367090379
2025-11-16 11:00:00,10600.991367090379
2025-11-16 12:00:00,10600.991367090379
2025-11-16 13:00:00,10600.991367090379
2025-11-16 14:00:00,10600.991367090379
2025-11-16 15:00:00,10600.991367090379
2025-11-16 16:00:00,10600.991367090379
2025-11-16 17:00:00,10600.991367090379
2025-11-16 18:00:00,10600.991367090379
2025-11-16 19:00:00,10600.991367090379
2025-11-16 20:00:00,10600.991367090379
2025-11-16 21:00:00,10600.991367090379
2025-11-16 22:00:00,10600.991367090379
2025-11-16 23:00:00,10600.991367090379
2025-11-17 00:00:00,10600.991367090379
2025-11-17 01:00:00,10600.991367090379
2025-11-17 02:00:00,10600.991367090379
2025-11-17 03:00:00,10600.991367090379
2025-11-17 04:00:00,10600.991367090379
2025-11-17 05:00:00,10600.991367090379
2025-11-17 06:00:00,10600.991367090379
2025-11-17 07:00:00,10600.991367090379
2025-11-17 08:00:00,10600.991367090379
2025-11-17 09:00:00,10600.991367090379
2025-11-17 10:00:00,10600.991367090379
2025-11-17 11:00:00,10600.991367090379
2025-11-17 12:00:00,10600.991367090379
2025-11-17 13:00:00,10600.991367090379
2025-11-17 14:00:00,10600.991367090379
2025-11-17 15:00:00,10600.991367090379
2025-11-17 16:00:00,10600.991367090379
2025-11-17 17:00:00,10600.991367090379
2025-11-17 18:00:00,10600.991367090379
2025-11-17 19:00:00,10600.991367090379
2025-11-17 20:00:00,10600.991367090379
2025-11-17 21:00:00,10600.991367090379
2025-11-17 22:00:00,10600.991367090379
2025-11-17 23:00:00,10600.991367090379
2025-11-18 00:00:00,10600.991367090379
2025-11-18 01:00:00,10600.991367090379
2025-11-18 02:00:00,10600.991367090379
2025-11-18 03:00:00,10600.991367090379
2025-11-18 04:00:00,10600.991367090379
2025-11-18 05:00:00,10600.991367090379
2025-11-18 06:00:00,10600.991367090379
2025-11-18 07:00:00,10600.991367090379
2025-11-18 08:00:00,10600.991367090379
2025-11-18 09:00:00,10600.991367090379
2025-11-18 10:00:00,10600.991367090379
2025-11-18 11:00:00,10600.991367090379
2025-11-18 12:00:00,10600.991367090379
2025-11-18 13:00:00,10600.991367090379
2025-11-18 14:00:00,10600.991367090379
2025-11-18 15:00:00,10600.991367090379
2025-11-18 16:00:00,10600.991367090379
2025-11-18 17:00:00,10600.991367090379
2025-11-18 18:00:00,10600.991367090379
2025-11-18 19:00:00,10600.991367090379
2025-11-18 20:00:00,10600.991367090379
2025-11-18 21:00:00,10600.991367090379
2025-11-18 22:00:00,10600.991367090379
2025-11-18 23:00:00,10600.991367090379
2025-11-19 00:00:00,10600.991367090379
2025-11-19 01:00:00,10600.991367090379
2025-11-19 02:00:00,10600.991367090379
2025-11-19 03:00:00,10600.991367090379
2025-11-19 04:00:00,10600.991367090379
2025-11-19 05:00:00,10600.991367090379
2025-11-19 06:00:00,10600.991367090379
2025-11-19 07:00:00,10600.991367090379
2025-11-19 08:00:00,10600.991367090379
2025-11-19 09:00:00,10600.991367090379
2025-11-19 10:00:00,10600.991367090379
2025-11-19 11:00:00,10600.991367090379
2025-11-19 12:00:00,10600.991367090379
2025-11-19 13:00:00,10600.991367090379
2025-11-19 14:00:00,10600.991367090379
2025-11-19 15:00:00,10600.991367090379
2025-11-19 16:00:00,10600.991367090379
2025-11-19 17:00:00,10600.991367090379
2025-11-19 18:00:00,10600.991367090379
2025-11-19 19:00:00,10600.991367090379
2025-11-19 20:00:00,10600.991367090379
2025-11-19 21:00:00,10600.991367090379
2025-11-19 22:00:00,10600.991367090379
2025-11-19 23:00:00,10600.991367090379
2025-11-20 00:00:00,10600.991367090379
2025-11-20 01:00:00,10600.991367090379
2025-11-20 02:00:00,10600.991367090379
2025-11-20 03:00:00,10600.991367090379
2025-11-20 04:00:00,10600.991367090379
2025-11-20 05:00:00,10600.991367090379
2025-11-20 06:00:00,10600.991367090379
2025-11-20 07:00:00,10600.991367090379
2025-11-20 08:00:00,10600.991367090379
2025-11-20 09:00:00,10600.991367090379
2025-11-20 10:00:00,10600.991367090379
2025-11-20 11:00:00,10600.991367090379
2025-11-20 12:00:00,10600.991367090379
2025-11-20 13:00:00,10600.991367090379
2025-11-20 14:00:00,10600.991367090379
2025-11-20 15:00:00,10600.991367090379
2025-11-20 16:00:00,10600.991367090379
2025-11-20 17:00:00,10600.991367090379
2025-11-20 18:00:00,10600.991367090379
2025-11-20 19:00:00,10600.991367090379
2025-11-20 20:00:00,10600.991367090379
2025-11-20 21:00:00,10600.991367090379
2025-11-20 22:00:00,10600.991367090379
2025-11-20 23:00:00,10600.991367090379
2025-11-21 00:00:00,10600.991367090379
2025-11-21 01:00:00,10600.991367090379
2025-11-21 02:00:00,10600.991367090379
2025-11-21 03:00:00,10600.991367090379
2025-11-21 04:00:00,10600.991367090379
2025-11-21 05:00:00,10600.991367090379
2025-11-21 06:00:00,10600.991367090379
2025-11-21 07:00:00,10600.991367090379
2025-11-21 08:00:00,10600.991367090379
2025-11-21 09:00:00,10600.991367090379
2025-11-21 10:00:00,10600.991367090379
2025-11-21 11:00:00,10600.991367090379
2025-11-21 12:00:00,10600.991367090379
2025-11-21 13:00:00,10600.991367090379
2025-11-21 14:00:00,10600.991367090379
2025-11-21 15:00:00,10600.991367090379
2025-11-21 16:00:00,10600.991367090379
2025-11-21 17:00:00,10600.991367090379
2025-11-21 18:00:00,10600.991367090379
2025-11-21 19:00:00,10600.991367090379
2025-11-21 20:00:00,10600.991367090379
2025-11-21 21:00:00,10600.991367090379
2025-11-21 22:00:00,10600.991367090379
2025-11-21 23:00:00,10600.991367090379
2025-11-22 00:00:00,10600.991367090379
2025-11-22 01:00:00,10600.991367090379
2025-11-22 02:00:00,10600.991367090379
2025-11-22 03:00:00,10600.991367090379
2025-11-22 04:00:00,10600.991367090379
2025-11-22 05:00:00,10600.991367090379
2025-11-22 06:00:00,10600.991367090379
2025-11-22 07:00:00,10600.991367090379
2025-11-22 08:00:00,10600.991367090379
2025-11-22 09:00:00,10600.991367090379
2025-11-22 10:00:00,10600.991367090379
2025-11-22 11:00:00,10600.991367090379
2025-11-22 12:00:00,10600.991367090379
2025-11-22 13:00:00,10600.991367090379
2025-11-22 14:00:00,10600.991367090379
2025-11-22 15:00:00,10600.991367090379
2025-11-22 16:00:00,10600.991367090379
2025-11-22 17:00:00,10600.991367090379
2025-11-22 18:00:00,10600.991367090379
2025-11-22 19:00:00,10600.991367090379
2025-11-22 20:00:00,10600.991367090379
2025-11-22 21:00:00,10600.991367090379
2025-11-22 22:00:00,10600.991367090379
2025-11-22 23:00:00,10600.991367090379
2025-11-23 00:00:00,10600.991367090379
2025-11-23 01:00:00,10600.991367090379
2025-11-23 02:00:00,10600.991367090379
2025-11-23 03:00:00,10600.991367090379
2025-11-23 04:00:00,10600.991367090379
2025-11-23 05:00:00,10600.991367090379
2025-11-23 06:00:00,10600.991367090379
2025-11-23 07:00:00,10600.991367090379
2025-11-23 08:00:00,10600.991367090379
2025-11-23 09:00:00,10600.991367090379
2025-11-23 10:00:00,10600.991367090379
2025-11-23 11:00:00,10600.991367090379
2025-11-23 12:00:00,10600.991367090379
2025-11-23 13:00:00,10600.991367090379
2025-11-23 14:00:00,10600.991367090379
2025-11-23 15:00:00,10600.991367090379
2025-11-23 16:00:00,10600.991367090379
2025-11-23 17:00:00,10600.991367090379
2025-11-23 18:00:00,10600.991367090379
2025-11-23 19:00:00,10600.991367090379
2025-11-23 20:00:00,10600.991367090379
2025-11-23 21:00:00,10600.991367090379
2025-11-23 22:00:00,10600.991367090379
2025-11-23 23:00:00,10600.991367090379
2025-11-24 00:00:00,10600.991367090379
2025-11-24 01:00:00,10600.991367090379
2025-11-24 02:00:00,10600.991367090379
2025-11-24 03:00:00,10600.991367090379
2025-11-24 04:00:00,10600.991367090379
2025-11-24 05:00:00,10600.991367090379
2025-11-24 06:00:00,10600.991367090379
2025-11-24 07:00:00,10600.991367090379
2025-11-24 08:00:00,10600.991367090379
2025-11-24 09:00:00,10600.991367090379
2025-11-24 10:00:00,10600.991367090379
2025-11-24 11:00:00,10600.991367090379
2025-11-24 12:00:00,10600.991367090379
2025-11-24 13:00:00,10600.991367090379
2025-11-24 14:00:00,10600.991367090379
2025-11-24 15:00:00,10600.991367090379
2025-11-24 16:00:00,10600.991367090379
2025-11-24 17:00:00,10600.991367090379
2025-11-24 18:00:00,10600.991367090379
2025-11-24 19:00:00,10600.991367090379
2025-11-24 20:00:00,10600.991367090379
2025-11-24 21:00:00,10590.065683334884
2025-11-24 22:00:00,10586.211933398668
2025-11-24 23:00:00,10576.20574200885
2025-11-25 00:00:00,10570.258758560485
2025-11-25 01:00:00,10559.341534857991
2025-11-25 02:00:00,10564.591566693787
2025-11-25 03:00:00,10561.996432873611
2025-11-25 04:00:00,10577.428678008206
2025-11-25 05:00:00,10570.877808584959
2025-11-25 06:00:00,10567.40345722282
2025-11-25 07:00:00,10548.993706350919
2025-11-25 08:00:00,10533.216583868034
2025-11-25 09:00:00,10533.216583868034
2025-11-25 10:00:00,10533.216583868034
2025-11-25 11:00:00,10533.216583868034
2025-11-25 12:00:00,10533.216583868034
2025-11-25 13:00:00,10533.216583868034
2025-11-25 14:00:00,10533.216583868034
2025-11-25 15:00:00,10533.216583868034
2025-11-25 16:00:00,10533.216583868034
2025-11-25 17:00:00,10533.216583868034
2025-11-25 18:00:00,10533.216583868034
2025-11-25 19:00:00,10533.216583868034
2025-11-25 20:00:00,10533.216583868034
2025-11-25 21:00:00,10533.216583868034
2025-11-25 22:00:00,10533.216583868034
2025-11-25 23:00:00,10533.216583868034
2025-11-26 00:00:00,10533.216583868034
2025-11-26 01:00:00,10533.216583868034
2025-11-26 02:00:00,10533.216583868034
2025-11-26 03:00:00,10533.216583868034
2025-11-26 04:00:00,10533.216583868034
2025-11-26 05:00:00,10533.216583868034
2025-11-26 06:00:00,10533.216583868034
2025-11-26 07:00:00,10533.216583868034
2025-11-26 08:00:00,10516.628272843358
2025-11-26 09:00:00,10498.683711980502
2025-11-26 10:00:00,10502.57175504104
2025-11-26 11:00:00,10506.78065892998
2025-11-26 12:00:00,10479.00739625931
2025-11-26 13:00:00,10479.00739625931
2025-11-26 14:00:00,10479.00739625931
2025-11-26 15:00:00,10479.00739625931
2025-11-26 16:00:00,10479.00739625931
2025-11-26 17:00:00,10479.00739625931
2025-11-26 18:00:00,10479.00739625931
2025-11-26 19:00:00,10479.00739625931
2025-11-26 20:00:00,10479.00739625931
2025-11-26 21:00:00,10479.00739625931
2025-11-26 22:00:00,10479.00739625931
2025-11-26 23:00:00,10479.00739625931
2025-11-27 00:00:00,10479.00739625931
2025-11-27 01:00:00,10479.00739625931
2025-11-27 02:00:00,10479.00739625931
2025-11-27 03:00:00,10479.00739625931
2025-11-27 04:00:00,10479.00739625931
2025-11-27 05:00:00,10479.00739625931
2025-11-27 06:00:00,10479.00739625931
2025-11-27 07:00:00,10479.00739625931
2025-11-27 08:00:00,10479.00739625931
2025-11-27 09:00:00,10479.00739625931
2025-11-27 10:00:00,10479.00739625931
2025-11-27 11:00:00,10479.00739625931
2025-11-27 12:00:00,10479.00739625931
2025-11-27 13:00:00,10479.00739625931
2025-11-27 14:00:00,10479.00739625931
2025-11-27 15:00:00,10479.00739625931
2025-11-27 16:00:00,10479.00739625931
2025-11-27 17:00:00,10479.00739625931
2025-11-27 18:00:00,10479.00739625931
2025-11-27 19:00:00,10479.00739625931
2025-11-27 20:00:00,10479.00739625931
2025-11-27 21:00:00,10479.00739625931
2025-11-27 22:00:00,10479.00739625931
2025-11-27 23:00:00,10479.00739625931
2025-11-28 00:00:00,10479.00739625931
2025-11-28 01:00:00,10479.00739625931
2025-11-28 02:00:00,10479.00739625931
2025-11-28 03:00:00,10479.00739625931
2025-11-28 04:00:00,10479.00739625931
2025-11-28 05:00:00,10479.00739625931
2025-11-28 06:00:00,10479.00739625931
2025-11-28 07:00:00,10479.00739625931
2025-11-28 08:00:00,10479.00739625931
2025-11-28 09:00:00,10479.00739625931
2025-11-28 10:00:00,10479.00739625931
2025-11-28 11:00:00,10479.00739625931
2025-11-28 12:00:00,10479.00739625931
2025-11-28 13:00:00,10479.00739625931
2025-11-28 14:00:00,10479.00739625931
2025-11-28 15:00:00,10479.00739625931
2025-11-28 16:00:00,10479.00739625931
2025-11-28 17:00:00,10479.00739625931
2025-11-28 18:00:00,10479.00739625931
2025-11-28 19:00:00,10479.00739625931
2025-11-28 20:00:00,10479.00739625931
2025-11-28 21:00:00,10479.00739625931
2025-11-28 22:00:00,10479.00739625931
2025-11-28 23:00:00,10479.00739625931
2025-11-29 00:00:00,10479.00739625931
2025-11-29 01:00:00,10479.00739625931
2025-11-29 02:00:00,10479.00739625931
2025-11-29 03:00:00,10479.00739625931
2025-11-29 04:00:00,10479.00739625931
2025-11-29 05:00:00,10479.00739625931
2025-11-29 06:00:00,10479.00739625931
2025-11-29 07:00:00,10479.00739625931
2025-11-29 08:00:00,10479.00739625931
2025-11-29 09:00:00,10479.00739625931
2025-11-29 10:00:00,10479.00739625931
2025-11-29 11:00:00,10479.00739625931
2025-11-29 12:00:00,10479.00739625931
2025-11-29 13:00:00,10479.00739625931
2025-11-29 14:00:00,10479.00739625931
2025-11-29 15:00:00,10479.00739625931
2025-11-29 16:00:00,10479.00739625931
2025-11-29 17:00:00,10479.00739625931
2025-11-29 18:00:00,10479.00739625931
2025-11-29 19:00:00,10479.00739625931
2025-11-29 20:00:00,10479.00739625931
2025-11-29 21:00:00,10479.00739625931
2025-11-29 22:00:00,10479.00739625931
2025-11-29 23:00:00,10479.00739625931
2025-11-30 00:00:00,10479.00739625931
2025-11-30 01:00:00,10479.00739625931
2025-11-30 02:00:00,10479.00739625931
2025-11-30 03:00:00,10479.00739625931
2025-11-30 04:00:00,10479.00739625931
2025-11-30 05:00:00,10479.00739625931
2025-11-30 06:00:00,10479.00739625931
2025-11-30 07:00:00,10479.00739625931
2025-11-30 08:00:00,10479.00739625931
2025-11-30 09:00:00,10479.00739625931
2025-11-30 10:00:00,10479.00739625931
2025-11-30 11:00:00,10479.00739625931
2025-11-30 12:00:00,10479.00739625931
2025-11-30 13:00:00,10479.00739625931
2025-11-30 14:00:00,10479.00739625931
2025-11-30 15:00:00,10479.00739625931
2025-11-30 16:00:00,10479.00739625931
2025-11-30 17:00:00,10479.00739625931
2025-11-30 18:00:00,10479.00739625931
2025-11-30 19:00:00,10479.00739625931
2025-11-30 20:00:00,10479.00739625931
2025-11-30 21:00:00,10479.00739625931
2025-11-30 22:00:00,10479.00739625931
2025-11-30 23:00:00,10479.00739625931
2025-12-01 00:00:00,10479.00739625931
2025-12-01 01:00:00,10479.00739625931
2025-12-01 02:00:00,10479.00739625931
2025-12-01 03:00:00,10479.00739625931
2025-12-01 04:00:00,10479.00739625931
2025-12-01 05:00:00,10479.00739625931
2025-12-01 06:00:00,10479.00739625931
2025-12-01 07:00:00,10479.00739625931
2025-12-01 08:00:00,10479.00739625931
2025-12-01 09:00:00,10479.00739625931
2025-12-01 10:00:00,10479.00739625931
2025-12-01 11:00:00,10479.00739625931
2025-12-01 12:00:00,10479.00739625931
2025-12-01 13:00:00,10479.00739625931
2025-12-01 14:00:00,10479.00739625931
2025-12-01 15:00:00,10479.00739625931
2025-12-01 16:00:00,10479.00739625931
2025-12-01 17:00:00,10479.00739625931
2025-12-01 18:00:00,10479.00739625931
2025-12-01 19:00:00,10479.00739625931
2025-12-01 20:00:00,10479.00739625931
2025-12-01 21:00:00,10479.00739625931
2025-12-01 22:00:00,10479.00739625931
2025-12-01 23:00:00,10479.00739625931
2025-12-02 00:00:00,10479.00739625931
2025-12-02 01:00:00,10479.00739625931
2025-12-02 02:00:00,10479.00739625931
2025-12-02 03:00:00,10479.00739625931
2025-12-02 04:00:00,10479.00739625931
2025-12-02 05:00:00,10479.00739625931
2025-12-02 06:00:00,10479.00739625931
2025-12-02 07:00:00,10479.00739625931
2025-12-02 08:00:00,10479.00739625931
2025-12-02 09:00:00,10479.00739625931
2025-12-02 10:00:00,10479.00739625931
2025-12-02 11:00:00,10479.00739625931
2025-12-02 12:00:00,10479.00739625931
2025-12-02 13:00:00,10479.00739625931
2025-12-02 14:00:00,10479.00739625931
2025-12-02 15:00:00,10479.00739625931
2025-12-02 16:00:00,10479.00739625931
2025-12-02 17:00:00,10479.00739625931
2025-12-02 18:00:00,10479.00739625931
2025-12-02 19:00:00,10479.00739625931
2025-12-02 20:00:00,10479.00739625931
2025-12-02 21:00:00,10479.00739625931
2025-12-02 22:00:00,10479.00739625931
2025-12-02 23:00:00,10479.00739625931
2025-12-03 00:00:00,10479.00739625931
2025-12-03 01:00:00,10479.00739625931
2025-12-03 02:00:00,10479.00739625931
2025-12-03 03:00:00,10479.00739625931
2025-12-03 04:00:00,10479.00739625931
2025-12-03 05:00:00,10479.00739625931
2025-12-03 06:00:00,10479.00739625931
2025-12-03 07:00:00,10479.00739625931
2025-12-03 08:00:00,10479.00739625931
2025-12-03 09:00:00,10479.00739625931
2025-12-03 10:00:00,10479.00739625931
2025-12-03 11:00:00,10479.00739625931
2025-12-03 12:00:00,10479.00739625931
2025-12-03 13:00:00,10479.00739625931
2025-12-03 14:00:00,10479.00739625931
2025-12-03 15:00:00,10479.00739625931
2025-12-03 16:00:00,10479.00739625931
2025-12-03 17:00:00,10479.00739625931
2025-12-03 18:00:00,10479.00739625931
2025-12-03 19:00:00,10479.00739625931
2025-12-03 20:00:00,10479.00739625931
2025-12-03 21:00:00,10479.00739625931
2025-12-03 22:00:00,10479.00739625931
2025-12-03 23:00:00,10479.00739625931
2025-12-04 00:00:00,10479.00739625931
2025-12-04 01:00:00,10479.00739625931
2025-12-04 02:00:00,10479.00739625931
2025-12-04 03:00:00,10479.00739625931
2025-12-04 04:00:00,10479.00739625931
2025-12-04 05:00:00,10479.00739625931
2025-12-04 06:00:00,10479.00739625931
2025-12-04 07:00:00,10479.00739625931
2025-12-04 08:00:00,10479.00739625931
2025-12-04 09:00:00,10479.00739625931
2025-12-04 10:00:00,10479.00739625931
2025-12-04 11:00:00,10479.00739625931
2025-12-04 12:00:00,10479.00739625931
2025-12-04 13:00:00,10479.00739625931
2025-12-04 14:00:00,10479.00739625931
2025-12-04 15:00:00,10479.00739625931
2025-12-04 16:00:00,10479.00739625931
2025-12-04 17:00:00,10479.00739625931
2025-12-04 18:00:00,10479.00739625931
2025-12-04 19:00:00,10479.00739625931
2025-12-04 20:00:00,10479.00739625931
2025-12-04 21:00:00,10479.00739625931
2025-12-04 22:00:00,10479.00739625931
2025-12-04 23:00:00,10479.00739625931
2025-12-05 00:00:00,10479.00739625931
2025-12-05 01:00:00,10479.00739625931
2025-12-05 02:00:00,10479.00739625931
2025-12-05 03:00:00,10479.00739625931
2025-12-05 04:00:00,10479.00739625931
2025-12-05 05:00:00,10479.00739625931
2025-12-05 06:00:00,10479.00739625931
2025-12-05 07:00:00,10479.00739625931
2025-12-05 08:00:00,10479.00739625931
2025-12-05 09:00:00,10479.00739625931
2025-12-05 10:00:00,10479.00739625931
2025-12-05 11:00:00,10479.00739625931
2025-12-05 12:00:00,10479.00739625931
2025-12-05 13:00:00,10479.00739625931
2025-12-05 14:00:00,10479.00739625931
2025-12-05 15:00:00,10479.00739625931
2025-12-05 16:00:00,10479.00739625931
2025-12-05 17:00:00,10479.00739625931
2025-12-05 18:00:00,10479.00739625931
2025-12-05 19:00:00,10479.00739625931
2025-12-05 20:00:00,10479.00739625931
2025-12-05 21:00:00,10479.00739625931
2025-12-05 22:00:00,10479.00739625931
2025-12-05 23:00:00,10479.00739625931
2025-12-06 00:00:00,10479.00739625931
2025-12-06 01:00:00,10479.00739625931
2025-12-06 02:00:00,10479.00739625931
2025-12-06 03:00:00,10479.00739625931
2025-12-06 04:00:00,10479.00739625931
2025-12-06 05:00:00,10479.00739625931
2025-12-06 06:00:00,10479.00739625931
2025-12-06 07:00:00,10479.00739625931
2025-12-06 08:00:00,10479.00739625931
2025-12-06 09:00:00,10479.00739625931
2025-12-06 10:00:00,10479.00739625931
2025-12-06 11:00:00,10479.00739625931
2025-12-06 12:00:00,10479.00739625931
2025-12-06 13:00:00,10479.00739625931
2025-12-06 14:00:00,10479.00739625931
2025-12-06 15:00:00,10479.00739625931
2025-12-06 16:00:00,10479.00739625931
2025-12-06 17:00:00,10479.00739625931
2025-12-06 18:00:00,10479.00739625931
2025-12-06 19:00:00,10479.00739625931
2025-12-06 20:00:00,10479.00739625931
2025-12-06 21:00:00,10479.00739625931
2025-12-06 22:00:00,10479.00739625931
2025-12-06 23:00:00,10479.00739625931
2025-12-07 00:00:00,10479.00739625931
2025-12-07 01:00:00,10479.00739625931
2025-12-07 02:00:00,10479.00739625931
2025-12-07 03:00:00,10479.00739625931
2025-12-07 04:00:00,10479.00739625931
2025-12-07 05:00:00,10479.00739625931
2025-12-07 06:00:00,10479.00739625931
2025-12-07 07:00:00,10479.00739625931
2025-12-07 08:00:00,10479.00739625931
2025-12-07 09:00:00,10479.00739625931
2025-12-07 10:00:00,10479.00739625931
2025-12-07 11:00:00,10479.00739625931
2025-12-07 12:00:00,10479.00739625931
2025-12-07 13:00:00,10479.00739625931
2025-12-07 14:00:00,10479.00739625931
2025-12-07 15:00:00,10479.00739625931
2025-12-07 16:00:00,10479.00739625931
2025-12-07 17:00:00,10479.00739625931
2025-12-07 18:00:00,10479.00739625931
2025-12-07 19:00:00,10479.00739625931
2025-12-07 20:00:00,10479.00739625931
2025-12-07 21:00:00,10430.267630792756
2025-12-07 22:00:00,10430.267630792756
2025-12-07 23:00:00,10430.267630792756
2025-12-08 00:00:00,10430.267630792756
2025-12-08 01:00:00,10430.267630792756
2025-12-08 02:00:00,10441.965042262833
2025-12-08 03:00:00,10433.482351131595
2025-12-08 04:00:00,10439.876549752404
2025-12-08 05:00:00,10441.100690180618
2025-12-08 06:00:00,10444.842202295044
2025-12-08 07:00:00,10447.735416627953
2025-12-08 08:00:00,10455.431160341052
2025-12-08 09:00:00,10457.670735288406
2025-12-08 10:00:00,10464.017344375
2025-12-08 11:00:00,10459.283905824599
2025-12-08 12:00:00,10453.569434827981
2025-12-08 13:00:00,10444.936234627703
2025-12-08 14:00:00,10427.297718471684
2025-12-08 15:00:00,10401.74873233073
2025-12-08 16:00:00,10402.239248553838
2025-12-08 17:00:00,10410.25206470572
2025-12-08 18:00:00,10400.610883768768
2025-12-08 19:00:00,10406.424834092924
2025-12-08 20:00:00,10425.788614206083
2025-12-08 21:00:00,10440.584085718874
2025-12-08 22:00:00,10426.761619501951
2025-12-08 23:00:00,10421.041701510452
2025-12-09 00:00:00,10414.229804387558
2025-12-09 01:00:00,10404.455888785908
2025-12-09 02:00:00,10404.811376872789
2025-12-09 03:00:00,10414.467178690735
2025-12-09 04:00:00,10400.49190993324
2025-12-09 05:00:00,10399.97071852844
2025-12-09 06:00:00,10407.639227267142
2025-12-09 07:00:00,10417.09865058548
2025-12-09 08:00:00,10417.153693902159
2025-12-09 09:00:00,10406.628666375
2025-12-09 10:00:00,10411.412274615082
2025-12-09 11:00:00,10413.88062334738
2025-12-09 12:00:00,10419.483860974877
2025-12-09 13:00:00,10415.213130305303
2025-12-09 14:00:00,10413.107723442354
2025-12-09 15:00:00,10480.47615611367
2025-12-09 16:00:00,10522.913979904839
2025-12-09 17:00:00,10515.178673807877
2025-12-09 18:00:00,10515.250058109194
2025-12-09 19:00:00,10511.81988475473
2025-12-09 20:00:00,10492.20869640046
2025-12-09 21:00:00,10478.540752827752
2025-12-09 22:00:00,10485.535840988967
2025-12-09 23:00:00,10479.653086518962
2025-12-10 00:00:00,10463.943093234275
2025-12-10 01:00:00,10469.262513760148
2025-12-10 02:00:00,10474.403330190758
2025-12-10 03:00:00,10471.964796588329
2025-12-10 04:00:00,10476.035708551002
2025-12-10 05:00:00,10476.140634873422
2025-12-10 06:00:00,10480.260856473953
2025-12-10 07:00:00,10482.637753029061
2025-12-10 08:00:00,10477.537359034135
2025-12-10 09:00:00,10486.568189860627
2025-12-10 10:00:00,10468.009704937833
2025-12-10 11:00:00,10463.646088671363
2025-12-10 12:00:00,10459.826598524976
2025-12-10 13:00:00,10462.878062393336
2025-12-10 14:00:00,10455.354902412737
2025-12-10 15:00:00,10462.018870622058
2025-12-10 16:00:00,10465.18443469895
2025-12-10 17:00:00,10471.552258397182
2025-12-10 18:00:00,10474.626943664765
2025-12-10 19:00:00,10487.64784158256
2025-12-10 20:00:00,10473.20527800118
2025-12-10 21:00:00,10470.409822892165
2025-12-10 22:00:00,10474.812141490673
2025-12-10 23:00:00,10460.633613818985
2025-12-11 00:00:00,10442.595460249166
2025-12-11 01:00:00,10422.199904632227
2025-12-11 02:00:00,10404.977653558588
2025-12-11 03:00:00,10399.416271786482
2025-12-11 04:00:00,10415.371379840753
2025-12-11 05:00:00,10411.936046175351
2025-12-11 06:00:00,10411.495412957982
2025-12-11 07:00:00,10410.675496886626
2025-12-11 08:00:00,10408.122863075667
2025-12-11 09:00:00,10409.570043610001
2025-12-11 10:00:00,10412.034378767125
2025-12-11 11:00:00,10409.803977705886
2025-12-11 12:00:00,10403.782468208421
2025-12-11 13:00:00,10405.82423123646
2025-12-11 14:00:00,10389.818953492508
2025-12-11 15:00:00,10399.201258830706
2025-12-11 16:00:00,10395.319558269115
2025-12-11 17:00:00,10402.375423425829
2025-12-11 18:00:00,10423.225086405362
2025-12-11 19:00:00,10426.932196446865
2025-12-11 20:00:00,10454.258336338286
2025-12-11 21:00:00,10484.80164341598
2025-12-11 22:00:00,10470.28425532599
2025-12-11 23:00:00,10474.910760766388
2025-12-12 00:00:00,10447.976804506303
2025-12-12 01:00:00,10465.066607599185
2025-12-12 02:00:00,10477.07264436572
2025-12-12 03:00:00,10468.317603490503
2025-12-12 04:00:00,10471.56544585847
2025-12-12 05:00:00,10472.933788309021
2025-12-12 06:00:00,10474.909614030625
2025-12-12 07:00:00,10472.38679534953
2025-12-12 08:00:00,10470.008752058659
2025-12-12 09:00:00,10475.11659983605
2025-12-12 10:00:00,10474.307004386572
2025-12-12 11:00:00,10472.181816331691
2025-12-12 12:00:00,10472.233419441078
2025-12-12 13:00:00,10468.873483652165
2025-12-12 14:00:00,10472.9217475835
2025-12-12 15:00:00,10400.996760353399
2025-12-12 16:00:00,10404.19041945651
2025-12-12 17:00:00,10405.238249260989
2025-12-12 18:00:00,10413.520835001384
2025-12-12 19:00:00,10408.538841474105
2025-12-12 20:00:00,10408.993522204584
2025-12-12 21:00:00,10408.416140747344
2025-12-12 22:00:00,10412.486479342135
2025-12-12 23:00:00,10410.55136274016
2025-12-13 00:00:00,10412.11637037426
2025-12-13 01:00:00,10409.44734288324
2025-12-13 02:00:00,10409.529334490375
2025-12-13 03:00:00,10412.76226929341
2025-12-13 04:00:00,10413.515388006503
2025-12-13 05:00:00,10412.686871416918
2025-12-13 06:00:00,10412.93169950256
2025-12-13 07:00:00,10412.31590239722
2025-12-13 08:00:00,10415.99176388915
2025-12-13 09:00:00,10414.97059569119
2025-12-13 10:00:00,10419.917613777661
2025-12-13 11:00:00,10412.32708307092
2025-12-13 12:00:00,10412.633548203885
2025-12-13 13:00:00,10409.904890453128
2025-12-13 14:00:00,10405.141063404977
2025-12-13 15:00:00,10405.498271595505
2025-12-13 16:00:00,10405.358369832282
2025-12-13 17:00:00,10404.364436608717
2025-12-13 18:00:00,10406.29324616399
2025-12-13 19:00:00,10407.963753488393
2025-12-13 20:00:00,10405.387898278208
2025-12-13 21:00:00,10407.900969705306
2025-12-13 22:00:00,10406.872634408819
2025-12-13 23:00:00,10409.736893663683
2025-12-14 00:00:00,10412.603446390076
2025-12-14 01:00:00,10411.26434570151
2025-12-14 02:00:00,10411.174900311908
2025-12-14 03:00:00,10410.280733099824
2025-12-14 04:00:00,10408.632873806764
2025-12-14 05:00:00,10408.562922925152
2025-12-14 06:00:00,10407.020563322392
2025-12-14 07:00:00,10409.897149986722
2025-12-14 08:00:00,10405.96040610845
2025-12-14 09:00:00,10403.431280380655
2025-12-14 10:00:00,10398.661719653683
2025-12-14 11:00:00,10368.555626550507
2025-12-14 12:00:00,10368.555626550507
2025-12-14 13:00:00,10368.555626550507
2025-12-14 14:00:00,10368.555626550507
2025-12-14 15:00:00,10368.555626550507
2025-12-14 16:00:00,10368.555626550507
2025-12-14 17:00:00,10368.555626550507
2025-12-14 18:00:00,10368.555626550507
2025-12-14 19:00:00,10368.555626550507
2025-12-14 20:00:00,10368.555626550507
2025-12-14 21:00:00,10368.555626550507
2025-12-14 22:00:00,10368.555626550507
2025-12-14 23:00:00,10368.555626550507
2025-12-15 00:00:00,10368.555626550507
2025-12-15 01:00:00,10368.555626550507
2025-12-15 02:00:00,10368.555626550507
2025-12-15 03:00:00,10368.555626550507
2025-12-15 04:00:00,10368.555626550507
2025-12-15 05:00:00,10368.555626550507
2025-12-15 06:00:00,10368.555626550507
2025-12-15 07:00:00,10368.555626550507
2025-12-15 08:00:00,10368.555626550507
2025-12-15 09:00:00,10368.555626550507
2025-12-15 10:00:00,10368.555626550507
2025-12-15 11:00:00,10368.555626550507
2025-12-15 12:00:00,10368.555626550507
2025-12-15 13:00:00,10368.555626550507
2025-12-15 14:00:00,10368.555626550507
2025-12-15 15:00:00,10368.555626550507
2025-12-15 16:00:00,10368.555626550507
2025-12-15 17:00:00,10368.555626550507
2025-12-15 18:00:00,10368.555626550507
2025-12-15 19:00:00,10368.555626550507
2025-12-15 20:00:00,10368.555626550507
2025-12-15 21:00:00,10368.555626550507
2025-12-15 22:00:00,10368.555626550507
2025-12-15 23:00:00,10368.555626550507
2025-12-16 00:00:00,10368.555626550507
2025-12-16 01:00:00,10368.555626550507
2025-12-16 02:00:00,10368.555626550507
2025-12-16 03:00:00,10368.555626550507
2025-12-16 04:00:00,10368.555626550507
2025-12-16 05:00:00,10368.555626550507
2025-12-16 06:00:00,10368.555626550507
2025-12-16 07:00:00,10368.555626550507
2025-12-16 08:00:00,10368.555626550507
2025-12-16 09:00:00,10368.555626550507
2025-12-16 10:00:00,10368.555626550507
2025-12-16 11:00:00,10368.555626550507
2025-12-16 12:00:00,10368.555626550507
2025-12-16 13:00:00,10368.555626550507
2025-12-16 14:00:00,10368.555626550507
2025-12-16 15:00:00,10368.555626550507
2025-12-16 16:00:00,10368.555626550507
2025-12-16 17:00:00,10368.555626550507
2025-12-16 18:00:00,10368.555626550507
2025-12-16 19:00:00,10368.555626550507
2025-12-16 20:00:00,10368.555626550507
2025-12-16 21:00:00,10368.555626550507
2025-12-16 22:00:00,10368.555626550507
2025-12-16 23:00:00,10368.555626550507
2025-12-17 00:00:00,10368.555626550507
2025-12-17 01:00:00,10368.555626550507
2025-12-17 02:00:00,10368.555626550507
2025-12-17 03:00:00,10368.555626550507
2025-12-17 04:00:00,10368.555626550507
2025-12-17 05:00:00,10368.555626550507
2025-12-17 06:00:00,10368.555626550507
2025-12-17 07:00:00,10368.555626550507
2025-12-17 08:00:00,10368.555626550507
2025-12-17 09:00:00,10368.555626550507
2025-12-17 10:00:00,10368.555626550507
2025-12-17 11:00:00,10368.555626550507
2025-12-17 12:00:00,10368.555626550507
2025-12-17 13:00:00,10368.555626550507
2025-12-17 14:00:00,10368.555626550507
2025-12-17 15:00:00,10368.555626550507
2025-12-17 16:00:00,10368.555626550507
2025-12-17 17:00:00,10368.555626550507
2025-12-17 18:00:00,10368.555626550507
2025-12-17 19:00:00,10368.555626550507
2025-12-17 20:00:00,10368.555626550507
2025-12-17 21:00:00,10368.555626550507
2025-12-17 22:00:00,10368.555626550507
2025-12-17 23:00:00,10368.555626550507
2025-12-18 00:00:00,10368.555626550507
2025-12-18 01:00:00,10368.555626550507
2025-12-18 02:00:00,10368.555626550507
2025-12-18 03:00:00,10368.555626550507
2025-12-18 04:00:00,10368.555626550507
2025-12-18 05:00:00,10368.555626550507
2025-12-18 06:00:00,10368.555626550507
2025-12-18 07:00:00,10368.555626550507
2025-12-18 08:00:00,10368.555626550507
2025-12-18 09:00:00,10368.555626550507
2025-12-18 10:00:00,10368.555626550507
2025-12-18 11:00:00,10368.555626550507
2025-12-18 12:00:00,10368.555626550507
2025-12-18 13:00:00,10368.555626550507
2025-12-18 14:00:00,10368.555626550507
2025-12-18 15:00:00,10368.555626550507
2025-12-18 16:00:00,10368.555626550507
2025-12-18 17:00:00,10368.555626550507
2025-12-18 18:00:00,10368.555626550507
2025-12-18 19:00:00,10368.555626550507
2025-12-18 20:00:00,10368.555626550507
2025-12-18 21:00:00,10368.555626550507
2025-12-18 22:00:00,10368.555626550507
2025-12-18 23:00:00,10368.555626550507
2025-12-19 00:00:00,10368.555626550507
2025-12-19 01:00:00,10368.555626550507
2025-12-19 02:00:00,10368.555626550507
2025-12-19 03:00:00,10368.555626550507
2025-12-19 04:00:00,10368.555626550507
2025-12-19 05:00:00,10368.555626550507
2025-12-19 06:00:00,10368.555626550507
2025-12-19 07:00:00,10368.555626550507
2025-12-19 08:00:00,10368.555626550507
2025-12-19 09:00:00,10368.555626550507
2025-12-19 10:00:00,10368.555626550507
2025-12-19 11:00:00,10368.555626550507
2025-12-19 12:00:00,10368.555626550507
2025-12-19 13:00:00,10368.555626550507
2025-12-19 14:00:00,10372.64462423762
2025-12-19 15:00:00,10365.92764343786
2025-12-19 16:00:00,10366.851544803236
2025-12-19 17:00:00,10336.231486804854
2025-12-19 18:00:00,10342.478861907428
2025-12-19 19:00:00,10362.808225029275
2025-12-19 20:00:00,10370.277163791805
2025-12-19 21:00:00,10362.616260819517
2025-12-19 22:00:00,10377.495842464921
2025-12-19 23:00:00,10371.3765416434
2025-12-20 00:00:00,10367.51046489747
2025-12-20 01:00:00,10369.579085354168
2025-12-20 02:00:00,10373.352124231564
2025-12-20 03:00:00,10373.674223687816
2025-12-20 04:00:00,10376.041095286364
2025-12-20 05:00:00,10376.039328744557
2025-12-20 06:00:00,10376.348473560887
2025-12-20 07:00:00,10375.453425711703
2025-12-20 08:00:00,10374.917574696732
2025-12-20 09:00:00,10373.939793806225
2025-12-20 10:00:00,10372.172957574992
2025-12-20 11:00:00,10375.519671029488
2025-12-20 12:00:00,10374.884304826022
2025-12-20 13:00:00,10375.305625047135
2025-12-20 14:00:00,10375.02562817063
2025-12-20 15:00:00,10372.606349165124
2025-12-20 16:00:00,10371.752815048418
2025-12-20 17:00:00,10372.697326068215
2025-12-20 18:00:00,10376.566347050491
2025-12-20 19:00:00,10374.202419688289
2025-12-20 20:00:00,10375.341250306921
2025-12-20 21:00:00,10373.490208916191
2025-12-20 22:00:00,10375.569428623736
2025-12-20 23:00:00,10377.970453363896
2025-12-21 00:00:00,10378.765986024586
2025-12-21 01:00:00,10367.69300755092
2025-12-21 02:00:00,10365.688865870201
2025-12-21 03:00:00,10369.424512946003
2025-12-21 04:00:00,10369.282895177761
2025-12-21 05:00:00,10371.435720793954
2025-12-21 06:00:00,10370.015715604279
2025-12-21 07:00:00,10372.490935100359
2025-12-21 08:00:00,10383.18086842541
2025-12-21 09:00:00,10393.63143533553
2025-12-21 10:00:00,10387.064610589416
2025-12-21 11:00:00,10385.05634697781
2025-12-21 12:00:00,10386.129226702293
2025-12-21 13:00:00,10357.631668685743
2025-12-21 14:00:00,10369.26375764151
2025-12-21 15:00:00,10369.345312988295
2025-12-21 16:00:00,10377.919812498745
2025-12-21 17:00:00,10376.888152083107
2025-12-21 18:00:00,10380.449205943592
2025-12-21 19:00:00,10381.595102729454
2025-12-21 20:00:00,10374.144712655907
2025-12-21 21:00:00,10372.139687704283
2025-12-21 22:00:00,10381.583914631341
2025-12-21 23:00:00,10386.743099980433
2025-12-22 00:00:00,10385.669631408682
2025-12-22 01:00:00,10385.78475104981
2025-12-22 02:00:00,10380.837256293995
2025-12-22 03:00:00,10390.13662679283
2025-12-22 04:00:00,10393.989748898837
2025-12-22 05:00:00,10391.82131883001
2025-12-22 06:00:00,10394.115467790813
2025-12-22 07:00:00,10401.795213875714
2025-12-22 08:00:00,10406.626705719496
2025-12-22 09:00:00,10421.21245257757
2025-12-22 10:00:00,10419.720902444687
2025-12-22 11:00:00,10424.62276153714
2025-12-22 12:00:00,10432.367575245287
2025-12-22 13:00:00,10423.649397001152
2025-12-22 14:00:00,10429.951829323396
2025-12-22 15:00:00,10418.1893106975
2025-12-22 16:00:00,10412.98036775416
2025-12-22 17:00:00,10405.882402771227
2025-12-22 18:00:00,10401.204600064706
2025-12-22 19:00:00,10368.888367507396
2025-12-22 20:00:00,10377.679857236546
2025-12-22 21:00:00,10375.443120884493
2025-12-22 22:00:00,10386.77872524022
2025-12-22 23:00:00,10385.62222920351
2025-12-23 00:00:00,10390.029162166202
2025-12-23 01:00:00,10382.469540924216
2025-12-23 02:00:00,10373.433385154714
2025-12-23 03:00:00,10372.349906179386
2025-12-23 04:00:00,10365.312886888816
2025-12-23 05:00:00,10360.426043401729
2025-12-23 06:00:00,10349.679580738835
2025-12-23 07:00:00,10354.825517024372
2025-12-23 08:00:00,10351.950764656138
2025-12-23 09:00:00,10353.5612619374
2025-12-23 10:00:00,10356.036775857116
2025-12-23 11:00:00,10363.124141589202
2025-12-23 12:00:00,10361.137665326556
2025-12-23 13:00:00,10356.058563206076
2025-12-23 14:00:00,10334.192603135252
2025-12-23 15:00:00,10350.958557007538
2025-12-23 16:00:00,10367.45158017055
2025-12-23 17:00:00,10343.20226077764
2025-12-23 18:00:00,10366.608939728325
2025-12-23 19:00:00,10360.068613109324
2025-12-23 20:00:00,10358.261735263786
2025-12-23 21:00:00,10359.185931052794
2025-12-23 22:00:00,10349.663093015299
2025-12-23 23:00:00,10352.21132957276
2025-12-24 00:00:00,10357.348138725623
2025-12-24 01:00:00,10356.524930243282
2025-12-24 02:00:00,10341.859100156596
2025-12-24 03:00:00,10347.801746797359
2025-12-24 04:00:00,10342.249505896076
2025-12-24 05:00:00,10336.662817429544
2025-12-24 06:00:00,10338.467928733275
2025-12-24 07:00:00,10335.297575035904
2025-12-24 08:00:00,10331.883144145451
2025-12-24 09:00:00,10332.390730491501
2025-12-24 10:00:00,10340.188834877512
2025-12-24 11:00:00,10343.906816535238
2025-12-24 12:00:00,10350.518688097445
2025-12-24 13:00:00,10346.349355007877
2025-12-24 14:00:00,10337.746296404872
2025-12-24 15:00:00,10339.374164680574
2025-12-24 16:00:00,10346.241301533979
2025-12-24 17:00:00,10347.405452585188
2025-12-24 18:00:00,10351.75938929365
2025-12-24 19:00:00,10354.568485191367
2025-12-24 20:00:00,10354.27818348765
2025-12-24 21:00:00,10358.403941879298
2025-12-24 22:00:00,10367.633533976732
2025-12-24 23:00:00,10357.612531149492
2025-12-25 00:00:00,10354.636497050958
2025-12-25 01:00:00,10358.51170092956
2025-12-25 02:00:00,10364.184361097396
2025-12-25 03:00:00,10362.646292030246
2025-12-25 04:00:00,10360.671003865717
2025-12-25 05:00:00,10360.000306826098
2025-12-25 06:00:00,10362.528522576406
2025-12-25 07:00:00,10362.562970141655
2025-12-25 08:00:00,10355.115818728087
2025-12-25 09:00:00,10353.40315644562
2025-12-25 10:00:00,10350.095601334526
2025-12-25 11:00:00,10353.195882206861
2025-12-25 12:00:00,10354.566718649558
2025-12-25 13:00:00,10356.693929409541
2025-12-25 14:00:00,10359.048140791801
2025-12-25 15:00:00,10378.275770672977
2025-12-25 16:00:00,10369.897946150439
2025-12-25 17:00:00,10371.439548301203
2025-12-25 18:00:00,10374.447968999544
2025-12-25 19:00:00,10371.79580089907
2025-12-25 20:00:00,10364.1852443683
2025-12-25 21:00:00,10364.43609330498
2025-12-25 22:00:00,10357.039877180197
2025-12-25 23:00:00,10344.53482214784
2025-12-26 00:00:00,10341.435424546407
2025-12-26 01:00:00,10350.62909696042
2025-12-26 02:00:00,10402.675246119532
2025-12-26 03:00:00,10392.219674007623
2025-12-26 04:00:00,10395.881420751142
2025-12-26 05:00:00,10396.686374968138
2025-12-26 06:00:00,10400.44498708744
2025-12-26 07:00:00,10381.204696989977
2025-12-26 08:00:00,10389.199181940265
2025-12-26 09:00:00,10391.244837353464
2025-12-26 10:00:00,10389.377602662831
2025-12-26 11:00:00,10383.049849908013
2025-12-26 12:00:00,10387.33312494417
2025-12-26 13:00:00,10396.577438223336
2025-12-26 14:00:00,10349.10309926229
2025-12-26 15:00:00,10341.959793039628
2025-12-26 16:00:00,10333.65734096755
2025-12-26 17:00:00,10347.674555787211
2025-12-26 18:00:00,10346.080546229488
2025-12-26 19:00:00,10352.677402186331
2025-12-26 20:00:00,10355.148794175162
2025-12-26 21:00:00,10351.757622751842
2025-12-26 22:00:00,10354.095640834199
2025-12-26 23:00:00,10348.783060771479
2025-12-27 00:00:00,10349.710789644103
2025-12-27 01:00:00,10351.888346845604
2025-12-27 02:00:00,10351.03422388163
2025-12-27 03:00:00,10353.042193069601
2025-12-27 04:00:00,10351.745845806458
2025-12-27 05:00:00,10352.80017684196
2025-12-27 06:00:00,10351.71139824121
2025-12-27 07:00:00,10353.779429850638
2025-12-27 08:00:00,10355.361662462978
2025-12-27 09:00:00,10356.124514100225
2025-12-27 10:00:00,10352.712144175213
2025-12-27 11:00:00,10351.91631709089
2025-12-27 12:00:00,10351.86626507301
2025-12-27 13:00:00,10351.23325425862
2025-12-27 14:00:00,10353.945484780552
2025-12-27 15:00:00,10354.132443788523
2025-12-27 16:00:00,10352.576709303297
2025-12-27 17:00:00,10354.466025766525
2025-12-27 18:00:00,10352.623817084834
2025-12-27 19:00:00,10354.666528261687
2025-12-27 20:00:00,10354.269939625881
2025-12-27 21:00:00,10357.576317042438
2025-12-27 22:00:00,10354.566424225924
2025-12-27 23:00:00,10363.723588109247
2025-12-28 00:00:00,10363.074383994954
2025-12-28 01:00:00,10361.042860916215
2025-12-28 02:00:00,10361.773620377293
2025-12-28 03:00:00,10359.68998431523
2025-12-28 04:00:00,10359.244226932446
2025-12-28 05:00:00,10357.273355122434
2025-12-28 06:00:00,10359.454150983915
2025-12-28 07:00:00,10359.420292265937
2025-12-28 08:00:00,10361.603443516493
2025-12-28 09:00:00,10361.456231699194
2025-12-28 10:00:00,10363.1317966037
2025-12-28 11:00:00,10363.907308457237
2025-12-28 12:00:00,10362.946015290268
2025-12-28 13:00:00,10364.300069585794
2025-12-28 14:00:00,10364.694891679792
2025-12-28 15:00:00,10362.524106221887
2025-12-28 16:00:00,10361.869602482171
2025-12-28 17:00:00,10360.278537160795
2025-12-28 18:00:00,10355.523301038373
2025-12-28 19:00:00,10353.234451702994
2025-12-28 20:00:00,10353.058091945868
2025-12-28 21:00:00,10355.225344320157
2025-12-28 22:00:00,10364.403117857903
2025-12-28 23:00:00,10365.952375023167
2025-12-29 00:00:00,10376.050516842672
2025-12-29 01:00:00,10380.463338278054
2025-12-29 02:00:00,10401.593533686013
2025-12-29 03:00:00,10429.867035316633
2025-12-29 04:00:00,10430.441455827737
2025-12-29 05:00:00,10425.758353495792
2025-12-29 06:00:00,10419.671439274076
2025-12-29 07:00:00,10414.973910184035
2025-12-29 08:00:00,10413.130523807806
2025-12-29 09:00:00,10370.290412855362
2025-12-29 10:00:00,10360.867678853629
2025-12-29 11:00:00,10354.615592972901
2025-12-29 12:00:00,10349.59095922482
2025-12-29 13:00:00,10349.317439668279
2025-12-29 14:00:00,10350.561379524463
2025-12-29 15:00:00,10358.2652683474
2025-12-29 16:00:00,10356.365941480597
2025-12-29 17:00:00,10362.928055448558
2025-12-29 18:00:00,10351.586268196505
2025-12-29 19:00:00,10348.685017701158
2025-12-29 20:00:00,10344.144416408359
2025-12-29 21:00:00,10347.849443426163
2025-12-29 22:00:00,10348.238082623835
2025-12-29 23:00:00,10344.884008578474
2025-12-30 00:00:00,10345.2697035398
2025-12-30 01:00:00,10346.977360620478
2025-12-30 02:00:00,10341.170443275267
2025-12-30 03:00:00,10349.060996682541
2025-12-30 04:00:00,10346.735049969204
2025-12-30 05:00:00,10345.43870270606
2025-12-30 06:00:00,10350.95031314577
2025-12-30 07:00:00,10352.707433397061
2025-12-30 08:00:00,10363.596102675465
2025-12-30 09:00:00,10367.129775137932
2025-12-30 10:00:00,10365.858159460095
2025-12-30 11:00:00,10364.514998839051
2025-12-30 12:00:00,10368.037777627038
2025-12-30 13:00:00,10370.583953219057
2025-12-30 14:00:00,10393.131209580344
2025-12-30 15:00:00,10397.26845049374
2025-12-30 16:00:00,10389.209486767475
2025-12-30 17:00:00,10378.27783163842
2025-12-30 18:00:00,10376.295182883025
2025-12-30 19:00:00,10374.0033893113
2025-12-30 20:00:00,10365.78867548233
2025-12-30 21:00:00,10375.802612142339
2025-12-30 22:00:00,10380.01051472804
2025-12-30 23:00:00,10381.638677427376
2025-12-31 00:00:00,10374.868405949754
2025-12-31 01:00:00,10386.462514256658
2025-12-31 02:00:00,10387.177080417832
2025-12-31 03:00:00,10380.683272733098
2025-12-31 04:00:00,10376.91523905749
2025-12-31 05:00:00,10380.979168485872
2025-12-31 06:00:00,10382.446281457083
2025-12-31 07:00:00,10385.396406275773
2025-12-31 08:00:00,10380.141827669071
2025-12-31 09:00:00,10386.779608511124
2025-12-31 10:00:00,10392.290041256292
2025-12-31 11:00:00,10397.12624387823
2025-12-31 12:00:00,10390.190800741597
2025-12-31 13:00:00,10396.547995859875
2025-12-31 14:00:00,10381.476744428346
2025-12-31 15:00:00,10365.989472401126
2025-12-31 16:00:00,10357.245384877147
2025-12-31 17:00:00,10356.180749014435
2025-12-31 18:00:00,10358.042978503277
2025-12-31 19:00:00,10353.855685572
2025-12-31 20:00:00,10357.39347996535
2025-12-31 21:00:00,10361.45534842829
2025-12-31 22:00:00,10359.344919815478
2025-12-31 23:00:00,10356.987469773238
2026-01-01 00:00:00,10361.727984713929
2026-01-01 01:00:00,10366.16700985279
2026-01-01 02:00:00,10364.812661133632
2026-01-01 03:00:00,10362.811169265622
2026-01-01 04:00:00,10355.28511231798
2026-01-01 05:00:00,10358.641247328786
2026-01-01 06:00:00,10357.275416087876
2026-01-01 07:00:00,10356.506381554302
2026-01-01 08:00:00,10360.599458922508
2026-01-01 09:00:00,10363.752441625438
2026-01-01 10:00:00,10363.333476793401
2026-01-01 11:00:00,10368.070164226843
2026-01-01 12:00:00,10365.872586218191
2026-01-01 13:00:00,10365.067043153926
2026-01-01 14:00:00,10366.374578515184
2026-01-01 15:00:00,10368.292159647332
2026-01-01 16:00:00,10367.013772225899
2026-01-01 17:00:00,10376.659384919023
2026-01-01 18:00:00,10373.054756360618
2026-01-01 19:00:00,10378.861084858561
2026-01-01 20:00:00,10374.944367247479
2026-01-01 21:00:00,10378.464201799121
2026-01-01 22:00:00,10386.351810970049
2026-01-01 23:00:00,10392.048025028653
2026-01-02 00:00:00,10391.89875224591
2026-01-02 01:00:00,10386.184578345597
2026-01-02 02:00:00,10386.100373186102
2026-01-02 03:00:00,10395.33408721442
2026-01-02 04:00:00,10386.118333027813
2026-01-02 05:00:00,10389.874000910768
2026-01-02 06:00:00,10394.87449192081
2026-01-02 07:00:00,10392.594769718104
2026-01-02 08:00:00,10402.031636054297
2026-01-02 09:00:00,10410.546073143289
2026-01-02 10:00:00,10416.40422020092
2026-01-02 11:00:00,10411.595104553367
2026-01-02 12:00:00,10408.564013235164
2026-01-02 13:00:00,10407.053031142397
2026-01-02 14:00:00,10413.86363865796
2026-01-02 15:00:00,10409.097214437423
2026-01-02 16:00:00,10437.301232090278
2026-01-02 17:00:00,10437.138415820344
2026-01-02 18:00:00,10419.548959042082
2026-01-02 19:00:00,10423.203639618368
2026-01-02 20:00:00,10418.574416811556
2026-01-02 21:00:00,10428.166738826818
2026-01-02 22:00:00,10431.981585860327
2026-01-02 23:00:00,10426.086047001101
2026-01-03 00:00:00,10430.828034059967
2026-01-03 01:00:00,10434.552493037654
2026-01-03 02:00:00,10436.239834887545
2026-01-03 03:00:00,10435.686907301766
2026-01-03 04:00:00,10431.234633099348
2026-01-03 05:00:00,10427.145088814757
2026-01-03 06:00:00,10422.432838542987
2026-01-03 07:00:00,10413.77913907483
2026-01-03 08:00:00,10416.528466974722
2026-01-03 09:00:00,10420.10512528784
2026-01-03 10:00:00,10419.000447810822
2026-01-03 11:00:00,10418.949512522036
2026-01-03 12:00:00,10427.38151099334
2026-01-03 13:00:00,10426.375465433914
2026-01-03 14:00:00,10429.939757954378
2026-01-03 15:00:00,10425.325845176565
2026-01-03 16:00:00,10429.32794564168
2026-01-03 17:00:00,10428.996719052755
2026-01-03 18:00:00,10430.318092324838
2026-01-03 19:00:00,10429.873512636594
2026-01-03 20:00:00,10437.193473040013
2026-01-03 21:00:00,10442.844051435253
2026-01-03 22:00:00,10443.601603447078
2026-01-03 23:00:00,10444.719529987653
2026-01-04 00:00:00,10465.725478621813
2026-01-04 01:00:00,10462.601643858708
2026-01-04 02:00:00,10459.32264784017
2026-01-04 03:00:00,10462.643157591187
2026-01-04 04:00:00,10467.448740155125
2026-01-04 05:00:00,10469.80530692646
2026-01-04 06:00:00,10462.665828211051
2026-01-04 07:00:00,10471.335132131842
2026-01-04 08:00:00,10466.712386644991
2026-01-04 09:00:00,10469.459064732171
2026-01-04 10:00:00,10473.355467112466
2026-01-04 11:00:00,10464.504503809127
2026-01-04 12:00:00,10460.11700280632
2026-01-04 13:00:00,10463.444578724568
2026-01-04 14:00:00,10465.575911415435
2026-01-04 15:00:00,10465.533219988418
2026-01-04 16:00:00,10465.122793441786
2026-01-04 17:00:00,10465.556479455552
2026-01-04 18:00:00,10461.718961802178
2026-01-04 19:00:00,10459.736901894052
2026-01-04 20:00:00,10464.914930355759
2026-01-04 21:00:00,10463.915362116293
2026-01-04 22:00:00,10462.149409155962
2026-01-04 23:00:00,10471.268297966788
2026-01-05 00:00:00,10497.051858919596
2026-01-05 01:00:00,10513.593167558683
2026-01-05 02:00:00,10515.531358345253
2026-01-05 03:00:00,10510.971030668938
2026-01-05 04:00:00,10502.634425455244
2026-01-05 05:00:00,10495.713114653072
2026-01-05 06:00:00,10499.594207004366
2026-01-05 07:00:00,10500.442735919283
2026-01-05 08:00:00,10498.879346419557
2026-01-05 09:00:00,10505.388169709657
2026-01-05 10:00:00,10516.911910767893
2026-01-05 11:00:00,10518.509453409231
2026-01-05 12:00:00,10510.855027756905
2026-01-05 13:00:00,10506.98217926738
2026-01-05 14:00:00,10521.03480594306
2026-01-05 15:00:00,10521.03480594306
2026-01-05 16:00:00,10521.03480594306
2026-01-05 17:00:00,10521.03480594306
2026-01-05 18:00:00,10521.03480594306
2026-01-05 19:00:00,10521.03480594306
2026-01-05 20:00:00,10521.03480594306
2026-01-05 21:00:00,10521.03480594306
2026-01-05 22:00:00,10521.03480594306
2026-01-05 23:00:00,10521.03480594306
2026-01-06 00:00:00,10521.03480594306
2026-01-06 01:00:00,10521.03480594306
2026-01-06 02:00:00,10521.03480594306
2026-01-06 03:00:00,10521.03480594306
2026-01-06 04:00:00,10521.03480594306
2026-01-06 05:00:00,10521.03480594306
2026-01-06 06:00:00,10521.03480594306
2026-01-06 07:00:00,10521.03480594306
2026-01-06 08:00:00,10521.03480594306
2026-01-06 09:00:00,10521.03480594306
2026-01-06 10:00:00,10521.03480594306
2026-01-06 11:00:00,10521.03480594306
2026-01-06 12:00:00,10521.03480594306
2026-01-06 13:00:00,10521.03480594306
2026-01-06 14:00:00,10521.03480594306
2026-01-06 15:00:00,10521.03480594306
2026-01-06 16:00:00,10521.03480594306
2026-01-06 17:00:00,10521.03480594306
2026-01-06 18:00:00,10521.03480594306
2026-01-06 19:00:00,10521.03480594306
2026-01-06 20:00:00,10521.03480594306
2026-01-06 21:00:00,10521.03480594306
2026-01-06 22:00:00,10521.03480594306
2026-01-06 23:00:00,10521.03480594306
2026-01-07 00:00:00,10521.03480594306
2026-01-07 01:00:00,10521.03480594306
2026-01-07 02:00:00,10521.03480594306
2026-01-07 03:00:00,10521.03480594306
2026-01-07 04:00:00,10521.03480594306
2026-01-07 05:00:00,10521.03480594306
2026-01-07 06:00:00,10521.03480594306
2026-01-07 07:00:00,10521.03480594306
2026-01-07 08:00:00,10521.03480594306
2026-01-07 09:00:00,10521.03480594306
2026-01-07 10:00:00,10521.03480594306
2026-01-07 11:00:00,10521.03480594306
2026-01-07 12:00:00,10521.03480594306
2026-01-07 13:00:00,10521.03480594306
2026-01-07 14:00:00,10521.03480594306
2026-01-07 15:00:00,10521.03480594306
2026-01-07 16:00:00,10521.03480594306
2026-01-07 17:00:00,10521.03480594306
2026-01-07 18:00:00,10521.03480594306
2026-01-07 19:00:00,10521.03480594306
2026-01-07 20:00:00,10521.03480594306
2026-01-07 21:00:00,10521.03480594306
2026-01-07 22:00:00,10521.03480594306
2026-01-07 23:00:00,10521.03480594306
2026-01-08 00:00:00,10521.03480594306
2026-01-08 01:00:00,10521.03480594306
2026-01-08 02:00:00,10521.03480594306
2026-01-08 03:00:00,10521.03480594306
2026-01-08 04:00:00,10521.03480594306
2026-01-08 05:00:00,10521.03480594306
2026-01-08 06:00:00,10521.03480594306
2026-01-08 07:00:00,10521.03480594306
2026-01-08 08:00:00,10521.03480594306
2026-01-08 09:00:00,10521.03480594306
2026-01-08 10:00:00,10521.03480594306
2026-01-08 11:00:00,10521.03480594306
2026-01-08 12:00:00,10521.03480594306
2026-01-08 13:00:00,10521.03480594306
2026-01-08 14:00:00,10521.03480594306
2026-01-08 15:00:00,10521.03480594306
2026-01-08 16:00:00,10521.03480594306
2026-01-08 17:00:00,10521.03480594306
2026-01-08 18:00:00,10521.03480594306
2026-01-08 19:00:00,10521.03480594306
2026-01-08 20:00:00,10521.03480594306
2026-01-08 21:00:00,10521.03480594306
2026-01-08 22:00:00,10521.03480594306
2026-01-08 23:00:00,10521.03480594306
2026-01-09 00:00:00,10521.03480594306
2026-01-09 01:00:00,10521.03480594306
2026-01-09 02:00:00,10521.03480594306
2026-01-09 03:00:00,10521.03480594306
2026-01-09 04:00:00,10521.03480594306
2026-01-09 05:00:00,10521.03480594306
2026-01-09 06:00:00,10521.03480594306
2026-01-09 07:00:00,10521.03480594306
2026-01-09 08:00:00,10521.03480594306
2026-01-09 09:00:00,10521.03480594306
2026-01-09 10:00:00,10521.03480594306
2026-01-09 11:00:00,10521.03480594306
2026-01-09 12:00:00,10521.03480594306
2026-01-09 13:00:00,10521.03480594306
2026-01-09 14:00:00,10521.03480594306
2026-01-09 15:00:00,10521.03480594306
2026-01-09 16:00:00,10521.03480594306
2026-01-09 17:00:00,10521.03480594306
2026-01-09 18:00:00,10521.03480594306
2026-01-09 19:00:00,10521.03480594306
2026-01-09 20:00:00,10521.03480594306
2026-01-09 21:00:00,10521.03480594306
2026-01-09 22:00:00,10521.03480594306
2026-01-09 23:00:00,10521.03480594306
2026-01-10 00:00:00,10521.03480594306
2026-01-10 01:00:00,10521.03480594306
2026-01-10 02:00:00,10521.03480594306
2026-01-10 03:00:00,10521.03480594306
2026-01-10 04:00:00,10521.03480594306
2026-01-10 05:00:00,10521.03480594306
2026-01-10 06:00:00,10521.03480594306
2026-01-10 07:00:00,10521.03480594306
2026-01-10 08:00:00,10521.03480594306
2026-01-10 09:00:00,10521.03480594306
2026-01-10 10:00:00,10521.03480594306
2026-01-10 11:00:00,10521.03480594306
2026-01-10 12:00:00,10521.03480594306
2026-01-10 13:00:00,10521.03480594306
2026-01-10 14:00:00,10521.03480594306
2026-01-10 15:00:00,10521.03480594306
2026-01-10 16:00:00,10521.03480594306
2026-01-10 17:00:00,10521.03480594306
2026-01-10 18:00:00,10521.03480594306
2026-01-10 19:00:00,10521.03480594306
2026-01-10 20:00:00,10521.03480594306
2026-01-10 21:00:00,10521.03480594306
2026-01-10 22:00:00,10521.03480594306
2026-01-10 23:00:00,10521.03480594306
2026-01-11 00:00:00,10521.03480594306
2026-01-11 01:00:00,10521.03480594306
2026-01-11 02:00:00,10521.03480594306
2026-01-11 03:00:00,10521.03480594306
2026-01-11 04:00:00,10521.03480594306
2026-01-11 05:00:00,10521.03480594306
2026-01-11 06:00:00,10521.03480594306
2026-01-11 07:00:00,10521.03480594306
2026-01-11 08:00:00,10521.03480594306
2026-01-11 09:00:00,10521.03480594306
2026-01-11 10:00:00,10521.03480594306
2026-01-11 11:00:00,10521.03480594306
2026-01-11 12:00:00,10521.03480594306
2026-01-11 13:00:00,10521.03480594306
2026-01-11 14:00:00,10521.03480594306
2026-01-11 15:00:00,10521.03480594306
2026-01-11 16:00:00,10521.03480594306
2026-01-11 17:00:00,10521.03480594306
2026-01-11 18:00:00,10521.03480594306
2026-01-11 19:00:00,10521.03480594306
2026-01-11 20:00:00,10521.03480594306
2026-01-11 21:00:00,10521.03480594306
2026-01-11 22:00:00,10521.03480594306
2026-01-11 23:00:00,10521.03480594306
2026-01-12 00:00:00,10521.03480594306
2026-01-12 01:00:00,10521.03480594306
2026-01-12 02:00:00,10542.472273922524
2026-01-12 03:00:00,10531.099754973653
2026-01-12 04:00:00,10541.673344688254
2026-01-12 05:00:00,10539.83505971149
2026-01-12 06:00:00,10531.911338234671
2026-01-12 07:00:00,10519.595231518473
2026-01-12 08:00:00,10491.186019409957
2026-01-12 09:00:00,10491.186019409957
2026-01-12 10:00:00,10491.186019409957
2026-01-12 11:00:00,10491.186019409957
2026-01-12 12:00:00,10491.186019409957
2026-01-12 13:00:00,10491.186019409957
2026-01-12 14:00:00,10491.186019409957
2026-01-12 15:00:00,10491.186019409957
2026-01-12 16:00:00,10502.988569471421
2026-01-12 17:00:00,10485.809706719583
2026-01-12 18:00:00,10490.642003643417
2026-01-12 19:00:00,10495.488599842047
2026-01-12 20:00:00,10484.723819791738
2026-01-12 21:00:00,10472.435309019396
2026-01-12 22:00:00,10477.863885702136
2026-01-12 23:00:00,10479.32841742652
2026-01-13 00:00:00,10484.663190866613
2026-01-13 01:00:00,10476.158268204725
2026-01-13 02:00:00,10474.240735454869
2026-01-13 03:00:00,10482.551759950553
2026-01-13 04:00:00,10485.590355844246
2026-01-13 05:00:00,10497.196505223425
2026-01-13 06:00:00,10504.728505228339
2026-01-13 07:00:00,10497.79736075026
2026-01-13 08:00:00,10504.200576002948
2026-01-13 09:00:00,10507.161097856268
2026-01-13 10:00:00,10503.13442207432
2026-01-13 11:00:00,10499.477239553044
2026-01-13 12:00:00,10502.583328023764
2026-01-13 13:00:00,10501.632998220965
2026-01-13 14:00:00,10512.669464492355
2026-01-13 15:00:00,10540.923687543025
2026-01-13 16:00:00,10539.197479089911
2026-01-13 17:00:00,10534.975189228782
2026-01-13 18:00:00,10546.177813073278
2026-01-13 19:00:00,10563.140470790235
2026-01-13 20:00:00,10568.341403018254
2026-01-13 21:00:00,10559.147827282295
2026-01-13 22:00:00,10599.309781115115
2026-01-13 23:00:00,10599.309781115115
2026-01-14 00:00:00,10599.309781115115
2026-01-14 01:00:00,10599.309781115115
2026-01-14 02:00:00,10599.309781115115
2026-01-14 03:00:00,10599.309781115115
2026-01-14 04:00:00,10599.309781115115
2026-01-14 05:00:00,10599.309781115115
2026-01-14 06:00:00,10599.309781115115
2026-01-14 07:00:00,10599.309781115115
2026-01-14 08:00:00,10599.309781115115
2026-01-14 09:00:00,10599.309781115115
2026-01-14 10:00:00,10599.309781115115
2026-01-14 11:00:00,10599.309781115115
2026-01-14 12:00:00,10599.309781115115
2026-01-14 13:00:00,10599.309781115115
2026-01-14 14:00:00,10599.309781115115
2026-01-14 15:00:00,10599.309781115115
2026-01-14 16:00:00,10599.309781115115
2026-01-14 17:00:00,10599.309781115115
2026-01-14 18:00:00,10599.309781115115
2026-01-14 19:00:00,10599.309781115115
2026-01-14 20:00:00,10599.309781115115
2026-01-14 21:00:00,10599.309781115115
2026-01-14 22:00:00,10599.309781115115
2026-01-14 23:00:00,10599.309781115115
2026-01-15 00:00:00,10599.309781115115
2026-01-15 01:00:00,10599.309781115115
2026-01-15 02:00:00,10599.309781115115
2026-01-15 03:00:00,10599.309781115115
2026-01-15 04:00:00,10599.309781115115
2026-01-15 05:00:00,10599.309781115115
2026-01-15 06:00:00,10599.309781115115
2026-01-15 07:00:00,10599.309781115115
2026-01-15 08:00:00,10599.309781115115
2026-01-15 09:00:00,10599.309781115115
2026-01-15 10:00:00,10599.309781115115
2026-01-15 11:00:00,10599.309781115115
2026-01-15 12:00:00,10599.309781115115
2026-01-15 13:00:00,10599.309781115115
2026-01-15 14:00:00,10599.309781115115
2026-01-15 15:00:00,10599.309781115115
2026-01-15 16:00:00,10599.309781115115
2026-01-15 17:00:00,10599.309781115115
2026-01-15 18:00:00,10599.309781115115
2026-01-15 19:00:00,10599.309781115115
2026-01-15 20:00:00,10599.309781115115
2026-01-15 21:00:00,10599.309781115115
2026-01-15 22:00:00,10599.309781115115
2026-01-15 23:00:00,10599.309781115115
2026-01-16 00:00:00,10599.309781115115
2026-01-16 01:00:00,10599.309781115115
2026-01-16 02:00:00,10599.309781115115
2026-01-16 03:00:00,10599.309781115115
2026-01-16 04:00:00,10599.309781115115
2026-01-16 05:00:00,10599.309781115115
2026-01-16 06:00:00,10599.309781115115
2026-01-16 07:00:00,10599.309781115115
2026-01-16 08:00:00,10599.309781115115
2026-01-16 09:00:00,10599.309781115115
2026-01-16 10:00:00,10599.309781115115
2026-01-16 11:00:00,10599.309781115115
2026-01-16 12:00:00,10599.309781115115
2026-01-16 13:00:00,10599.309781115115
2026-01-16 14:00:00,10599.309781115115
2026-01-16 15:00:00,10599.309781115115
2026-01-16 16:00:00,10599.309781115115
2026-01-16 17:00:00,10599.309781115115
2026-01-16 18:00:00,10599.309781115115
2026-01-16 19:00:00,10599.309781115115
2026-01-16 20:00:00,10599.309781115115
2026-01-16 21:00:00,10599.309781115115
2026-01-16 22:00:00,10599.309781115115
2026-01-16 23:00:00,10599.309781115115
2026-01-17 00:00:00,10599.309781115115
2026-01-17 01:00:00,10599.309781115115
2026-01-17 02:00:00,10599.309781115115
2026-01-17 03:00:00,10599.309781115115
2026-01-17 04:00:00,10599.309781115115
2026-01-17 05:00:00,10599.309781115115
2026-01-17 06:00:00,10599.309781115115
2026-01-17 07:00:00,10599.309781115115
2026-01-17 08:00:00,10599.309781115115
2026-01-17 09:00:00,10599.309781115115
2026-01-17 10:00:00,10599.309781115115
2026-01-17 11:00:00,10599.309781115115
2026-01-17 12:00:00,10599.309781115115
2026-01-17 13:00:00,10599.309781115115
2026-01-17 14:00:00,10599.309781115115
2026-01-17 15:00:00,10599.309781115115
2026-01-17 16:00:00,10599.309781115115
2026-01-17 17:00:00,10599.309781115115
2026-01-17 18:00:00,10599.309781115115
2026-01-17 19:00:00,10599.309781115115
2026-01-17 20:00:00,10599.309781115115
2026-01-17 21:00:00,10599.309781115115
2026-01-17 22:00:00,10599.309781115115
2026-01-17 23:00:00,10599.309781115115
2026-01-18 00:00:00,10599.309781115115
2026-01-18 01:00:00,10599.309781115115
2026-01-18 02:00:00,10599.309781115115
2026-01-18 03:00:00,10599.309781115115
2026-01-18 04:00:00,10599.309781115115
2026-01-18 05:00:00,10599.309781115115
2026-01-18 06:00:00,10599.309781115115
2026-01-18 07:00:00,10599.309781115115
2026-01-18 08:00:00,10599.309781115115
2026-01-18 09:00:00,10599.309781115115
2026-01-18 10:00:00,10599.309781115115
2026-01-18 11:00:00,10599.309781115115
2026-01-18 12:00:00,10599.309781115115
2026-01-18 13:00:00,10599.309781115115
2026-01-18 14:00:00,10599.309781115115
2026-01-18 15:00:00,10599.309781115115
2026-01-18 16:00:00,10599.309781115115
2026-01-18 17:00:00,10599.309781115115
2026-01-18 18:00:00,10599.309781115115
2026-01-18 19:00:00,10599.309781115115
2026-01-18 20:00:00,10599.309781115115
2026-01-18 21:00:00,10599.309781115115
2026-01-18 22:00:00,10599.309781115115
2026-01-18 23:00:00,10599.309781115115
2026-01-19 00:00:00,10599.309781115115
2026-01-19 01:00:00,10599.309781115115
2026-01-19 02:00:00,10599.309781115115
2026-01-19 03:00:00,10599.309781115115
2026-01-19 04:00:00,10599.309781115115
2026-01-19 05:00:00,10599.309781115115
2026-01-19 06:00:00,10599.309781115115
2026-01-19 07:00:00,10599.309781115115
2026-01-19 08:00:00,10599.309781115115
2026-01-19 09:00:00,10599.309781115115
2026-01-19 10:00:00,10599.309781115115
2026-01-19 11:00:00,10599.309781115115
2026-01-19 12:00:00,10599.309781115115
2026-01-19 13:00:00,10599.309781115115
2026-01-19 14:00:00,10599.309781115115
2026-01-19 15:00:00,10599.309781115115
2026-01-19 16:00:00,10599.309781115115
2026-01-19 17:00:00,10599.309781115115
2026-01-19 18:00:00,10599.309781115115
2026-01-19 19:00:00,10599.309781115115
2026-01-19 20:00:00,10599.309781115115
2026-01-19 21:00:00,10599.309781115115
2026-01-19 22:00:00,10599.309781115115
2026-01-19 23:00:00,10599.309781115115
2026-01-20 00:00:00,10599.309781115115
2026-01-20 01:00:00,10599.309781115115
2026-01-20 02:00:00,10599.309781115115
2026-01-20 03:00:00,10599.309781115115
2026-01-20 04:00:00,10599.309781115115
2026-01-20 05:00:00,10599.309781115115
2026-01-20 06:00:00,10599.309781115115
2026-01-20 07:00:00,10599.309781115115
2026-01-20 08:00:00,10599.309781115115
2026-01-20 09:00:00,10599.309781115115
2026-01-20 10:00:00,10599.309781115115
2026-01-20 11:00:00,10599.309781115115
2026-01-20 12:00:00,10599.309781115115
2026-01-20 13:00:00,10599.309781115115
2026-01-20 14:00:00,10599.309781115115
2026-01-20 15:00:00,10599.309781115115
2026-01-20 16:00:00,10599.309781115115
2026-01-20 17:00:00,10599.309781115115
2026-01-20 18:00:00,10599.309781115115
2026-01-20 19:00:00,10599.309781115115
2026-01-20 20:00:00,10599.309781115115
2026-01-20 21:00:00,10599.309781115115
2026-01-20 22:00:00,10599.309781115115
2026-01-20 23:00:00,10599.309781115115
2026-01-21 00:00:00,10599.309781115115
2026-01-21 01:00:00,10599.309781115115
2026-01-21 02:00:00,10599.309781115115
2026-01-21 03:00:00,10599.309781115115
2026-01-21 04:00:00,10599.309781115115
2026-01-21 05:00:00,10599.309781115115
2026-01-21 06:00:00,10599.309781115115
2026-01-21 07:00:00,10599.309781115115
2026-01-21 08:00:00,10599.309781115115
2026-01-21 09:00:00,10599.309781115115
2026-01-21 10:00:00,10599.309781115115
2026-01-21 11:00:00,10599.309781115115
2026-01-21 12:00:00,10599.309781115115
2026-01-21 13:00:00,10599.309781115115
2026-01-21 14:00:00,10599.309781115115
2026-01-21 15:00:00,10599.309781115115
2026-01-21 16:00:00,10599.309781115115
2026-01-21 17:00:00,10599.309781115115
2026-01-21 18:00:00,10599.309781115115
2026-01-21 19:00:00,10599.309781115115
2026-01-21 20:00:00,10599.309781115115
2026-01-21 21:00:00,10599.309781115115
2026-01-21 22:00:00,10599.309781115115
2026-01-21 23:00:00,10599.309781115115
2026-01-22 00:00:00,10599.309781115115
2026-01-22 01:00:00,10599.309781115115
2026-01-22 02:00:00,10599.309781115115
2026-01-22 03:00:00,10599.309781115115
2026-01-22 04:00:00,10599.309781115115
2026-01-22 05:00:00,10599.309781115115
2026-01-22 06:00:00,10599.309781115115
2026-01-22 07:00:00,10599.309781115115
2026-01-22 08:00:00,10599.309781115115
2026-01-22 09:00:00,10599.309781115115
2026-01-22 10:00:00,10599.309781115115
2026-01-22 11:00:00,10599.309781115115
2026-01-22 12:00:00,10599.309781115115
2026-01-22 13:00:00,10599.309781115115
2026-01-22 14:00:00,10599.309781115115
2026-01-22 15:00:00,10599.309781115115
2026-01-22 16:00:00,10599.309781115115
2026-01-22 17:00:00,10599.309781115115
2026-01-22 18:00:00,10599.309781115115
2026-01-22 19:00:00,10599.309781115115
2026-01-22 20:00:00,10599.309781115115
2026-01-22 21:00:00,10599.309781115115
2026-01-22 22:00:00,10599.309781115115
2026-01-22 23:00:00,10599.309781115115
2026-01-23 00:00:00,10599.309781115115
2026-01-23 01:00:00,10599.309781115115
2026-01-23 02:00:00,10599.309781115115
2026-01-23 03:00:00,10599.309781115115
2026-01-23 04:00:00,10599.309781115115
2026-01-23 05:00:00,10599.309781115115
2026-01-23 06:00:00,10599.309781115115
2026-01-23 07:00:00,10599.309781115115
2026-01-23 08:00:00,10599.309781115115
2026-01-23 09:00:00,10599.309781115115
2026-01-23 10:00:00,10599.309781115115
2026-01-23 11:00:00,10599.309781115115
2026-01-23 12:00:00,10599.309781115115
2026-01-23 13:00:00,10599.309781115115
2026-01-23 14:00:00,10599.309781115115
2026-01-23 15:00:00,10599.309781115115
2026-01-23 16:00:00,10599.309781115115
2026-01-23 17:00:00,10599.309781115115
2026-01-23 18:00:00,10599.309781115115
2026-01-23 19:00:00,10599.309781115115
2026-01-23 20:00:00,10599.309781115115
2026-01-23 21:00:00,10599.309781115115
2026-01-23 22:00:00,10599.309781115115
2026-01-23 23:00:00,10599.309781115115
2026-01-24 00:00:00,10599.309781115115
2026-01-24 01:00:00,10599.309781115115
2026-01-24 02:00:00,10599.309781115115
2026-01-24 03:00:00,10599.309781115115
2026-01-24 04:00:00,10599.309781115115
2026-01-24 05:00:00,10599.309781115115
2026-01-24 06:00:00,10599.309781115115
2026-01-24 07:00:00,10599.309781115115
2026-01-24 08:00:00,10599.309781115115
2026-01-24 09:00:00,10599.309781115115
2026-01-24 10:00:00,10599.309781115115
2026-01-24 11:00:00,10599.309781115115
2026-01-24 12:00:00,10599.309781115115
2026-01-24 13:00:00,10599.309781115115
2026-01-24 14:00:00,10599.309781115115
2026-01-24 15:00:00,10599.309781115115
2026-01-24 16:00:00,10599.309781115115
2026-01-24 17:00:00,10599.309781115115
2026-01-24 18:00:00,10599.309781115115
2026-01-24 19:00:00,10599.309781115115
2026-01-24 20:00:00,10599.309781115115
2026-01-24 21:00:00,10599.309781115115
2026-01-24 22:00:00,10599.309781115115
2026-01-24 23:00:00,10599.309781115115
2026-01-25 00:00:00,10599.309781115115
2026-01-25 01:00:00,10599.309781115115
2026-01-25 02:00:00,10599.309781115115
2026-01-25 03:00:00,10599.309781115115
2026-01-25 04:00:00,10599.309781115115
2026-01-25 05:00:00,10599.309781115115
2026-01-25 06:00:00,10599.309781115115
2026-01-25 07:00:00,10599.309781115115
2026-01-25 08:00:00,10599.309781115115
2026-01-25 09:00:00,10599.309781115115
2026-01-25 10:00:00,10599.309781115115
2026-01-25 11:00:00,10599.309781115115
2026-01-25 12:00:00,10599.309781115115
2026-01-25 13:00:00,10599.309781115115
2026-01-25 14:00:00,10599.309781115115
2026-01-25 15:00:00,10599.309781115115
2026-01-25 16:00:00,10599.309781115115
2026-01-25 17:00:00,10599.309781115115
2026-01-25 18:00:00,10599.309781115115
2026-01-25 19:00:00,10599.309781115115
2026-01-25 20:00:00,10599.309781115115
2026-01-25 21:00:00,10599.309781115115
2026-01-25 22:00:00,10599.309781115115
2026-01-25 23:00:00,10599.309781115115
2026-01-26 00:00:00,10599.309781115115
2026-01-26 01:00:00,10599.309781115115
2026-01-26 02:00:00,10599.309781115115
2026-01-26 03:00:00,10599.309781115115
2026-01-26 04:00:00,10599.309781115115
2026-01-26 05:00:00,10599.309781115115
2026-01-26 06:00:00,10599.309781115115
2026-01-26 07:00:00,10599.309781115115
2026-01-26 08:00:00,10599.309781115115
2026-01-26 09:00:00,10599.309781115115
2026-01-26 10:00:00,10599.309781115115
2026-01-26 11:00:00,10599.309781115115
2026-01-26 12:00:00,10599.309781115115
2026-01-26 13:00:00,10599.309781115115
2026-01-26 14:00:00,10599.309781115115
2026-01-26 15:00:00,10599.309781115115
2026-01-26 16:00:00,10599.309781115115
2026-01-26 17:00:00,10599.309781115115
2026-01-26 18:00:00,10599.309781115115
2026-01-26 19:00:00,10599.309781115115
2026-01-26 20:00:00,10599.309781115115
2026-01-26 21:00:00,10599.309781115115
2026-01-26 22:00:00,10599.309781115115
2026-01-26 23:00:00,10599.309781115115
2026-01-27 00:00:00,10599.309781115115
2026-01-27 01:00:00,10599.309781115115
2026-01-27 02:00:00,10599.309781115115
2026-01-27 03:00:00,10599.309781115115
2026-01-27 04:00:00,10599.309781115115
2026-01-27 05:00:00,10599.309781115115
2026-01-27 06:00:00,10599.309781115115
2026-01-27 07:00:00,10599.309781115115
2026-01-27 08:00:00,10599.309781115115
2026-01-27 09:00:00,10599.309781115115
2026-01-27 10:00:00,10599.309781115115
2026-01-27 11:00:00,10599.309781115115
2026-01-27 12:00:00,10599.309781115115
2026-01-27 13:00:00,10599.309781115115
2026-01-27 14:00:00,10599.309781115115
2026-01-27 15:00:00,10599.309781115115
2026-01-27 16:00:00,10599.309781115115
2026-01-27 17:00:00,10599.309781115115
2026-01-27 18:00:00,10599.309781115115
2026-01-27 19:00:00,10599.309781115115
2026-01-27 20:00:00,10599.309781115115
2026-01-27 21:00:00,10599.309781115115
2026-01-27 22:00:00,10599.309781115115
2026-01-27 23:00:00,10599.309781115115
2026-01-28 00:00:00,10599.309781115115
2026-01-28 01:00:00,10599.309781115115
2026-01-28 02:00:00,10594.466221954808
2026-01-28 03:00:00,10589.753075209459
2026-01-28 04:00:00,10585.261218257874
2026-01-28 05:00:00,10588.491989999218
2026-01-28 06:00:00,10595.405296447752
2026-01-28 07:00:00,10589.98058600144
2026-01-28 08:00:00,10583.792766440358
2026-01-28 09:00:00,10602.804729471343
2026-01-28 10:00:00,10597.961830477443
2026-01-28 11:00:00,10617.994333454231
2026-01-28 12:00:00,10615.585622191727
2026-01-28 13:00:00,10623.264703897128
2026-01-28 14:00:00,10604.286511999328
2026-01-28 15:00:00,10600.209980738313
2026-01-28 16:00:00,10604.653550894203
2026-01-28 17:00:00,10620.656920691641
2026-01-28 18:00:00,10602.182333411509
2026-01-28 19:00:00,10597.926578154205
2026-01-28 20:00:00,10589.870385461574
2026-01-28 21:00:00,10598.210670406172
2026-01-28 22:00:00,10597.736097113522
2026-01-28 23:00:00,10594.887472405586
2026-01-29 00:00:00,10590.263789539376
2026-01-29 01:00:00,10574.256568647805
2026-01-29 02:00:00,10553.173500955201
2026-01-29 03:00:00,10553.173500955201
2026-01-29 04:00:00,10553.173500955201
2026-01-29 05:00:00,10553.173500955201
2026-01-29 06:00:00,10553.173500955201
2026-01-29 07:00:00,10553.173500955201
2026-01-29 08:00:00,10553.173500955201
2026-01-29 09:00:00,10553.173500955201
2026-01-29 10:00:00,10553.173500955201
2026-01-29 11:00:00,10553.173500955201
2026-01-29 12:00:00,10553.173500955201
2026-01-29 13:00:00,10553.173500955201
2026-01-29 14:00:00,10553.173500955201
2026-01-29 15:00:00,10553.173500955201
2026-01-29 16:00:00,10553.173500955201
2026-01-29 17:00:00,10553.173500955201
2026-01-29 18:00:00,10553.173500955201
2026-01-29 19:00:00,10553.173500955201
2026-01-29 20:00:00,10553.173500955201
2026-01-29 21:00:00,10553.173500955201
2026-01-29 22:00:00,10553.173500955201
2026-01-29 23:00:00,10553.173500955201
2026-01-30 00:00:00,10553.173500955201
2026-01-30 01:00:00,10553.173500955201
2026-01-30 02:00:00,10553.173500955201
2026-01-30 03:00:00,10553.173500955201
2026-01-30 04:00:00,10553.173500955201
2026-01-30 05:00:00,10553.173500955201
2026-01-30 06:00:00,10553.173500955201
2026-01-30 07:00:00,10553.173500955201
2026-01-30 08:00:00,10553.173500955201
2026-01-30 09:00:00,10553.173500955201
2026-01-30 10:00:00,10553.173500955201
2026-01-30 11:00:00,10553.173500955201
2026-01-30 12:00:00,10553.173500955201
2026-01-30 13:00:00,10553.173500955201
2026-01-30 14:00:00,10553.173500955201
2026-01-30 15:00:00,10553.173500955201
2026-01-30 16:00:00,10553.173500955201
2026-01-30 17:00:00,10553.173500955201
2026-01-30 18:00:00,10553.173500955201
2026-01-30 19:00:00,10553.173500955201
2026-01-30 20:00:00,10553.173500955201
2026-01-30 21:00:00,10553.173500955201
2026-01-30 22:00:00,10553.173500955201
2026-01-30 23:00:00,10553.173500955201
2026-01-31 00:00:00,10553.173500955201
2026-01-31 01:00:00,10553.173500955201
2026-01-31 02:00:00,10553.173500955201
2026-01-31 03:00:00,10553.173500955201
2026-01-31 04:00:00,10553.173500955201
2026-01-31 05:00:00,10553.173500955201
2026-01-31 06:00:00,10553.173500955201
2026-01-31 07:00:00,10553.173500955201
2026-01-31 08:00:00,10553.173500955201
2026-01-31 09:00:00,10553.173500955201
2026-01-31 10:00:00,10553.173500955201
2026-01-31 11:00:00,10553.173500955201
2026-01-31 12:00:00,10553.173500955201
2026-01-31 13:00:00,10553.173500955201
2026-01-31 14:00:00,10553.173500955201
2026-01-31 15:00:00,10553.173500955201
2026-01-31 16:00:00,10553.173500955201
2026-01-31 17:00:00,10553.173500955201
2026-01-31 18:00:00,10553.173500955201
2026-01-31 19:00:00,10553.173500955201
2026-01-31 20:00:00,10553.173500955201
2026-01-31 21:00:00,10553.173500955201
2026-01-31 22:00:00,10553.173500955201
2026-01-31 23:00:00,10553.173500955201
2026-02-01 00:00:00,10553.173500955201
2026-02-01 01:00:00,10553.173500955201
2026-02-01 02:00:00,10553.173500955201
2026-02-01 03:00:00,10553.173500955201
2026-02-01 04:00:00,10553.173500955201
2026-02-01 05:00:00,10553.173500955201
2026-02-01 06:00:00,10553.173500955201
2026-02-01 07:00:00,10553.173500955201
2026-02-01 08:00:00,10553.173500955201
2026-02-01 09:00:00,10553.173500955201
2026-02-01 10:00:00,10553.173500955201
2026-02-01 11:00:00,10553.173500955201
2026-02-01 12:00:00,10553.173500955201
2026-02-01 13:00:00,10553.173500955201
2026-02-01 14:00:00,10553.173500955201
2026-02-01 15:00:00,10553.173500955201
2026-02-01 16:00:00,10553.173500955201
2026-02-01 17:00:00,10553.173500955201
2026-02-01 18:00:00,10553.173500955201
2026-02-01 19:00:00,10553.173500955201
2026-02-01 20:00:00,10553.173500955201
2026-02-01 21:00:00,10553.173500955201
2026-02-01 22:00:00,10553.173500955201
2026-02-01 23:00:00,10553.173500955201
2026-02-02 00:00:00,10553.173500955201
2026-02-02 01:00:00,10553.173500955201
2026-02-02 02:00:00,10553.173500955201
2026-02-02 03:00:00,10553.173500955201
2026-02-02 04:00:00,10553.173500955201
2026-02-02 05:00:00,10553.173500955201
2026-02-02 06:00:00,10553.173500955201
2026-02-02 07:00:00,10553.173500955201
2026-02-02 08:00:00,10553.173500955201
2026-02-02 09:00:00,10553.173500955201
2026-02-02 10:00:00,10553.173500955201
2026-02-02 11:00:00,10553.173500955201
2026-02-02 12:00:00,10553.173500955201
2026-02-02 13:00:00,10553.173500955201
2026-02-02 14:00:00,10553.173500955201
2026-02-02 15:00:00,10553.173500955201
2026-02-02 16:00:00,10553.173500955201
2026-02-02 17:00:00,10553.173500955201
2026-02-02 18:00:00,10553.173500955201
2026-02-02 19:00:00,10553.173500955201
2026-02-02 20:00:00,10553.173500955201
2026-02-02 21:00:00,10553.173500955201
2026-02-02 22:00:00,10553.173500955201
2026-02-02 23:00:00,10553.173500955201
2026-02-03 00:00:00,10553.173500955201
2026-02-03 01:00:00,10553.173500955201
2026-02-03 02:00:00,10553.173500955201
2026-02-03 03:00:00,10553.173500955201
2026-02-03 04:00:00,10553.173500955201
2026-02-03 05:00:00,10553.173500955201
2026-02-03 06:00:00,10553.173500955201
2026-02-03 07:00:00,10553.173500955201
2026-02-03 08:00:00,10553.173500955201
2026-02-03 09:00:00,10553.173500955201
2026-02-03 10:00:00,10553.173500955201
2026-02-03 11:00:00,10553.173500955201
2026-02-03 12:00:00,10553.173500955201
2026-02-03 13:00:00,10553.173500955201
2026-02-03 14:00:00,10553.173500955201
2026-02-03 15:00:00,10553.173500955201
2026-02-03 16:00:00,10553.173500955201
2026-02-03 17:00:00,10553.173500955201
2026-02-03 18:00:00,10553.173500955201
2026-02-03 19:00:00,10553.173500955201
2026-02-03 20:00:00,10553.173500955201
2026-02-03 21:00:00,10553.173500955201
2026-02-03 22:00:00,10553.173500955201
2026-02-03 23:00:00,10553.173500955201
2026-02-04 00:00:00,10553.173500955201
2026-02-04 01:00:00,10553.173500955201
2026-02-04 02:00:00,10553.173500955201
2026-02-04 03:00:00,10553.173500955201
2026-02-04 04:00:00,10553.173500955201
2026-02-04 05:00:00,10553.173500955201
2026-02-04 06:00:00,10553.173500955201
2026-02-04 07:00:00,10553.173500955201
2026-02-04 08:00:00,10553.173500955201
2026-02-04 09:00:00,10553.173500955201
2026-02-04 10:00:00,10553.173500955201
2026-02-04 11:00:00,10553.173500955201
2026-02-04 12:00:00,10553.173500955201
2026-02-04 13:00:00,10553.173500955201
2026-02-04 14:00:00,10553.173500955201
2026-02-04 15:00:00,10553.173500955201
2026-02-04 16:00:00,10553.173500955201
2026-02-04 17:00:00,10553.173500955201
2026-02-04 18:00:00,10553.173500955201
2026-02-04 19:00:00,10553.173500955201
2026-02-04 20:00:00,10553.173500955201
2026-02-04 21:00:00,10553.173500955201
2026-02-04 22:00:00,10553.173500955201
2026-02-04 23:00:00,10553.173500955201
2026-02-05 00:00:00,10553.173500955201
2026-02-05 01:00:00,10553.173500955201
2026-02-05 02:00:00,10553.173500955201
2026-02-05 03:00:00,10553.173500955201
2026-02-05 04:00:00,10553.173500955201
2026-02-05 05:00:00,10553.173500955201
2026-02-05 06:00:00,10553.173500955201
2026-02-05 07:00:00,10553.173500955201
2026-02-05 08:00:00,10553.173500955201
2026-02-05 09:00:00,10553.173500955201
2026-02-05 10:00:00,10553.173500955201
2026-02-05 11:00:00,10553.173500955201
2026-02-05 12:00:00,10553.173500955201
2026-02-05 13:00:00,10553.173500955201
2026-02-05 14:00:00,10553.173500955201
2026-02-05 15:00:00,10553.173500955201
2026-02-05 16:00:00,10553.173500955201
2026-02-05 17:00:00,10553.173500955201
2026-02-05 18:00:00,10553.173500955201
2026-02-05 19:00:00,10553.173500955201
2026-02-05 20:00:00,10553.173500955201
2026-02-05 21:00:00,10553.173500955201
2026-02-05 22:00:00,10553.173500955201
2026-02-05 23:00:00,10553.173500955201
2026-02-06 00:00:00,10553.173500955201
2026-02-06 01:00:00,10553.173500955201
2026-02-06 02:00:00,10553.173500955201
2026-02-06 03:00:00,10553.173500955201
2026-02-06 04:00:00,10553.173500955201
2026-02-06 05:00:00,10553.173500955201
2026-02-06 06:00:00,10553.173500955201
2026-02-06 07:00:00,10553.173500955201
2026-02-06 08:00:00,10553.173500955201
2026-02-06 09:00:00,10553.173500955201
2026-02-06 10:00:00,10553.173500955201
2026-02-06 11:00:00,10553.173500955201
2026-02-06 12:00:00,10553.173500955201
2026-02-06 13:00:00,10553.173500955201
2026-02-06 14:00:00,10553.173500955201
2026-02-06 15:00:00,10553.173500955201
2026-02-06 16:00:00,10553.173500955201
2026-02-06 17:00:00,10553.173500955201
2026-02-06 18:00:00,10553.173500955201
2026-02-06 19:00:00,10553.173500955201
2026-02-06 20:00:00,10553.173500955201
2026-02-06 21:00:00,10553.173500955201
2026-02-06 22:00:00,10553.173500955201
2026-02-06 23:00:00,10553.173500955201
2026-02-07 00:00:00,10553.173500955201
2026-02-07 01:00:00,10553.173500955201
2026-02-07 02:00:00,10553.173500955201
2026-02-07 03:00:00,10553.173500955201
2026-02-07 04:00:00,10553.173500955201
2026-02-07 05:00:00,10553.173500955201
2026-02-07 06:00:00,10553.173500955201
2026-02-07 07:00:00,10553.173500955201
2026-02-07 08:00:00,10553.173500955201
2026-02-07 09:00:00,10553.173500955201
2026-02-07 10:00:00,10553.173500955201
2026-02-07 11:00:00,10553.173500955201
2026-02-07 12:00:00,10553.173500955201
2026-02-07 13:00:00,10553.173500955201
2026-02-07 14:00:00,10553.173500955201
2026-02-07 15:00:00,10553.173500955201
2026-02-07 16:00:00,10553.173500955201
2026-02-07 17:00:00,10553.173500955201
2026-02-07 18:00:00,10553.173500955201
2026-02-07 19:00:00,10553.173500955201
2026-02-07 20:00:00,10553.173500955201
2026-02-07 21:00:00,10553.173500955201
2026-02-07 22:00:00,10553.173500955201
2026-02-07 23:00:00,10553.173500955201
2026-02-08 00:00:00,10553.173500955201
2026-02-08 01:00:00,10553.173500955201
2026-02-08 02:00:00,10553.173500955201
2026-02-08 03:00:00,10553.173500955201
2026-02-08 04:00:00,10553.173500955201
2026-02-08 05:00:00,10553.173500955201
2026-02-08 06:00:00,10553.173500955201
2026-02-08 07:00:00,10553.173500955201
2026-02-08 08:00:00,10553.173500955201
2026-02-08 09:00:00,10553.173500955201
2026-02-08 10:00:00,10553.173500955201
2026-02-08 11:00:00,10553.173500955201
2026-02-08 12:00:00,10553.173500955201
2026-02-08 13:00:00,10553.173500955201
2026-02-08 14:00:00,10553.173500955201
2026-02-08 15:00:00,10553.173500955201
2026-02-08 16:00:00,10553.173500955201
2026-02-08 17:00:00,10553.173500955201
2026-02-08 18:00:00,10553.173500955201
2026-02-08 19:00:00,10553.173500955201
2026-02-08 20:00:00,10553.173500955201
2026-02-08 21:00:00,10553.173500955201
2026-02-08 22:00:00,10553.173500955201
2026-02-08 23:00:00,10553.173500955201
2026-02-09 00:00:00,10553.173500955201
2026-02-09 01:00:00,10553.173500955201
2026-02-09 02:00:00,10553.173500955201
2026-02-09 03:00:00,10553.173500955201
2026-02-09 04:00:00,10553.173500955201
2026-02-09 05:00:00,10553.173500955201
2026-02-09 06:00:00,10553.173500955201
2026-02-09 07:00:00,10553.173500955201
2026-02-09 08:00:00,10553.173500955201
2026-02-09 09:00:00,10553.173500955201
2026-02-09 10:00:00,10553.173500955201
2026-02-09 11:00:00,10553.173500955201
2026-02-09 12:00:00,10553.173500955201
2026-02-09 13:00:00,10553.173500955201
2026-02-09 14:00:00,10553.173500955201
2026-02-09 15:00:00,10553.173500955201
2026-02-09 16:00:00,10553.173500955201
2026-02-09 17:00:00,10553.173500955201
2026-02-09 18:00:00,10553.173500955201
2026-02-09 19:00:00,10553.173500955201
2026-02-09 20:00:00,10553.173500955201
2026-02-09 21:00:00,10553.173500955201
2026-02-09 22:00:00,10553.173500955201
2026-02-09 23:00:00,10553.173500955201
2026-02-10 00:00:00,10553.173500955201
2026-02-10 01:00:00,10553.173500955201
2026-02-10 02:00:00,10553.173500955201
2026-02-10 03:00:00,10553.173500955201
2026-02-10 04:00:00,10553.173500955201
2026-02-10 05:00:00,10553.173500955201
2026-02-10 06:00:00,10553.173500955201
2026-02-10 07:00:00,10553.173500955201
2026-02-10 08:00:00,10553.173500955201
2026-02-10 09:00:00,10553.173500955201
2026-02-10 10:00:00,10553.173500955201
2026-02-10 11:00:00,10553.173500955201
2026-02-10 12:00:00,10553.173500955201
2026-02-10 13:00:00,10553.173500955201
2026-02-10 14:00:00,10553.173500955201
2026-02-10 15:00:00,10553.173500955201
2026-02-10 16:00:00,10553.173500955201
2026-02-10 17:00:00,10553.173500955201
2026-02-10 18:00:00,10553.173500955201
2026-02-10 19:00:00,10553.173500955201
2026-02-10 20:00:00,10553.173500955201
2026-02-10 21:00:00,10553.173500955201
2026-02-10 22:00:00,10553.173500955201
2026-02-10 23:00:00,10553.173500955201
2026-02-11 00:00:00,10553.173500955201
2026-02-11 01:00:00,10553.173500955201
2026-02-11 02:00:00,10553.173500955201
2026-02-11 03:00:00,10553.173500955201
2026-02-11 04:00:00,10553.173500955201
2026-02-11 05:00:00,10553.173500955201
2026-02-11 06:00:00,10553.173500955201
2026-02-11 07:00:00,10553.173500955201
2026-02-11 08:00:00,10553.173500955201
2026-02-11 09:00:00,10553.173500955201
2026-02-11 10:00:00,10553.173500955201
2026-02-11 11:00:00,10553.173500955201
2026-02-11 12:00:00,10553.173500955201
2026-02-11 13:00:00,10553.173500955201
2026-02-11 14:00:00,10553.173500955201
2026-02-11 15:00:00,10553.173500955201
2026-02-11 16:00:00,10553.173500955201
2026-02-11 17:00:00,10553.173500955201
2026-02-11 18:00:00,10553.173500955201
2026-02-11 19:00:00,10553.173500955201
2026-02-11 20:00:00,10553.173500955201
2026-02-11 21:00:00,10553.173500955201
2026-02-11 22:00:00,10553.173500955201
2026-02-11 23:00:00,10553.173500955201
2026-02-12 00:00:00,10553.173500955201
2026-02-12 01:00:00,10553.173500955201
2026-02-12 02:00:00,10553.173500955201
2026-02-12 03:00:00,10553.173500955201
2026-02-12 04:00:00,10553.173500955201
2026-02-12 05:00:00,10553.173500955201
2026-02-12 06:00:00,10553.173500955201
2026-02-12 07:00:00,10553.173500955201
2026-02-12 08:00:00,10553.173500955201
2026-02-12 09:00:00,10553.173500955201
2026-02-12 10:00:00,10553.173500955201
2026-02-12 11:00:00,10553.173500955201
2026-02-12 12:00:00,10553.173500955201
2026-02-12 13:00:00,10553.173500955201
2026-02-12 14:00:00,10553.173500955201
2026-02-12 15:00:00,10553.173500955201
2026-02-12 16:00:00,10553.173500955201
2026-02-12 17:00:00,10553.173500955201
2026-02-12 18:00:00,10553.173500955201
2026-02-12 19:00:00,10553.173500955201
2026-02-12 20:00:00,10553.173500955201
2026-02-12 21:00:00,10553.173500955201
2026-02-12 22:00:00,10553.173500955201
2026-02-12 23:00:00,10553.173500955201
2026-02-13 00:00:00,10553.173500955201
2026-02-13 01:00:00,10553.173500955201
2026-02-13 02:00:00,10553.173500955201
2026-02-13 03:00:00,10553.173500955201
2026-02-13 04:00:00,10553.173500955201
2026-02-13 05:00:00,10553.173500955201
2026-02-13 06:00:00,10553.173500955201
2026-02-13 07:00:00,10553.173500955201
2026-02-13 08:00:00,10553.173500955201
2026-02-13 09:00:00,10553.173500955201
2026-02-13 10:00:00,10553.173500955201
2026-02-13 11:00:00,10553.173500955201
2026-02-13 12:00:00,10553.173500955201
2026-02-13 13:00:00,10553.173500955201
2026-02-13 14:00:00,10553.173500955201
2026-02-13 15:00:00,10553.173500955201
2026-02-13 16:00:00,10553.173500955201
2026-02-13 17:00:00,10553.173500955201
2026-02-13 18:00:00,10553.173500955201
2026-02-13 19:00:00,10553.173500955201
2026-02-13 20:00:00,10553.173500955201
2026-02-13 21:00:00,10556.66104136075
2026-02-13 22:00:00,10560.219073944945
2026-02-13 23:00:00,10554.800742427722
2026-02-14 00:00:00,10563.859922804806
2026-02-14 01:00:00,10559.03932542538
2026-02-14 02:00:00,10555.960553695739
2026-02-14 03:00:00,10559.709523804386
2026-02-14 04:00:00,10552.34846048715
2026-02-14 05:00:00,10551.712768889673
2026-02-14 06:00:00,10557.983801319315
2026-02-14 07:00:00,10568.80666164115
2026-02-14 08:00:00,10589.009998816962
2026-02-14 09:00:00,10587.811079863215
2026-02-14 10:00:00,10586.15973866277
2026-02-14 11:00:00,10618.13142197428
2026-02-14 12:00:00,10584.945866770362
2026-02-14 13:00:00,10578.03684229114
2026-02-14 14:00:00,10587.302296540023
2026-02-14 15:00:00,10590.239973874084
2026-02-14 16:00:00,10589.351232545403
2026-02-14 17:00:00,10588.74851409472
2026-02-14 18:00:00,10590.011078889951
2026-02-14 19:00:00,10593.909578385219
2026-02-14 20:00:00,10599.626201858315
2026-02-14 21:00:00,10596.28172791091
2026-02-14 22:00:00,10597.19769125613
2026-02-14 23:00:00,10591.952660463912
2026-02-15 00:00:00,10590.193581423364
2026-02-15 01:00:00,10587.915367025165
2026-02-15 02:00:00,10578.804043067106
2026-02-15 03:00:00,10596.996401697217
2026-02-15 04:00:00,10605.79524757811
2026-02-15 05:00:00,10609.001310990721
2026-02-15 06:00:00,10614.273563799477
2026-02-15 07:00:00,10630.503253378027
2026-02-15 08:00:00,10615.860875749753
2026-02-15 09:00:00,10614.809952547892
2026-02-15 10:00:00,10615.113228816652
2026-02-15 11:00:00,10610.059902366254
2026-02-15 12:00:00,10572.447127092328
2026-02-15 13:00:00,10557.716182058133
2026-02-15 14:00:00,10566.937544308397
2026-02-15 15:00:00,10564.233746271357
2026-02-15 16:00:00,10561.08059325709
2026-02-15 17:00:00,10546.643722683248
2026-02-15 18:00:00,10539.367776093779
2026-02-15 19:00:00,10533.048817578681
2026-02-15 20:00:00,10539.312565243335
2026-02-15 21:00:00,10554.725977734412
2026-02-15 22:00:00,10560.39850920889
2026-02-15 23:00:00,10553.981014662097
2026-02-16 00:00:00,10554.488264350553
2026-02-16 01:00:00,10546.244977652259
2026-02-16 02:00:00,10534.346655972808
2026-02-16 03:00:00,10538.347142177925
2026-02-16 04:00:00,10555.41841381707
2026-02-16 05:00:00,10536.83152765149
2026-02-16 06:00:00,10539.343237938027
2026-02-16 07:00:00,10544.599770990753
2026-02-16 08:00:00,10551.307505911063
2026-02-16 09:00:00,10560.12053791325
2026-02-16 10:00:00,10552.663622425103
2026-02-16 11:00:00,10553.223782511905
2026-02-16 12:00:00,10589.663327213888
2026-02-16 13:00:00,10537.207651570143
2026-02-16 14:00:00,10538.455263426713
2026-02-16 15:00:00,10504.403971415133
2026-02-16 16:00:00,10517.79183583053
2026-02-16 17:00:00,10520.213445076412
2026-02-16 18:00:00,10516.696437221366
2026-02-16 19:00:00,10518.740005505177
2026-02-16 20:00:00,10542.379834712468
2026-02-16 21:00:00,10555.14274297353
2026-02-16 22:00:00,10544.719394500049
2026-02-16 23:00:00,10556.275715633692
2026-02-17 00:00:00,10555.732808937655
2026-02-17 01:00:00,10545.758048624035
2026-02-17 02:00:00,10554.207225785445
2026-02-17 03:00:00,10540.267252865602
2026-02-17 04:00:00,10540.526820544428
2026-02-17 05:00:00,10531.479909245221
2026-02-17 06:00:00,10537.395521825127
2026-02-17 07:00:00,10536.940032308961
2026-02-17 08:00:00,10528.865828840151
2026-02-17 09:00:00,10526.900859336489
2026-02-17 10:00:00,10516.127842143525
2026-02-17 11:00:00,10516.484412219314
2026-02-17 12:00:00,10518.972351167464
2026-02-17 13:00:00,10527.286568472231
2026-02-17 14:00:00,10487.584322762863
2026-02-17 15:00:00,10487.584322762863
2026-02-17 16:00:00,10487.584322762863
2026-02-17 17:00:00,10487.584322762863
2026-02-17 18:00:00,10487.584322762863
2026-02-17 19:00:00,10487.584322762863
2026-02-17 20:00:00,10487.584322762863
2026-02-17 21:00:00,10487.584322762863
2026-02-17 22:00:00,10487.584322762863
2026-02-17 23:00:00,10487.584322762863
2026-02-18 00:00:00,10487.584322762863
2026-02-18 01:00:00,10487.584322762863
2026-02-18 02:00:00,10487.584322762863
2026-02-18 03:00:00,10487.584322762863
2026-02-18 04:00:00,10487.584322762863
2026-02-18 05:00:00,10487.584322762863
2026-02-18 06:00:00,10487.584322762863
2026-02-18 07:00:00,10487.584322762863
2026-02-18 08:00:00,10487.584322762863
2026-02-18 09:00:00,10487.584322762863
2026-02-18 10:00:00,10487.584322762863
2026-02-18 11:00:00,10487.584322762863
2026-02-18 12:00:00,10487.584322762863
2026-02-18 13:00:00,10487.584322762863
2026-02-18 14:00:00,10487.584322762863
2026-02-18 15:00:00,10487.584322762863
2026-02-18 16:00:00,10487.584322762863
2026-02-18 17:00:00,10487.584322762863
2026-02-18 18:00:00,10487.584322762863
2026-02-18 19:00:00,10487.584322762863
2026-02-18 20:00:00,10487.584322762863
2026-02-18 21:00:00,10487.584322762863
2026-02-18 22:00:00,10487.584322762863
2026-02-18 23:00:00,10487.584322762863
2026-02-19 00:00:00,10487.584322762863
2026-02-19 01:00:00,10487.584322762863
2026-02-19 02:00:00,10487.584322762863
2026-02-19 03:00:00,10487.584322762863
2026-02-19 04:00:00,10487.584322762863
2026-02-19 05:00:00,10487.584322762863
2026-02-19 06:00:00,10487.584322762863
2026-02-19 07:00:00,10487.584322762863
2026-02-19 08:00:00,10487.584322762863
2026-02-19 09:00:00,10487.584322762863
2026-02-19 10:00:00,10487.584322762863
2026-02-19 11:00:00,10487.584322762863
2026-02-19 12:00:00,10487.584322762863
2026-02-19 13:00:00,10487.584322762863
2026-02-19 14:00:00,10487.584322762863
2026-02-19 15:00:00,10487.584322762863
2026-02-19 16:00:00,10487.584322762863
2026-02-19 17:00:00,10487.584322762863
2026-02-19 18:00:00,10487.584322762863
2026-02-19 19:00:00,10487.584322762863
2026-02-19 20:00:00,10487.584322762863
2026-02-19 21:00:00,10487.584322762863
2026-02-19 22:00:00,10487.584322762863
2026-02-19 23:00:00,10487.584322762863
2026-02-20 00:00:00,10487.584322762863
2026-02-20 01:00:00,10487.584322762863
2026-02-20 02:00:00,10487.584322762863
2026-02-20 03:00:00,10487.584322762863
2026-02-20 04:00:00,10487.584322762863
2026-02-20 05:00:00,10487.584322762863
2026-02-20 06:00:00,10487.584322762863
2026-02-20 07:00:00,10487.584322762863
2026-02-20 08:00:00,10487.584322762863
2026-02-20 09:00:00,10487.584322762863
2026-02-20 10:00:00,10487.584322762863
2026-02-20 11:00:00,10487.584322762863
2026-02-20 12:00:00,10487.584322762863
2026-02-20 13:00:00,10487.584322762863
2026-02-20 14:00:00,10487.584322762863
2026-02-20 15:00:00,10487.584322762863
2026-02-20 16:00:00,10487.584322762863
2026-02-20 17:00:00,10487.584322762863
2026-02-20 18:00:00,10487.584322762863
2026-02-20 19:00:00,10487.584322762863
2026-02-20 20:00:00,10487.584322762863
2026-02-20 21:00:00,10487.584322762863
2026-02-20 22:00:00,10496.020590743594
2026-02-20 23:00:00,10493.775010318503
2026-02-21 00:00:00,10486.858607154436
2026-02-21 01:00:00,10491.117946212627
2026-02-21 02:00:00,10493.04245345581
2026-02-21 03:00:00,10480.165525649989
2026-02-21 04:00:00,10485.930160877511
2026-02-21 05:00:00,10487.280909185514
2026-02-21 06:00:00,10485.018714865331
2026-02-21 07:00:00,10487.43854800407
2026-02-21 08:00:00,10495.128076844425
2026-02-21 09:00:00,10498.701996137628
2026-02-21 10:00:00,10501.32969614985
2026-02-21 11:00:00,10496.573872087145
2026-02-21 12:00:00,10500.861416130028
2026-02-21 13:00:00,10503.047109258854
2026-02-21 14:00:00,10510.388905411224
2026-02-21 15:00:00,10516.763618321336
2026-02-21 16:00:00,10505.466169658286
2026-02-21 17:00:00,10509.903625126655
2026-02-21 18:00:00,10515.179502742729
2026-02-21 19:00:00,10514.001461669759
2026-02-21 20:00:00,10501.161625350658
2026-02-21 21:00:00,10507.68199962007
2026-02-21 22:00:00,10491.920049612918
2026-02-21 23:00:00,10492.071892886672
2026-02-22 00:00:00,10490.915488514287
2026-02-22 01:00:00,10499.157139589237
2026-02-22 02:00:00,10489.512193933431
2026-02-22 03:00:00,10494.602614115911
2026-02-22 04:00:00,10492.364374714234
2026-02-22 05:00:00,10492.133325661549
2026-02-22 06:00:00,10494.475112130316
2026-02-22 07:00:00,10493.20666055847
2026-02-22 08:00:00,10491.073900072148
2026-02-22 09:00:00,10495.062007633709
2026-02-22 10:00:00,10498.007689870614
2026-02-22 11:00:00,10501.500857906272
2026-02-22 12:00:00,10490.228523270685
2026-02-22 13:00:00,10479.570902753532
2026-02-22 14:00:00,10471.51548185148
2026-02-22 15:00:00,10480.798012772473
2026-02-22 16:00:00,10478.81284549372
2026-02-22 17:00:00,10469.220446110765
2026-02-22 18:00:00,10470.693673598871
2026-02-22 19:00:00,10470.913904301264
2026-02-22 20:00:00,10469.88693376274
2026-02-22 21:00:00,10478.036242490547
2026-02-22 22:00:00,10480.103320135806
2026-02-22 23:00:00,10479.22394280485
2026-02-23 00:00:00,10444.337467697707
2026-02-23 01:00:00,10428.713705278768
2026-02-23 02:00:00,10428.713705278768
2026-02-23 03:00:00,10428.713705278768
2026-02-23 04:00:00,10428.713705278768
2026-02-23 05:00:00,10428.713705278768
2026-02-23 06:00:00,10428.713705278768
2026-02-23 07:00:00,10428.713705278768
2026-02-23 08:00:00,10428.713705278768
2026-02-23 09:00:00,10428.713705278768
2026-02-23 10:00:00,10428.713705278768
2026-02-23 11:00:00,10428.713705278768
2026-02-23 12:00:00,10428.713705278768
2026-02-23 13:00:00,10428.713705278768
2026-02-23 14:00:00,10428.713705278768
2026-02-23 15:00:00,10428.713705278768
2026-02-23 16:00:00,10428.713705278768
2026-02-23 17:00:00,10428.713705278768
2026-02-23 18:00:00,10428.713705278768
2026-02-23 19:00:00,10428.713705278768
2026-02-23 20:00:00,10428.713705278768
2026-02-23 21:00:00,10428.713705278768
2026-02-23 22:00:00,10428.713705278768
2026-02-23 23:00:00,10428.713705278768
2026-02-24 00:00:00,10428.713705278768
2026-02-24 01:00:00,10428.713705278768
2026-02-24 02:00:00,10428.713705278768
2026-02-24 03:00:00,10428.713705278768
2026-02-24 04:00:00,10428.713705278768
2026-02-24 05:00:00,10428.713705278768
2026-02-24 06:00:00,10428.713705278768
2026-02-24 07:00:00,10428.713705278768
2026-02-24 08:00:00,10428.713705278768
2026-02-24 09:00:00,10428.713705278768
2026-02-24 10:00:00,10428.713705278768
2026-02-24 11:00:00,10428.713705278768
2026-02-24 12:00:00,10428.713705278768
2026-02-24 13:00:00,10428.713705278768
2026-02-24 14:00:00,10428.713705278768
2026-02-24 15:00:00,10428.713705278768
2026-02-24 16:00:00,10428.713705278768
2026-02-24 17:00:00,10428.713705278768
2026-02-24 18:00:00,10428.713705278768
2026-02-24 19:00:00,10428.713705278768
2026-02-24 20:00:00,10428.713705278768
2026-02-24 21:00:00,10428.713705278768
2026-02-24 22:00:00,10428.713705278768
2026-02-24 23:00:00,10428.713705278768
2026-02-25 00:00:00,10428.713705278768
2026-02-25 01:00:00,10428.713705278768
2026-02-25 02:00:00,10428.713705278768
2026-02-25 03:00:00,10428.713705278768
2026-02-25 04:00:00,10428.713705278768
2026-02-25 05:00:00,10428.713705278768
2026-02-25 06:00:00,10428.713705278768
2026-02-25 07:00:00,10428.713705278768
2026-02-25 08:00:00,10428.713705278768
2026-02-25 09:00:00,10428.713705278768
2026-02-25 10:00:00,10428.713705278768
2026-02-25 11:00:00,10428.713705278768
2026-02-25 12:00:00,10428.713705278768
2026-02-25 13:00:00,10428.713705278768
2026-02-25 14:00:00,10428.713705278768
2026-02-25 15:00:00,10428.713705278768
2026-02-25 16:00:00,10428.713705278768
2026-02-25 17:00:00,10428.713705278768
2026-02-25 18:00:00,10428.713705278768
2026-02-25 19:00:00,10428.713705278768
2026-02-25 20:00:00,10428.713705278768
2026-02-25 21:00:00,10428.713705278768
2026-02-25 22:00:00,10428.713705278768
2026-02-25 23:00:00,10428.713705278768
2026-02-26 00:00:00,10428.713705278768
2026-02-26 01:00:00,10428.713705278768
2026-02-26 02:00:00,10428.713705278768
2026-02-26 03:00:00,10428.713705278768
2026-02-26 04:00:00,10428.713705278768
2026-02-26 05:00:00,10428.713705278768
2026-02-26 06:00:00,10428.713705278768
2026-02-26 07:00:00,10428.713705278768
2026-02-26 08:00:00,10428.713705278768
2026-02-26 09:00:00,10428.713705278768
2026-02-26 10:00:00,10428.713705278768
2026-02-26 11:00:00,10428.713705278768
2026-02-26 12:00:00,10428.713705278768
2026-02-26 13:00:00,10428.713705278768
2026-02-26 14:00:00,10428.713705278768
2026-02-26 15:00:00,10428.713705278768
2026-02-26 16:00:00,10428.713705278768
2026-02-26 17:00:00,10428.713705278768
2026-02-26 18:00:00,10428.713705278768
2026-02-26 19:00:00,10428.713705278768
2026-02-26 20:00:00,10428.713705278768
2026-02-26 21:00:00,10428.713705278768
2026-02-26 22:00:00,10428.713705278768
2026-02-26 23:00:00,10428.713705278768
2026-02-27 00:00:00,10428.713705278768
2026-02-27 01:00:00,10428.713705278768
2026-02-27 02:00:00,10428.713705278768
2026-02-27 03:00:00,10428.713705278768
2026-02-27 04:00:00,10428.713705278768
2026-02-27 05:00:00,10428.713705278768
2026-02-27 06:00:00,10428.713705278768
2026-02-27 07:00:00,10428.713705278768
2026-02-27 08:00:00,10428.713705278768
2026-02-27 09:00:00,10428.713705278768
2026-02-27 10:00:00,10428.713705278768
2026-02-27 11:00:00,10428.713705278768
2026-02-27 12:00:00,10428.713705278768
2026-02-27 13:00:00,10428.713705278768
2026-02-27 14:00:00,10428.713705278768
2026-02-27 15:00:00,10428.713705278768
2026-02-27 16:00:00,10428.713705278768
2026-02-27 17:00:00,10428.713705278768
2026-02-27 18:00:00,10428.713705278768
2026-02-27 19:00:00,10428.713705278768
2026-02-27 20:00:00,10428.713705278768
2026-02-27 21:00:00,10428.713705278768
2026-02-27 22:00:00,10428.713705278768
2026-02-27 23:00:00,10428.713705278768
2026-02-28 00:00:00,10428.713705278768
2026-02-28 01:00:00,10428.713705278768
2026-02-28 02:00:00,10428.713705278768
2026-02-28 03:00:00,10428.713705278768
2026-02-28 04:00:00,10428.713705278768
2026-02-28 05:00:00,10428.713705278768
2026-02-28 06:00:00,10428.713705278768
2026-02-28 07:00:00,10428.713705278768
2026-02-28 08:00:00,10428.713705278768
2026-02-28 09:00:00,10428.713705278768
2026-02-28 10:00:00,10428.713705278768
2026-02-28 11:00:00,10428.713705278768
2026-02-28 12:00:00,10428.713705278768
2026-02-28 13:00:00,10428.713705278768
2026-02-28 14:00:00,10428.713705278768
2026-02-28 15:00:00,10428.713705278768
2026-02-28 16:00:00,10428.713705278768
2026-02-28 17:00:00,10428.713705278768
2026-02-28 18:00:00,10428.713705278768
2026-02-28 19:00:00,10428.713705278768
2026-02-28 20:00:00,10428.713705278768
2026-02-28 21:00:00,10428.713705278768
2026-02-28 22:00:00,10428.713705278768
2026-02-28 23:00:00,10428.713705278768
2026-03-01 00:00:00,10428.713705278768
2026-03-01 01:00:00,10428.713705278768
2026-03-01 02:00:00,10438.296031608586
2026-03-01 03:00:00,10433.710746173127
2026-03-01 04:00:00,10427.687068808928
2026-03-01 05:00:00,10425.581529265139
2026-03-01 06:00:00,10411.441018243348
2026-03-01 07:00:00,10419.749792282068
2026-03-01 08:00:00,10397.2567788686
2026-03-01 09:00:00,10391.449808386318
2026-03-01 10:00:00,10393.654800909844
2026-03-01 11:00:00,10393.692337637605
2026-03-01 12:00:00,10387.05375449596
2026-03-01 13:00:00,10411.754856245556
2026-03-01 14:00:00,10408.388547020888
2026-03-01 15:00:00,10408.180353623617
2026-03-01 16:00:00,10380.822270711065
2026-03-01 17:00:00,10374.791627768518
2026-03-01 18:00:00,10387.841251825792
2026-03-01 19:00:00,10374.11674062197
2026-03-01 20:00:00,10345.337921932252
2026-03-01 21:00:00,10345.337921932252
2026-03-01 22:00:00,10345.337921932252
2026-03-01 23:00:00,10345.337921932252
2026-03-02 00:00:00,10345.337921932252
2026-03-02 01:00:00,10345.337921932252
2026-03-02 02:00:00,10345.337921932252
2026-03-02 03:00:00,10345.337921932252
2026-03-02 04:00:00,10345.337921932252
2026-03-02 05:00:00,10338.967883049738
2026-03-02 06:00:00,10318.636160559023
2026-03-02 07:00:00,10311.004998725111
2026-03-02 08:00:00,10321.617022740575
2026-03-02 09:00:00,10317.233492855434
2026-03-02 10:00:00,10322.947005348165
2026-03-02 11:00:00,10324.620309047485
2026-03-02 12:00:00,10309.300378574857
2026-03-02 13:00:00,10289.0637653055
2026-03-02 14:00:00,10356.22208764614
2026-03-02 15:00:00,10431.734943174992
2026-03-02 16:00:00,10443.272542295854
2026-03-02 17:00:00,10434.356246105071
2026-03-02 18:00:00,10421.971556317572
2026-03-02 19:00:00,10425.40708697195
2026-03-02 20:00:00,10430.821740000825
2026-03-02 21:00:00,10442.700340476309
2026-03-02 22:00:00,10443.731463620044
2026-03-02 23:00:00,10420.130844923751
2026-03-03 00:00:00,10430.292066694896
2026-03-03 01:00:00,10417.422551852185
2026-03-03 02:00:00,10407.840491111905
2026-03-03 03:00:00,10402.65085258234
2026-03-03 04:00:00,10392.802022074839
2026-03-03 05:00:00,10386.018724153268
2026-03-03 06:00:00,10392.165254239168
2026-03-03 07:00:00,10394.719671416018
2026-03-03 08:00:00,10349.504128986395
2026-03-03 09:00:00,10335.76664584309
2026-03-03 10:00:00,10343.975422216463
2026-03-03 11:00:00,10350.405346852178
2026-03-03 12:00:00,10364.835658144553
2026-03-03 13:00:00,10346.720831081728
2026-03-03 14:00:00,10332.711165451288
2026-03-03 15:00:00,10377.43801659719
2026-03-03 16:00:00,10394.839524499841
2026-03-03 17:00:00,10400.358952321349
2026-03-03 18:00:00,10412.337688115253
2026-03-03 19:00:00,10404.856922570398
2026-03-03 20:00:00,10398.32299638775
2026-03-03 21:00:00,10388.990694009244
2026-03-03 22:00:00,10400.689128236141
2026-03-03 23:00:00,10401.106680915269
2026-03-04 00:00:00,10391.641766898854
2026-03-04 01:00:00,10403.697054017264
2026-03-04 02:00:00,10400.539505192786
2026-03-04 03:00:00,10377.685068599008
2026-03-04 04:00:00,10379.765099537626
2026-03-04 05:00:00,10396.026070029697
2026-03-04 06:00:00,10407.680042628723
2026-03-04 07:00:00,10445.76664630794
2026-03-04 08:00:00,10504.466433913432
2026-03-04 09:00:00,10524.159455454223
2026-03-04 10:00:00,10517.515728381879
2026-03-04 11:00:00,10508.332662423876
2026-03-04 12:00:00,10517.159648736068
2026-03-04 13:00:00,10522.47416644652
2026-03-04 14:00:00,10528.036509404494
2026-03-04 15:00:00,10568.663353804566
2026-03-04 16:00:00,10568.663353804566
2026-03-04 17:00:00,10568.663353804566
2026-03-04 18:00:00,10568.663353804566
2026-03-04 19:00:00,10568.663353804566
2026-03-04 20:00:00,10568.663353804566
2026-03-04 21:00:00,10568.663353804566
2026-03-04 22:00:00,10568.663353804566
2026-03-04 23:00:00,10568.663353804566
2026-03-05 00:00:00,10568.663353804566
2026-03-05 01:00:00,10568.663353804566
2026-03-05 02:00:00,10568.663353804566
2026-03-05 03:00:00,10568.663353804566
2026-03-05 04:00:00,10568.663353804566
2026-03-05 05:00:00,10568.663353804566
2026-03-05 06:00:00,10568.663353804566
2026-03-05 07:00:00,10568.663353804566
2026-03-05 08:00:00,10568.663353804566
2026-03-05 09:00:00,10568.663353804566
2026-03-05 10:00:00,10568.663353804566
2026-03-05 11:00:00,10568.663353804566
2026-03-05 12:00:00,10568.663353804566
2026-03-05 13:00:00,10568.663353804566
2026-03-05 14:00:00,10568.663353804566
2026-03-05 15:00:00,10568.663353804566
2026-03-05 16:00:00,10568.663353804566
2026-03-05 17:00:00,10568.663353804566
2026-03-05 18:00:00,10568.663353804566
2026-03-05 19:00:00,10568.663353804566
2026-03-05 20:00:00,10568.663353804566
2026-03-05 21:00:00,10568.663353804566
2026-03-05 22:00:00,10568.663353804566
2026-03-05 23:00:00,10568.663353804566
2026-03-06 00:00:00,10568.663353804566
2026-03-06 01:00:00,10568.663353804566
2026-03-06 02:00:00,10568.663353804566
2026-03-06 03:00:00,10568.663353804566
2026-03-06 04:00:00,10568.663353804566
2026-03-06 05:00:00,10568.663353804566
2026-03-06 06:00:00,10568.663353804566
2026-03-06 07:00:00,10568.663353804566
2026-03-06 08:00:00,10568.663353804566
2026-03-06 09:00:00,10568.663353804566
2026-03-06 10:00:00,10568.663353804566
2026-03-06 11:00:00,10568.663353804566
2026-03-06 12:00:00,10568.663353804566
2026-03-06 13:00:00,10568.663353804566
2026-03-06 14:00:00,10568.663353804566
2026-03-06 15:00:00,10568.663353804566
2026-03-06 16:00:00,10568.663353804566
2026-03-06 17:00:00,10568.663353804566
2026-03-06 18:00:00,10568.663353804566
2026-03-06 19:00:00,10568.663353804566
2026-03-06 20:00:00,10568.663353804566
2026-03-06 21:00:00,10568.663353804566
2026-03-06 22:00:00,10568.663353804566
2026-03-06 23:00:00,10568.663353804566
2026-03-07 00:00:00,10568.663353804566
2026-03-07 01:00:00,10568.663353804566
2026-03-07 02:00:00,10568.663353804566
2026-03-07 03:00:00,10568.663353804566
2026-03-07 04:00:00,10568.663353804566
2026-03-07 05:00:00,10568.663353804566
2026-03-07 06:00:00,10568.663353804566
2026-03-07 07:00:00,10568.663353804566
2026-03-07 08:00:00,10568.663353804566
2026-03-07 09:00:00,10568.663353804566
2026-03-07 10:00:00,10568.663353804566
2026-03-07 11:00:00,10568.663353804566
2026-03-07 12:00:00,10568.663353804566
2026-03-07 13:00:00,10568.663353804566
2026-03-07 14:00:00,10568.663353804566
2026-03-07 15:00:00,10568.663353804566
2026-03-07 16:00:00,10568.663353804566
2026-03-07 17:00:00,10568.663353804566
2026-03-07 18:00:00,10568.663353804566
2026-03-07 19:00:00,10568.663353804566
2026-03-07 20:00:00,10568.663353804566
2026-03-07 21:00:00,10568.663353804566
2026-03-07 22:00:00,10568.663353804566
2026-03-07 23:00:00,10568.663353804566
2026-03-08 00:00:00,10568.663353804566
2026-03-08 01:00:00,10568.663353804566
2026-03-08 02:00:00,10568.663353804566
2026-03-08 03:00:00,10568.663353804566
2026-03-08 04:00:00,10568.663353804566
2026-03-08 05:00:00,10568.663353804566
2026-03-08 06:00:00,10568.663353804566
2026-03-08 07:00:00,10568.663353804566
2026-03-08 08:00:00,10568.663353804566
2026-03-08 09:00:00,10568.663353804566
2026-03-08 10:00:00,10568.663353804566
2026-03-08 11:00:00,10568.663353804566
2026-03-08 12:00:00,10568.663353804566
2026-03-08 13:00:00,10568.663353804566
2026-03-08 14:00:00,10568.663353804566
2026-03-08 15:00:00,10568.663353804566
2026-03-08 16:00:00,10568.663353804566
2026-03-08 17:00:00,10568.663353804566
2026-03-08 18:00:00,10568.663353804566
2026-03-08 19:00:00,10568.663353804566
2026-03-08 20:00:00,10568.663353804566
2026-03-08 21:00:00,10568.663353804566
2026-03-08 22:00:00,10568.663353804566
2026-03-08 23:00:00,10568.663353804566
2026-03-09 00:00:00,10568.663353804566
2026-03-09 01:00:00,10568.663353804566
2026-03-09 02:00:00,10568.663353804566
2026-03-09 03:00:00,10568.663353804566
2026-03-09 04:00:00,10568.663353804566
2026-03-09 05:00:00,10568.663353804566
2026-03-09 06:00:00,10568.663353804566
2026-03-09 07:00:00,10568.663353804566
2026-03-09 08:00:00,10568.663353804566
2026-03-09 09:00:00,10568.663353804566
2026-03-09 10:00:00,10568.663353804566
2026-03-09 11:00:00,10568.663353804566
2026-03-09 12:00:00,10568.663353804566
2026-03-09 13:00:00,10568.663353804566
2026-03-09 14:00:00,10568.663353804566
2026-03-09 15:00:00,10568.663353804566
2026-03-09 16:00:00,10568.663353804566
2026-03-09 17:00:00,10553.579233312059
2026-03-09 18:00:00,10544.22217057953
2026-03-09 19:00:00,10568.561103174627
2026-03-09 20:00:00,10567.403820552963
2026-03-09 21:00:00,10565.79580277389
2026-03-09 22:00:00,10554.92607744852
2026-03-09 23:00:00,10547.12456799501
2026-03-10 00:00:00,10574.896670247022
2026-03-10 01:00:00,10578.82729527308
2026-03-10 02:00:00,10617.582093854233
2026-03-10 03:00:00,10585.331361469744
2026-03-10 04:00:00,10609.958657338868
2026-03-10 05:00:00,10606.067859378547
2026-03-10 06:00:00,10603.753677087778
2026-03-10 07:00:00,10622.71365809324
2026-03-10 08:00:00,10634.330906806263
2026-03-10 09:00:00,10648.48291848182
2026-03-10 10:00:00,10636.807460980415
2026-03-10 11:00:00,10629.412647140474
2026-03-10 12:00:00,10627.073572933621
2026-03-10 13:00:00,10604.144671646585
2026-03-10 14:00:00,10663.37556039904
2026-03-10 15:00:00,10658.716942565643
2026-03-10 16:00:00,10655.746379595346
2026-03-10 17:00:00,10640.429043294467
2026-03-10 18:00:00,10607.696556595598
2026-03-10 19:00:00,10608.836223399725
2026-03-10 20:00:00,10616.187763600934
2026-03-10 21:00:00,10598.089808797113
2026-03-10 22:00:00,10596.503236361126
2026-03-10 23:00:00,10605.198174125802
2026-03-11 00:00:00,10608.883709516562
2026-03-11 01:00:00,10609.894321309603
2026-03-11 02:00:00,10599.916875437732
2026-03-11 03:00:00,10590.005680357901
2026-03-11 04:00:00,10612.181696921512
2026-03-11 05:00:00,10588.414512491254
2026-03-11 06:00:00,10605.251021578411
2026-03-11 07:00:00,10593.696577084434
2026-03-11 08:00:00,10594.230795898868
2026-03-11 09:00:00,10586.744456398246
2026-03-11 10:00:00,10592.03494594764
2026-03-11 11:00:00,10575.495225090723
2026-03-11 12:00:00,10582.699711510755
2026-03-11 13:00:00,10614.291765500388
2026-03-11 14:00:00,10629.326865768122
2026-03-11 15:00:00,10615.893273086023
2026-03-11 16:00:00,10629.020886676557
2026-03-11 17:00:00,10637.265089283821
2026-03-11 18:00:00,10630.818083017874
2026-03-11 19:00:00,10631.744062296228
2026-03-11 20:00:00,10631.481356843395
2026-03-11 21:00:00,10635.552142504635
2026-03-11 22:00:00,10621.449914661247
2026-03-11 23:00:00,10614.512729124708
2026-03-12 00:00:00,10615.79485427935
2026-03-12 01:00:00,10601.088327303934
2026-03-12 02:00:00,10579.844034307003
2026-03-12 03:00:00,10585.973189952174
2026-03-12 04:00:00,10583.115980938202
2026-03-12 05:00:00,10587.272547971797
2026-03-12 06:00:00,10588.07291881206
2026-03-12 07:00:00,10600.509303040548
2026-03-12 08:00:00,10604.001064438404
2026-03-12 09:00:00,10605.3467597172
2026-03-12 10:00:00,10622.947259151882
2026-03-12 11:00:00,10623.552324189019
2026-03-12 12:00:00,10621.786529957222
2026-03-12 13:00:00,10606.098878535513
2026-03-12 14:00:00,10591.467793213462
2026-03-12 15:00:00,10619.98971656846
2026-03-12 16:00:00,10621.762020993694
2026-03-12 17:00:00,10615.286293286112
2026-03-12 18:00:00,10600.258469116925
2026-03-12 19:00:00,10623.72120626584
2026-03-12 20:00:00,10613.464587981263
2026-03-12 21:00:00,10617.449592270152
2026-03-12 22:00:00,10613.891580080255
2026-03-12 23:00:00,10627.896155022081
2026-03-13 00:00:00,10663.674263392057
2026-03-13 01:00:00,10671.210003772294
2026-03-13 02:00:00,10650.967514659633
2026-03-13 03:00:00,10660.99895684178
2026-03-13 04:00:00,10660.546689874149
2026-03-13 05:00:00,10666.380972051855
2026-03-13 06:00:00,10658.5576343027
2026-03-13 07:00:00,10668.905778247958
2026-03-13 08:00:00,10676.901827599484
2026-03-13 09:00:00,10684.007512260288
2026-03-13 10:00:00,10701.299734888074
2026-03-13 11:00:00,10692.51863279849
2026-03-13 12:00:00,10713.807348291819
2026-03-13 13:00:00,10736.571962932696
2026-03-13 14:00:00,10698.412272622245
2026-03-13 15:00:00,10677.30163006706
2026-03-13 16:00:00,10679.373786342976
2026-03-13 17:00:00,10646.913195958263
2026-03-13 18:00:00,10647.584128834886
2026-03-13 19:00:00,10652.734840701649
2026-03-13 20:00:00,10658.742983339393
2026-03-13 21:00:00,10649.468255406222
2026-03-13 22:00:00,10638.337739390794
2026-03-13 23:00:00,10642.779989030532
2026-03-14 00:00:00,10631.366854029404
2026-03-14 01:00:00,10639.01556541341
2026-03-14 02:00:00,10637.160926188819
2026-03-14 03:00:00,10648.574061189947
2026-03-14 04:00:00,10646.976383129862
2026-03-14 05:00:00,10645.98721667991
2026-03-14 06:00:00,10630.98811395236
2026-03-14 07:00:00,10630.015414462281
2026-03-14 08:00:00,10629.59225188884
2026-03-14 09:00:00,10626.35745165549
2026-03-14 10:00:00,10629.010546957568
2026-03-14 11:00:00,10635.941222300668
2026-03-14 12:00:00,10637.05829490404
2026-03-14 13:00:00,10639.614886162219
2026-03-14 14:00:00,10630.112684411288
2026-03-14 15:00:00,10629.380096173287
2026-03-14 16:00:00,10632.920109593091
2026-03-14 17:00:00,10630.7939570069
2026-03-14 18:00:00,10632.755439994377
2026-03-14 19:00:00,10633.972080262087
2026-03-14 20:00:00,10638.020271722577
2026-03-14 21:00:00,10637.80122286103
2026-03-14 22:00:00,10634.389881499756
2026-03-14 23:00:00,10653.577336322978
2026-03-15 00:00:00,10644.8969507554
2026-03-15 01:00:00,10644.918013145932
2026-03-15 02:00:00,10662.713818383741
2026-03-15 03:00:00,10659.367196004288
2026-03-15 04:00:00,10668.679836240419
2026-03-15 05:00:00,10664.213077637152
2026-03-15 06:00:00,10663.0155849972
2026-03-15 07:00:00,10662.831001865618
2026-03-15 08:00:00,10672.937502748573
2026-03-15 09:00:00,10675.756033554477
2026-03-15 10:00:00,10675.4492885578
2026-03-15 11:00:00,10677.60646030096
2026-03-15 12:00:00,10668.833400215033
2026-03-15 13:00:00,10668.726556452148
2026-03-15 14:00:00,10669.28145470456
2026-03-15 15:00:00,10663.889865680607
2026-03-15 16:00:00,10662.209086916055
2026-03-15 17:00:00,10676.860851676083
2026-03-15 18:00:00,10660.416103052843
2026-03-15 19:00:00,10666.520749734485
2026-03-15 20:00:00,10673.447212599478
2026-03-15 21:00:00,10687.952306530884
2026-03-15 22:00:00,10712.455908724696
2026-03-15 23:00:00,10714.97573653758
2026-03-16 00:00:00,10704.100649876438
2026-03-16 01:00:00,10712.588410308777
2026-03-16 02:00:00,10703.466097492555
2026-03-16 03:00:00,10765.56427774742
2026-03-16 04:00:00,10765.56427774742
2026-03-16 05:00:00,10765.56427774742
2026-03-16 06:00:00,10765.56427774742
2026-03-16 07:00:00,10765.56427774742
2026-03-16 08:00:00,10765.56427774742
2026-03-16 09:00:00,10765.56427774742
2026-03-16 10:00:00,10765.56427774742
2026-03-16 11:00:00,10765.56427774742
2026-03-16 12:00:00,10765.56427774742
2026-03-16 13:00:00,10765.56427774742
2026-03-16 14:00:00,10765.56427774742
2026-03-16 15:00:00,10765.56427774742
2026-03-16 16:00:00,10765.56427774742
2026-03-16 17:00:00,10765.56427774742
2026-03-16 18:00:00,10765.56427774742
2026-03-16 19:00:00,10765.56427774742
2026-03-16 20:00:00,10765.56427774742
2026-03-16 21:00:00,10765.56427774742
2026-03-16 22:00:00,10765.56427774742
2026-03-16 23:00:00,10765.56427774742
2026-03-17 00:00:00,10765.56427774742
2026-03-17 01:00:00,10765.56427774742
2026-03-17 02:00:00,10765.56427774742
2026-03-17 03:00:00,10765.56427774742
2026-03-17 04:00:00,10765.56427774742
2026-03-17 05:00:00,10765.56427774742
2026-03-17 06:00:00,10765.56427774742
2026-03-17 07:00:00,10765.56427774742
2026-03-17 08:00:00,10765.56427774742
2026-03-17 09:00:00,10765.56427774742
2026-03-17 10:00:00,10765.56427774742
2026-03-17 11:00:00,10765.56427774742
2026-03-17 12:00:00,10765.56427774742
2026-03-17 13:00:00,10765.56427774742
2026-03-17 14:00:00,10765.56427774742
2026-03-17 15:00:00,10765.56427774742
2026-03-17 16:00:00,10765.56427774742
2026-03-17 17:00:00,10765.56427774742
2026-03-17 18:00:00,10765.56427774742
2026-03-17 19:00:00,10765.56427774742
2026-03-17 20:00:00,10765.56427774742
2026-03-17 21:00:00,10765.56427774742
2026-03-17 22:00:00,10765.56427774742
2026-03-17 23:00:00,10765.56427774742
2026-03-18 00:00:00,10765.56427774742
2026-03-18 01:00:00,10765.56427774742
2026-03-18 02:00:00,10765.56427774742
2026-03-18 03:00:00,10765.56427774742
2026-03-18 04:00:00,10765.56427774742
2026-03-18 05:00:00,10765.56427774742
2026-03-18 06:00:00,10765.56427774742
2026-03-18 07:00:00,10765.56427774742
2026-03-18 08:00:00,10765.56427774742
2026-03-18 09:00:00,10765.56427774742
2026-03-18 10:00:00,10765.56427774742
2026-03-18 11:00:00,10765.56427774742
2026-03-18 12:00:00,10765.56427774742
2026-03-18 13:00:00,10765.56427774742
2026-03-18 14:00:00,10765.56427774742
2026-03-18 15:00:00,10765.56427774742
2026-03-18 16:00:00,10765.56427774742
2026-03-18 17:00:00,10765.56427774742
2026-03-18 18:00:00,10765.56427774742
2026-03-18 19:00:00,10765.56427774742
2026-03-18 20:00:00,10765.56427774742
2026-03-18 21:00:00,10765.56427774742
2026-03-18 22:00:00,10765.56427774742
2026-03-18 23:00:00,10765.56427774742
2026-03-19 00:00:00,10765.56427774742
2026-03-19 01:00:00,10765.56427774742
2026-03-19 02:00:00,10765.56427774742
2026-03-19 03:00:00,10765.56427774742
2026-03-19 04:00:00,10765.56427774742
2026-03-19 05:00:00,10765.56427774742
2026-03-19 06:00:00,10765.56427774742
2026-03-19 07:00:00,10765.56427774742
2026-03-19 08:00:00,10765.56427774742
2026-03-19 09:00:00,10765.56427774742
2026-03-19 10:00:00,10765.56427774742
2026-03-19 11:00:00,10765.56427774742
2026-03-19 12:00:00,10765.56427774742
2026-03-19 13:00:00,10765.56427774742
2026-03-19 14:00:00,10765.56427774742
2026-03-19 15:00:00,10765.56427774742
2026-03-19 16:00:00,10765.56427774742
2026-03-19 17:00:00,10765.56427774742
2026-03-19 18:00:00,10765.56427774742
2026-03-19 19:00:00,10765.56427774742
2026-03-19 20:00:00,10765.56427774742
2026-03-19 21:00:00,10765.56427774742
2026-03-19 22:00:00,10765.56427774742
2026-03-19 23:00:00,10765.56427774742
2026-03-20 00:00:00,10765.56427774742
2026-03-20 01:00:00,10765.56427774742
2026-03-20 02:00:00,10765.56427774742
2026-03-20 03:00:00,10765.56427774742
2026-03-20 04:00:00,10765.56427774742
2026-03-20 05:00:00,10765.56427774742
2026-03-20 06:00:00,10765.56427774742
2026-03-20 07:00:00,10765.56427774742
2026-03-20 08:00:00,10765.56427774742
2026-03-20 09:00:00,10765.56427774742
2026-03-20 10:00:00,10765.56427774742
2026-03-20 11:00:00,10765.56427774742
2026-03-20 12:00:00,10765.56427774742
2026-03-20 13:00:00,10765.56427774742
2026-03-20 14:00:00,10765.56427774742
2026-03-20 15:00:00,10765.56427774742
2026-03-20 16:00:00,10765.56427774742
2026-03-20 17:00:00,10765.56427774742
2026-03-20 18:00:00,10765.56427774742
2026-03-20 19:00:00,10765.56427774742
2026-03-20 20:00:00,10765.56427774742
